5000000
198,108
37,524
42,219
43,155
124,667
65,654
71,186
85,16
160,861
81,742
52,990
10,311
95,357
108,965
83,169
185,75
83,879
35,729
29,72
190,675
185,844
187,751
16,500
137,680
84,923
83,582
5,147
193,384
156,792
35,659
80,397
13,901
60,604
70,895
187,931
47,185
97,175
54,621
129,977
125,766
31,389
155,465
27,794
167,931
122,269
10,390
178,494
152,937
72,245
47,210
124,765
128,78
24,651
12,914
83,459
148,975
48,907
148,809
26,133
64,652
85,946
155,51
156,729
179,662
86,656
133,368
128,616
169,234
66,68
23,783
192,341
103,493
73,824
195,926
87,38
91,7
55,17
41,383
181,535
200,578
168,877
143,611
19,378
166,728
144,743
197,402
27,627
11,102
73,654
46,937
59,157
7,405
53,929
123,872
191,180
5,266
170,525
60,315
84,337
17,575
58,230
159,387
112,548
123,145
102,418
167,936
11,291
114,311
175,361
55,335
179,653
39,303
182,231
87,131
102,527
119,753
166,88
18,252
50,928
119,105
128,255
190,764
87,952
64,396
68,894
32,551
170,572
95,762
59,417
5,517
70,683
136,921
23,884
8,672
83,475
65,568
54,623
85,169
144,592
194,378
67,72
25,107
15,881
190,463
8,428
150,540
41,678
3,843
92,632
15,274
59,476
121,480
98,262
86,528
12,126
20,52
88,585
135,711
31,30
71,68
1,572
147,704
162,554
94,599
94,437
147,825
90,392
94,720
121,165
94,631
10,402
103,319
55,949
131,87
97,575
147,624
180,405
141,146
32,315
93,346
37,444
183,3
122,484
194,509
50,632
36,7
125,394
30,744
74,629
11,459
87,736
24,983
177,348
146,959
151,499
127,411
10,286
31,734
144,333
70,558
58,340
21,900
81,768
145,109
40,63
52,212
98,689
135,424
154,915
18,59
124,325
116,749
183,938
17,824
2,504
102,412
184,413
157,57
122,665
110,270
39,504
109,101
197,342
98,876
136,738
20,647
26,237
192,863
83,894
36,520
193,517
145,265
182,766
193,114
87,643
130,665
132,751
66,552
193,978
123,617
119,317
188,364
149,859
142,257
118,240
51,324
74,612
61,842
34,698
19,90
85,215
87,854
121,543
159,927
73,682
121,624
29,159
42,738
93,195
88,111
46,739
94,334
194,488
3,984
99,510
137,479
149,28
162,205
85,816
176,552
72,567
156,903
88,987
99,745
54,614
163,608
132,573
19,813
49,223
144,775
42,108
19,853
152,785
88,977
42,285
163,434
60,412
15,90
199,332
108,321
182,664
49,248
124,722
19,177
183,708
199,539
26,948
200,239
107,259
179,519
19,281
66,812
180,207
172,192
120,271
13,602
110,550
160,890
178,37
44,346
147,53
68,580
181,639
106,58
178,478
174,973
101,171
148,704
198,117
56,615
154,572
136,896
121,534
85,177
3,432
40,950
183,233
187,918
96,309
165,904
160,268
78,142
148,94
69,860
32,521
157,357
13,939
106,270
37,414
181,853
141,223
123,863
34,257
69,778
105,986
119,53
199,354
5,487
197,17
128,38
22,919
190,927
158,225
84,616
176,874
143,83
109,352
57,655
189,310
122,303
107,284
15,840
169,69
33,388
41,785
37,123
68,143
159,443
89,555
76,558
114,420
184,308
46,278
20,913
38,479
158,321
151,603
43,493
4,739
58,935
93,649
46,9
3,173
132,620
7,997
172,355
44,404
140,518
63,646
180,688
96,604
106,168
35,623
148,280
125,341
94,490
123,11
110,168
20,983
131,980
114,700
141,767
22,369
95,817
27,804
63,860
151,62
49,738
52,766
66,988
195,298
1,450
106,916
146,487
79,628
61,807
79,309
8,182
159,595
30,783
113,339
118,268
43,641
22,802
109,33
191,456
24,768
183,702
109,753
183,742
98,430
92,113
125,426
79,564
86,278
58,571
56,39
173,422
100,481
94,77
74,140
9,826
98,588
118,719
78,389
109,22
95,358
188,782
52,985
78,367
156,109
169,574
75,947
136,220
170,968
175,154
72,964
10,463
159,566
181,679
135,606
183,262
158,335
196,931
168,539
146,272
154,335
17,154
181,951
43,903
142,802
185,921
46,855
87,690
75,241
71,982
116,699
200,843
76,20
29,788
24,803
87,136
180,214
65,528
128,844
188,381
166,483
90,728
133,338
156,163
95,504
112,665
86,126
74,708
106,375
88,820
168,929
34,430
122,74
83,604
146,534
15,154
89,660
122,175
171,704
104,124
11,953
19,327
5,139
168,975
102,271
35,858
31,507
64,541
84,509
154,114
96,783
189,67
66,92
198,32
56,167
79,103
70,253
40,789
29,929
22,467
154,898
129,638
94,26
147,513
59,250
127,991
36,586
120,466
123,139
45,228
58,114
54,65
66,398
3,389
192,492
73,720
27,419
22,551
86,329
197,382
34,580
186,490
112,760
3,769
87,142
118,688
41,451
183,918
122,238
191,458
145,87
90,852
111,772
184,995
105,335
163,332
139,783
114,489
52,95
64,551
46,262
127,408
87,788
92,795
160,969
40,647
116,911
36,23
134,448
108,649
106,45
141,554
18,414
50,272
23,736
187,963
96,900
158,962
26,166
165,810
90,666
79,973
120,384
41,562
67,822
109,110
32,743
38,323
177,184
81,92
189,421
47,865
46,562
96,776
112,731
144,36
178,786
80,376
151,848
106,221
90,131
103,894
105,177
75,976
167,418
23,718
104,244
152,928
60,562
144,314
98,856
72,39
79,538
106,8
51,893
162,295
199,117
116,486
11,161
103,173
69,72
52,842
98,138
140,841
104,959
26,931
100,153
179,419
23,231
39,299
127,602
100,247
28,443
68,821
34,910
143,636
73,21
147,916
133,958
182,23
138,773
20,949
26,359
145,496
133,84
2,334
184,904
60,877
152,844
105,257
55,578
3,493
39,168
149,226
198,251
42,281
114,520
105,458
77,370
178,975
85,733
143,565
39,996
106,666
73,884
16,626
117,357
130,793
39,173
147,77
47,614
72,746
12,924
171,388
25,97
40,685
128,636
77,711
194,700
26,79
114,155
175,309
94,728
151,31
90,527
55,113
118,441
37,737
159,769
3,509
120,204
86,258
187,332
167,82
114,669
31,677
84,21
85,907
98,18
90,393
127,390
155,209
143,859
98,779
6,697
1,31
7,763
189,229
76,216
92,551
27,566
39,563
56,968
160,461
49,643
72,520
39,804
37,697
144,794
27,444
42,218
16,866
142,289
112,76
69,629
117,870
44,646
68,717
102,439
72,399
26,933
36,338
40,490
119,167
88,739
155,938
76,553
1,505
131,25
169,433
118,886
125,192
166,138
1,726
39,923
52,830
100,212
29,811
139,567
193,764
27,878
72,827
27,408
123,358
43,634
12,749
174,642
30,28
104,434
181,605
34,110
1,28
86,649
67,329
76,617
156,983
84,842
190,729
130,914
99,913
33,352
191,104
171,747
116,355
185,490
18,23
132,743
178,662
63,469
166,219
88,920
171,467
119,914
128,197
53,97
107,813
151,256
47,343
74,722
74,419
68,971
62,509
174,840
71,468
58,369
97,467
158,607
57,472
112,799
1,783
46,322
30,834
122,968
63,953
152,872
166,989
27,64
41,120
79,400
150,679
67,566
59,205
106,200
171,636
62,290
74,813
101,599
195,811
26,619
32,885
8,109
60,837
39,350
44,92
14,626
63,132
101,892
189,583
37,109
152,410
29,87
116,461
100,323
183,176
61,786
89,684
129,288
81,817
11,278
3,670
25,368
131,391
186,840
112,754
136,312
200,191
37,288
141,105
75,583
67,181
130,208
40,77
72,502
57,321
8,122
188,971
20,341
178,867
188,329
61,591
35,818
152,912
184,685
79,485
3,847
151,682
23,812
59,626
188,92
76,501
84,657
40,287
105,572
79,559
103,141
41,137
157,116
146,938
44,588
130,350
61,152
181,656
128,976
184,42
121,267
181,876
70,130
105,670
185,623
95,254
73,999
134,899
6,878
156,730
114,696
21,871
49,559
45,439
200,140
106,518
60,700
72,481
181,485
57,564
44,35
52,855
121,180
29,513
21,313
122,697
47,654
11,527
95,864
117,662
117,978
165,576
114,977
165,706
79,899
53,955
46,846
8,666
1,652
41,565
42,476
17,952
155,634
26,623
54,225
137,661
25,955
10,713
139,843
159,175
185,906
137,939
196,796
42,561
145,77
43,831
55,310
163,536
169,895
196,787
100,902
191,914
74,841
133,215
82,189
92,658
192,652
126,808
134,231
103,340
95,193
169,676
73,391
181,354
120,750
85,256
24,370
52,902
145,676
42,245
50,862
35,771
107,837
38,882
97,212
35,662
166,218
39,42
159,759
77,851
113,831
102,445
45,394
82,830
16,350
85,264
40,553
8,563
190,811
74,673
108,28
40,722
154,344
123,146
22,392
82,900
9,340
31,986
16,792
10,399
181,555
120,700
15,830
107,481
111,742
64,263
48,308
142,467
131,279
12,319
7,764
36,753
120,961
105,87
23,604
77,686
119,828
133,423
94,543
24,139
11,511
77,127
119,194
41,526
185,977
150,815
55,315
158,843
90,899
116,913
15,183
175,428
41,522
176,642
169,326
192,120
89,801
79,131
94,190
135,831
116,399
115,706
119,27
196,453
96,967
43,526
26,414
103,756
180,997
136,433
25,828
13,207
134,91
145,886
140,844
13,418
195,573
36,290
168,309
183,846
59,871
88,368
164,498
109,663
176,815
60,468
185,737
111,165
123,98
184,258
52,412
4,71
170,412
70,579
31,850
157,131
163,826
5,330
175,457
92,720
188,70
1,846
97,342
21,372
70,409
114,936
64,658
118,159
150,564
172,862
173,649
124,562
158,210
66,448
76,2
56,290
9,212
38,134
180,997
96,238
158,140
94,61
37,427
200,198
65,902
110,506
79,357
8,258
111,800
149,434
33,276
63,256
118,511
199,791
65,641
161,942
153,581
182,329
59,570
168,107
15,897
149,56
141,515
154,553
57,626
156,895
177,308
194,842
12,850
24,688
184,413
145,191
58,676
75,881
149,867
36,552
62,231
52,593
6,92
166,731
103,997
124,540
174,803
192,991
165,76
18,328
33,512
122,911
76,10
191,643
117,419
1,206
7,819
38,57
6,230
126,512
137,500
72,85
51,565
149,812
19,619
137,13
16,313
110,970
96,177
82,379
44,579
187,497
137,482
119,888
53,591
36,733
28,80
24,420
5,891
114,214
174,166
137,735
78,536
36,799
21,240
185,503
168,187
192,562
69,348
111,193
123,167
189,917
114,826
71,333
143,149
17,39
151,795
111,788
127,8
170,125
27,886
79,279
33,492
9,945
141,225
41,221
82,912
114,601
33,193
78,177
146,612
123,527
28,729
105,823
72,284
130,911
155,780
148,779
187,503
60,597
14,175
11,668
59,122
128,23
29,215
68,428
94,264
33,280
148,598
96,6
182,128
149,709
48,281
100,744
113,855
53,135
187,518
91,74
157,554
75,759
184,245
127,941
69,146
132,254
186,822
34,323
181,721
118,985
113,890
56,272
90,544
79,722
194,711
177,651
51,511
6,235
187,475
149,381
64,99
178,889
107,72
157,304
134,519
82,650
20,855
81,740
73,433
20,859
95,110
22,855
112,542
40,589
105,530
113,129
100,449
187,72
4,869
142,817
44,927
8,199
133,970
180,737
113,834
119,827
57,331
141,508
180,537
118,832
165,601
157,179
14,244
38,370
18,880
62,726
47,526
86,71
130,223
74,860
12,877
166,968
58,194
59,639
82,756
176,512
21,472
48,827
61,977
82,206
170,826
108,589
75,697
145,340
89,317
74,67
134,420
29,188
135,465
198,951
39,967
188,778
159,20
53,464
44,250
101,664
125,840
169,23
125,622
133,65
189,612
23,547
17,453
156,580
32,415
30,70
35,448
23,843
182,248
195,674
165,984
187,160
74,408
77,962
36,422
133,500
161,693
147,80
77,587
193,51
119,739
108,618
35,885
174,987
62,961
75,65
68,944
160,531
155,11
117,235
67,871
18,801
59,468
14,925
44,796
20,365
63,515
47,17
69,586
161,539
177,990
142,66
55,865
1,895
55,940
80,82
57,300
167,650
78,892
40,903
171,622
25,319
113,347
108,602
129,549
169,582
169,209
65,606
137,636
144,453
33,586
139,107
25,102
37,257
150,961
133,155
84,895
153,171
58,212
21,651
127,610
126,632
101,893
82,687
71,730
21,999
183,528
200,487
193,721
183,39
84,508
189,280
187,784
61,327
124,938
148,819
16,326
179,594
154,643
89,853
144,69
159,712
41,550
165,442
147,428
139,956
191,285
144,791
42,21
131,875
91,714
33,903
50,415
103,410
90,279
114,902
135,186
93,479
100,14
40,306
84,902
9,863
102,562
59,883
17,757
113,244
24,235
70,483
145,914
10,746
63,564
81,192
82,846
26,93
59,349
184,436
45,186
164,437
88,194
44,560
85,478
180,520
75,497
136,238
91,981
127,830
136,948
3,225
29,522
138,855
104,370
182,244
149,927
47,628
14,721
64,51
9,224
188,420
61,325
31,366
120,916
8,583
97,44
14,61
183,776
31,476
122,64
176,107
2,324
200,229
77,431
90,22
51,419
15,216
107,940
131,852
36,992
12,776
32,849
115,781
30,367
62,505
197,907
106,946
200,105
18,884
43,842
190,645
176,88
177,768
114,425
10,385
17,837
86,25
94,94
186,857
103,723
167,252
141,973
140,783
133,603
168,259
26,573
42,109
129,926
107,19
187,809
184,76
115,48
179,929
47,264
165,707
86,188
116,857
118,285
146,482
163,791
108,138
7,963
176,647
195,969
174,23
36,72
15,972
139,487
143,22
119,572
190,293
185,640
31,611
51,999
23,530
144,942
136,321
39,89
130,618
11,759
151,15
56,74
78,617
141,780
32,949
122,742
170,388
84,727
90,858
182,689
128,459
52,172
113,867
164,831
154,273
154,832
10,437
117,820
94,253
84,484
180,856
89,989
78,550
81,916
178,926
17,948
98,965
129,638
37,563
174,563
101,823
111,946
38,298
10,919
29,319
91,679
67,947
165,953
99,666
46,580
108,826
13,596
47,503
172,946
167,96
154,860
63,922
30,157
190,62
39,386
190,890
124,935
57,726
198,695
52,222
135,356
150,750
133,935
133,637
193,754
186,464
189,480
140,396
170,915
86,267
140,885
71,294
11,975
27,446
188,25
74,198
77,719
92,122
149,883
29,750
103,564
194,42
29,88
25,146
86,136
15,428
71,608
54,392
142,604
89,988
48,949
34,905
58,438
171,216
126,143
108,669
93,171
27,124
175,728
194,850
129,877
187,700
17,135
41,452
74,564
77,471
197,658
137,504
24,753
184,369
96,775
167,212
39,705
139,600
146,229
22,213
71,737
143,99
112,248
39,804
48,428
54,966
103,997
91,224
107,752
138,434
144,315
200,437
17,538
19,955
159,249
187,209
24,247
15,550
195,102
126,758
4,74
37,343
178,708
160,328
187,773
20,447
68,310
99,813
182,348
187,764
189,643
124,833
114,505
115,139
171,80
23,431
125,680
96,731
185,3
105,554
147,119
38,636
80,625
95,102
75,188
26,147
123,942
11,46
132,280
27,821
163,619
176,842
38,409
4,136
13,734
114,937
161,509
86,935
97,548
145,558
119,188
187,1000
62,440
44,968
40,341
156,879
16,131
54,65
69,601
181,6
167,77
174,910
19,241
3,401
54,957
82,663
145,686
160,33
90,956
58,350
56,72
52,920
42,445
75,133
56,397
118,782
80,775
88,311
172,158
187,134
2,940
189,361
75,946
63,898
5,650
172,343
12,943
36,761
190,439
23,122
109,642
4,653
200,935
58,623
78,816
103,449
122,906
19,150
146,249
11,948
159,726
19,9
54,65
103,45
158,927
90,713
69,428
10,443
101,797
166,229
13,41
125,736
132,21
17,451
159,306
113,501
140,345
18,793
120,337
173,646
144,948
169,257
77,979
164,939
103,548
92,191
49,999
17,344
7,706
19,141
116,68
136,548
35,664
19,444
103,134
13,673
132,886
8,158
29,863
65,945
170,21
16,82
46,844
35,176
101,88
183,709
74,594
26,641
14,223
2,291
96,694
196,442
60,970
118,866
138,765
49,259
138,199
59,737
86,831
199,344
116,241
136,846
54,411
82,473
187,358
143,459
103,266
165,803
84,254
137,657
191,746
81,158
119,863
72,794
166,462
9,794
109,572
162,947
108,952
100,179
78,254
123,250
34,334
14,30
198,648
177,267
167,746
8,364
141,648
153,629
169,871
50,875
43,511
136,534
171,437
22,229
92,105
1,368
42,145
113,466
146,411
165,386
103,83
24,169
112,568
192,312
43,716
160,131
133,667
25,988
186,727
58,689
129,346
17,726
189,12
47,710
96,631
162,591
110,834
179,443
70,297
104,995
183,938
33,44
120,731
5,706
155,19
92,542
128,832
14,491
13,340
27,609
185,232
171,241
159,512
131,429
135,481
111,52
148,93
77,941
1,749
101,914
111,815
92,158
42,906
15,718
21,574
66,403
106,831
18,818
193,977
77,650
137,439
67,105
164,39
188,552
168,684
67,387
109,731
158,809
38,343
108,962
60,872
42,407
86,754
3,227
196,408
131,146
8,293
33,229
64,661
25,596
200,512
98,222
190,364
93,179
119,960
102,652
26,38
145,754
191,860
165,39
150,921
52,260
77,798
67,24
10,802
36,328
166,61
27,919
71,732
121,806
114,613
122,359
75,292
163,980
138,70
183,578
162,396
69,210
50,672
154,223
84,541
23,757
113,132
49,814
76,273
119,804
137,670
114,85
197,47
189,830
39,279
136,810
64,643
74,762
182,67
80,318
178,429
70,948
128,723
102,818
135,561
104,827
127,142
127,584
112,790
151,799
2,287
82,760
172,322
133,462
98,999
107,446
193,131
199,952
46,411
144,980
134,884
50,613
142,303
144,48
195,998
4,683
160,73
13,786
147,850
143,209
40,636
74,678
92,986
186,385
17,85
123,616
191,584
39,861
9,106
169,431
66,326
90,268
40,47
121,708
113,794
111,600
128,416
72,493
153,709
121,627
84,798
179,801
11,227
173,111
11,108
80,452
64,579
64,394
108,874
9,979
197,346
76,89
87,876
72,884
121,12
131,990
114,801
34,752
61,192
9,135
20,468
154,614
130,683
50,583
129,525
18,52
6,921
85,441
52,54
41,248
45,594
152,490
45,567
173,368
5,384
17,104
35,92
103,475
165,660
127,760
133,398
114,423
94,640
149,109
16,70
153,949
155,953
198,881
68,162
157,831
67,110
2,320
156,291
179,429
139,696
27,247
75,264
1,468
5,533
53,59
67,502
123,152
28,474
76,784
146,303
84,771
199,713
130,245
183,731
5,363
1,826
134,667
109,188
108,626
166,512
167,668
74,573
55,592
57,972
11,141
130,472
21,74
150,476
75,355
170,66
39,921
193,802
36,544
144,904
90,534
35,37
146,825
174,108
186,790
194,884
13,477
5,394
109,966
4,275
176,168
171,745
100,918
191,844
108,6
69,400
9,533
177,977
138,566
123,680
119,423
183,504
94,507
38,407
146,915
154,500
81,85
90,639
132,456
45,700
168,381
124,823
169,422
20,342
66,700
171,1000
10,869
142,974
19,821
75,960
46,75
170,650
28,725
31,117
19,203
35,774
91,597
31,692
5,616
53,615
88,982
141,468
166,595
67,83
105,254
21,986
44,397
177,952
155,944
152,739
192,658
52,982
63,594
49,176
58,493
38,592
16,190
58,260
21,829
182,29
168,600
139,551
9,865
121,28
65,161
9,266
167,809
57,817
6,933
141,567
57,91
93,780
150,28
68,240
71,196
161,884
81,245
177,604
174,528
86,725
91,975
81,234
191,455
176,502
50,457
55,91
23,504
41,271
61,497
187,77
135,370
174,268
184,288
39,181
7,538
9,565
184,236
186,326
88,833
59,198
23,511
179,556
125,6
40,491
83,758
78,300
21,972
11,936
172,397
87,289
2,820
122,635
199,485
34,668
76,692
89,921
132,324
149,911
127,267
64,608
158,606
30,138
134,547
20,109
60,651
114,404
50,100
148,270
33,454
98,500
97,129
187,143
38,233
28,874
39,493
171,941
34,35
135,56
200,491
151,96
192,817
59,920
187,21
14,32
99,792
33,529
106,396
189,574
145,159
196,143
136,510
166,678
98,821
17,706
117,770
1,296
16,141
198,975
68,182
17,795
119,283
149,283
20,578
93,23
57,463
111,742
158,441
174,711
38,731
148,687
115,367
14,238
91,276
83,329
117,9
88,843
132,184
111,137
113,696
3,687
135,377
106,205
96,827
177,159
47,123
36,664
63,968
128,840
92,488
145,254
67,642
18,432
80,619
199,431
119,505
44,617
10,842
123,411
97,476
160,151
5,190
66,336
192,506
72,312
65,203
194,386
1,475
27,953
6,880
136,228
61,546
144,443
23,441
111,193
182,219
108,303
173,280
185,140
156,593
168,400
22,92
123,41
85,79
34,601
132,587
157,248
161,40
105,142
194,670
44,725
166,307
152,162
104,811
18,66
121,780
150,869
151,426
17,353
51,583
93,574
67,566
102,537
4,737
109,242
197,81
88,438
148,669
200,181
138,745
157,759
134,680
178,98
168,797
79,344
66,201
20,33
129,920
145,684
80,634
181,196
87,103
41,854
49,449
64,411
45,889
99,411
81,665
98,34
48,269
32,571
93,731
12,809
70,430
77,560
100,96
144,675
146,133
104,370
31,686
129,422
180,554
135,756
30,367
135,587
65,863
193,364
139,37
72,906
170,388
175,889
32,95
116,964
80,764
48,258
168,181
59,747
24,542
63,405
115,845
124,966
184,310
54,442
99,742
149,529
97,351
152,735
45,272
67,368
84,991
187,461
156,997
163,795
140,691
113,908
12,84
94,279
31,726
64,317
168,210
12,738
113,657
181,954
121,900
41,404
38,171
167,647
46,896
176,517
77,640
100,577
184,776
169,271
32,652
39,836
67,551
179,318
189,18
136,436
57,578
79,854
41,23
123,864
11,538
22,42
184,599
132,83
138,442
76,890
60,148
95,907
55,877
33,689
189,121
181,999
41,371
81,1000
99,778
66,567
114,996
76,932
125,364
124,495
127,542
115,565
89,35
130,879
123,767
159,738
69,160
11,628
102,979
113,39
188,782
103,513
17,387
188,420
184,408
78,552
34,859
121,264
177,898
144,260
110,769
17,984
137,7
149,853
178,567
150,268
9,59
188,636
111,645
7,79
41,769
19,299
34,404
95,990
162,920
148,992
138,264
82,491
2,837
105,24
172,287
145,495
112,63
194,870
2,97
91,168
133,674
33,684
109,713
190,394
40,227
199,33
171,6
10,134
92,54
164,248
112,557
183,712
182,257
116,301
10,409
61,239
109,697
142,147
136,91
117,2
89,474
67,412
55,571
112,3
17,405
35,144
179,186
22,669
190,966
115,755
131,505
182,938
19,334
55,632
125,141
20,118
46,105
200,945
186,2
104,8
191,481
30,565
183,357
115,996
177,606
69,644
105,206
80,989
11,531
131,684
58,557
199,256
193,946
107,757
20,885
58,619
135,758
115,466
152,256
186,213
145,649
164,555
190,127
105,316
92,805
148,379
39,958
106,244
85,894
59,531
96,65
86,487
34,16
30,730
141,894
137,428
175,747
113,601
6,730
179,748
119,987
128,979
106,208
140,262
10,897
34,269
186,791
33,752
117,555
112,933
62,901
34,788
71,238
188,175
125,50
176,155
169,230
24,440
90,170
151,350
17,464
130,929
78,952
54,75
192,697
179,712
159,377
73,390
70,147
27,124
183,122
103,251
118,294
50,89
82,469
173,235
52,532
120,778
133,556
120,401
102,831
77,632
68,278
177,3
176,778
167,336
71,783
142,56
130,369
176,385
56,296
189,655
31,733
165,177
148,135
7,215
113,794
175,725
192,153
178,252
102,48
152,271
169,587
161,643
81,453
71,52
70,184
6,964
59,602
46,280
49,555
192,611
66,24
96,130
6,949
110,688
25,530
39,253
119,65
199,82
182,202
116,674
60,534
190,147
69,897
176,429
128,962
113,72
104,621
32,996
43,793
186,981
188,262
30,502
18,140
7,537
177,370
117,782
74,521
66,578
164,911
170,921
142,66
149,745
165,405
100,457
112,955
192,102
172,202
34,779
179,770
163,961
146,383
120,541
152,447
144,828
58,58
164,96
184,686
115,282
76,694
80,119
115,435
34,809
133,569
154,976
142,93
9,378
98,433
94,652
154,407
156,750
181,808
103,646
97,291
58,134
129,727
67,16
122,598
160,649
63,744
4,170
23,18
126,853
19,613
24,794
114,288
114,401
174,65
89,693
11,23
86,575
48,665
97,720
63,607
92,174
129,294
56,741
100,363
99,210
114,154
32,508
135,828
172,471
86,44
172,847
178,441
108,600
189,935
155,427
135,982
108,826
151,981
191,575
115,734
37,75
102,190
44,432
110,948
200,564
195,559
15,179
154,41
156,235
101,221
183,308
117,626
21,788
162,586
190,318
164,803
154,696
49,374
71,565
54,996
80,301
85,640
136,512
59,903
100,752
80,310
84,514
117,837
138,16
96,728
92,738
45,324
43,665
172,750
47,336
66,332
30,677
132,169
189,505
21,469
25,505
120,881
133,463
173,80
33,390
177,554
190,675
32,415
6,308
41,385
185,209
114,394
99,822
178,783
199,451
176,838
198,785
197,694
147,442
167,85
186,79
170,977
188,916
138,309
141,35
194,112
152,433
76,769
57,645
163,124
180,955
91,306
59,249
72,650
38,328
184,951
76,355
141,146
76,298
60,523
30,375
19,392
74,970
170,334
180,198
138,727
163,106
104,389
195,951
14,434
110,436
181,151
92,703
12,287
71,14
102,869
1,844
140,356
134,92
188,308
188,127
136,382
170,711
99,830
102,315
57,860
110,585
41,226
87,203
85,445
43,18
88,705
131,402
42,2
190,680
132,866
69,389
143,598
2,555
60,266
53,791
34,848
77,666
109,847
158,293
37,16
12,94
148,352
12,682
78,29
65,361
145,532
112,467
79,749
104,396
102,637
111,105
105,381
80,104
108,939
136,182
25,733
110,343
46,979
96,460
174,886
43,506
55,912
134,601
89,405
33,829
48,886
3,611
55,498
167,189
154,630
67,496
8,21
52,302
196,452
7,594
138,476
20,825
87,755
125,299
70,129
8,735
19,393
93,764
152,229
42,524
94,976
116,165
36,875
86,23
54,401
189,2
192,270
84,333
25,140
15,581
62,865
40,529
141,731
123,794
14,492
75,269
181,637
153,627
92,233
107,438
175,408
101,672
167,871
103,437
81,785
45,341
27,694
121,546
126,584
114,90
168,290
46,560
17,954
192,783
86,98
140,134
47,634
47,163
86,64
110,74
186,737
6,491
173,864
135,381
63,107
111,553
183,544
88,387
147,698
115,101
33,942
32,939
136,598
186,944
78,939
1,808
156,360
7,82
5,704
6,516
164,505
153,661
17,187
37,429
137,63
113,233
18,906
48,282
179,492
100,760
139,339
171,572
175,194
126,455
149,82
164,287
3,537
34,518
2,800
115,985
79,714
191,170
14,959
74,300
184,256
16,578
195,514
82,659
48,389
64,674
111,913
59,127
23,949
81,123
48,445
28,824
56,552
116,248
27,482
20,67
166,208
100,180
22,211
132,143
113,596
102,795
109,937
2,293
180,481
159,507
170,960
178,122
130,506
163,850
196,704
7,289
69,92
117,455
103,852
62,471
118,788
139,993
26,477
35,255
67,293
101,60
93,428
13,13
44,748
103,330
112,248
116,231
112,219
116,528
42,905
183,203
176,9
175,845
110,67
81,110
51,550
75,2
162,314
11,149
76,695
64,616
166,657
46,875
152,463
167,245
122,532
111,392
81,449
124,986
10,1000
31,323
158,202
145,591
118,329
198,979
177,750
17,50
138,399
107,249
122,847
171,673
90,727
19,883
58,540
163,786
178,784
107,162
185,757
137,826
87,671
118,40
200,434
30,946
91,148
28,162
45,939
93,290
193,598
195,454
8,328
123,721
158,32
188,686
83,497
2,886
121,283
28,986
147,464
187,254
116,361
82,654
172,691
16,546
47,109
25,632
35,92
55,612
56,408
93,153
71,806
47,61
96,302
38,988
170,257
114,850
33,941
174,425
110,62
81,975
30,96
174,971
179,211
111,79
18,629
43,669
160,381
104,800
172,845
83,562
64,531
143,989
174,286
6,804
178,723
42,888
83,613
25,758
75,681
84,636
83,395
52,354
18,469
83,311
104,408
83,182
190,504
75,882
78,29
12,800
120,893
27,821
189,735
57,550
165,699
149,493
4,889
115,501
2,995
197,396
23,295
60,492
140,941
160,248
87,249
185,705
25,828
76,771
73,643
148,507
7,151
33,695
92,954
53,969
23,839
197,182
149,520
22,971
158,468
194,177
181,707
160,981
70,600
40,908
109,336
28,290
123,878
140,804
49,674
16,417
107,924
113,425
187,36
38,337
116,445
114,207
48,456
183,739
17,841
195,700
105,109
130,3
133,913
111,455
6,481
191,404
80,714
190,838
78,207
83,390
126,687
2,95
179,462
17,643
9,919
69,349
12,706
46,744
31,937
2,899
7,830
109,782
144,715
66,863
194,819
110,144
49,34
191,599
119,805
164,643
189,602
141,680
28,219
130,114
157,413
105,998
42,294
185,200
200,680
152,485
96,912
135,464
81,381
119,484
160,215
85,179
147,814
108,667
63,949
148,530
77,717
191,475
60,883
196,40
95,586
163,905
120,657
148,169
34,365
192,146
66,942
79,9
71,428
65,944
105,214
95,86
119,136
57,771
194,606
62,929
80,517
55,486
30,253
155,33
6,305
84,541
189,717
191,468
44,364
124,409
154,583
103,598
68,639
183,302
178,50
110,943
134,61
154,53
66,862
28,968
67,308
172,390
164,50
168,140
177,280
52,386
177,166
111,723
194,695
2,499
31,329
150,3
148,290
80,986
137,909
187,652
36,807
16,307
21,451
18,279
174,273
192,115
191,404
77,91
92,733
114,4
107,403
87,239
195,803
122,303
173,273
48,536
183,928
120,897
134,370
184,102
41,952
101,249
183,495
6,540
23,411
26,879
53,759
166,661
99,291
77,114
31,436
182,109
131,13
178,76
89,966
12,473
109,437
175,444
108,549
111,265
53,680
29,572
184,553
170,632
111,559
150,277
21,925
15,935
175,82
45,25
60,107
146,939
36,120
21,460
164,597
7,701
5,621
68,668
91,902
14,121
200,272
76,41
51,435
57,213
3,177
192,728
124,785
34,601
123,863
26,408
157,325
165,480
143,228
96,643
145,842
124,239
81,851
12,960
49,57
105,569
34,485
92,403
31,971
44,893
46,73
16,404
12,174
197,610
126,484
60,669
131,649
132,947
85,279
52,803
89,653
129,43
184,43
103,696
90,751
160,772
136,3
139,115
74,309
157,91
106,98
110,649
35,444
17,67
154,210
138,650
37,947
100,229
51,667
6,17
133,782
121,300
113,61
22,70
79,484
104,621
12,306
9,118
153,96
153,472
33,883
5,50
94,193
188,53
36,895
75,527
95,44
132,133
102,41
114,415
67,718
52,147
43,297
147,325
178,165
139,55
62,93
102,104
137,102
11,56
162,90
151,261
101,490
92,610
78,92
42,292
133,143
60,323
54,63
129,798
18,36
143,23
103,869
193,71
99,100
162,881
108,240
129,346
117,631
163,370
154,963
48,595
101,49
25,561
174,56
151,583
179,399
11,674
194,442
96,610
79,785
9,5
93,718
143,460
106,39
7,376
33,751
189,765
188,341
4,207
26,705
81,592
128,900
84,631
49,732
52,215
39,516
155,907
193,484
160,866
166,422
3,302
80,152
144,551
125,483
74,950
166,197
122,780
97,365
94,861
181,252
102,475
161,843
159,313
102,48
180,945
178,832
27,882
8,236
67,96
20,644
30,588
113,647
51,9
183,312
110,202
156,407
137,934
103,190
107,445
47,283
168,764
146,317
72,862
94,834
53,499
77,812
147,92
128,315
148,164
184,675
90,247
81,665
87,430
80,340
155,207
167,729
89,512
116,246
85,62
80,879
154,8
77,725
43,602
156,926
153,415
67,745
162,766
60,533
99,637
66,865
156,103
52,539
68,644
17,333
169,876
125,136
63,915
178,787
175,432
119,212
159,691
132,709
191,10
39,299
67,851
88,200
187,254
172,794
182,940
12,126
73,222
54,604
155,701
71,849
51,351
25,118
13,112
3,941
181,686
65,495
11,997
45,717
65,684
57,742
13,467
191,977
106,543
144,534
58,798
158,118
122,940
70,726
9,980
190,868
61,102
47,889
96,872
133,342
82,991
122,260
98,919
148,55
176,485
169,928
79,607
152,656
47,796
162,423
68,675
14,219
187,163
41,65
25,478
147,443
111,119
12,691
183,662
83,274
17,600
117,930
133,286
28,717
173,683
160,504
140,415
176,113
50,590
52,797
104,236
151,256
67,144
130,848
109,533
37,606
36,302
127,208
115,367
49,678
48,370
67,127
78,928
100,839
150,132
128,157
150,760
123,14
127,24
149,904
173,498
104,881
52,128
59,519
43,771
68,491
47,570
91,663
185,21
78,544
120,889
130,32
129,241
189,320
41,831
15,471
82,256
133,435
181,809
193,770
63,954
141,927
97,200
160,707
50,649
78,341
48,292
74,820
78,595
151,374
125,566
107,831
50,506
74,261
192,6
29,739
89,346
48,202
193,973
35,658
187,148
173,882
129,493
46,381
81,895
128,174
95,827
118,406
139,516
39,66
150,646
38,814
6,988
114,198
126,65
69,207
144,830
135,315
132,617
94,372
131,966
144,328
60,415
17,788
33,573
186,581
129,598
32,657
125,730
193,61
129,859
140,731
58,555
160,610
190,516
13,991
65,799
186,93
181,736
60,500
159,370
5,240
127,240
118,229
116,439
162,303
169,454
85,353
105,452
99,494
94,558
120,39
20,861
95,329
93,783
65,575
133,551
81,297
146,579
142,655
41,496
23,950
106,976
12,871
70,418
125,141
31,343
141,577
32,675
192,268
125,755
143,627
104,978
43,5
14,282
198,926
78,532
2,999
114,455
129,429
120,137
185,618
116,109
107,353
92,563
15,490
27,773
36,404
72,242
60,314
105,942
178,576
175,173
48,733
113,752
157,665
55,615
1,384
193,837
150,827
182,974
179,688
162,504
114,666
112,980
71,969
68,868
40,545
22,635
182,320
198,224
2,387
153,581
53,561
136,835
92,556
184,578
33,598
22,617
121,196
86,353
166,911
101,100
102,886
90,759
47,755
79,189
101,267
74,593
54,966
38,574
19,980
36,141
71,963
147,838
19,356
59,295
46,52
130,28
123,179
79,801
61,538
89,605
151,28
51,20
186,192
151,760
67,194
113,201
191,656
103,651
151,206
197,805
136,932
161,72
9,209
173,496
123,683
25,774
42,738
44,900
16,175
31,159
66,538
187,118
3,545
27,598
10,322
154,260
175,287
182,139
125,820
53,308
74,726
31,573
139,899
32,190
156,803
104,335
140,823
152,440
55,744
67,876
27,459
91,453
90,761
199,152
56,566
22,612
23,336
161,287
45,825
7,172
74,847
139,117
188,664
105,93
69,653
54,844
7,548
155,693
120,194
95,226
140,896
70,170
199,991
144,525
38,589
61,873
187,117
115,905
171,636
73,423
106,607
2,278
98,190
4,946
96,769
149,848
47,454
130,110
126,766
6,266
97,577
79,792
69,664
155,975
25,780
82,481
10,729
176,992
24,698
173,299
7,750
56,751
84,409
99,254
53,793
91,214
37,610
170,439
99,987
128,705
123,939
56,102
140,852
135,539
88,617
30,546
142,777
45,820
88,668
104,630
46,740
133,922
74,18
131,645
52,80
193,621
103,866
3,128
177,207
173,393
180,348
143,659
89,260
12,84
167,912
28,511
64,993
144,919
116,662
6,29
143,735
47,162
80,560
149,86
43,204
132,299
92,738
14,991
72,720
180,290
155,9
26,700
4,425
52,476
177,641
151,29
157,179
142,827
66,998
65,801
141,799
23,686
3,417
173,502
95,512
185,773
56,275
165,512
149,497
169,638
67,857
98,552
185,279
28,32
4,410
156,642
89,51
155,706
149,37
90,254
77,732
26,984
3,221
181,730
77,806
169,710
173,339
132,951
26,764
7,339
18,319
192,196
102,471
87,951
191,224
45,760
182,262
88,970
131,604
190,671
160,349
172,824
174,332
183,52
83,577
115,30
186,426
198,422
171,625
21,822
72,103
197,32
101,696
156,341
157,551
130,405
178,439
122,649
20,853
7,762
54,225
188,813
11,767
51,606
100,628
48,895
4,511
86,259
47,133
61,509
43,316
192,115
133,404
197,902
161,213
162,963
78,728
129,443
147,653
197,693
192,514
160,407
10,632
65,488
85,260
138,448
105,430
151,172
127,788
5,347
174,358
19,932
6,632
25,236
2,46
162,268
172,580
70,704
149,143
97,719
134,60
178,790
107,331
40,791
37,38
43,407
148,295
132,899
113,639
9,679
110,908
25,102
74,698
13,37
106,21
136,863
95,513
55,696
183,359
82,893
79,962
55,80
43,366
187,723
46,652
157,99
133,158
149,125
69,142
17,130
90,703
15,398
161,818
109,83
116,293
98,886
164,287
112,856
113,392
61,346
192,214
189,569
64,46
111,685
139,449
105,794
132,543
138,206
167,140
192,326
74,179
15,253
155,205
19,668
158,256
80,282
66,935
183,604
29,391
130,281
165,883
113,435
58,93
55,177
161,962
72,610
110,309
25,387
143,395
10,298
188,458
133,583
13,741
112,694
171,151
182,473
76,125
182,976
98,595
74,813
142,894
145,30
138,582
194,287
160,332
107,972
125,456
159,92
185,123
151,334
149,440
133,993
191,565
62,394
35,540
2,868
191,935
60,524
67,310
155,76
3,947
198,820
69,6
197,243
153,298
75,790
171,309
112,498
190,61
78,791
79,815
104,299
155,951
115,642
130,284
162,602
150,637
93,33
24,19
114,65
64,502
89,280
57,729
7,957
141,44
186,293
131,996
161,771
152,272
188,288
27,967
34,96
57,470
153,826
3,592
19,470
171,78
155,971
187,285
172,465
35,999
25,540
41,112
29,489
5,771
76,393
181,798
183,726
169,990
19,358
174,12
123,585
191,124
121,798
13,835
116,726
150,329
178,750
60,353
46,131
166,83
155,32
88,19
142,970
44,346
126,541
42,787
45,969
78,249
128,383
66,14
185,305
196,996
89,801
170,59
23,303
188,855
27,821
167,668
149,72
47,851
159,878
199,791
69,635
115,22
142,243
53,845
109,817
8,582
133,660
164,335
126,449
171,582
64,402
6,144
141,916
198,527
26,728
136,313
123,262
53,402
188,146
169,932
8,556
75,974
58,687
176,181
133,908
17,263
68,900
60,712
167,895
99,95
101,807
96,119
168,127
182,624
126,580
188,719
14,687
99,171
105,950
10,116
19,32
118,633
153,629
128,488
21,828
164,312
187,138
87,972
64,221
119,534
85,310
171,593
46,720
133,689
59,670
100,624
11,195
40,368
76,108
30,196
180,243
156,797
111,82
124,722
28,518
39,309
118,629
15,629
14,962
158,743
117,864
92,376
164,936
85,225
35,768
40,804
123,515
198,191
73,313
9,145
90,628
53,240
157,915
169,483
106,43
13,39
179,953
26,573
92,473
35,115
131,633
153,809
166,814
53,296
85,620
86,517
152,662
175,352
41,594
141,932
109,457
13,942
113,852
44,515
186,670
138,251
166,949
63,366
188,89
151,496
161,116
45,508
46,139
81,682
178,109
142,551
19,101
47,888
194,485
45,67
139,797
85,33
104,589
179,886
12,578
164,856
170,424
40,927
187,911
147,588
40,823
85,309
62,163
146,489
23,300
51,837
41,628
151,689
37,832
25,370
116,676
178,999
114,817
78,682
160,133
73,36
60,343
45,311
2,360
175,129
99,151
138,785
164,442
37,713
21,341
7,400
135,472
12,251
150,86
138,210
53,279
139,470
60,283
194,893
176,472
151,251
158,562
117,633
29,380
14,527
116,93
27,823
139,875
175,136
172,598
97,803
35,428
23,144
194,903
110,882
103,17
144,525
8,745
38,394
130,997
28,991
63,87
196,624
1,326
61,357
82,640
7,309
41,400
6,849
178,616
165,718
188,252
150,489
137,936
83,531
30,734
186,82
155,79
153,335
150,302
74,9
133,782
14,593
168,624
52,333
178,748
175,952
77,679
40,137
146,196
169,808
132,636
183,673
79,118
61,694
18,451
31,803
29,324
28,563
136,449
45,408
91,312
145,80
171,505
176,87
171,584
87,12
103,356
86,216
44,399
123,130
170,6
84,228
22,719
118,626
154,893
53,97
59,628
87,514
5,771
14,253
130,976
141,629
46,288
35,124
192,536
160,988
160,582
172,378
194,660
143,653
97,530
18,570
146,747
13,907
196,885
109,483
135,406
160,420
111,110
16,688
4,726
172,645
99,232
109,532
53,702
130,594
116,492
32,744
62,130
3,352
70,605
138,903
9,123
145,280
172,109
186,625
29,430
183,30
65,63
50,97
158,991
48,385
112,150
179,247
96,671
92,386
160,753
47,661
97,548
53,777
178,502
117,495
170,308
156,528
94,746
76,143
150,833
105,146
157,371
200,926
164,810
163,880
197,106
169,498
22,270
192,247
134,267
170,330
33,357
182,61
182,656
196,424
4,554
127,745
198,483
15,854
153,746
195,542
179,834
4,204
182,542
82,37
194,338
171,502
59,244
49,321
26,548
56,6
160,59
194,654
88,912
16,134
18,252
75,935
73,185
143,301
197,160
33,86
34,397
27,325
37,382
113,769
22,450
176,470
117,90
82,929
16,696
33,94
13,645
136,982
100,868
98,119
77,269
4,144
45,357
158,729
80,629
168,259
30,588
70,96
71,95
111,683
127,660
53,529
111,874
189,832
4,330
78,886
35,293
123,646
132,995
110,339
91,327
51,45
86,521
58,550
66,624
80,471
67,460
71,30
36,286
28,178
169,118
191,37
44,648
71,594
36,901
196,412
177,799
160,369
138,485
177,898
126,188
81,481
59,383
93,214
181,903
190,650
60,18
184,807
22,543
144,548
61,475
81,313
65,576
175,620
48,449
129,485
96,141
117,513
199,719
141,145
89,770
139,82
179,82
9,741
96,603
48,614
150,646
69,564
117,433
152,547
197,186
77,856
182,765
120,416
17,811
12,213
23,797
103,811
60,317
181,824
78,510
110,816
152,109
11,166
36,852
145,289
131,156
121,535
93,850
60,725
176,768
88,504
182,682
58,312
64,677
172,508
62,427
28,355
49,263
3,684
34,416
117,371
161,545
98,108
21,807
109,859
53,34
27,609
89,998
89,879
192,445
166,974
192,432
166,985
200,821
18,713
103,266
141,746
183,920
182,923
126,414
56,396
29,489
139,200
147,179
118,91
86,201
6,731
62,987
130,305
150,226
26,786
188,885
197,247
80,829
106,996
21,966
143,21
184,873
86,574
146,985
112,681
162,89
12,839
11,608
86,249
179,666
6,556
167,270
196,96
131,691
175,396
30,177
68,535
86,406
84,888
51,884
117,242
156,414
111,392
163,891
104,101
161,917
7,261
170,612
140,913
168,204
133,202
12,562
95,802
61,726
35,592
116,883
96,531
68,907
161,965
28,446
42,963
86,125
128,740
18,829
108,815
107,904
73,679
183,903
177,514
182,450
36,340
64,996
108,833
22,555
118,775
89,201
134,770
186,451
21,912
94,394
199,701
101,680
135,94
58,728
94,150
100,652
59,645
137,474
6,531
20,687
6,381
77,729
128,205
59,598
124,873
1,858
72,909
138,521
147,242
90,236
78,97
152,335
80,827
87,397
124,13
5,910
79,433
90,878
102,487
180,502
65,946
76,68
163,291
71,820
39,645
124,275
115,330
149,228
103,189
19,96
152,113
159,675
187,565
99,241
89,255
66,878
105,75
90,62
193,458
79,921
97,539
149,97
199,854
56,555
67,466
100,43
90,934
29,268
38,188
111,924
179,594
133,20
64,323
42,755
99,502
191,762
147,571
34,500
38,372
93,978
65,328
188,953
16,357
110,428
178,928
162,757
6,861
136,957
88,515
136,772
113,536
37,638
115,539
87,922
199,368
141,51
18,583
6,494
92,734
199,425
14,31
78,950
15,291
107,218
117,293
57,662
108,49
164,927
127,960
185,512
29,389
173,825
46,779
103,753
171,155
160,238
45,938
16,378
113,766
156,276
53,128
173,121
132,840
195,434
42,981
5,70
34,26
18,569
34,510
21,299
57,648
167,619
56,164
173,727
40,562
104,537
33,184
40,710
49,876
7,772
183,104
157,852
39,70
96,757
161,168
85,548
112,416
78,2
142,510
24,517
197,873
101,633
40,646
171,190
26,784
109,935
38,218
14,940
93,70
103,952
170,150
78,136
198,803
26,450
171,887
43,67
42,350
49,259
102,750
44,487
164,556
120,703
42,140
73,488
200,651
102,156
193,239
162,298
31,8
176,557
121,764
13,573
103,270
174,688
46,137
116,24
133,237
33,974
119,983
133,583
26,577
70,909
72,808
26,787
45,87
47,921
15,252
99,456
6,931
143,680
182,472
138,785
154,994
27,855
54,462
42,989
133,112
199,337
110,708
96,594
93,272
154,682
164,368
110,519
125,368
183,318
46,181
171,442
70,804
175,923
20,400
85,940
18,583
140,818
32,193
191,941
8,470
41,24
30,908
100,458
125,966
34,67
102,283
30,370
141,914
179,780
16,557
102,988
89,561
139,90
94,45
76,166
111,566
34,249
53,136
87,207
183,23
4,54
125,234
136,757
111,301
23,987
169,457
77,949
116,826
89,373
168,916
152,531
14,260
55,9
82,280
159,654
131,339
67,530
115,290
36,58
123,451
184,876
88,773
14,417
47,724
23,78
29,758
113,295
67,938
6,325
63,625
159,390
75,779
10,393
70,804
92,938
88,445
77,637
59,915
192,572
186,556
152,529
98,809
177,839
119,771
23,937
83,459
61,102
106,243
125,271
105,425
80,634
21,716
164,649
199,436
190,244
86,180
23,170
125,156
170,808
80,758
57,764
18,856
83,468
1,624
65,267
34,948
98,642
32,887
139,419
114,265
156,722
83,952
95,231
182,228
34,579
112,544
50,608
186,158
126,810
132,373
121,379
169,295
71,525
97,829
71,722
106,694
144,491
81,323
154,717
55,475
2,557
121,6
147,983
25,631
85,777
155,86
3,344
58,711
163,242
25,716
123,487
2,263
145,128
195,979
14,659
114,971
200,96
20,121
24,941
125,388
162,232
169,480
185,469
7,463
38,567
8,244
153,756
37,326
125,247
29,840
143,120
29,210
123,789
160,803
123,795
196,200
100,623
163,132
151,827
47,925
109,78
176,124
166,962
134,659
168,65
148,783
17,244
29,599
151,279
116,38
102,555
81,331
121,351
54,238
57,924
185,433
65,172
166,482
125,589
162,442
75,407
86,720
186,689
32,787
130,708
166,137
197,276
53,664
157,349
18,898
19,144
24,327
167,371
127,897
82,562
152,359
183,884
78,187
162,529
149,207
82,535
110,786
154,889
139,914
185,127
31,276
155,948
197,226
1,405
147,668
168,741
47,964
77,856
142,604
11,337
135,281
37,842
3,860
73,528
181,345
117,626
170,78
70,651
16,116
31,336
118,246
119,128
175,246
182,387
91,804
182,41
40,687
55,596
163,503
157,76
129,252
183,454
20,376
27,702
123,90
128,558
95,845
67,387
68,314
133,312
196,419
175,618
87,860
6,623
6,638
8,948
1,668
103,982
56,212
106,974
110,202
98,290
79,425
84,10
93,840
67,107
91,695
110,409
195,88
91,526
38,103
105,737
83,409
1,562
136,283
109,894
133,459
1,738
133,38
150,573
121,177
89,624
7,27
33,382
76,878
121,417
133,219
177,51
54,339
46,41
21,815
194,503
93,48
4,366
169,163
10,180
46,481
149,936
147,166
152,651
100,665
11,795
46,486
26,859
192,199
38,601
195,72
117,736
32,290
113,123
113,636
122,899
104,400
75,836
1,567
190,641
51,669
184,124
9,241
22,137
102,455
115,66
31,398
196,899
187,851
36,170
40,16
35,769
179,630
16,813
14,847
108,139
139,321
115,483
29,730
62,444
105,496
51,833
86,921
180,117
6,28
79,918
178,489
34,134
62,637
12,508
140,352
14,542
137,94
200,635
49,515
11,631
67,786
189,400
58,381
28,894
64,59
143,703
176,575
157,81
124,482
55,278
8,979
28,475
157,452
116,584
83,927
40,878
160,577
25,380
155,12
6,21
144,982
128,205
50,69
45,624
197,328
106,163
169,612
19,925
12,557
141,317
189,940
153,624
63,285
80,226
124,83
76,949
74,525
68,174
117,179
110,564
75,892
97,411
17,558
192,953
63,912
148,746
128,506
71,879
165,838
161,509
48,772
174,491
147,714
173,432
141,29
37,669
7,501
42,334
66,882
2,649
37,222
95,985
42,92
145,699
53,562
27,382
113,958
98,698
142,802
36,285
200,226
98,375
198,725
143,428
124,443
195,821
52,782
144,799
34,377
69,6
23,152
79,507
97,979
46,874
157,190
177,732
43,903
35,883
2,199
22,760
185,624
180,968
27,20
106,168
23,895
85,391
6,676
104,196
90,66
180,538
51,149
41,295
11,831
55,835
152,507
93,862
43,481
83,822
24,282
60,326
29,250
121,148
181,735
71,927
12,927
30,369
28,515
141,471
100,807
109,929
53,288
78,702
132,372
19,192
145,649
197,500
49,916
45,316
133,762
86,333
36,525
74,184
113,222
186,190
13,30
156,585
27,90
45,284
199,660
179,278
12,735
127,10
139,198
111,113
34,309
172,608
135,105
172,831
19,772
24,341
126,267
77,100
72,932
124,769
75,696
109,525
66,814
148,221
155,369
103,50
131,464
65,621
136,985
147,746
153,947
141,851
18,908
164,170
198,85
91,418
159,791
193,956
129,95
18,203
54,50
200,167
17,348
68,401
66,249
16,97
68,966
33,572
64,165
132,521
167,167
27,680
148,10
129,967
146,397
162,643
175,699
37,935
78,466
189,387
67,14
91,921
151,316
57,791
18,582
176,992
191,795
9,988
190,605
20,825
99,643
144,81
103,720
119,816
1,407
54,766
68,879
4,813
55,700
70,279
187,394
181,906
41,359
69,534
34,663
125,343
6,947
89,646
86,316
88,910
72,502
101,21
67,933
109,888
83,133
50,442
130,416
94,596
198,87
56,66
76,148
3,612
79,216
61,281
167,569
83,722
155,362
163,336
176,694
3,325
183,516
194,127
176,612
184,3
136,192
180,716
55,653
196,325
102,490
182,942
110,852
195,106
99,517
38,747
60,386
91,634
165,456
108,274
92,654
96,433
52,540
117,980
52,651
53,225
158,565
110,572
73,280
75,204
83,87
26,522
198,773
179,74
70,731
101,88
8,416
60,370
5,670
73,23
174,146
96,663
14,995
151,765
33,784
24,778
185,129
157,255
6,57
187,388
12,338
167,952
87,777
85,951
23,316
32,682
12,446
133,63
71,657
43,429
183,928
103,389
51,807
89,848
162,620
8,990
71,756
153,2
87,600
134,569
23,679
178,13
172,52
22,961
68,805
50,573
173,411
98,450
140,533
80,131
189,668
164,468
17,636
193,690
148,765
102,230
82,912
177,373
66,766
199,761
32,3
82,815
166,587
183,412
12,416
68,520
98,803
172,598
166,578
123,428
107,793
12,379
115,244
118,972
85,888
63,206
100,631
35,881
131,930
44,833
8,719
195,295
159,344
168,48
198,912
35,903
151,191
193,95
57,512
158,548
19,426
141,642
103,136
125,891
113,437
97,234
117,130
72,78
108,659
31,104
165,944
140,585
80,174
10,413
30,854
72,255
115,54
41,21
106,890
195,414
88,586
101,722
175,810
95,741
18,567
97,349
127,539
57,305
77,247
163,402
17,478
67,295
146,880
125,907
20,389
101,97
130,816
156,298
178,720
26,49
165,75
152,176
64,965
56,447
121,180
9,39
144,395
44,694
124,252
187,537
98,146
60,213
42,674
105,164
124,344
27,634
91,993
115,731
130,75
9,252
184,581
170,944
97,740
192,8
198,222
116,944
157,707
182,743
187,275
190,650
14,930
78,486
140,742
154,959
157,998
6,386
182,687
20,887
92,121
192,29
120,781
55,387
105,871
66,962
141,705
138,488
72,676
143,989
148,677
96,209
75,521
144,600
166,540
138,978
193,684
116,961
164,912
119,97
105,706
60,568
96,149
195,222
57,268
55,493
175,985
192,754
48,696
180,753
127,17
86,443
143,237
156,36
71,453
141,520
85,165
189,825
71,120
154,690
140,226
91,94
167,787
53,994
95,870
89,375
167,721
155,704
4,735
61,993
166,508
129,430
47,54
86,216
51,150
164,575
103,595
15,732
175,949
96,62
27,696
163,112
136,379
107,730
125,916
3,727
29,11
152,549
183,93
170,560
183,443
23,508
189,389
69,654
22,52
166,246
181,247
168,452
157,284
55,757
98,295
45,32
27,714
41,323
60,223
156,827
170,7
163,757
172,759
133,850
55,994
148,602
74,656
111,292
70,253
15,246
77,534
180,89
142,510
41,478
131,660
5,677
28,189
128,198
143,175
77,716
138,391
50,565
16,531
174,201
121,795
151,589
5,355
74,830
100,52
131,737
185,521
68,385
65,190
20,512
11,130
15,672
19,197
18,542
188,428
82,941
183,494
110,298
67,787
78,916
193,242
191,801
153,664
57,940
89,198
193,543
41,579
166,734
43,695
112,862
92,226
107,577
145,535
17,818
7,102
75,798
194,145
133,240
84,15
163,714
97,677
14,851
132,587
9,315
6,122
150,438
98,370
124,908
15,579
9,174
176,196
5,743
114,520
66,479
61,301
181,216
54,378
129,215
83,884
41,357
127,347
108,941
126,532
86,126
98,578
91,204
25,758
42,179
67,293
92,462
134,32
131,966
136,958
7,953
120,92
30,642
116,529
6,738
42,458
183,776
76,60
198,615
5,845
157,357
190,774
88,9
105,960
170,977
74,673
86,701
18,923
128,930
140,423
192,227
100,254
100,704
151,348
176,129
25,220
156,98
115,423
109,129
74,835
108,973
12,187
6,540
78,661
3,507
4,640
79,876
20,464
186,903
86,769
132,540
93,480
83,782
15,716
194,933
26,143
39,111
107,760
172,928
87,483
3,120
136,939
96,83
123,257
30,160
39,212
63,406
130,464
155,882
39,629
179,961
164,561
27,273
35,433
64,267
188,585
52,484
141,130
166,856
166,636
172,277
63,791
133,316
84,84
28,326
78,674
164,982
37,859
59,720
188,344
86,948
8,361
117,183
179,406
119,352
107,953
197,29
107,345
88,487
183,517
56,909
55,383
1,985
60,330
103,942
130,72
147,759
130,462
109,245
76,632
65,251
146,277
168,152
154,502
62,853
198,263
170,273
183,404
31,544
149,217
30,458
104,864
133,40
182,755
11,411
107,704
21,405
9,471
41,732
25,533
66,557
39,553
130,335
172,257
117,264
41,892
164,363
140,426
123,698
46,482
4,664
181,140
163,768
60,317
15,105
113,42
156,806
114,500
115,435
176,715
180,408
183,914
183,900
187,256
64,376
104,182
161,130
50,382
28,533
39,61
7,514
34,641
148,452
194,33
103,859
46,803
155,834
53,523
68,500
87,333
22,699
95,168
6,851
60,68
108,509
37,759
8,171
13,663
59,774
20,504
103,624
148,94
93,773
146,803
129,995
160,517
85,267
198,58
69,974
173,878
22,812
121,417
165,643
166,117
199,613
195,381
38,510
184,869
108,234
97,97
17,6
31,534
162,277
11,409
10,800
163,941
89,158
163,882
168,139
170,649
91,731
90,738
143,617
97,963
12,738
41,5
75,39
56,862
199,881
31,893
7,259
56,681
64,612
193,173
82,656
69,561
69,385
61,149
61,362
126,424
7,447
45,518
53,329
174,316
51,842
91,790
90,29
40,181
128,615
46,647
86,237
191,953
169,18
17,873
72,91
92,890
146,147
168,203
13,125
173,328
187,19
174,319
99,912
188,163
20,569
86,763
75,536
144,67
67,72
193,900
13,321
40,316
61,91
16,995
26,390
59,676
5,442
92,75
72,357
41,6
160,306
153,748
66,333
36,350
111,304
60,21
10,119
142,801
55,970
132,339
17,521
134,112
9,971
81,645
85,95
194,861
136,320
115,395
19,107
199,239
158,991
197,90
107,764
95,731
185,455
165,938
153,166
111,865
11,67
78,297
35,747
7,648
182,308
32,736
51,207
66,168
131,624
123,44
165,625
78,504
193,686
196,72
32,744
133,742
17,180
6,778
118,436
199,323
117,271
11,901
197,770
58,492
33,733
14,918
155,851
145,549
167,990
199,375
68,22
88,461
159,921
67,38
80,276
74,389
142,420
116,402
121,926
54,469
40,949
27,660
163,512
184,380
191,759
180,428
194,330
83,274
191,629
100,852
127,614
115,778
105,756
49,371
106,392
55,170
141,119
61,310
25,137
134,604
150,738
84,867
61,974
154,955
166,967
113,29
194,403
86,128
68,752
199,889
24,960
86,115
3,597
129,918
154,337
63,6
11,899
60,161
41,472
108,808
134,416
53,784
120,519
154,666
159,824
89,619
125,976
32,716
175,820
3,961
27,422
17,864
53,274
122,644
102,162
68,109
170,335
173,116
50,629
4,648
11,154
45,884
27,809
28,59
7,645
124,913
168,463
168,517
50,254
152,235
158,818
175,946
189,54
188,243
120,460
161,256
175,590
140,907
185,102
3,934
71,102
59,465
142,160
42,834
39,997
168,666
76,94
189,838
20,646
77,766
152,873
96,231
134,457
120,697
55,667
175,661
144,633
125,433
146,56
72,256
23,166
108,517
88,181
101,22
20,923
195,544
136,208
76,707
180,3
71,807
120,910
77,528
148,959
10,72
193,552
22,993
127,91
38,10
110,197
87,954
144,46
170,169
149,847
109,772
31,313
71,203
118,51
84,159
43,600
158,296
67,737
117,315
193,866
140,513
77,868
31,322
150,738
47,753
163,606
24,154
68,294
119,812
5,558
20,495
3,573
89,749
118,222
181,28
117,940
166,984
43,958
166,494
128,537
180,780
183,158
55,117
175,137
101,914
116,446
94,915
125,926
2,944
194,363
98,460
14,273
35,869
128,361
146,50
119,215
92,79
200,591
22,389
91,494
14,16
20,78
60,489
128,817
57,423
23,680
91,610
124,513
135,197
169,36
142,855
38,368
73,426
19,633
40,880
107,825
148,274
106,507
11,221
22,858
145,81
20,139
88,758
38,622
177,814
44,193
3,846
171,731
94,659
171,750
80,394
169,681
187,207
135,790
140,552
195,564
65,189
24,949
181,902
3,213
39,142
49,482
164,534
135,464
13,292
197,154
11,125
142,391
157,18
88,927
110,972
110,722
200,144
34,750
77,654
62,330
67,174
121,330
89,45
1,2
73,997
166,238
177,25
181,767
160,724
119,724
10,334
67,318
39,662
133,467
148,417
97,644
84,416
85,225
19,714
170,830
120,18
44,960
130,973
93,154
15,328
108,61
15,69
168,602
132,969
171,243
33,348
35,660
80,966
127,315
158,216
80,103
81,846
117,124
181,107
33,918
75,398
96,980
153,436
126,528
44,881
47,305
60,978
158,573
181,232
196,991
55,599
20,550
185,572
71,843
185,388
28,25
27,58
121,876
21,682
127,238
25,193
84,799
125,984
12,263
10,520
74,324
89,455
63,428
90,327
154,381
198,869
44,389
108,764
128,61
77,76
154,428
16,201
11,655
36,608
111,800
49,769
123,79
170,695
20,769
22,854
180,825
98,628
12,802
137,713
71,108
183,915
106,989
85,857
131,496
64,711
65,42
58,838
168,980
192,900
17,833
78,104
2,451
129,467
195,319
38,257
162,573
11,741
26,201
55,398
162,650
182,436
187,146
19,748
85,633
1,159
135,923
126,173
83,845
63,233
80,63
54,449
31,300
56,396
60,8
72,972
73,258
199,860
107,724
180,951
22,402
176,711
153,316
45,308
168,688
28,796
29,249
178,479
158,602
85,646
78,727
85,650
37,669
38,432
176,328
40,672
195,591
105,927
24,670
110,248
81,449
85,298
135,139
195,110
119,265
89,747
91,565
21,365
53,34
150,23
43,706
181,245
24,72
127,348
45,891
129,862
78,278
140,215
181,481
90,749
33,330
143,281
93,874
47,301
52,588
118,745
95,278
94,410
175,117
84,619
29,937
49,952
32,706
131,841
15,352
12,440
126,259
142,237
111,875
100,899
112,144
136,156
77,896
92,217
35,28
169,329
86,985
53,981
45,739
29,916
184,282
179,562
66,534
175,295
168,103
63,18
15,978
179,506
138,263
37,97
44,474
63,793
67,285
180,638
64,287
46,214
123,64
125,574
181,225
195,109
139,378
146,642
150,398
129,801
22,980
198,731
143,522
197,316
125,270
121,290
159,939
53,296
178,771
157,1
114,187
54,681
36,469
159,77
138,10
51,765
180,103
11,71
154,797
163,378
36,948
31,250
194,734
89,680
195,714
138,533
179,279
177,582
109,730
114,391
11,287
46,41
104,382
78,323
81,397
129,395
157,112
44,459
190,412
118,353
182,644
199,932
20,689
31,758
8,271
118,317
145,695
24,547
27,563
171,634
18,771
151,46
107,926
145,55
77,890
92,465
64,680
199,62
118,362
136,411
117,25
112,680
196,132
169,201
128,982
103,849
141,940
2,301
65,820
19,293
2,615
194,769
127,492
103,529
14,364
126,88
128,92
80,973
76,755
112,904
164,523
165,585
159,473
33,771
59,231
139,97
160,440
3,963
150,18
125,334
157,982
39,614
92,146
184,784
143,95
103,750
147,954
32,466
66,933
173,775
8,59
117,152
199,257
114,680
59,761
200,706
156,407
56,741
83,979
175,44
94,725
163,458
91,476
200,743
110,267
182,279
192,290
106,683
142,469
61,19
48,762
56,497
11,798
97,179
157,604
140,895
132,441
154,26
178,400
179,74
41,675
22,95
163,18
70,766
117,928
146,135
31,531
40,7
196,101
10,950
65,783
119,308
75,551
136,601
178,336
194,166
110,125
113,311
4,907
200,638
93,906
138,661
188,145
97,645
64,365
85,866
160,493
140,391
176,425
121,52
25,732
93,796
134,965
96,11
57,996
169,256
170,212
83,827
199,958
86,139
113,912
5,908
37,706
37,200
13,160
84,831
71,202
51,912
43,586
191,474
195,328
46,915
28,780
3,313
199,246
142,904
32,127
44,433
89,867
67,845
34,963
200,478
68,679
164,285
173,86
53,513
45,678
20,405
142,381
7,304
75,990
25,321
36,146
134,257
113,653
168,975
134,387
157,223
69,633
102,899
187,727
185,197
3,57
176,426
2,862
179,884
136,673
192,427
30,456
36,942
57,953
116,389
152,1
76,191
84,397
173,566
35,5
136,385
181,964
179,666
93,116
33,913
146,192
137,811
146,826
152,80
15,348
59,313
24,256
116,986
69,396
65,573
79,689
83,673
133,707
119,577
97,994
67,971
194,817
125,227
110,674
152,770
131,579
64,766
67,207
141,660
151,248
27,505
120,711
114,69
169,760
118,585
19,593
149,999
165,594
65,14
106,720
198,937
166,879
113,889
11,812
181,933
131,848
123,611
169,281
126,171
151,529
51,200
109,250
128,6
154,688
185,117
192,661
178,881
149,833
64,184
165,258
10,422
97,417
5,435
125,414
43,683
63,907
170,144
2,319
150,530
174,86
94,890
133,758
69,104
1,952
14,418
97,497
149,763
184,138
97,4
174,922
119,629
100,816
97,581
154,464
193,454
111,623
89,912
45,340
64,675
159,653
18,736
123,629
131,570
149,697
57,544
62,440
13,582
116,963
121,85
96,767
154,474
192,705
42,176
171,225
79,762
100,26
31,274
10,206
95,766
175,811
135,629
92,433
120,478
51,270
31,132
60,108
192,792
163,521
3,49
4,832
182,195
167,637
86,691
76,947
53,906
5,619
185,48
145,354
6,127
76,642
178,884
123,999
47,30
20,988
22,791
2,297
200,478
167,497
120,654
43,674
27,74
129,930
185,275
145,290
33,893
86,817
51,634
116,693
58,98
39,214
34,497
98,243
116,819
130,2
21,705
157,39
9,688
139,905
164,641
90,481
82,654
159,402
26,432
156,78
143,428
126,733
63,3
61,314
186,325
192,700
6,843
6,409
89,386
168,242
64,441
61,802
74,156
182,890
180,207
3,490
25,199
122,613
45,477
194,756
65,627
64,588
14,499
32,139
43,623
186,787
113,443
64,767
96,418
32,594
65,656
63,333
56,216
32,903
162,984
113,439
170,256
39,352
187,550
82,743
114,636
187,670
161,578
78,416
41,331
179,135
160,504
99,93
92,818
92,281
146,74
179,478
145,969
137,323
47,687
73,591
16,785
39,433
128,977
24,923
71,162
119,574
195,941
144,828
74,882
19,145
145,670
154,520
109,682
104,505
170,970
167,58
39,696
95,334
125,259
96,367
194,530
153,865
194,543
61,172
194,471
44,723
107,365
77,541
148,94
102,725
33,348
81,69
81,366
164,919
102,476
117,452
13,280
30,942
56,347
174,712
178,365
5,505
122,217
17,181
111,162
177,655
164,304
72,651
144,151
167,42
138,577
176,636
188,117
66,510
148,328
73,667
158,80
199,696
59,576
137,34
100,183
83,158
96,643
18,473
9,784
110,479
104,482
146,978
68,840
64,153
144,794
198,653
48,779
18,240
161,698
35,768
116,879
180,948
26,261
87,660
146,579
72,991
111,453
177,415
53,313
3,931
141,563
113,435
198,768
106,114
40,372
17,522
191,485
161,547
58,261
188,333
113,796
63,593
142,215
19,406
95,101
106,536
190,16
39,506
53,114
123,859
26,991
105,997
97,620
24,723
41,870
180,335
191,693
188,675
101,813
1,881
90,961
133,63
164,136
184,340
14,877
114,597
186,319
163,586
126,151
30,728
119,94
26,907
62,54
112,233
9,771
183,156
34,327
194,930
150,807
127,790
152,408
200,172
49,994
66,62
83,434
157,525
127,592
192,629
130,115
57,911
107,319
200,492
153,872
128,101
35,757
113,466
195,979
124,84
153,536
35,779
111,691
107,300
190,151
31,84
74,42
148,715
182,612
17,196
80,246
121,56
72,285
61,808
83,967
121,401
18,759
83,145
12,242
40,286
182,202
122,720
189,195
41,263
157,21
38,318
83,190
188,293
71,738
136,371
116,866
176,171
199,460
25,313
147,487
13,187
163,542
36,713
24,270
75,703
29,341
57,570
78,600
177,513
110,678
89,688
165,348
165,870
24,310
68,859
96,369
62,583
78,372
57,257
138,678
38,237
50,408
127,199
187,259
114,999
147,293
88,468
73,894
139,847
113,498
26,813
168,639
1,985
16,620
58,458
171,744
171,893
51,135
64,444
135,298
14,61
86,104
124,167
98,993
7,367
82,617
56,64
108,233
166,312
48,581
107,53
68,834
180,146
108,391
200,521
197,361
81,513
57,107
10,390
142,184
63,144
103,738
144,600
147,815
172,133
171,702
108,838
152,94
171,71
32,280
194,558
141,24
61,272
47,89
162,653
9,785
183,426
167,207
175,944
192,918
200,858
25,38
8,213
68,267
116,714
15,480
94,596
11,768
138,420
10,966
139,390
44,154
196,13
174,7
106,265
127,355
21,224
29,177
33,601
7,719
12,818
145,631
122,804
2,38
174,83
20,810
65,50
112,803
68,868
111,80
164,454
5,572
124,617
156,767
178,862
88,288
128,245
133,227
153,712
45,520
164,120
41,793
35,750
107,484
42,771
1,593
36,362
86,393
59,568
140,763
34,760
45,750
30,525
198,279
40,985
124,67
199,830
58,400
185,799
28,397
158,271
184,718
96,534
89,462
200,100
91,673
133,268
15,670
167,461
6,132
156,119
164,28
193,754
21,799
80,160
33,623
42,321
114,12
34,943
1,786
84,229
38,221
148,828
122,111
108,757
87,620
60,345
14,177
164,819
161,826
129,561
157,152
199,186
50,922
15,910
24,599
62,732
146,902
92,469
56,288
161,966
68,235
158,895
189,643
20,179
154,174
62,405
25,642
70,669
116,49
134,726
17,486
154,441
10,217
172,94
60,153
173,953
191,553
152,760
3,535
24,77
78,859
127,913
53,612
184,221
102,273
84,752
109,608
41,198
44,350
64,213
58,222
57,44
95,104
147,606
33,732
65,511
86,817
38,233
190,901
76,801
107,939
126,829
30,232
135,336
46,142
159,337
170,120
69,171
64,752
105,768
14,103
181,180
147,957
176,128
182,281
1,482
3,51
43,100
82,428
8,606
174,966
99,634
122,767
178,429
167,100
63,994
120,235
49,899
66,928
49,58
5,763
45,990
155,356
121,484
179,819
79,258
188,25
45,806
56,667
124,533
83,551
50,344
160,710
117,379
193,343
107,797
97,250
118,769
53,310
99,743
38,618
43,4
19,460
30,366
20,628
51,798
170,181
58,154
120,927
11,132
170,927
82,881
97,349
48,376
6,667
152,17
71,714
89,570
163,220
169,445
180,574
108,486
81,194
2,803
36,647
119,907
126,614
39,278
127,384
82,568
19,942
17,944
118,329
194,275
149,732
151,206
154,210
70,25
92,19
124,895
87,856
27,981
121,408
65,977
32,253
26,378
36,161
111,928
47,966
153,387
96,838
179,605
30,826
150,778
47,859
128,348
2,603
52,293
154,100
157,160
22,203
61,576
197,89
118,748
161,308
82,330
188,336
62,463
75,822
146,689
84,941
98,763
199,937
99,338
105,614
41,376
107,698
166,832
123,413
73,492
190,757
171,656
177,820
139,199
41,430
56,554
101,806
101,101
71,419
180,214
1,265
178,114
87,625
170,467
122,757
3,963
172,707
185,50
27,241
137,929
176,876
74,924
199,713
118,921
135,695
108,669
143,108
6,27
8,764
170,55
116,243
1,792
164,901
15,152
170,78
139,124
46,733
25,392
112,525
1,301
116,14
35,194
161,825
37,44
3,441
91,549
87,669
35,134
25,726
116,394
166,289
138,984
160,458
184,462
157,28
143,700
166,809
191,892
176,753
96,838
181,251
31,290
189,876
100,623
139,970
69,847
133,484
189,683
133,130
200,394
30,745
14,226
112,742
59,230
62,475
13,348
12,755
141,384
183,639
143,94
63,150
102,742
152,683
159,408
26,697
45,992
15,818
10,844
172,798
180,915
10,153
199,340
114,970
79,667
58,832
28,686
150,628
160,161
83,343
37,147
147,581
2,176
88,189
40,101
101,805
166,229
195,354
27,558
131,125
148,120
9,658
163,888
125,460
70,522
108,299
36,273
184,985
165,363
86,323
195,1
172,214
27,313
128,550
181,184
24,98
72,713
156,735
142,617
196,910
147,436
14,417
15,307
77,584
200,614
149,582
144,978
116,910
51,864
146,860
147,159
177,279
184,791
168,676
126,409
191,476
105,130
16,606
115,250
3,88
107,98
173,288
22,840
119,27
140,769
46,625
48,534
169,564
36,792
98,50
78,201
75,330
57,910
92,286
81,870
108,835
80,439
11,679
147,132
37,751
94,31
103,617
178,282
97,339
41,66
77,96
184,17
27,193
156,570
22,347
5,933
180,902
85,122
53,694
114,736
114,580
59,171
86,323
104,882
194,144
70,369
163,801
149,138
116,955
172,122
4,879
179,501
85,399
49,110
141,548
152,255
158,547
40,771
117,468
179,618
34,705
21,65
198,761
174,334
106,483
113,37
27,210
142,712
17,898
197,175
167,76
123,503
103,575
115,909
186,224
99,651
33,445
106,965
58,429
124,271
112,495
89,35
106,967
166,205
140,726
136,764
130,831
13,636
99,85
157,621
132,782
30,351
152,296
60,829
28,866
61,884
100,647
131,563
93,730
132,101
33,572
116,353
23,807
87,351
96,21
165,735
69,675
80,473
77,565
50,169
169,215
3,592
190,708
164,104
63,555
192,943
86,288
22,705
126,839
129,133
23,397
174,124
110,794
63,524
69,981
63,910
112,100
45,412
165,800
176,309
106,511
127,914
86,185
32,237
148,824
35,598
58,134
128,645
7,369
30,900
86,795
58,101
33,861
76,883
31,30
162,770
173,381
108,543
28,485
196,3
57,807
126,835
173,316
167,549
112,25
29,473
3,835
91,968
136,442
13,931
159,295
43,707
82,172
18,243
144,982
2,668
124,273
111,482
120,188
151,201
194,757
158,428
144,414
3,200
83,282
12,532
67,265
63,41
133,511
101,374
164,102
73,556
140,80
130,646
78,551
164,191
14,672
152,498
13,605
36,318
184,332
142,812
200,652
116,233
1,872
34,681
54,16
11,808
38,919
175,731
75,303
107,238
137,936
126,164
55,122
73,894
78,541
196,347
131,636
81,539
172,660
10,705
189,564
94,590
76,234
150,746
144,132
63,233
57,486
66,18
46,5
162,915
107,770
15,757
144,330
123,820
174,95
97,430
47,853
177,152
20,235
180,974
109,899
185,574
74,866
188,128
191,858
187,155
113,477
25,541
37,347
73,407
142,207
147,522
157,8
75,624
48,990
193,607
109,415
177,769
152,532
8,962
187,550
69,236
198,837
190,420
54,641
97,996
145,839
182,988
52,861
74,30
127,672
161,252
29,955
160,516
102,151
65,597
161,515
41,859
117,574
79,382
159,657
34,832
145,422
30,916
107,998
111,734
116,191
105,863
92,465
14,904
129,440
167,161
113,129
74,650
118,556
99,906
13,977
60,321
69,374
73,914
160,958
3,917
161,760
7,40
66,609
31,1
137,69
107,457
95,747
165,743
139,653
56,268
24,598
101,480
104,135
186,52
172,146
98,902
140,553
68,995
88,121
69,12
23,890
173,24
195,588
107,524
105,928
44,715
111,610
183,404
141,640
1,901
183,982
18,310
154,987
81,313
20,691
96,184
103,524
158,117
45,619
159,828
165,800
135,642
154,784
59,322
103,222
79,611
99,338
173,232
194,113
121,542
85,901
37,673
169,169
113,929
192,833
67,322
95,860
195,156
171,420
6,743
150,479
113,169
58,782
138,755
126,338
47,345
64,252
38,490
50,649
53,108
169,28
134,475
41,58
171,976
92,276
34,970
190,206
105,160
151,739
122,194
179,545
14,523
110,915
32,397
60,317
75,282
40,508
148,133
143,913
110,97
77,96
126,448
16,619
43,157
58,775
152,728
81,533
93,486
95,596
43,97
115,933
19,934
75,796
107,472
62,493
15,7
172,501
161,735
134,718
188,686
130,750
54,847
141,640
90,147
195,981
66,908
129,907
107,254
37,204
181,898
170,910
164,394
199,455
165,161
91,476
38,336
200,274
78,508
82,208
68,190
57,218
60,427
39,807
152,386
172,729
69,675
153,555
139,390
148,321
181,638
118,80
98,781
193,330
68,423
7,383
76,613
90,798
148,404
108,569
66,342
53,141
39,508
122,954
140,374
142,453
136,959
87,801
33,892
31,223
72,293
61,89
81,235
20,524
132,375
130,891
105,658
8,77
189,44
156,429
200,582
24,885
145,764
147,343
188,759
130,24
196,258
43,163
122,212
192,493
10,917
117,606
190,721
200,382
116,366
74,420
6,438
39,366
76,457
28,331
31,855
101,296
40,638
139,769
186,859
160,828
137,385
85,306
38,572
75,369
157,813
176,961
41,954
109,138
14,189
43,200
172,556
70,768
145,179
104,13
69,514
74,759
10,841
175,924
171,522
92,150
77,937
4,617
195,87
17,116
32,828
60,439
78,313
20,908
96,798
66,309
135,299
14,257
60,315
49,816
157,491
166,116
4,306
169,893
8,57
37,30
16,351
187,367
11,436
96,550
76,63
122,331
75,550
58,411
182,553
161,102
60,671
2,902
191,960
53,874
27,76
27,631
120,899
152,650
122,47
102,21
55,782
158,67
179,463
58,965
171,696
143,740
81,15
101,951
158,807
65,242
142,825
116,890
180,285
97,790
78,99
165,623
62,277
153,627
155,478
148,960
147,362
59,424
193,819
176,10
156,342
86,193
176,26
82,893
139,772
2,689
91,731
181,873
16,223
9,8
195,14
80,381
190,322
192,436
121,64
153,488
63,770
165,589
34,431
125,235
116,920
48,249
157,492
33,81
70,687
138,577
153,382
77,197
160,752
85,138
145,692
61,187
71,565
9,753
148,494
178,821
156,656
104,893
36,42
113,619
59,138
144,510
58,75
55,574
61,320
132,651
87,116
33,66
188,104
54,109
129,384
44,921
24,873
110,628
6,132
160,330
123,850
112,671
133,928
193,231
94,219
102,247
33,263
102,398
173,63
59,218
134,626
69,967
67,293
95,639
5,465
52,671
65,664
28,689
6,152
46,890
176,333
146,425
200,668
127,509
21,393
194,999
18,261
61,951
71,512
77,872
1,920
187,1000
194,130
103,662
198,708
139,842
169,221
33,334
86,444
143,202
142,374
104,449
101,755
1,919
152,746
168,365
179,608
160,582
79,416
95,708
61,959
114,376
121,331
12,956
18,231
119,130
54,393
93,656
36,8
163,851
118,896
103,765
141,147
189,226
82,362
150,798
68,783
198,197
42,25
55,748
193,469
3,214
81,797
88,580
160,268
183,722
32,809
90,112
171,507
117,797
20,604
75,427
124,361
22,518
163,387
145,126
190,603
9,161
193,47
160,321
17,683
200,492
129,451
147,142
155,182
148,588
57,402
41,176
52,641
62,127
134,920
138,841
81,382
98,959
35,521
117,886
144,443
199,663
147,698
73,22
142,957
135,1
143,995
103,260
125,771
137,114
172,845
108,337
175,992
80,746
119,408
196,648
37,452
124,978
182,149
137,380
59,449
130,599
41,52
175,979
177,234
77,13
78,702
132,670
101,769
78,290
166,848
69,863
64,150
108,584
67,240
20,267
57,553
131,846
140,775
105,101
71,678
148,193
74,964
41,372
172,584
47,233
70,874
33,664
191,843
134,315
74,853
112,799
56,372
189,464
122,314
176,837
179,402
134,836
151,273
47,133
110,491
192,651
130,665
6,226
172,723
182,45
144,560
7,535
20,37
156,758
14,358
175,298
187,593
189,84
195,701
58,733
181,254
38,935
176,704
44,499
37,329
42,801
116,617
127,782
193,206
185,800
199,899
29,845
47,2
145,202
59,711
12,901
174,268
51,473
179,578
74,219
130,158
58,946
187,407
174,772
110,473
176,232
176,159
177,117
58,313
128,924
12,902
93,27
200,813
54,625
175,852
37,360
132,439
27,393
9,317
182,276
170,729
107,592
52,74
143,590
117,845
5,480
90,377
64,461
109,391
140,568
133,864
197,704
36,765
57,272
84,811
75,36
81,686
87,753
64,537
91,476
172,165
70,324
162,899
127,53
143,692
123,747
28,20
29,433
62,486
19,180
96,89
91,126
86,407
66,731
13,408
45,27
46,873
161,601
175,218
187,56
191,82
144,266
33,465
145,312
190,664
168,188
141,988
159,993
5,333
163,966
9,369
85,898
121,558
118,453
196,221
39,59
38,444
186,21
120,148
16,911
14,887
180,481
82,747
191,135
160,815
72,673
160,483
1,940
57,462
61,303
81,522
86,727
63,260
175,449
69,251
177,423
146,277
155,929
115,677
165,13
134,100
36,103
32,82
44,198
77,657
191,420
172,785
73,688
17,891
46,639
27,296
137,36
177,527
171,80
53,653
63,951
179,424
18,450
171,299
143,571
78,321
199,678
193,402
70,306
28,815
141,987
79,164
121,571
189,913
98,720
168,601
195,339
59,139
39,164
120,304
72,434
145,192
164,756
14,602
168,958
23,644
186,417
92,604
196,885
38,414
186,448
182,22
110,544
136,278
122,97
184,639
152,454
167,864
63,446
76,990
174,538
30,625
93,644
9,484
177,133
149,658
176,745
118,374
194,242
101,232
19,501
186,268
103,563
30,221
124,942
152,781
79,910
63,179
80,713
156,131
6,581
10,809
4,867
16,845
85,914
91,435
69,177
119,811
50,240
184,267
195,633
32,476
3,340
129,166
95,944
18,420
11,77
7,421
160,277
39,926
34,352
68,627
108,846
195,227
66,720
82,589
77,867
18,743
50,903
136,90
126,480
20,71
17,21
8,677
16,884
167,956
71,676
29,732
9,878
50,562
143,207
184,197
145,586
68,423
199,284
96,804
114,932
182,5
89,858
178,797
37,676
141,91
163,997
108,691
7,898
107,826
173,524
58,570
191,337
180,73
139,239
163,9
106,894
139,674
108,689
76,396
195,255
114,637
98,31
109,153
4,285
115,166
124,334
20,793
101,528
170,49
82,957
112,581
95,817
59,190
22,987
87,430
37,755
22,29
65,781
152,718
158,634
18,645
81,156
152,866
179,475
1,539
190,950
193,403
65,684
63,172
175,52
40,301
186,454
32,191
17,918
192,826
123,346
103,246
106,490
74,996
164,796
60,286
168,885
96,401
142,936
150,791
111,995
156,797
161,144
84,959
72,123
160,382
85,167
123,652
33,280
195,459
70,352
64,327
175,886
30,554
143,164
124,869
119,230
12,10
9,798
101,39
145,842
37,403
103,862
20,369
71,564
122,493
120,118
156,890
43,483
92,142
61,479
156,402
66,336
91,726
189,46
73,826
25,721
129,582
9,38
132,379
137,60
200,604
184,439
42,308
122,260
173,988
47,913
176,632
178,862
54,575
99,185
77,939
108,882
67,733
111,643
142,854
149,196
55,942
158,435
180,664
15,770
142,240
4,28
27,822
185,898
54,395
184,812
177,13
52,961
191,443
161,785
192,19
12,548
107,754
175,993
38,787
200,560
4,814
95,696
149,999
181,551
33,193
75,712
178,344
108,809
93,97
152,682
193,305
86,450
197,616
106,667
164,33
22,499
178,415
141,186
106,659
167,696
122,681
111,309
23,893
14,184
165,259
120,235
122,443
60,581
145,61
32,950
9,923
125,55
68,496
153,419
106,85
96,963
88,380
101,12
165,850
138,876
6,245
124,710
167,829
59,664
169,760
151,693
93,295
123,577
44,191
7,817
21,187
69,227
95,693
160,181
165,222
152,311
100,79
103,281
116,493
26,331
11,44
138,253
180,22
131,396
196,88
41,184
57,447
188,132
197,253
11,750
5,539
189,251
122,976
101,515
144,87
40,509
181,784
20,890
169,410
129,218
172,400
153,703
62,194
81,671
27,342
104,204
61,940
82,339
132,265
113,769
142,833
28,361
18,300
31,395
21,127
58,740
175,76
130,928
109,774
55,291
46,222
71,195
195,180
139,532
43,267
86,554
189,891
44,714
103,400
94,685
158,156
66,696
163,511
81,848
4,408
174,256
4,798
138,180
46,497
34,98
11,262
38,341
139,398
137,459
8,344
71,802
165,690
112,796
72,249
128,628
81,741
47,482
76,699
163,239
73,820
23,763
129,105
107,910
92,787
9,619
19,93
154,523
92,612
180,735
101,627
193,64
196,576
28,153
179,232
157,657
188,422
129,532
113,211
164,501
17,847
93,725
157,571
157,870
197,877
174,368
155,608
51,535
77,882
146,799
4,798
21,970
197,377
174,329
5,184
167,794
20,768
142,995
159,604
57,186
90,749
63,208
73,849
80,676
20,324
120,812
73,519
153,683
184,312
114,316
159,981
72,976
77,242
77,212
88,412
193,985
163,350
199,534
40,463
179,570
37,854
23,147
58,790
164,375
11,79
119,916
22,738
16,762
93,875
100,528
50,516
82,645
123,279
57,913
141,162
126,235
113,999
109,234
5,613
146,187
100,309
12,294
137,356
196,283
177,711
53,342
116,528
11,60
40,509
112,267
183,700
152,149
114,711
69,729
61,871
104,689
59,521
164,874
121,451
89,111
175,437
132,578
90,712
27,735
38,861
149,837
49,646
139,34
118,316
100,590
83,378
120,273
197,368
131,630
6,495
108,727
198,115
99,905
95,368
133,127
184,473
25,264
65,192
168,216
78,876
62,747
117,36
121,428
160,792
85,435
112,764
36,324
115,148
136,954
7,207
17,299
98,273
109,584
7,864
192,15
108,537
182,903
27,607
160,699
146,937
43,557
169,773
125,681
39,175
144,768
81,959
105,336
110,683
32,168
24,181
2,511
83,423
156,179
32,399
68,773
180,38
123,375
148,243
109,350
115,462
84,249
129,86
176,296
53,710
179,618
6,642
142,760
184,839
16,821
56,70
162,646
113,837
27,95
56,14
127,668
174,418
194,483
11,968
148,530
114,636
78,332
183,964
87,626
114,373
111,598
139,841
178,412
112,163
101,46
35,497
141,816
183,185
126,109
21,388
58,411
112,336
177,946
27,610
171,968
82,891
41,275
181,428
95,351
195,238
19,111
130,763
119,146
13,365
49,189
136,431
91,681
49,278
103,599
41,829
61,513
127,212
92,591
95,850
29,529
164,156
146,272
139,393
80,16
85,419
22,426
139,271
194,724
89,308
180,527
127,14
66,623
147,231
146,438
105,919
134,631
79,66
41,657
62,246
85,489
40,537
60,75
113,345
55,111
140,962
162,535
34,202
145,828
118,652
191,311
88,303
61,708
95,379
161,816
44,261
5,689
160,536
104,44
74,857
50,103
5,730
161,615
150,50
52,734
181,791
62,31
109,380
147,272
21,904
152,445
67,155
72,716
45,213
154,128
145,111
108,316
36,20
120,259
60,911
191,489
101,190
188,112
49,895
11,428
156,327
66,434
100,690
105,240
156,525
143,802
100,423
70,416
14,838
64,199
139,297
15,193
183,159
140,482
100,459
68,865
184,418
162,540
160,880
184,745
86,433
90,507
61,504
106,470
70,249
174,388
32,365
183,785
137,280
192,129
46,821
188,578
84,845
71,293
58,313
99,224
69,731
156,251
179,325
150,475
111,850
123,419
90,385
186,420
151,953
140,498
140,821
86,978
179,435
116,77
25,957
48,478
133,364
55,834
14,225
10,153
168,107
78,409
169,90
5,83
58,395
102,398
112,903
140,624
183,696
145,425
49,400
154,91
53,728
66,491
82,220
189,830
54,19
73,642
119,991
186,392
64,234
43,359
16,129
22,705
166,861
87,551
23,986
171,401
150,273
193,415
178,490
42,206
138,537
116,281
82,369
116,44
70,979
192,7
120,206
14,505
7,747
140,125
21,600
185,847
124,135
194,36
171,115
168,478
63,105
32,76
52,569
74,490
146,224
115,359
3,136
184,71
4,275
174,148
174,415
72,971
47,558
158,24
104,64
21,628
90,774
145,28
42,62
35,86
134,101
190,766
37,734
132,190
54,986
158,314
166,476
116,848
78,801
46,976
26,974
68,664
143,2
61,776
85,609
85,367
9,103
138,208
178,47
109,19
101,611
166,382
171,412
105,607
121,446
130,382
57,586
122,553
5,49
82,212
65,304
1,405
20,94
170,9
134,186
84,656
74,683
159,787
173,278
141,957
7,522
100,469
38,382
119,572
39,79
102,501
142,983
115,858
108,65
92,171
76,985
148,864
16,969
2,993
23,799
62,668
68,982
128,525
90,642
75,363
87,148
62,36
20,678
35,462
45,880
141,426
71,613
2,426
104,479
167,908
4,358
170,206
68,691
78,457
131,701
95,96
43,328
42,43
151,124
30,538
89,126
191,337
188,763
52,490
81,314
104,814
38,718
68,761
45,681
68,619
200,114
115,634
81,119
172,260
180,563
147,547
65,524
118,427
52,465
35,850
48,747
34,588
180,571
16,38
1,977
130,326
105,355
120,125
186,488
197,991
113,866
183,617
107,431
95,745
146,248
149,483
120,503
28,861
2,741
199,34
165,610
190,454
119,992
13,162
170,553
52,562
162,903
72,376
36,802
168,24
189,33
73,234
3,304
39,170
189,287
149,856
9,800
75,438
18,853
130,541
160,589
153,459
179,714
153,684
71,124
101,153
7,340
191,852
76,31
123,714
53,918
47,390
117,649
175,312
27,646
102,280
150,378
77,637
180,877
34,614
143,163
112,518
184,918
156,888
99,680
22,307
56,259
87,77
180,326
28,808
130,886
152,493
149,897
200,610
147,262
139,384
107,79
66,613
109,143
86,557
28,956
34,736
122,4
104,414
111,602
55,846
154,555
26,234
194,134
124,152
187,988
183,413
112,745
33,846
59,769
79,945
174,121
33,815
196,54
126,216
181,611
189,773
97,169
51,948
31,801
51,251
189,957
10,917
47,5
102,752
124,275
164,611
171,996
151,89
66,299
99,420
109,999
135,642
135,958
46,675
149,373
34,239
47,430
73,407
56,418
197,366
162,937
178,745
96,560
5,389
21,562
81,453
76,412
23,157
192,180
99,400
42,600
89,404
79,939
176,803
119,157
98,952
39,496
88,724
25,450
197,275
100,137
8,757
13,600
17,178
80,404
15,264
52,230
53,928
120,397
183,613
108,1
138,737
163,926
189,15
23,197
145,659
149,678
158,52
139,858
130,79
33,360
8,962
101,318
164,118
71,454
141,144
139,59
192,241
136,954
98,77
172,409
85,7
196,480
76,187
197,972
163,304
168,644
179,751
119,901
54,699
14,289
178,159
132,614
96,498
30,222
66,319
146,413
121,650
154,740
191,733
164,532
144,836
44,359
182,173
109,899
182,188
32,306
95,495
80,720
109,432
135,129
173,729
112,93
196,506
120,103
25,239
184,560
96,875
118,229
142,316
146,141
110,734
118,246
189,177
196,760
79,457
191,823
68,973
62,18
53,238
155,689
124,23
114,334
163,419
47,649
175,912
200,953
6,462
146,339
108,419
74,58
93,390
42,483
115,270
188,427
147,310
18,49
175,140
149,314
88,12
141,855
98,949
118,47
167,280
196,261
159,439
44,14
11,244
32,443
95,884
22,196
182,201
147,802
163,687
72,804
194,44
25,467
102,143
197,190
75,788
19,29
26,170
95,653
199,296
8,300
154,445
58,824
101,22
89,854
180,329
190,641
45,4
157,71
196,403
23,822
115,720
40,517
10,111
164,283
119,953
105,168
78,429
68,336
128,340
98,1
136,581
60,433
164,421
104,623
155,291
177,49
158,103
122,763
76,457
169,607
179,720
191,494
169,116
92,992
90,632
28,16
198,837
14,169
91,806
180,503
22,576
132,151
101,813
28,157
49,611
111,225
109,407
122,63
47,965
156,645
113,479
112,195
196,138
179,392
64,131
5,170
26,381
140,349
68,431
14,614
141,177
77,41
76,578
169,913
2,862
62,842
148,309
3,892
65,900
45,618
16,305
10,160
106,763
10,158
116,945
117,821
79,86
165,526
113,637
131,266
187,962
25,199
150,795
100,637
123,420
9,445
132,29
90,522
93,769
104,413
7,349
35,867
197,600
177,145
110,164
80,688
27,82
21,204
48,657
16,954
42,704
66,16
112,760
37,460
107,846
21,64
106,9
173,569
121,837
125,949
69,575
160,177
79,955
23,115
78,298
167,828
106,89
36,538
196,859
26,920
127,505
55,976
30,831
69,280
75,976
154,574
3,168
35,770
191,475
191,581
65,878
117,329
27,593
23,365
176,222
58,632
75,945
25,6
24,3
44,711
59,13
70,149
138,916
141,173
8,312
55,833
99,588
133,883
181,930
122,283
181,82
52,622
55,50
174,550
54,407
29,598
145,378
157,543
42,316
184,768
115,988
158,638
51,199
191,478
21,423
146,200
17,60
80,193
140,43
67,501
80,912
134,619
66,535
199,74
89,903
63,166
122,367
122,918
31,920
67,419
6,544
147,306
188,571
157,852
180,984
157,819
100,615
115,681
21,131
157,752
7,317
168,652
144,104
6,338
194,114
110,200
50,404
115,975
67,613
196,408
131,102
66,861
128,237
2,741
81,354
141,290
12,57
115,909
8,333
17,200
160,582
191,94
194,385
154,435
18,951
40,805
121,613
144,508
127,553
132,85
79,977
34,277
7,410
20,932
66,352
137,653
30,781
125,361
125,795
142,363
182,712
133,974
111,336
184,670
86,955
5,907
159,778
197,790
98,808
22,788
117,954
41,142
18,957
121,462
77,558
4,618
5,820
147,668
138,703
118,81
97,423
144,381
121,173
48,786
175,390
108,401
157,142
72,40
78,625
89,628
108,473
41,845
59,137
50,518
183,345
145,557
90,372
114,234
128,29
159,374
192,549
189,68
67,572
26,940
69,797
184,767
97,971
162,469
96,673
150,772
191,427
99,436
184,608
6,177
191,10
14,352
34,42
145,732
106,499
44,66
32,35
112,555
65,832
146,126
180,295
168,493
44,211
111,65
101,867
130,87
88,987
175,426
61,493
170,710
160,186
35,534
94,624
186,682
130,597
98,64
72,243
68,230
61,553
6,90
166,781
64,280
125,290
18,927
106,605
52,614
93,766
112,956
17,333
46,281
116,944
103,100
200,3
59,336
110,136
23,619
70,735
80,895
116,33
1,879
89,146
14,258
40,458
189,415
75,418
43,534
176,546
69,266
104,539
146,774
197,588
120,972
39,862
46,255
13,723
1,981
86,599
76,529
199,224
140,68
149,681
18,387
93,343
168,224
139,272
93,341
161,783
155,990
49,294
144,722
64,114
48,861
54,526
68,140
200,731
133,481
13,232
147,163
16,115
198,645
63,992
107,39
10,278
82,194
116,181
102,554
159,52
141,597
155,324
8,428
7,3
16,216
80,12
52,787
185,377
49,725
104,779
81,758
127,434
127,7
5,499
8,311
106,374
140,133
18,938
184,860
42,31
130,993
60,901
60,699
122,994
96,68
51,928
37,424
23,314
91,616
37,633
198,782
49,664
57,376
157,850
122,662
87,739
109,466
41,268
188,23
183,109
48,959
199,573
103,785
50,775
92,727
22,128
69,746
119,939
137,917
36,852
188,899
127,79
69,844
161,434
112,401
162,35
21,218
175,320
153,750
20,666
23,859
53,901
59,905
67,998
129,348
200,806
33,768
65,493
84,738
41,297
70,797
92,388
68,474
68,569
59,844
84,644
193,581
181,422
107,608
170,823
125,300
193,740
150,449
132,10
11,710
192,36
200,271
132,514
134,753
46,691
15,63
107,527
30,592
86,683
17,478
74,26
94,925
3,332
183,993
19,843
107,211
97,410
186,141
3,535
80,216
84,56
64,73
36,69
1,805
4,317
8,859
170,515
161,849
69,121
88,654
181,276
4,848
48,527
99,967
170,551
141,274
126,549
191,449
33,475
11,620
128,10
189,809
32,569
145,732
75,967
68,466
78,935
89,842
84,271
100,984
137,646
99,168
157,813
183,692
71,907
158,560
51,288
51,304
160,680
134,689
194,765
111,475
17,539
128,972
134,364
185,949
163,726
19,766
132,390
122,263
173,539
180,330
88,442
42,751
27,933
44,580
126,43
164,26
42,38
180,880
140,288
129,470
178,997
51,613
200,849
13,577
164,516
10,929
136,659
198,838
156,131
103,87
37,44
118,375
176,696
157,407
118,478
159,770
161,296
44,574
94,378
136,765
155,727
165,271
47,788
113,594
103,1
140,719
147,283
17,317
79,99
133,628
135,484
191,529
91,675
118,439
88,594
4,697
138,7
23,556
28,516
59,886
142,421
195,683
122,395
127,948
87,715
79,285
115,922
183,589
72,486
13,79
79,798
115,546
170,93
76,110
62,232
154,203
150,934
29,882
50,579
18,638
149,875
83,192
73,221
172,882
197,58
37,632
16,234
66,84
46,553
128,515
182,337
119,777
174,252
108,419
43,475
185,861
119,387
33,454
22,10
137,504
84,470
85,138
18,849
117,837
41,105
42,718
109,188
80,580
74,974
163,512
81,258
133,25
186,427
164,745
122,293
71,250
159,646
133,883
51,719
29,27
61,187
138,167
177,810
75,376
113,331
50,876
172,370
87,736
42,415
83,503
87,174
158,29
123,656
8,378
193,119
164,530
72,826
57,129
136,672
44,659
4,868
135,495
164,168
104,544
182,918
55,456
121,619
124,988
186,806
135,249
25,776
108,304
196,81
198,464
95,966
181,407
62,629
149,344
64,94
9,56
135,216
90,832
179,225
83,877
87,553
98,490
31,723
4,641
82,380
145,701
97,188
90,108
97,656
11,564
199,140
183,795
43,566
76,425
181,988
94,377
104,742
38,364
130,710
49,123
34,634
53,374
130,650
176,912
182,302
170,555
77,747
195,283
141,994
187,374
188,564
166,509
152,59
105,600
190,235
70,745
58,730
35,743
135,648
50,701
169,457
142,788
101,478
149,560
199,161
139,381
144,739
162,301
173,185
191,752
129,519
175,397
119,704
31,61
184,447
167,984
29,716
178,575
141,460
68,511
107,138
64,82
82,337
179,327
150,744
72,46
14,524
134,610
167,394
134,808
33,166
174,655
137,540
75,970
36,407
124,593
113,370
44,329
50,262
92,759
192,22
187,49
148,394
84,218
102,194
84,294
47,725
103,351
141,765
165,717
25,102
57,486
121,207
185,808
199,408
41,67
168,615
124,692
125,138
34,939
74,632
100,958
172,95
63,463
116,285
55,314
197,370
30,122
171,966
31,896
182,818
166,441
121,12
20,945
29,949
45,267
108,445
139,288
6,663
62,532
41,575
148,98
10,808
85,450
84,16
57,312
24,238
111,337
117,367
196,929
97,121
125,939
119,504
98,370
183,364
75,74
129,388
12,755
117,830
8,669
161,849
133,934
55,946
56,799
83,524
148,873
110,28
166,951
177,132
33,779
89,346
18,203
170,540
93,320
46,322
64,176
157,638
78,228
175,788
94,758
158,4
16,448
115,978
5,330
4,264
178,778
117,449
110,59
75,496
170,568
164,329
136,770
130,841
80,110
144,445
60,112
133,84
86,985
30,518
195,655
150,382
27,549
55,884
59,858
118,474
2,505
36,164
105,521
165,592
104,910
168,292
44,928
87,609
82,434
191,384
69,82
16,768
9,82
35,145
161,808
137,450
192,944
195,724
61,694
132,445
132,135
165,549
158,320
65,813
69,537
175,911
16,236
75,142
200,701
112,41
136,338
60,41
71,572
119,477
35,121
183,454
98,789
60,928
48,734
109,911
194,935
14,881
49,488
46,994
83,139
62,336
24,954
38,970
158,590
198,375
170,258
47,141
198,71
34,616
114,807
29,77
28,680
111,692
16,995
36,769
13,863
59,438
5,265
63,916
96,645
63,441
100,483
75,477
94,382
151,599
185,950
199,987
120,35
58,977
67,520
170,809
154,856
58,456
166,640
34,680
44,950
159,672
86,752
79,777
49,677
93,826
155,743
176,669
171,104
128,395
171,60
23,963
11,673
176,773
131,104
6,861
146,326
41,496
36,929
31,228
187,970
182,407
39,825
13,504
36,119
8,211
47,849
126,245
43,426
155,217
191,64
92,151
13,95
75,497
164,203
156,435
20,489
20,606
39,881
130,899
141,942
137,336
75,370
140,157
124,693
84,259
86,854
126,458
30,721
84,362
158,226
159,488
128,63
48,392
34,511
31,259
128,485
37,136
36,954
56,7
68,902
65,313
61,677
128,31
149,549
101,581
95,127
26,733
101,246
94,83
200,607
5,879
105,90
48,555
131,597
193,592
155,412
53,42
161,455
20,784
142,152
6,91
110,431
3,526
98,787
23,516
187,903
180,218
6,803
197,351
40,639
92,340
89,795
80,611
112,998
111,417
85,537
67,140
199,170
155,152
47,497
58,880
150,263
154,871
196,764
150,376
200,423
27,306
157,952
188,765
96,466
87,300
180,605
17,810
119,737
20,267
56,768
29,925
158,701
104,1000
59,752
81,779
155,903
196,759
32,657
199,442
15,686
101,51
111,441
152,462
38,430
30,346
35,33
24,14
143,286
78,674
133,568
102,905
161,189
54,256
123,765
10,289
94,105
145,427
158,177
135,351
178,489
46,799
13,495
162,38
111,134
185,403
108,577
108,658
157,529
39,492
96,38
8,739
123,196
12,642
137,197
43,806
103,720
13,595
132,312
84,743
115,23
97,54
48,200
153,524
190,940
18,372
80,828
143,321
154,615
14,613
159,704
85,482
181,766
78,119
199,842
94,584
29,431
142,696
150,945
22,876
32,628
28,715
147,839
96,177
102,228
28,823
187,357
86,156
184,639
196,342
97,813
108,21
185,682
112,184
45,772
137,549
171,897
147,7
194,784
36,330
33,597
49,910
192,151
5,249
136,163
138,28
101,671
52,734
162,358
7,25
187,697
3,62
80,986
102,639
142,709
103,578
84,672
35,904
190,421
194,603
89,975
163,526
115,227
4,122
157,977
61,284
12,147
194,710
7,345
143,203
52,343
56,150
195,520
150,49
110,43
25,730
36,109
180,746
92,862
142,980
96,130
131,349
3,345
190,681
199,166
59,398
178,827
24,392
40,221
98,812
4,615
94,484
36,820
97,127
95,922
139,989
24,586
39,928
167,396
141,390
103,551
79,200
31,570
133,257
21,889
22,586
81,770
160,968
189,490
137,609
175,918
16,546
185,673
42,189
134,460
40,526
93,810
173,847
85,219
131,229
111,573
120,12
30,15
199,680
50,33
166,652
182,499
88,1
58,323
137,226
136,1
102,969
61,626
156,13
36,597
160,811
136,995
144,810
135,538
14,150
69,794
26,454
147,286
108,740
21,429
196,611
139,841
112,608
55,379
129,962
65,390
112,918
12,449
9,803
198,158
94,243
29,808
163,403
158,661
164,357
58,323
26,60
100,493
112,550
13,156
103,204
99,817
190,497
25,153
154,181
125,150
151,554
3,892
156,847
137,54
125,791
139,369
118,843
95,706
67,774
88,267
152,933
8,300
87,280
27,130
160,480
16,442
111,68
149,59
131,334
84,806
100,113
85,677
180,350
166,800
32,183
14,929
148,715
98,725
31,978
28,383
136,945
33,895
50,180
70,293
115,194
117,384
53,731
156,581
122,148
139,821
109,243
62,373
170,370
80,297
128,166
125,244
144,66
140,443
138,534
5,481
142,954
38,613
32,683
55,128
121,310
2,692
93,287
186,350
15,240
54,815
169,245
141,694
156,502
55,539
117,72
72,199
194,910
185,805
85,840
60,756
18,530
163,965
47,636
147,348
54,629
127,841
95,171
99,227
137,573
126,543
48,418
86,233
108,604
30,426
122,683
158,473
139,488
10,180
108,714
176,560
127,645
89,629
96,61
68,727
46,355
45,439
30,950
22,744
100,725
15,689
10,439
122,120
47,464
83,205
61,751
66,694
191,353
125,946
121,491
117,386
95,495
170,527
75,968
140,858
150,365
96,989
188,344
90,668
116,979
171,143
88,516
29,858
2,766
31,36
143,758
187,435
108,332
60,944
176,610
45,998
199,364
157,972
83,608
63,871
58,776
130,282
141,505
147,133
42,174
39,906
72,393
195,568
164,10
38,925
58,785
76,928
35,462
79,105
171,128
25,962
22,452
43,539
150,396
56,875
114,371
105,118
66,75
188,668
189,283
56,204
162,465
110,766
110,543
192,53
72,351
200,636
109,340
97,202
8,564
153,892
144,260
25,31
88,888
151,884
19,993
31,1000
67,892
103,854
98,743
145,553
173,516
105,767
125,518
145,806
103,61
145,64
54,884
78,841
199,639
49,55
137,853
156,645
13,650
109,428
104,324
180,195
41,459
69,210
144,548
83,604
56,604
183,290
24,349
75,968
58,949
145,137
122,796
53,212
140,362
41,935
189,883
45,798
146,952
178,762
71,497
46,727
99,138
139,512
181,566
34,685
125,271
36,214
41,405
74,215
194,450
52,761
18,339
59,127
122,993
121,968
4,816
66,483
121,909
61,600
192,859
153,36
139,627
56,113
69,937
185,592
47,632
15,793
192,895
143,194
8,468
101,149
56,834
64,3
54,405
112,779
119,102
133,819
88,669
97,574
187,144
21,567
180,156
128,342
66,989
101,278
154,377
3,826
5,594
43,230
52,899
55,341
160,956
21,8
121,488
58,96
98,831
81,456
162,810
152,420
103,917
186,835
131,419
120,327
66,379
144,359
79,369
177,313
101,324
83,421
103,85
195,481
29,219
75,683
189,619
35,297
159,712
3,834
129,870
132,82
53,388
188,181
142,660
109,911
85,460
22,924
151,173
100,756
173,337
35,100
194,318
92,957
25,221
35,449
19,281
91,192
54,107
97,714
159,665
109,470
127,42
121,729
62,692
126,589
84,556
81,678
149,521
93,697
175,977
86,268
197,285
95,720
66,202
98,656
143,131
181,719
76,463
86,752
131,564
88,225
43,817
108,769
15,992
87,834
102,122
152,695
49,35
13,881
75,800
14,536
100,922
84,508
6,515
27,365
185,690
197,936
125,418
3,163
6,370
141,140
133,746
31,852
83,391
139,694
100,321
151,934
6,132
198,810
161,686
170,501
71,512
128,907
200,699
50,27
177,321
3,919
120,646
183,901
20,379
175,559
120,847
13,760
166,1000
155,91
147,95
16,183
20,586
22,87
150,271
152,271
68,821
166,494
136,160
123,204
181,417
131,642
11,401
28,421
155,971
169,760
85,951
187,769
47,289
108,702
174,238
15,107
41,809
192,948
71,398
181,407
144,785
120,371
141,483
37,991
30,661
117,552
163,604
40,134
143,968
141,878
48,204
43,783
10,348
146,968
2,948
172,371
49,554
98,629
86,126
182,76
197,559
157,612
70,3
173,861
190,256
189,57
46,125
193,53
149,198
183,880
168,820
154,52
129,675
15,81
13,848
174,200
117,197
58,883
107,821
46,513
182,265
53,689
148,377
154,452
117,3
148,665
120,705
148,622
75,85
3,817
97,424
63,889
95,856
33,418
66,284
193,314
179,748
145,209
114,63
178,340
56,993
173,835
116,550
169,53
90,976
78,557
68,465
10,602
152,824
172,153
16,685
132,312
33,71
173,716
22,521
3,289
68,199
81,929
107,541
187,23
46,428
31,293
160,51
64,376
100,456
105,778
65,419
62,673
58,180
87,956
39,167
177,971
79,468
11,340
145,823
20,636
14,981
158,223
105,953
45,152
84,326
183,285
18,984
86,659
170,363
5,490
95,145
95,403
166,513
109,800
58,925
119,377
86,916
134,928
194,912
30,154
19,781
50,888
67,217
147,122
75,506
57,737
31,246
59,385
32,742
90,179
37,593
163,176
23,554
96,817
153,569
191,548
197,506
4,133
108,831
53,242
48,213
37,899
107,9
74,717
109,555
163,950
123,818
134,149
16,733
109,76
65,12
102,549
32,693
140,53
8,640
177,971
33,493
48,372
126,290
136,784
118,304
87,924
170,675
191,698
137,765
67,98
70,954
162,469
122,278
54,854
28,873
70,132
26,619
178,924
37,501
195,87
140,645
47,39
148,472
23,711
45,922
171,495
193,141
54,974
139,801
173,455
31,630
131,599
143,584
129,20
101,878
56,789
180,776
116,455
140,450
78,515
122,972
143,404
150,795
103,240
59,701
145,750
70,425
96,855
125,155
110,696
190,834
137,24
102,417
15,787
175,70
15,38
32,726
16,746
162,612
38,117
101,873
109,852
53,525
157,913
7,889
29,841
155,820
47,999
126,679
115,721
67,514
87,458
10,41
15,764
42,303
175,99
121,450
128,531
35,339
139,618
124,788
84,574
123,184
147,325
54,682
74,244
101,477
118,382
80,750
135,675
111,999
18,892
63,64
23,58
4,360
140,630
24,770
136,571
8,466
67,552
74,837
71,608
39,505
149,702
33,680
34,281
133,505
35,30
126,211
69,977
162,494
122,785
21,342
95,579
59,462
45,572
100,505
82,699
175,898
143,790
35,794
197,578
108,652
184,63
5,888
97,649
102,896
108,685
135,943
115,435
36,301
65,729
21,734
59,506
31,508
159,397
167,385
15,380
103,697
139,121
33,247
165,435
166,885
86,310
127,2
164,496
105,444
61,330
87,508
88,222
85,860
40,54
54,747
154,369
75,181
87,449
2,296
7,856
103,743
22,764
132,753
34,449
27,464
75,755
108,588
200,420
36,48
135,803
86,34
152,161
80,307
119,843
109,200
154,464
84,161
152,268
124,236
76,377
123,485
115,151
87,91
44,544
8,950
131,504
175,438
185,908
60,419
108,240
103,723
193,783
107,311
200,173
80,919
96,900
128,851
41,885
188,915
99,422
33,719
4,105
169,995
46,479
105,946
186,523
94,926
62,940
92,312
98,471
131,36
120,918
163,492
67,397
78,947
152,937
126,176
134,79
199,611
199,355
150,976
147,109
118,766
147,275
88,638
127,111
121,55
176,774
152,77
141,893
199,496
73,113
165,502
172,226
122,970
143,238
49,434
36,154
2,824
116,442
157,679
85,69
4,383
9,424
174,254
38,559
13,135
25,793
91,350
145,351
2,341
158,602
47,406
37,359
72,354
152,972
9,780
4,86
8,521
185,705
173,401
8,248
139,426
88,471
90,397
105,42
193,462
73,880
160,454
87,644
45,149
51,462
103,316
61,450
13,224
133,332
32,357
191,465
64,601
24,889
194,144
139,558
152,605
42,750
154,955
126,44
132,664
200,485
198,999
16,888
42,542
41,295
106,102
172,56
159,44
47,9
58,453
132,951
42,155
14,65
142,152
40,252
131,863
200,525
66,629
172,472
69,823
163,788
144,213
6,70
4,572
116,751
182,675
21,150
141,423
89,46
191,536
141,576
183,600
151,874
13,98
70,834
176,466
125,315
181,970
103,45
15,365
107,23
185,761
45,853
68,174
75,854
146,746
47,888
59,270
180,793
19,215
119,135
171,329
29,918
74,812
6,632
50,854
49,999
97,893
111,23
74,515
174,439
34,967
67,170
196,209
117,990
72,422
20,448
77,599
73,752
133,504
99,291
189,17
78,378
136,112
76,824
95,530
117,814
6,973
115,817
67,510
29,187
177,276
181,628
152,94
169,584
21,438
89,909
196,507
27,179
80,788
93,301
13,949
167,801
88,525
136,901
167,231
41,348
113,802
192,230
140,920
70,184
187,852
131,766
190,730
18,825
133,250
42,984
49,363
106,183
73,872
187,26
87,737
169,88
96,606
101,733
10,939
101,836
94,304
112,151
196,995
55,108
186,532
65,998
95,722
107,760
100,207
162,359
169,401
147,758
53,428
134,235
123,659
161,187
110,860
137,685
101,383
183,753
4,802
114,76
47,765
82,531
142,800
48,151
31,643
27,414
24,313
195,912
179,34
176,378
89,194
177,249
145,782
71,716
164,459
69,867
63,963
117,769
171,832
22,472
179,872
150,422
25,826
68,628
27,782
155,381
29,647
146,201
31,576
134,657
124,983
74,536
21,987
45,898
3,717
129,320
60,175
108,495
2,783
145,690
101,351
35,737
71,342
166,632
77,452
73,985
178,407
103,176
164,961
128,486
114,322
172,142
85,204
96,391
158,672
75,227
62,46
152,192
171,223
132,23
103,375
105,749
200,173
166,61
171,855
124,620
22,681
45,686
100,456
141,833
8,70
91,768
45,578
80,274
68,46
59,930
55,52
104,437
137,465
154,475
153,8
78,566
153,615
126,664
39,63
19,31
46,482
86,96
68,167
63,733
136,292
51,222
50,203
114,769
178,687
184,555
69,321
81,402
40,234
149,376
70,747
34,285
40,371
44,828
34,439
167,50
161,17
7,146
69,946
75,210
117,780
45,326
191,884
136,587
152,686
1,323
110,431
12,521
43,647
156,188
200,885
40,800
49,784
120,760
3,473
54,542
94,373
155,577
124,70
44,950
176,65
71,331
106,921
149,591
78,431
198,678
56,586
138,646
65,894
80,680
158,2
65,712
151,208
163,59
116,359
4,463
19,16
195,639
90,170
109,245
31,602
175,65
29,243
151,911
79,56
79,765
111,603
62,394
60,852
127,172
122,803
26,491
107,829
134,55
26,751
86,476
35,724
76,375
162,868
21,629
77,546
67,293
187,440
16,536
181,553
194,76
159,415
182,416
87,106
152,857
35,510
158,747
43,389
26,592
110,435
176,357
123,119
46,88
187,429
117,351
39,472
127,833
118,137
140,380
16,376
130,461
41,237
109,522
58,437
188,59
102,573
178,150
10,814
147,709
174,438
132,851
146,802
109,131
112,679
172,960
72,235
95,136
88,883
95,742
54,824
90,32
129,730
22,722
136,463
98,140
119,988
55,292
110,750
191,877
181,766
173,992
195,883
153,700
145,184
103,628
128,797
35,968
94,544
15,998
200,6
45,645
87,215
23,732
195,908
141,931
124,238
193,99
196,442
101,387
170,105
118,312
195,501
164,707
170,543
58,604
111,562
120,393
167,82
160,815
116,869
147,854
38,399
21,375
168,716
55,445
2,664
136,386
34,141
111,122
198,14
161,657
48,587
157,683
43,879
2,702
38,931
68,423
144,394
44,106
31,943
197,971
155,818
3,904
34,931
133,196
130,646
87,751
105,439
56,644
37,726
90,566
82,800
191,168
38,905
21,362
17,674
171,873
166,186
73,884
71,179
106,115
167,892
75,637
81,488
84,448
157,987
24,76
32,182
61,148
182,674
32,144
149,920
140,768
161,687
41,182
183,616
168,937
177,739
30,188
190,950
5,104
191,454
19,887
6,957
173,559
156,621
134,304
101,967
60,298
6,530
85,166
147,773
133,50
31,874
178,264
49,183
104,284
190,801
26,284
137,344
107,701
196,318
58,641
8,667
162,724
12,98
193,258
105,337
65,802
159,955
28,807
43,487
127,708
102,678
86,910
141,618
132,513
182,580
20,639
142,94
37,709
166,460
94,492
85,509
163,599
162,521
83,637
109,960
149,438
129,927
33,157
123,324
117,548
12,480
183,647
79,98
38,753
51,564
16,870
57,585
45,277
198,169
182,787
93,267
14,585
191,706
169,47
117,415
68,333
189,293
157,565
152,263
178,361
147,584
136,117
24,151
6,360
113,696
169,89
73,964
144,395
86,202
142,215
145,807
11,214
10,277
52,435
188,477
168,159
7,534
37,557
53,937
29,483
90,720
179,657
129,346
138,108
176,221
3,524
175,11
8,939
12,415
64,868
28,773
122,740
32,497
135,814
7,460
69,154
128,769
160,918
178,724
15,681
163,283
176,745
121,262
86,222
53,86
66,446
90,414
37,967
149,799
79,100
116,343
148,226
156,239
27,722
139,313
199,588
142,944
118,672
106,333
153,105
44,462
147,72
189,842
169,919
1,85
190,330
178,156
186,531
40,404
172,673
169,279
130,192
180,736
57,330
45,613
49,594
33,762
14,481
59,993
71,574
6,966
150,723
44,406
137,284
30,829
154,532
35,251
154,438
176,863
182,287
68,622
155,970
43,956
81,563
61,638
136,424
175,116
67,135
44,922
145,480
156,21
168,906
196,237
103,206
131,295
106,112
5,908
108,159
136,126
146,9
75,883
141,26
72,791
99,915
1,540
149,309
12,382
34,339
44,105
130,474
62,587
127,530
156,660
8,912
176,249
196,406
86,387
85,393
176,877
100,217
88,801
48,467
77,310
49,517
177,73
29,721
171,491
50,945
129,937
18,613
90,363
162,801
91,143
103,696
1,501
187,785
151,770
16,851
119,507
130,173
114,624
68,213
43,429
92,935
33,403
37,788
75,530
191,596
146,236
164,459
139,194
132,753
145,770
87,161
124,339
96,404
141,889
110,759
172,753
103,691
70,95
46,828
24,577
102,100
5,903
200,566
126,130
78,784
81,996
39,814
31,788
191,923
48,236
80,494
105,554
186,317
43,590
78,324
174,44
29,806
18,71
170,629
118,291
36,247
179,714
129,791
24,177
31,872
146,585
142,408
133,499
146,694
194,204
200,29
106,467
185,298
84,397
65,144
72,161
155,319
27,452
90,356
189,358
102,613
106,164
147,329
31,563
139,307
102,636
5,928
126,920
94,12
24,493
120,798
185,754
98,209
6,705
84,318
169,521
110,951
103,391
38,904
175,573
106,585
16,438
32,865
26,567
101,645
113,930
193,755
1,126
14,203
82,435
188,614
64,37
120,473
13,300
191,563
160,496
143,525
38,321
196,135
101,195
60,160
64,861
95,846
40,434
36,466
152,279
183,673
165,140
165,665
112,225
4,376
89,517
128,729
157,417
122,713
22,217
90,564
161,209
35,503
132,615
68,809
18,59
76,950
131,365
105,452
14,996
82,947
87,524
89,830
80,475
144,445
30,900
168,195
2,115
15,967
73,250
189,210
35,952
128,678
56,311
141,33
149,731
100,80
192,48
87,697
8,380
91,944
78,134
154,178
102,975
171,964
111,1000
178,970
130,548
29,800
187,699
113,376
130,65
66,14
117,766
199,951
80,750
74,260
19,781
22,980
158,646
40,712
109,33
86,376
168,848
187,70
195,834
146,228
87,353
145,545
84,999
13,261
113,756
121,544
95,801
59,548
49,14
50,469
173,346
180,832
143,596
38,224
56,891
32,662
34,116
96,936
113,858
22,7
76,496
127,273
149,782
194,780
39,728
7,707
30,575
43,991
198,414
40,91
176,722
84,71
158,814
148,954
106,371
99,370
51,756
154,827
130,163
128,976
174,383
73,434
61,589
66,132
184,146
123,679
45,879
64,410
19,365
9,356
47,547
45,768
6,291
103,217
168,140
127,634
104,230
169,469
24,704
183,879
76,356
141,868
31,800
112,365
144,589
24,869
119,598
52,350
197,510
88,377
113,175
159,822
104,690
97,123
13,989
8,82
91,362
13,331
168,972
98,228
67,550
183,952
48,438
27,221
154,688
72,16
91,972
185,749
57,144
79,22
169,745
166,7
24,235
34,29
189,950
140,222
181,183
114,969
37,978
131,984
30,833
44,647
116,630
56,822
11,581
52,870
78,368
54,492
87,771
35,624
170,593
98,93
143,203
8,544
77,302
62,510
94,832
32,695
93,465
35,717
139,905
57,865
48,533
182,306
199,141
17,466
73,31
121,221
2,464
110,530
169,849
5,707
112,114
109,772
56,248
88,378
189,81
130,899
16,143
159,249
156,203
43,192
192,177
23,225
98,722
123,698
167,379
13,995
89,924
195,669
83,882
40,818
87,645
196,71
61,446
195,552
61,721
91,514
178,681
54,430
129,37
18,856
95,587
9,623
82,348
169,225
65,677
161,308
28,121
32,692
164,348
176,891
104,559
166,237
26,808
36,355
175,607
141,979
29,740
24,240
117,495
33,7
66,829
93,361
2,599
84,117
91,902
159,770
63,57
165,501
116,639
156,669
59,579
178,802
186,322
71,797
6,672
18,979
67,903
12,705
134,197
18,721
34,187
146,803
159,662
58,194
50,473
7,702
88,934
88,294
65,609
158,680
151,916
111,734
151,176
158,451
191,909
4,766
160,301
151,196
120,352
111,183
66,214
17,171
148,76
181,413
15,997
122,235
44,716
47,375
32,506
75,87
71,605
117,282
51,428
31,893
184,398
161,869
70,413
83,495
124,553
65,682
13,597
83,379
22,976
10,408
105,842
10,946
63,450
175,83
89,45
139,36
169,432
6,86
88,200
124,802
50,602
120,524
42,815
51,958
122,501
152,384
120,714
38,546
151,221
150,513
192,297
80,488
143,712
40,378
94,401
114,664
48,882
34,447
139,859
91,922
155,754
70,633
159,558
194,174
109,460
105,521
66,397
135,397
138,831
81,149
85,22
141,613
192,65
104,38
185,928
25,267
199,933
34,872
160,656
182,628
80,589
135,975
35,341
141,115
111,297
38,45
126,97
172,53
21,65
17,818
81,780
10,107
69,896
60,939
126,471
82,261
38,547
191,116
118,832
187,935
72,667
29,459
167,788
112,695
184,911
13,392
121,588
156,577
62,942
26,671
22,370
171,325
147,368
85,36
41,784
12,838
38,679
194,667
192,799
189,368
154,624
6,443
154,38
44,296
151,74
21,188
137,610
183,72
137,805
196,836
99,563
9,172
90,46
50,285
179,481
130,941
7,69
27,571
89,92
161,88
150,37
44,245
92,523
45,463
192,5
151,66
94,404
47,232
110,29
111,315
106,45
151,779
18,229
182,40
48,629
102,356
90,909
63,550
184,413
128,219
56,939
59,769
30,122
128,405
164,956
112,694
190,779
69,408
123,41
97,684
108,468
167,620
107,625
63,675
85,463
180,23
97,538
189,25
151,38
36,751
119,953
10,620
134,836
127,337
114,193
193,874
163,943
198,249
96,709
55,634
58,296
75,526
167,628
20,395
24,813
124,62
179,499
4,996
158,584
140,401
148,632
51,378
56,937
116,527
39,859
116,609
134,595
42,258
189,357
67,975
139,624
142,608
160,208
147,560
112,104
196,185
11,48
128,25
95,998
153,562
105,53
83,112
57,457
16,753
86,153
1,35
92,493
190,986
48,683
37,934
75,696
159,184
73,940
9,154
129,337
67,269
39,105
191,625
166,233
180,174
127,54
181,314
159,369
162,576
83,186
105,639
128,972
88,224
127,995
39,922
94,815
197,195
101,567
1,938
193,249
63,552
35,579
93,981
198,292
62,852
182,702
115,573
19,320
21,706
1,747
125,474
139,538
176,515
175,47
50,53
28,363
184,723
129,713
147,468
180,773
149,746
100,525
180,982
140,624
158,875
93,309
165,972
13,107
143,352
181,388
60,923
18,752
132,777
86,454
138,563
158,50
153,387
151,859
24,782
47,969
51,953
161,523
151,46
18,48
71,688
86,27
186,418
122,929
35,82
56,72
154,351
55,894
132,53
165,171
27,824
11,229
13,723
70,875
116,689
77,824
168,972
183,228
66,170
151,66
77,887
85,934
81,715
59,885
95,525
4,383
34,190
107,596
10,31
146,495
147,345
122,870
154,45
106,480
105,374
41,299
179,895
111,601
190,501
59,656
89,959
187,126
17,485
41,748
76,455
2,78
153,443
132,355
91,932
45,718
36,516
81,438
154,716
200,208
155,768
152,966
20,466
75,885
183,400
102,267
98,667
38,992
139,430
64,705
140,132
9,187
90,183
176,713
139,564
169,843
97,877
34,786
56,857
191,902
158,43
151,918
185,177
190,848
107,722
152,888
98,900
127,235
89,143
162,335
156,327
118,373
70,296
136,507
33,598
94,870
10,417
197,186
134,749
69,854
182,473
173,491
31,16
182,626
113,189
108,693
5,528
17,144
20,312
125,27
10,496
141,534
197,490
2,379
179,409
51,883
186,81
160,309
174,54
34,548
69,786
184,500
17,213
26,381
153,152
9,227
87,428
84,237
159,903
155,309
124,97
16,806
195,929
182,492
62,959
127,296
44,467
15,428
77,761
51,10
186,788
164,258
102,245
129,928
67,276
99,655
75,746
70,132
15,529
70,639
119,637
110,844
15,364
74,308
127,308
88,415
115,204
16,430
63,328
154,193
66,225
35,559
144,903
114,117
192,54
95,684
142,421
68,529
182,558
155,989
76,455
46,171
184,360
97,813
93,494
122,323
2,722
72,940
123,167
37,607
57,163
93,678
84,899
89,488
8,655
188,203
65,787
136,586
68,273
1,668
125,268
141,310
149,719
51,866
95,616
49,281
33,12
105,800
180,991
6,489
137,838
57,754
52,379
23,421
73,175
198,964
198,343
80,953
167,817
139,153
122,314
157,686
44,96
200,680
18,850
66,122
152,179
149,428
21,708
72,813
133,110
89,983
64,651
194,112
10,666
49,760
155,140
112,376
130,760
182,571
100,755
98,61
1,88
11,534
86,321
147,639
101,84
9,305
70,487
75,765
115,385
130,483
177,504
112,84
77,92
99,985
130,217
111,145
57,110
182,574
146,778
24,926
47,47
135,199
37,408
193,135
84,730
5,709
60,158
167,698
150,395
155,410
137,923
96,111
166,1
113,169
121,106
47,554
156,829
30,719
149,525
100,222
190,425
56,428
151,92
194,269
23,126
58,91
29,377
174,997
93,40
102,193
21,972
85,968
125,224
30,663
163,154
102,225
20,581
50,24
132,919
188,629
110,588
54,693
113,191
95,893
115,609
15,2
14,525
77,480
158,12
89,698
58,618
132,537
186,708
190,947
186,30
114,865
121,623
199,446
83,596
38,951
159,356
152,277
79,5
130,889
124,354
124,350
161,62
93,3
124,992
119,76
85,722
92,184
15,566
15,327
164,564
25,845
8,62
160,523
90,730
7,827
90,114
32,76
89,785
62,634
2,298
158,366
51,456
41,229
65,750
137,818
10,207
58,762
49,528
194,741
107,520
126,380
93,452
153,12
188,425
152,343
88,991
167,882
164,602
137,828
136,921
6,713
13,147
42,424
172,793
131,807
112,953
30,378
148,462
51,422
115,37
105,968
100,851
14,619
147,694
97,693
60,135
60,305
161,400
30,990
30,614
172,209
56,405
128,687
83,316
171,177
74,195
143,97
190,951
198,250
187,649
109,853
12,524
81,26
30,349
85,719
92,40
106,986
89,209
103,608
182,158
192,52
99,599
141,63
139,317
81,364
79,739
33,51
177,545
155,610
48,169
9,39
141,625
77,996
168,235
78,962
19,956
78,618
6,572
122,812
57,587
133,125
192,645
156,458
148,86
184,704
105,327
188,564
147,604
43,200
102,223
118,761
26,431
84,299
27,764
150,197
178,357
57,644
88,326
30,447
146,195
19,553
72,162
188,260
71,856
130,697
122,83
153,82
13,251
34,222
26,149
49,861
159,131
116,222
87,75
128,48
141,6
102,588
83,401
188,69
195,120
40,418
8,551
185,329
41,471
28,481
125,75
41,578
38,204
54,482
11,181
168,315
36,644
156,419
40,283
54,631
19,159
125,537
170,640
166,562
12,8
112,531
56,373
172,411
70,464
68,48
140,801
41,100
64,631
49,766
48,585
64,522
140,27
184,13
167,407
132,551
71,357
89,522
33,343
136,255
57,524
156,484
51,520
148,533
142,642
100,957
90,535
187,481
136,200
64,93
84,620
37,403
131,567
16,871
21,101
133,438
48,216
21,747
34,54
35,151
144,174
50,638
95,995
59,377
80,239
51,861
41,13
24,17
59,6
135,265
120,437
25,809
65,761
117,116
25,434
157,815
133,607
169,614
172,793
49,173
172,250
121,716
147,118
21,541
46,980
52,709
185,80
86,364
38,412
55,118
112,538
136,63
118,50
194,397
90,807
114,730
191,232
5,283
196,862
77,446
113,654
89,498
25,524
71,242
97,339
127,568
36,890
86,990
16,502
11,289
43,231
173,671
117,326
119,206
118,821
13,887
36,54
121,739
120,106
58,698
1,691
189,143
96,290
159,362
80,433
198,768
106,640
98,636
124,488
74,567
103,530
140,34
124,559
193,505
67,804
113,426
170,99
168,874
167,836
177,393
89,546
170,356
5,737
106,809
2,439
94,694
85,339
19,902
102,360
42,222
167,204
162,728
32,98
42,980
193,458
14,806
99,26
81,883
193,185
190,18
143,370
111,855
150,674
145,678
25,295
29,514
174,9
199,119
124,581
190,394
101,966
154,662
48,318
54,653
49,107
176,586
52,457
52,483
46,111
36,588
87,971
178,687
19,137
16,133
197,568
161,883
116,804
184,951
131,753
32,685
128,56
13,16
76,207
50,343
93,217
100,933
120,774
97,90
151,841
188,262
104,651
106,78
6,643
123,70
11,958
150,314
23,264
84,598
159,400
82,431
101,209
7,476
99,585
11,339
102,740
33,269
189,791
137,25
6,779
55,173
74,300
109,6
7,697
28,291
47,865
174,904
105,941
102,600
167,126
57,427
95,23
148,760
123,850
145,971
92,869
148,820
24,588
49,134
5,849
82,496
190,40
137,168
148,340
79,150
88,269
37,931
148,865
46,226
145,476
9,974
126,188
77,74
199,20
86,485
28,339
53,785
136,874
23,906
137,109
169,836
174,308
38,188
169,446
47,739
76,565
42,624
194,194
100,533
153,212
190,744
175,131
88,655
64,188
119,863
140,475
178,112
52,543
106,895
105,191
56,628
13,57
73,741
198,193
70,753
105,592
81,441
103,405
70,688
35,632
172,850
72,370
121,429
87,448
45,950
143,564
106,92
47,467
27,503
176,836
166,39
74,489
29,659
71,291
97,41
153,588
23,511
156,486
184,407
173,369
187,483
13,608
189,527
28,694
110,632
199,390
72,933
104,522
144,938
35,695
75,748
53,820
133,136
171,780
40,320
127,628
80,613
169,57
140,150
107,500
5,11
103,847
133,992
194,713
163,121
111,751
108,13
113,41
18,371
28,541
176,106
3,675
120,947
144,878
81,230
195,953
55,572
120,894
60,640
160,666
110,585
170,977
196,368
46,114
179,188
23,590
149,171
195,212
110,193
82,234
161,950
29,598
12,696
121,671
35,42
118,298
3,396
139,593
59,390
88,314
21,372
117,343
60,822
67,708
194,17
14,569
47,835
200,992
124,929
62,920
79,440
189,971
140,637
183,406
113,26
20,329
41,926
121,975
108,169
83,194
30,126
156,530
75,302
117,294
174,98
1,930
179,369
89,629
146,566
84,91
84,230
17,476
91,53
91,986
86,423
28,247
199,206
137,336
22,599
41,642
193,770
24,399
42,436
190,763
37,916
157,126
51,864
33,896
107,613
52,816
97,440
46,129
184,554
103,686
127,63
44,637
108,455
199,683
132,301
146,571
142,6
86,418
169,437
49,579
10,310
57,385
121,918
27,76
23,520
99,484
145,286
143,290
53,702
153,438
188,922
178,408
105,596
195,156
127,700
34,308
45,969
79,98
103,455
200,82
38,364
135,826
111,651
165,565
109,408
120,384
134,388
16,163
166,742
85,714
83,938
162,388
4,146
100,458
150,918
99,662
152,381
130,556
26,309
95,307
7,270
16,380
182,381
90,765
120,937
80,509
100,846
130,806
92,831
92,188
62,950
65,554
189,121
79,716
128,708
42,314
18,576
172,587
24,293
36,560
66,962
48,2
59,966
7,234
141,188
124,164
90,624
14,517
106,352
76,925
162,592
97,698
70,354
107,884
62,714
100,144
172,764
131,402
34,560
43,16
28,230
103,507
31,701
51,510
11,605
13,323
48,489
29,293
79,552
142,318
68,337
4,516
76,97
107,623
179,529
17,333
87,322
140,271
172,152
124,717
108,873
111,77
136,150
129,406
19,959
83,928
120,507
113,630
89,349
50,626
122,251
49,343
102,390
59,926
147,776
155,378
58,526
93,997
196,324
32,95
186,804
162,172
133,446
186,790
86,90
97,109
3,876
50,319
185,386
126,123
128,638
154,73
55,883
125,428
7,404
43,724
61,272
29,532
21,998
171,67
40,549
43,808
126,375
174,740
194,573
146,807
8,424
146,307
55,340
165,94
40,184
18,886
105,137
181,230
99,592
32,575
68,811
178,711
164,806
55,727
170,245
16,977
59,300
76,13
121,603
81,919
67,829
171,676
58,547
17,778
87,421
66,193
33,178
33,186
19,796
169,423
187,83
55,674
191,900
71,515
193,922
191,688
105,995
145,591
31,951
33,706
26,47
35,442
90,257
143,875
64,586
100,773
185,517
169,551
75,70
67,438
4,974
123,37
199,926
12,248
34,209
148,740
162,671
155,857
123,777
163,340
81,60
40,374
63,833
143,510
159,759
75,241
8,427
59,489
77,88
91,675
22,953
44,147
8,456
141,750
55,499
28,880
117,734
101,322
133,314
75,397
4,256
13,72
96,757
125,917
3,413
55,692
54,114
30,692
72,77
127,38
65,857
89,245
81,189
9,988
118,510
52,363
110,57
149,700
89,711
13,116
136,429
33,902
63,142
65,531
157,554
143,703
79,646
187,778
69,877
81,563
119,624
21,815
10,70
1,900
5,162
190,927
136,99
100,216
133,130
166,18
178,373
136,449
195,631
158,735
143,211
13,732
108,610
189,650
8,49
88,790
171,53
192,674
66,59
2,179
96,814
116,627
70,667
67,81
21,463
192,786
109,82
60,400
181,879
77,43
18,777
134,732
106,695
103,662
30,88
51,132
54,793
178,891
192,770
30,176
161,714
87,141
194,981
191,104
137,574
125,638
78,178
5,584
97,612
58,12
168,710
51,134
108,93
77,228
198,905
141,199
183,81
135,986
66,36
117,33
17,651
55,222
192,246
150,74
37,125
46,464
196,850
95,932
70,245
188,447
173,479
107,94
175,981
159,154
22,817
174,263
17,904
78,703
148,170
21,249
82,441
21,217
79,402
193,824
145,851
127,895
132,218
120,866
185,846
159,112
177,18
16,190
40,818
200,803
43,485
150,347
160,725
50,687
34,810
102,782
145,416
139,715
43,243
29,224
134,813
129,903
16,23
149,6
129,65
95,384
48,459
180,170
97,373
13,124
198,478
77,218
73,248
45,966
35,988
139,217
43,448
92,854
26,903
79,446
55,391
131,196
124,93
43,957
143,259
130,555
78,783
89,276
141,137
81,751
101,138
10,181
162,58
194,533
19,440
137,660
194,181
135,655
51,630
89,992
19,642
111,828
34,302
182,626
2,207
170,602
197,901
152,896
166,691
77,124
123,788
182,824
121,730
184,827
103,769
164,235
126,440
158,17
90,999
129,660
79,395
191,925
147,895
149,608
64,610
73,643
91,456
82,597
17,799
71,132
162,183
195,675
102,35
60,265
170,321
147,298
66,866
186,973
198,795
25,673
62,456
97,161
112,497
19,203
35,834
83,630
89,643
41,940
1,737
191,358
81,737
185,520
45,751
87,527
94,285
77,753
46,957
165,885
129,718
199,385
23,828
181,159
101,860
46,551
181,416
86,934
104,994
87,250
108,856
155,630
128,833
88,294
118,320
130,232
92,386
142,657
95,996
157,396
65,370
170,465
82,885
59,826
127,745
98,715
138,100
10,957
40,48
197,325
43,801
148,24
73,813
119,377
198,481
48,528
169,370
15,632
84,497
21,81
175,116
119,359
7,568
54,530
39,579
182,330
155,280
115,224
104,790
200,545
139,576
123,152
95,396
12,739
108,982
35,613
192,306
150,943
97,819
7,155
25,739
46,876
83,567
127,277
15,68
52,188
31,486
32,466
131,730
76,404
82,656
34,157
125,676
68,765
11,172
41,234
88,631
92,611
137,242
8,706
10,767
195,336
34,570
166,855
2,74
41,577
112,510
77,363
87,642
111,535
170,859
158,631
63,153
71,476
76,141
174,772
142,497
98,553
114,297
65,153
70,720
53,617
94,806
73,917
135,418
159,568
113,60
162,921
81,922
53,96
140,953
112,267
102,212
77,510
75,266
200,774
180,664
51,675
184,221
172,173
131,165
57,279
111,533
17,567
74,41
179,502
110,101
43,420
114,540
139,295
166,956
137,966
48,147
173,754
52,597
87,181
47,706
53,320
192,391
94,309
98,454
127,104
21,278
174,267
88,549
180,890
37,548
73,912
129,922
154,949
189,585
8,664
197,571
196,536
167,376
67,608
144,767
183,909
47,154
195,990
58,579
114,488
106,896
196,426
114,636
66,634
160,366
101,639
6,794
119,819
125,376
15,356
105,509
92,930
86,703
113,985
141,622
47,579
149,305
62,959
99,805
163,782
181,493
70,292
185,777
149,386
128,894
129,550
122,402
54,720
2,228
100,534
196,297
178,315
92,383
98,905
9,245
151,783
176,736
158,554
178,346
66,928
38,582
171,342
43,74
140,886
186,628
132,888
4,471
49,614
94,596
177,754
160,589
88,946
55,692
46,65
191,13
8,184
114,183
104,616
23,663
146,6
45,547
6,456
93,820
112,960
168,446
41,812
76,561
143,776
185,490
53,830
165,288
67,457
109,759
53,456
101,810
29,285
127,935
24,29
141,1000
12,319
135,678
181,12
135,189
88,641
13,340
114,214
89,104
168,267
78,857
198,650
151,482
73,829
137,657
2,92
161,870
195,917
155,720
138,522
72,189
126,420
13,59
71,139
171,40
139,94
176,514
93,428
56,533
48,498
3,923
179,509
63,965
155,851
132,711
82,278
134,205
53,16
87,155
80,372
36,150
159,600
99,346
47,262
83,292
151,364
176,888
187,806
145,573
18,997
66,453
171,722
13,148
102,665
92,94
123,67
27,946
89,564
42,966
3,559
159,665
37,886
57,912
186,138
58,103
141,711
114,739
41,373
60,636
147,108
65,848
36,193
125,256
29,148
173,531
172,73
118,360
180,436
26,373
56,311
132,157
115,384
123,435
176,811
199,161
178,504
101,743
93,273
101,391
157,20
117,563
191,607
81,688
135,785
65,446
70,45
60,796
75,56
118,620
143,186
104,406
171,280
17,880
80,852
17,307
184,99
178,120
172,918
28,780
115,68
191,924
159,228
39,702
48,524
102,496
44,597
192,187
6,560
96,222
127,522
65,428
117,144
84,233
82,420
18,896
178,333
29,609
97,202
141,673
84,724
167,473
75,263
9,159
139,589
161,145
103,28
127,89
117,296
96,723
130,667
15,123
139,728
97,718
197,465
119,440
95,654
3,361
169,276
72,10
16,216
67,930
66,792
42,299
124,999
56,841
24,213
170,742
169,722
52,197
128,837
128,295
191,90
102,371
138,366
69,867
31,874
188,224
47,930
54,923
33,822
95,384
23,421
60,568
90,344
64,811
50,889
36,183
199,524
193,115
138,749
172,131
97,941
20,16
169,63
82,674
61,770
149,776
89,914
167,767
59,714
75,220
3,307
37,61
149,970
132,372
97,433
68,522
152,438
120,231
69,295
149,948
189,720
64,216
16,431
132,287
157,17
112,616
117,464
200,574
138,882
14,311
72,82
182,94
100,73
51,283
149,515
113,615
100,870
170,42
49,417
34,142
54,338
89,940
24,570
89,634
41,608
87,617
41,167
80,11
170,540
69,782
8,168
78,249
84,990
138,36
198,78
174,198
190,806
131,981
93,7
164,386
161,915
72,140
106,654
163,486
98,556
95,96
174,220
155,348
91,943
139,879
94,510
97,926
181,246
118,944
196,699
137,309
187,227
178,737
94,228
112,603
151,660
116,756
58,524
165,670
20,686
129,33
125,736
184,511
125,244
27,568
169,232
136,673
63,668
136,708
43,874
95,891
178,297
14,449
124,288
170,555
46,29
40,59
183,687
161,700
85,700
119,583
179,158
184,206
100,756
179,535
142,823
138,359
144,927
122,401
122,232
82,871
119,387
84,806
135,672
2,472
129,715
65,833
84,76
126,753
23,24
153,272
23,942
106,454
37,242
116,850
66,966
76,816
98,403
39,102
178,127
136,399
23,822
1,615
192,575
148,884
178,41
149,22
23,409
172,388
21,514
169,764
38,925
139,720
160,54
128,499
197,575
8,258
33,662
86,312
109,747
44,591
133,493
53,154
200,87
39,184
83,610
161,658
13,220
2,642
107,900
148,676
103,97
121,137
51,16
66,656
16,481
100,113
171,875
185,264
61,443
79,681
43,17
3,825
183,498
155,238
73,94
53,67
185,225
130,788
5,469
170,192
13,371
145,902
122,595
118,706
189,370
68,734
96,756
29,129
182,328
180,353
27,438
43,1000
125,680
102,831
38,625
137,333
173,725
41,691
22,267
18,723
6,582
94,168
154,388
82,85
13,155
123,519
80,471
13,742
149,662
156,330
68,541
119,81
74,82
141,589
136,217
191,382
1,261
127,802
7,638
196,43
55,798
3,815
194,207
16,491
111,847
32,63
93,515
197,652
60,365
180,35
177,659
49,207
195,891
129,239
177,289
96,59
152,728
183,80
39,770
118,343
115,927
133,318
74,762
29,221
66,24
98,665
160,950
187,857
99,734
168,243
112,689
183,301
194,291
72,203
143,587
199,223
81,731
95,127
121,839
127,604
171,884
105,340
110,748
52,350
159,165
168,850
186,424
18,504
172,706
36,7
14,310
12,232
62,816
41,339
93,416
46,12
55,223
21,743
162,861
13,429
97,607
66,955
53,872
39,375
87,57
158,710
65,991
56,699
163,353
28,100
200,575
25,800
183,959
175,439
135,481
120,325
24,177
2,919
36,206
188,702
65,588
54,473
176,422
41,217
8,688
113,437
183,165
82,271
100,866
32,148
108,251
20,817
119,735
40,628
128,366
155,277
15,919
133,268
169,985
150,681
108,770
144,365
144,91
145,642
135,475
66,383
133,418
187,915
120,16
26,276
165,668
44,946
53,724
194,841
32,725
197,298
8,514
199,376
196,470
108,693
137,874
24,129
105,732
185,868
149,690
33,634
171,534
194,583
143,803
124,961
32,239
23,865
37,908
129,107
28,38
130,790
83,299
176,838
179,200
162,518
67,435
21,642
59,545
128,734
18,109
80,44
96,194
132,415
85,963
46,597
53,717
46,740
97,3
144,502
116,522
162,771
40,494
192,553
83,261
151,275
61,114
19,710
163,205
158,502
73,767
37,320
48,542
23,95
73,325
192,558
80,343
160,250
83,685
19,776
54,51
176,391
195,513
149,336
92,768
45,112
181,522
163,553
109,100
16,640
13,327
36,660
92,30
137,788
34,45
109,994
8,157
132,517
65,403
47,831
191,816
32,225
117,784
76,227
150,716
149,392
138,68
47,854
53,894
170,123
125,783
150,803
125,771
117,83
117,740
117,213
192,1
51,74
122,217
28,411
167,996
77,89
32,581
79,526
181,489
37,703
108,382
197,394
177,703
112,364
138,539
29,188
78,913
113,533
66,919
73,831
100,288
165,506
36,276
131,92
123,160
198,498
121,926
169,494
151,236
187,745
63,326
136,854
18,463
140,483
138,974
41,676
165,743
177,591
111,91
33,47
173,923
87,168
36,281
52,471
145,594
107,367
92,25
20,596
152,3
47,351
82,665
39,164
95,897
168,389
137,676
175,762
106,533
191,972
161,462
118,38
133,411
76,307
68,558
17,321
49,954
93,270
83,370
70,428
117,47
131,282
193,321
186,155
158,316
132,215
169,495
109,128
99,7
122,671
177,396
103,573
102,406
91,146
83,218
165,885
115,370
128,304
64,406
198,790
172,613
42,650
43,185
178,307
139,779
92,663
193,925
36,627
26,698
44,356
17,480
141,258
151,470
99,190
186,43
193,14
181,952
14,608
61,725
13,294
52,801
112,947
199,573
177,68
197,873
172,129
15,433
46,708
10,674
130,513
69,398
15,383
97,889
169,418
32,247
33,306
56,490
146,404
164,438
173,569
68,734
108,786
176,202
188,317
71,881
8,117
133,7
130,549
50,486
182,155
200,202
120,548
14,404
32,477
148,280
165,231
189,107
168,487
55,134
127,18
146,467
172,649
169,625
200,581
105,999
158,617
191,280
165,81
182,618
16,679
148,976
140,259
184,432
171,60
126,149
81,286
80,668
157,460
128,716
62,854
87,492
37,38
21,57
171,392
31,225
63,535
32,921
110,365
183,431
91,580
98,717
162,392
137,449
54,833
102,255
115,473
42,937
22,787
41,170
40,442
85,408
1,236
25,830
140,956
114,500
112,866
194,81
8,793
191,404
140,81
137,373
128,962
30,840
28,146
55,572
124,805
67,132
77,296
141,520
64,756
172,529
109,150
80,700
54,798
28,206
102,570
169,430
139,567
3,617
131,637
147,967
17,20
33,125
31,450
52,828
190,695
77,446
99,957
84,688
169,175
199,532
187,115
139,296
161,321
74,681
199,626
39,393
3,172
190,62
186,398
181,994
103,146
128,736
165,67
4,372
183,519
66,113
4,206
85,962
170,838
199,100
24,889
30,770
9,346
93,333
64,81
15,459
3,528
6,607
154,68
21,663
186,732
175,366
111,189
28,989
178,617
43,772
30,567
197,417
49,572
103,88
187,853
21,669
96,721
6,561
118,303
34,406
27,588
65,677
4,428
112,352
197,995
177,274
156,359
37,233
200,348
159,140
155,915
52,873
80,358
28,90
95,829
96,261
82,495
35,258
173,152
8,244
88,900
198,652
50,463
115,263
170,693
128,282
168,783
56,933
122,284
116,338
171,869
166,720
8,776
6,879
14,804
104,453
87,912
172,644
141,549
8,761
110,874
21,455
71,782
75,8
160,969
121,477
102,352
120,316
1,577
155,631
153,447
6,325
184,271
149,374
169,32
45,4
147,314
176,128
92,500
192,742
92,241
125,600
172,461
136,616
76,514
48,626
91,794
27,718
65,158
128,425
175,365
123,562
74,991
101,797
131,979
84,403
116,471
19,469
78,167
185,616
48,3
184,263
46,195
173,253
7,986
175,518
185,631
99,768
117,30
191,826
180,954
12,450
163,792
177,949
122,927
3,786
83,534
31,495
103,560
100,63
66,760
34,152
178,907
181,899
2,502
56,991
125,544
124,653
143,81
14,147
40,97
32,415
61,240
88,440
171,42
165,775
79,915
60,780
154,431
18,633
193,892
194,12
167,172
103,679
72,884
151,233
191,239
73,294
96,5
197,809
102,417
77,952
115,827
44,85
192,979
137,73
149,855
118,739
86,210
43,285
10,728
111,263
150,268
13,167
198,268
169,508
172,447
168,905
43,450
186,607
156,809
162,757
30,769
85,881
14,213
55,604
66,342
126,449
150,998
14,247
144,847
65,590
97,362
193,370
93,94
71,358
74,424
158,943
156,817
190,288
126,742
116,965
115,977
126,651
200,539
123,866
83,209
125,99
195,44
40,760
93,824
45,652
182,823
62,342
32,244
173,945
69,999
157,117
54,865
153,592
156,326
63,436
58,48
118,695
51,664
97,520
40,109
173,997
106,326
48,276
142,925
89,459
71,985
169,438
46,849
156,681
111,232
50,942
156,75
192,993
106,888
89,75
134,14
99,600
176,388
76,440
149,744
136,846
159,161
27,389
100,67
73,337
189,840
146,143
144,5
106,266
155,653
187,942
87,355
189,550
166,695
64,645
24,14
27,747
51,574
123,70
84,841
112,197
99,550
129,331
112,49
118,387
72,43
110,84
105,171
130,52
167,400
45,552
123,670
142,166
95,583
58,966
171,624
186,966
136,929
176,568
186,739
30,231
8,859
185,74
189,396
179,3
166,642
90,82
26,179
17,515
95,206
85,505
86,923
195,414
5,467
180,317
194,351
76,297
40,503
157,854
15,605
97,121
10,37
93,346
139,95
40,319
168,261
54,488
91,687
182,970
33,426
71,968
172,101
153,792
166,415
11,269
5,193
190,361
36,791
1,530
170,925
189,976
160,934
86,67
8,137
161,369
76,737
120,358
32,184
52,567
184,866
191,235
149,231
6,433
66,92
74,56
76,735
30,725
176,979
135,31
189,950
23,747
37,357
31,41
148,612
37,871
98,149
39,620
144,351
120,570
143,85
59,420
124,948
155,340
101,218
3,212
135,959
60,177
157,152
86,214
1,460
106,100
165,748
188,762
133,875
130,772
157,754
69,157
174,745
92,227
183,767
47,398
79,674
10,644
194,338
167,726
39,705
10,260
2,741
11,317
21,830
30,794
72,191
178,652
99,99
42,986
109,469
148,481
7,685
101,889
109,755
68,403
112,717
39,69
115,556
170,571
85,709
105,231
34,460
79,930
95,901
50,219
84,841
144,769
93,531
172,372
99,546
98,440
164,944
91,990
159,495
129,139
133,718
131,904
117,635
84,312
23,318
15,264
99,170
75,922
170,811
159,468
42,541
100,242
13,1
125,834
127,477
26,828
121,522
76,344
53,83
94,466
29,713
167,521
145,982
66,64
172,847
130,50
167,234
46,284
161,98
93,267
73,82
21,932
199,816
134,447
127,755
134,516
94,94
79,977
171,52
162,426
66,550
54,885
35,535
179,365
62,973
2,31
62,289
115,911
135,854
45,412
87,245
173,417
85,843
111,634
164,238
28,332
30,900
42,745
103,371
143,164
142,863
124,277
68,672
92,199
146,371
11,2
70,970
178,420
125,821
138,103
187,30
91,297
116,831
94,279
79,964
63,941
182,959
32,443
144,924
172,182
104,163
61,20
161,475
163,206
148,937
184,56
69,713
6,76
132,735
162,59
167,287
20,917
147,586
152,439
31,125
154,305
110,154
134,489
53,572
46,87
160,7
190,917
3,424
168,746
168,660
7,251
68,804
75,71
149,525
77,878
50,62
174,645
52,738
51,357
22,668
86,914
81,652
80,288
95,704
57,805
192,107
76,942
184,453
37,460
71,119
36,201
120,561
37,798
82,152
191,632
174,557
103,199
16,756
57,629
159,356
180,370
118,775
87,323
78,121
89,111
171,357
111,529
154,590
111,433
12,961
117,772
13,526
114,361
148,189
139,951
199,686
171,90
169,28
152,138
135,53
185,513
200,757
183,703
151,836
72,507
38,596
89,178
82,558
146,761
150,401
200,718
144,267
146,340
47,725
116,512
180,668
168,635
179,923
102,642
194,710
73,816
142,459
102,455
145,667
76,641
161,205
70,361
86,965
58,932
98,178
160,481
61,295
61,661
114,18
19,5
108,453
91,919
147,709
164,5
100,629
50,642
35,464
42,988
69,311
92,83
99,722
169,432
70,10
61,936
113,867
73,200
172,781
44,129
32,685
12,705
92,563
168,202
170,136
91,373
24,590
156,36
179,622
40,883
168,114
81,284
181,8
74,602
164,902
32,164
110,75
121,208
110,935
183,731
21,69
30,914
175,511
159,208
151,946
97,906
156,136
81,409
124,514
158,532
187,805
174,388
57,463
165,58
51,370
172,744
183,680
182,654
102,786
36,615
29,786
187,934
112,194
46,844
185,247
155,344
53,200
51,163
156,301
9,453
82,820
120,763
83,652
128,128
126,161
86,630
149,53
6,963
127,408
97,141
164,119
129,199
6,361
37,707
87,967
65,766
182,772
155,750
142,22
60,370
187,565
31,440
24,564
176,180
187,272
135,924
155,885
110,972
12,357
69,73
175,965
74,748
156,293
140,31
107,301
6,375
55,485
115,445
78,616
30,889
130,482
177,91
151,611
148,108
87,1000
158,806
183,107
75,954
14,113
199,809
35,387
188,131
126,334
172,350
20,209
143,734
138,43
80,674
135,123
161,960
44,367
48,532
11,826
82,341
110,468
128,442
171,623
86,524
177,845
115,44
73,97
105,8
45,478
36,695
106,133
90,699
129,495
179,911
94,694
170,201
178,258
138,955
164,17
30,971
186,591
174,965
35,563
31,725
43,7
197,606
65,77
198,65
124,84
33,572
158,708
123,492
153,341
171,922
33,472
144,75
151,957
166,341
158,988
131,485
12,545
192,867
137,55
49,562
170,89
46,352
34,9
55,913
131,190
144,426
13,692
85,33
113,587
35,978
141,110
130,756
167,853
133,336
183,988
77,571
134,602
155,124
188,800
68,28
116,488
69,628
127,625
30,366
187,176
82,915
16,269
101,142
173,609
50,336
183,967
64,274
134,913
148,803
41,117
37,990
194,107
179,120
61,745
18,845
26,860
151,184
133,455
179,517
115,909
123,987
58,478
44,254
150,328
30,755
1,72
85,656
114,907
81,142
126,479
7,343
79,67
18,944
196,13
80,405
27,776
19,204
154,411
187,256
103,189
137,964
105,297
79,888
126,987
54,576
184,244
85,250
137,172
73,533
161,117
128,794
103,752
95,691
190,810
48,74
37,146
44,456
112,562
20,741
145,446
7,6
144,908
15,417
133,854
120,866
199,533
138,423
57,945
132,128
72,620
125,11
62,425
154,961
144,290
48,921
91,495
102,616
189,819
106,509
164,48
149,5
68,624
78,220
120,917
59,888
116,464
149,46
80,711
98,644
71,390
84,913
151,93
189,182
6,446
55,920
149,818
118,432
71,903
57,639
73,897
67,181
96,485
34,392
171,483
77,386
99,518
44,167
10,751
140,428
102,334
169,877
57,828
90,963
90,836
171,606
42,461
30,188
85,354
134,536
52,43
23,644
108,935
127,288
189,93
105,678
121,547
166,47
170,333
61,919
53,117
94,438
76,703
177,517
120,812
63,760
54,186
148,525
75,639
164,811
134,219
107,234
65,955
148,647
157,411
179,533
146,241
192,47
93,106
39,187
60,538
169,868
127,226
116,778
103,635
62,638
6,344
148,617
195,341
194,904
27,973
186,259
33,470
31,671
12,38
56,388
157,876
71,835
163,138
10,336
42,126
189,597
33,224
102,230
197,999
125,908
79,671
164,231
51,175
48,464
32,842
22,755
1,359
53,794
35,283
70,437
20,986
41,58
175,423
100,764
9,713
39,241
186,357
79,11
149,345
113,214
137,974
186,246
3,70
70,862
98,479
22,801
179,662
158,974
142,365
175,461
150,157
23,251
8,986
90,392
8,142
164,969
95,493
170,900
124,964
183,939
136,782
89,305
164,372
90,290
82,907
113,591
16,108
116,247
112,355
116,993
42,532
162,459
139,954
46,415
179,505
109,491
77,446
24,527
188,170
45,474
116,162
178,506
159,965
33,312
105,541
168,892
191,164
98,662
104,318
142,918
92,859
15,369
96,410
120,745
123,114
63,417
132,985
46,991
163,474
153,339
110,361
111,993
85,326
55,356
134,432
133,862
52,945
135,43
138,597
6,977
124,145
103,635
35,360
99,5
35,442
56,969
21,779
29,818
168,660
139,126
23,433
93,624
167,142
123,347
134,949
145,172
19,734
176,120
101,669
116,252
109,593
74,902
50,626
177,126
199,845
32,329
139,450
100,549
68,434
43,415
186,138
94,62
37,254
32,51
45,138
7,256
45,921
79,705
24,395
75,798
165,476
57,499
12,284
153,227
78,856
176,338
196,598
114,565
148,627
56,904
119,653
164,324
119,709
87,519
25,513
58,955
154,222
161,448
154,303
116,373
153,252
128,458
175,229
55,460
97,894
157,832
92,862
166,470
38,603
200,33
89,465
142,235
191,670
100,288
152,644
133,280
53,124
178,669
86,678
12,40
179,442
42,392
161,378
166,504
93,948
76,963
157,28
135,321
25,927
55,207
84,342
11,233
182,843
152,643
83,862
97,419
194,533
175,594
21,358
86,891
167,926
154,376
143,499
181,732
14,381
37,83
152,120
88,380
126,941
182,33
191,952
153,921
54,477
92,67
66,260
11,386
115,811
36,150
1,769
60,722
185,337
44,666
123,918
164,602
121,327
67,611
116,295
77,349
128,129
181,621
46,825
57,445
37,10
65,194
141,921
146,100
62,236
33,756
115,599
192,52
44,27
97,213
22,813
94,306
199,201
67,251
130,495
64,271
41,949
182,126
61,334
141,783
129,432
11,231
130,538
82,10
18,456
42,313
109,211
136,903
80,58
153,778
2,19
85,85
165,183
71,944
150,935
14,895
48,570
89,669
187,33
129,703
102,30
50,195
170,41
46,143
37,546
54,618
100,289
114,417
97,397
123,354
150,626
180,853
64,234
120,846
101,305
164,935
14,733
19,951
78,152
104,561
5,952
102,168
146,571
165,360
28,6
129,620
100,521
108,715
170,840
67,310
86,449
179,91
41,764
80,736
187,558
62,133
161,420
134,916
33,745
140,817
49,349
163,201
103,609
87,229
93,723
130,135
112,969
139,583
183,495
8,867
115,206
41,323
9,139
171,517
132,323
17,961
5,721
183,315
157,212
153,771
111,292
86,836
21,627
8,679
113,761
116,716
91,914
36,617
144,735
90,167
63,484
153,31
75,399
117,373
157,571
16,18
138,803
196,340
72,508
86,640
107,661
84,665
14,691
66,593
28,779
134,214
126,193
199,699
60,194
34,320
18,378
34,356
108,290
21,303
2,475
84,88
70,630
134,206
166,39
27,453
191,88
110,453
161,443
196,582
58,154
127,393
39,466
118,541
87,296
89,162
161,283
15,873
158,302
91,74
149,848
111,589
181,956
83,243
174,258
193,621
106,481
79,343
167,351
19,983
54,906
88,285
34,28
27,213
18,574
189,137
132,241
72,161
18,69
105,489
67,924
159,442
108,540
195,755
66,828
49,160
52,668
2,971
66,870
145,561
173,696
170,656
23,542
110,807
119,15
69,87
18,56
193,826
131,212
158,591
70,563
189,246
101,990
105,81
147,501
66,486
48,213
159,960
104,761
175,138
134,164
56,962
131,17
183,149
48,153
146,323
195,918
165,592
19,142
91,244
101,500
187,842
162,736
30,175
18,409
63,692
111,575
76,461
83,188
85,640
2,950
143,970
172,782
153,137
60,290
65,38
122,137
124,772
33,167
91,769
65,908
183,500
8,765
28,805
146,241
121,937
14,614
34,323
97,930
74,917
176,91
57,926
128,425
97,592
172,636
185,532
194,778
163,763
41,231
62,359
143,769
149,590
35,555
120,898
61,395
42,991
164,668
109,759
110,522
44,758
14,61
156,499
15,353
105,359
36,545
75,634
52,873
156,524
121,930
77,697
95,343
149,855
7,944
169,379
156,540
33,907
170,523
74,439
31,285
155,93
43,402
187,727
62,362
151,213
167,657
140,624
85,601
67,73
9,291
76,297
47,798
92,14
200,594
102,999
154,710
195,942
112,86
30,584
40,45
50,504
63,566
169,197
193,603
5,882
171,819
108,878
28,97
59,375
99,843
159,819
178,746
94,474
177,518
139,232
102,161
127,657
172,403
121,456
27,944
26,26
191,896
94,728
118,452
142,546
187,738
118,743
73,263
100,491
127,737
13,300
26,341
194,607
129,468
48,986
49,90
14,598
3,717
137,879
9,869
72,295
149,180
143,94
181,225
21,80
120,56
104,771
53,738
120,577
131,303
4,212
186,30
109,63
74,389
195,758
187,570
153,718
104,662
183,973
80,165
150,348
78,214
187,323
190,426
153,369
188,819
193,900
6,47
164,460
37,490
185,838
170,131
40,848
171,537
142,44
153,538
160,292
114,573
123,342
194,965
154,922
169,148
79,1
172,752
45,782
98,234
81,624
72,974
10,683
91,214
89,301
58,905
125,622
174,310
80,560
106,964
172,343
198,348
111,353
117,130
142,789
113,983
154,866
113,755
118,590
47,398
174,620
123,691
59,875
82,98
50,296
139,386
132,72
119,385
57,309
130,400
58,16
190,875
39,625
111,13
173,425
40,506
116,297
113,29
100,259
169,389
31,511
168,991
95,60
101,991
51,445
14,298
126,239
69,949
17,539
83,712
98,170
149,198
90,630
159,874
138,28
18,393
69,75
127,863
48,282
187,587
157,549
26,192
96,403
153,203
84,864
53,327
185,885
115,461
194,191
155,812
196,820
79,821
116,698
190,274
18,129
146,234
101,733
23,480
26,887
75,190
141,479
23,280
30,658
187,627
195,929
56,229
115,103
151,206
39,496
45,311
116,94
94,167
165,402
11,38
107,322
91,389
147,67
186,699
47,612
85,360
18,511
116,194
127,55
92,956
145,796
128,549
5,726
38,732
47,637
101,328
158,948
152,280
197,387
32,952
49,410
32,814
194,861
8,681
138,288
13,256
144,626
6,393
16,220
162,925
78,653
128,963
200,769
56,50
73,949
24,455
100,125
111,123
93,887
124,114
149,779
130,176
10,244
165,397
91,297
148,791
188,762
61,770
94,25
151,45
70,152
114,158
5,86
9,648
180,722
109,516
16,22
167,555
107,656
112,297
146,45
180,15
90,353
17,507
90,794
186,887
66,850
99,200
38,840
161,556
183,568
170,457
196,611
58,116
176,798
16,123
48,417
28,655
146,452
175,553
66,748
76,125
143,6
113,31
70,443
95,660
21,139
10,306
133,938
64,722
178,305
102,815
58,160
62,972
112,908
127,965
157,582
138,329
41,914
76,745
146,397
129,52
15,337
114,670
166,164
20,200
73,572
159,395
124,980
155,169
21,26
25,16
29,475
109,935
114,210
67,540
53,113
179,773
121,527
151,24
198,360
81,730
5,824
4,294
82,616
182,462
184,148
85,7
149,129
67,657
74,286
84,921
89,314
121,503
111,578
168,478
9,132
29,823
64,599
183,184
111,404
76,293
138,243
8,953
51,919
166,875
142,127
128,153
144,217
27,828
175,320
11,891
62,34
28,75
181,653
20,254
41,302
68,802
141,224
83,542
51,642
133,790
146,589
170,491
59,537
12,405
42,983
63,224
1,852
120,599
147,244
185,525
7,289
28,172
184,621
132,926
159,458
56,745
52,416
99,175
150,227
15,57
53,65
18,563
200,249
92,696
91,70
84,275
127,590
145,807
187,804
114,560
178,457
162,559
44,7
90,433
43,743
37,266
73,534
130,73
140,142
117,851
165,641
173,278
55,233
132,335
55,497
70,831
164,429
28,461
108,32
161,331
165,945
199,441
22,914
170,747
36,902
190,261
106,290
152,499
6,779
132,346
160,503
194,201
17,306
95,682
24,36
22,43
31,652
120,330
45,332
190,703
165,187
127,453
149,365
52,429
16,82
146,133
67,553
38,138
192,257
170,483
150,131
110,759
62,958
148,457
2,310
123,828
166,194
65,646
146,302
165,848
32,622
159,273
95,72
42,617
60,359
70,313
101,397
174,944
165,912
60,756
112,549
182,439
87,76
83,172
166,378
9,307
170,468
159,841
135,146
55,668
44,294
1,775
5,822
188,256
57,923
185,249
67,859
86,549
22,22
133,98
61,22
57,648
99,977
57,535
182,231
21,866
46,267
111,79
127,258
159,23
41,633
131,642
120,103
187,872
166,528
175,291
100,536
25,22
50,534
123,648
190,565
172,396
147,165
61,93
58,820
26,612
184,522
127,841
84,302
72,599
3,287
173,440
89,482
126,413
166,911
143,851
50,375
28,416
133,286
143,786
99,973
174,421
62,933
171,247
173,87
199,8
62,827
171,737
18,142
93,864
179,469
57,916
182,825
179,5
38,574
103,257
60,227
44,6
13,839
22,573
25,58
72,864
119,133
41,583
170,198
21,654
127,922
82,521
42,990
98,464
115,523
186,715
101,317
114,472
145,826
141,982
183,485
89,979
168,659
97,560
124,675
135,426
91,128
17,911
177,539
160,330
163,949
61,742
73,793
14,27
166,115
167,216
159,340
129,265
177,850
114,605
75,680
66,860
180,597
186,836
51,878
114,543
153,324
70,167
121,263
92,10
154,749
13,436
164,379
136,709
25,603
88,465
39,685
142,64
17,565
159,902
179,883
120,970
8,62
86,601
148,255
50,35
129,336
189,827
41,20
186,656
64,18
30,698
181,159
123,50
60,158
10,367
195,971
168,307
120,273
168,347
134,484
6,489
148,740
177,278
98,165
7,481
54,366
96,46
64,203
121,748
31,65
152,85
34,345
121,417
16,817
161,131
194,673
147,768
122,195
49,430
181,809
78,15
123,214
19,150
136,847
60,122
27,3
171,257
147,30
110,462
194,174
53,219
121,194
75,584
111,746
141,50
81,607
135,734
153,376
85,347
137,385
161,241
45,262
42,569
2,961
88,870
172,163
4,765
152,551
74,266
137,519
134,864
15,135
154,208
1,845
199,798
135,189
120,732
155,535
43,74
127,127
127,708
134,578
21,145
58,824
145,265
55,421
27,790
12,307
199,901
90,465
33,131
129,890
70,439
77,501
132,803
125,164
192,578
188,350
13,517
11,245
179,902
69,871
53,13
95,534
142,749
154,449
162,329
26,708
199,914
154,337
61,941
128,407
156,613
11,10
187,415
190,804
91,407
97,179
37,175
141,134
6,643
5,403
9,839
48,221
35,282
81,298
7,831
200,808
139,496
115,529
63,50
131,951
77,79
152,171
150,533
14,755
145,712
185,17
5,700
144,279
116,53
68,343
120,837
188,544
165,455
114,208
137,782
143,418
133,42
64,722
7,432
79,38
1,767
164,613
1,351
28,422
127,589
103,469
29,853
70,730
44,667
84,351
81,184
61,961
27,917
29,513
196,968
61,2
17,873
200,971
143,453
53,278
170,320
14,601
132,962
93,533
160,696
130,645
72,385
71,595
141,442
116,33
170,927
193,324
57,559
141,642
127,936
80,832
100,678
187,93
17,54
124,632
191,252
15,469
5,607
79,882
38,196
31,197
150,743
20,168
144,694
30,9
193,968
2,579
194,912
149,769
61,284
129,634
70,855
177,814
29,360
7,416
37,993
193,603
120,884
66,644
149,855
152,795
134,666
62,600
13,564
160,386
16,457
22,663
100,308
47,57
26,109
123,616
180,824
89,546
53,673
68,375
153,624
115,727
192,760
25,444
14,717
128,71
67,923
173,137
192,555
124,394
64,680
163,745
120,517
108,760
15,845
189,597
67,207
177,633
27,732
130,369
61,838
51,955
2,726
90,840
148,249
192,536
190,374
162,346
109,338
103,783
28,628
6,679
30,132
60,472
183,449
196,69
38,954
164,948
57,54
26,29
100,779
16,293
182,833
4,712
108,144
22,955
134,464
57,886
17,35
101,119
142,520
183,158
88,178
157,555
151,283
153,825
13,727
25,980
40,920
154,660
134,61
59,572
183,737
53,24
50,425
110,219
107,501
28,782
5,223
4,684
19,171
180,44
97,4
66,366
112,122
7,939
77,729
42,981
5,587
176,106
12,329
6,747
93,195
88,354
121,304
114,786
87,822
122,986
5,94
143,975
122,337
153,341
69,484
18,95
64,169
132,865
2,487
10,454
161,773
124,172
103,390
85,741
2,90
135,401
80,117
129,360
158,608
161,46
157,427
39,976
39,893
158,1000
177,280
33,802
179,768
137,813
118,386
165,565
15,690
108,109
14,146
42,611
118,228
177,475
171,288
175,124
92,628
115,878
35,680
46,912
103,747
22,846
186,711
34,637
169,976
190,505
89,835
182,863
159,784
189,327
183,306
105,657
92,95
20,36
3,244
130,961
17,922
134,296
110,419
10,377
190,522
3,372
126,201
180,770
29,912
48,703
136,644
153,88
103,458
27,297
26,286
4,602
73,27
105,982
165,57
127,260
185,732
102,125
149,242
164,328
24,116
197,786
179,999
172,722
169,263
168,202
114,95
169,79
47,101
111,191
16,250
35,841
40,992
178,721
132,922
41,471
177,81
186,771
143,238
180,976
183,553
191,293
13,797
43,996
54,745
194,430
134,175
175,447
183,520
188,570
136,323
72,253
188,579
46,739
138,59
66,140
81,498
177,282
177,458
16,73
34,972
200,215
61,709
7,231
128,360
173,721
12,654
157,929
96,760
18,205
12,120
171,804
143,883
170,889
153,110
105,336
139,745
158,567
188,128
51,638
119,210
128,977
137,738
108,425
160,81
95,585
77,921
159,982
200,238
2,224
136,485
175,190
127,778
190,274
191,251
78,546
169,313
190,20
91,938
90,195
76,465
36,971
14,623
99,722
74,916
1,844
108,253
131,207
114,983
63,786
151,873
86,114
122,803
174,934
161,378
87,709
189,956
153,903
152,87
110,703
120,44
155,164
152,416
15,957
121,820
111,397
98,843
129,742
9,234
77,386
43,749
78,154
157,691
44,901
127,788
90,846
10,803
176,895
13,596
90,292
156,321
48,518
147,854
101,74
110,933
14,152
22,788
101,821
171,176
92,392
96,703
46,275
76,863
159,828
199,231
116,475
97,487
16,329
165,490
20,540
53,324
97,507
84,851
58,392
97,849
53,163
3,674
95,907
49,206
7,125
142,350
107,848
33,461
61,680
5,369
86,415
131,781
111,789
119,474
50,428
57,848
132,984
15,271
145,371
56,116
177,234
17,891
140,528
129,508
60,782
111,297
172,485
122,681
3,587
191,65
64,898
182,877
124,157
175,46
21,3
194,424
175,574
90,793
152,5
33,545
65,745
27,550
21,726
23,389
93,482
71,931
138,37
60,906
82,943
141,317
66,729
57,564
135,278
136,390
71,35
56,21
121,79
128,466
87,712
135,181
70,300
94,773
109,130
23,926
83,907
53,280
176,218
176,453
170,34
140,968
63,520
44,217
120,184
119,575
40,839
30,405
98,596
27,384
118,514
139,776
162,219
37,456
60,153
187,451
7,111
60,447
96,837
29,822
96,98
123,857
96,854
100,90
7,794
68,675
62,260
134,134
41,954
81,606
186,127
54,405
162,120
61,367
141,113
135,527
111,48
73,569
4,38
69,901
159,326
186,470
41,301
87,297
13,519
155,170
53,217
173,528
152,976
111,442
76,330
129,810
159,377
81,237
188,622
116,1000
190,909
87,825
65,753
174,793
80,972
191,659
29,408
2,320
7,329
94,549
171,335
106,133
69,713
94,407
93,259
151,290
95,481
31,938
45,450
21,211
89,321
41,923
177,218
182,532
89,44
26,372
18,340
167,625
87,369
50,182
31,323
104,81
98,640
109,530
148,504
36,693
199,943
173,664
79,440
80,176
84,960
66,335
11,609
178,325
107,954
33,746
1,896
5,773
88,812
15,50
193,260
131,921
186,203
127,543
197,708
147,718
187,170
29,327
5,879
198,605
85,202
174,530
2,504
108,415
136,199
4,273
162,586
132,668
109,565
103,310
80,887
200,729
70,484
50,822
65,497
159,154
157,486
142,170
22,863
35,751
162,102
104,471
22,371
87,659
179,234
31,399
35,869
200,339
80,962
98,156
200,372
103,503
86,51
148,830
135,547
133,280
65,922
191,152
62,410
2,221
56,439
174,15
168,789
118,404
196,77
89,566
155,792
11,904
150,152
162,704
103,379
179,831
176,245
159,37
188,478
19,627
155,45
92,766
174,814
118,882
105,725
92,644
188,479
70,212
138,914
153,862
191,263
27,411
40,643
101,878
35,146
94,166
26,845
14,170
128,86
178,733
139,357
65,708
126,45
135,706
114,313
154,481
20,209
127,718
200,696
200,732
21,132
117,942
83,802
35,48
55,784
26,195
51,113
87,528
145,33
133,413
123,95
171,229
96,377
125,167
44,996
114,993
24,464
199,428
29,197
108,495
18,986
4,713
156,353
188,470
115,434
189,635
120,668
70,311
8,43
138,750
132,186
90,66
14,445
23,478
193,620
82,957
182,486
161,555
61,487
98,193
163,569
140,267
35,211
171,381
142,923
116,116
53,314
4,200
58,865
73,459
111,584
29,662
19,454
193,165
79,400
63,445
139,315
34,843
7,934
83,535
77,995
17,697
23,578
11,907
167,772
112,348
196,203
156,188
48,806
115,823
186,980
93,386
67,286
194,809
155,430
55,784
25,688
38,843
31,601
43,134
77,183
121,930
7,721
70,677
66,989
147,957
193,9
93,751
89,322
88,998
121,544
177,85
57,624
112,338
173,280
41,569
175,810
180,256
83,162
8,898
60,446
45,892
177,684
179,801
130,927
18,693
44,212
184,124
82,167
159,969
75,352
116,227
178,793
130,365
146,802
155,70
132,228
158,200
61,483
32,912
101,49
69,399
152,267
180,452
72,194
196,62
137,108
119,846
149,933
95,117
140,691
7,248
140,680
161,877
162,84
122,495
81,411
184,368
17,379
65,721
5,68
120,927
112,430
117,842
109,184
31,735
177,755
87,93
42,159
199,241
107,869
106,111
194,47
77,459
119,295
96,986
3,773
173,413
29,915
107,817
26,929
126,767
143,529
70,697
126,401
66,791
105,92
33,470
155,832
29,766
178,936
53,329
49,696
175,755
149,650
138,333
194,813
184,175
55,928
129,553
165,322
39,449
164,669
37,44
158,947
37,67
158,84
42,30
191,321
28,382
127,406
114,981
92,280
68,239
25,799
44,308
158,344
62,869
185,622
62,203
98,462
169,200
177,169
119,486
59,671
110,701
188,616
78,384
108,928
184,293
48,714
44,710
69,495
168,785
21,119
35,189
104,108
37,689
73,984
97,226
22,941
95,923
14,241
140,678
98,262
93,11
47,396
11,906
111,760
78,181
59,614
78,316
86,557
198,475
132,624
118,780
104,877
78,737
90,370
110,639
44,581
88,572
35,435
172,203
132,251
25,986
28,607
176,538
52,746
126,420
140,639
100,543
11,887
5,295
147,71
47,932
49,436
76,365
153,392
173,406
155,986
84,455
194,742
136,500
79,838
124,846
150,811
179,778
77,139
108,841
77,350
51,966
129,936
67,474
142,1
26,602
162,195
166,730
60,873
30,60
46,822
141,60
75,773
124,714
130,799
159,108
94,501
29,860
130,284
143,838
24,771
32,686
199,533
96,22
130,947
8,600
151,79
70,576
150,136
91,275
197,988
19,540
170,632
53,647
26,509
151,178
148,442
40,15
95,74
55,432
35,857
45,743
145,721
57,856
144,13
173,816
106,155
103,700
18,96
59,199
73,81
165,730
15,389
108,708
177,348
64,297
84,159
3,924
26,421
28,357
151,438
125,376
178,11
162,168
101,578
169,42
84,604
34,463
132,226
182,494
11,199
100,174
54,829
172,37
37,69
182,577
64,260
23,193
138,204
190,763
100,970
28,22
190,505
53,535
11,707
97,369
153,870
169,402
40,859
74,649
88,803
200,578
68,190
139,474
22,467
51,500
44,455
84,65
91,987
139,631
86,398
7,67
177,301
16,495
194,392
95,41
9,268
185,386
84,612
124,433
144,68
180,486
146,774
119,916
42,310
63,858
55,443
31,498
186,816
39,61
176,408
90,6
67,92
150,228
122,982
164,515
25,930
49,165
108,466
165,201
167,766
72,893
43,942
163,640
108,978
141,416
185,540
75,675
132,24
96,553
53,458
69,137
95,487
88,94
73,712
13,674
117,135
155,34
95,694
50,652
89,476
7,96
89,54
42,405
88,128
158,923
129,517
85,101
67,263
135,654
23,686
35,477
188,601
18,589
17,850
11,954
110,745
57,977
94,498
70,559
91,371
13,564
178,857
68,776
40,340
12,389
110,595
120,250
87,758
57,533
81,48
23,714
11,519
28,637
40,210
109,59
136,50
11,603
108,413
102,341
77,46
94,443
42,960
177,797
65,84
174,9
54,429
52,31
200,196
82,141
19,643
130,532
90,838
197,385
19,754
139,50
41,531
194,257
176,292
154,93
49,473
161,61
15,244
68,655
167,274
43,301
7,55
161,121
113,261
129,230
191,834
176,166
175,163
40,959
125,716
120,168
137,462
17,819
86,632
194,128
177,652
125,805
195,892
30,539
41,964
10,961
159,804
81,501
36,112
23,537
132,637
200,36
10,522
129,692
149,549
186,14
15,893
162,465
1,477
183,257
91,483
127,925
63,625
193,467
36,874
83,940
23,810
88,427
42,476
125,848
93,443
36,23
45,68
75,621
180,631
80,80
145,502
148,426
110,508
127,776
12,966
2,8
16,603
136,656
12,561
132,830
6,525
5,499
17,888
3,258
132,495
47,121
195,873
13,353
85,233
158,781
59,758
198,696
137,495
130,167
194,738
10,121
179,538
196,690
120,263
85,428
181,146
9,483
89,747
88,418
168,616
142,181
23,401
193,764
13,785
80,957
128,107
199,172
166,458
163,130
182,632
154,182
3,23
169,601
189,87
144,273
102,199
199,925
165,829
126,208
161,969
18,123
134,709
25,186
63,244
133,153
92,171
145,137
33,323
97,583
83,474
41,566
134,767
75,414
74,26
68,857
84,79
98,714
67,590
37,43
101,720
158,402
103,407
60,527
108,230
17,282
37,423
198,54
101,29
50,495
39,416
131,27
40,21
80,803
38,858
87,816
172,210
193,615
141,716
72,900
15,302
174,489
37,886
120,631
132,912
125,483
12,888
153,207
9,246
39,619
180,879
57,685
22,231
83,214
23,898
109,831
162,407
181,258
157,402
166,233
194,115
69,948
114,202
85,198
113,296
38,386
124,853
3,64
112,740
56,243
171,900
93,471
10,553
73,616
56,217
178,942
37,16
82,439
39,157
171,189
171,155
140,103
71,527
140,573
183,415
56,316
60,458
33,876
47,715
129,48
77,174
151,855
28,251
10,128
120,23
105,80
98,650
9,51
71,590
43,955
56,54
169,455
6,528
15,351
159,72
93,843
161,340
85,231
59,944
118,689
187,142
99,452
168,60
83,363
195,341
139,310
132,167
174,587
70,935
13,641
40,393
185,728
1,58
55,482
162,117
163,856
101,683
159,167
107,856
2,440
30,282
10,292
175,815
89,710
123,702
65,280
32,796
29,410
165,872
101,523
99,69
11,589
7,660
199,370
160,65
65,92
40,619
192,745
27,457
40,560
149,324
175,310
70,723
12,9
123,898
37,544
60,238
157,590
176,649
107,728
123,698
161,867
176,741
62,938
11,565
111,836
60,321
189,127
68,993
52,502
68,51
175,181
115,901
133,844
43,881
169,584
79,991
55,734
14,525
63,303
36,889
30,30
119,146
29,232
157,537
6,848
122,265
68,533
143,492
78,679
198,702
128,521
177,783
20,108
67,720
130,342
185,280
137,411
20,314
29,686
36,878
16,970
120,354
174,430
195,886
34,530
35,98
138,516
19,704
61,121
90,10
104,500
37,156
125,528
127,81
144,345
106,912
135,792
154,915
102,468
109,23
182,204
141,883
51,586
21,318
28,89
76,191
89,876
174,515
52,164
94,80
108,773
186,915
121,633
177,204
60,740
146,798
182,673
200,251
29,13
142,332
26,687
181,28
153,53
139,931
95,246
135,165
177,716
158,602
116,699
29,356
162,468
124,246
58,378
16,452
131,220
92,840
79,887
187,300
128,260
199,457
26,297
34,558
181,355
117,878
54,864
119,514
143,821
21,127
185,896
70,868
95,867
23,726
178,73
14,366
162,154
140,255
52,529
7,518
198,517
123,548
54,231
92,828
84,961
31,457
92,378
197,39
74,755
136,382
53,171
46,734
6,588
61,340
26,901
11,908
35,676
1,61
100,567
75,605
163,677
160,60
179,830
27,901
37,267
36,234
66,354
22,905
50,525
62,17
70,817
104,582
197,627
77,962
106,171
69,815
91,601
191,443
148,90
107,820
26,797
183,27
45,566
46,520
90,934
100,435
145,401
166,459
58,152
37,919
1,445
101,327
160,860
159,707
153,292
66,245
100,825
110,868
151,480
193,637
21,243
74,275
147,651
36,361
39,297
198,66
128,285
171,734
27,611
141,168
28,430
99,861
33,342
87,951
59,276
127,472
155,599
24,88
167,396
26,475
15,323
156,23
121,368
100,772
113,124
60,5
137,286
87,1000
34,419
33,106
83,317
63,678
1,476
160,188
80,420
8,528
165,139
34,694
198,662
60,112
172,748
3,369
92,383
62,861
162,832
109,435
144,873
85,57
75,920
127,389
17,170
53,13
124,631
85,188
72,386
187,729
77,995
155,499
191,450
18,666
145,354
73,258
150,844
36,882
180,343
69,966
24,428
141,921
179,304
146,101
106,655
32,821
132,262
177,706
131,246
150,29
72,445
34,994
104,449
26,763
168,625
199,974
120,410
58,376
76,422
23,4
99,910
39,199
74,995
173,836
7,715
44,63
17,959
26,115
189,141
100,796
115,434
195,811
146,326
11,51
86,279
163,968
138,307
110,261
199,494
4,571
140,548
200,371
187,143
165,504
13,582
52,328
165,909
139,143
102,30
99,496
94,535
62,197
9,27
35,434
154,75
37,969
164,711
56,742
21,685
16,876
129,720
177,658
100,904
20,805
186,146
81,494
103,947
99,267
111,171
8,633
124,207
190,27
118,753
162,931
164,570
143,990
161,866
175,299
132,172
98,380
60,166
77,219
84,907
136,125
70,10
111,373
119,296
131,611
74,843
123,272
190,269
186,89
185,931
129,603
111,473
195,595
26,572
4,840
102,714
195,694
171,955
83,719
110,141
51,412
122,678
18,239
92,612
129,335
181,649
58,715
3,120
100,818
124,541
35,124
50,371
62,854
49,443
7,518
50,633
150,49
94,995
140,572
50,642
120,101
69,90
10,986
65,336
138,447
123,667
187,279
196,565
104,21
129,444
179,737
48,234
164,695
147,417
85,173
8,512
143,875
40,223
156,599
138,808
169,946
152,273
163,195
88,6
85,943
172,636
145,202
154,358
186,353
60,445
131,543
193,980
165,390
30,301
38,210
43,33
39,270
186,961
14,364
38,603
122,345
114,377
160,282
72,306
147,672
189,339
95,52
1,51
122,75
139,802
62,883
3,657
26,379
171,791
22,62
47,546
194,458
30,206
143,946
173,778
74,689
4,790
138,148
38,532
119,521
24,279
92,826
168,219
14,387
193,454
174,556
20,854
60,275
166,32
150,9
163,70
181,753
96,540
145,60
126,353
102,692
52,562
87,971
78,568
8,454
107,244
179,451
80,261
197,407
15,132
1,754
38,83
142,910
53,719
48,200
107,56
130,418
163,713
92,384
84,34
85,695
88,405
98,593
164,58
30,873
38,838
139,959
124,202
183,878
147,152
80,186
99,638
101,622
184,669
189,223
26,961
40,634
86,297
120,355
182,618
178,487
175,708
44,194
11,68
7,270
190,514
123,239
12,425
9,496
131,876
153,818
199,311
176,597
167,735
29,748
28,985
198,546
82,238
97,620
170,649
41,783
25,71
5,352
110,964
195,996
101,676
184,583
41,172
115,417
141,247
27,601
15,802
7,215
127,463
39,356
86,284
99,869
27,871
183,288
99,865
97,385
102,850
112,978
169,662
13,840
116,79
174,643
182,977
84,595
37,82
40,453
2,385
67,966
116,584
75,327
185,498
30,421
139,662
153,507
124,879
28,867
141,354
84,777
169,453
53,494
30,338
32,256
133,698
152,44
112,983
155,132
120,51
112,336
74,524
72,535
61,175
174,511
133,18
69,906
64,596
80,57
81,305
53,222
181,149
188,769
101,689
15,299
3,845
19,729
56,138
20,84
198,58
122,200
112,246
100,521
175,180
59,425
19,223
109,822
195,350
44,101
27,513
167,672
110,698
186,864
35,616
156,222
162,601
177,974
40,615
155,705
10,871
195,722
5,63
17,346
58,493
78,371
54,400
14,188
153,927
20,115
102,638
126,943
75,390
154,909
45,275
129,635
193,58
80,230
139,310
120,854
168,82
90,429
165,15
28,960
168,904
57,35
84,339
68,986
191,816
139,98
74,202
107,431
64,468
111,426
10,576
62,554
50,254
193,865
47,752
172,205
153,777
160,553
81,592
90,560
10,671
58,332
186,426
199,865
56,275
188,25
188,954
34,421
8,965
174,529
120,207
189,706
192,756
75,207
192,913
164,255
144,287
60,47
90,569
178,967
151,122
162,803
139,375
82,700
174,514
32,377
50,344
25,735
192,37
148,995
68,569
75,115
93,898
24,745
133,509
93,481
189,400
7,53
90,760
177,296
20,114
119,35
141,127
95,28
10,782
148,707
190,66
166,469
132,671
50,212
9,924
81,879
49,537
114,499
129,581
87,251
155,802
70,671
56,989
172,56
92,499
111,737
199,264
141,822
86,560
84,326
4,324
80,173
33,733
61,371
23,963
92,936
186,877
34,494
170,636
61,478
163,125
142,584
147,651
9,249
20,348
182,434
8,417
125,938
177,619
66,959
74,385
23,241
9,613
18,870
165,836
63,490
51,157
29,5
113,940
94,70
150,502
71,210
43,512
195,359
90,237
25,84
13,199
3,239
15,520
160,891
133,454
38,425
150,683
162,605
70,130
153,213
45,301
88,160
200,188
99,740
104,139
34,942
148,665
27,179
139,151
9,762
7,813
158,785
70,216
94,405
161,531
43,288
146,573
85,553
68,279
87,899
169,182
71,126
191,87
75,641
33,630
185,14
102,389
96,165
191,647
93,246
51,711
60,446
61,607
107,122
168,40
195,815
18,2
77,745
189,239
139,320
70,996
38,715
147,75
42,385
31,959
192,442
72,551
96,120
103,473
15,153
86,824
92,523
47,641
197,862
156,835
95,571
191,518
137,244
23,757
53,47
114,274
158,100
119,948
48,715
6,537
125,734
138,698
106,906
15,854
80,402
118,231
181,643
113,445
32,211
171,996
198,479
175,76
46,275
135,413
27,386
192,460
75,582
11,375
133,554
10,961
133,132
35,998
66,753
121,434
116,641
114,977
46,204
87,407
15,650
21,360
35,739
98,731
4,21
111,361
129,774
87,616
134,642
28,8
28,439
123,31
182,312
197,285
156,960
91,912
72,389
85,585
106,223
185,292
35,440
86,919
18,762
88,437
176,998
49,380
149,154
85,614
66,670
100,404
3,552
91,32
176,848
144,9
89,96
126,453
175,556
145,926
193,584
195,260
61,864
131,895
75,861
194,821
181,841
62,271
177,645
89,157
74,20
56,337
127,949
27,70
173,734
12,891
26,595
54,493
13,639
41,817
181,66
152,531
45,728
162,986
5,491
44,341
156,354
108,333
113,963
175,569
67,228
122,648
13,512
191,857
85,656
55,71
103,448
56,199
4,646
99,354
113,238
19,64
127,738
107,998
71,982
25,74
169,402
66,118
129,930
105,650
50,455
46,963
175,67
51,773
44,181
88,64
97,271
150,656
149,530
108,571
187,746
100,388
43,764
36,298
161,795
160,996
77,136
37,145
16,279
171,81
130,788
51,884
105,598
197,933
149,946
13,975
104,766
89,391
58,225
141,103
73,63
153,221
47,79
90,371
84,860
135,830
117,638
55,198
80,570
11,274
24,154
36,761
173,456
40,551
163,700
86,298
142,232
76,249
117,727
62,107
158,596
139,792
78,565
69,241
193,50
160,477
196,36
5,480
31,392
90,124
192,268
38,869
10,430
107,771
181,793
98,114
117,799
70,854
137,413
43,399
38,752
82,945
98,827
141,764
139,123
115,619
117,551
123,329
47,222
158,122
139,218
24,314
43,107
63,462
185,68
123,309
128,102
87,575
180,651
48,282
178,464
69,830
21,37
1,213
28,677
81,182
27,821
64,373
140,845
78,280
157,338
119,14
200,527
126,986
2,128
52,494
171,422
2,511
170,495
187,781
36,352
145,821
158,717
114,425
164,982
179,558
84,651
108,616
159,533
178,224
73,673
32,325
117,16
181,449
44,729
73,536
124,691
99,133
178,659
178,505
24,645
85,698
81,981
41,849
29,175
36,769
44,1
101,988
11,137
93,562
62,106
110,596
42,969
57,903
35,93
200,799
134,897
199,935
27,493
30,185
192,518
40,790
26,691
105,212
80,447
158,334
61,112
191,213
95,606
142,594
22,760
10,873
164,484
99,383
119,827
91,517
162,708
73,238
62,431
50,703
153,831
70,58
181,640
72,554
176,562
84,98
123,353
145,532
139,683
15,505
78,162
37,535
180,110
178,861
185,792
162,610
55,895
96,895
66,183
28,81
32,498
152,885
166,80
76,838
102,351
88,502
131,594
28,988
71,459
173,756
20,437
88,721
85,170
121,646
145,240
40,964
124,172
69,150
119,971
58,955
181,229
120,432
59,21
55,12
38,955
132,507
103,723
148,430
183,983
121,439
44,790
116,61
181,637
182,770
181,660
44,508
195,395
114,169
42,180
163,7
110,819
83,654
47,566
182,149
187,953
111,681
46,505
138,254
46,365
72,444
38,20
173,627
33,439
22,435
3,538
102,876
99,732
14,21
121,634
69,911
139,321
51,212
185,786
16,43
70,828
93,574
199,63
180,761
51,572
102,161
114,998
182,845
7,581
90,334
135,993
158,532
128,854
86,550
149,764
166,458
182,239
167,505
29,334
159,976
89,815
120,531
57,79
73,701
130,110
104,120
159,471
36,690
113,488
99,644
180,896
87,615
50,804
47,867
84,106
103,237
198,598
25,311
92,741
29,219
63,852
151,650
101,732
124,77
23,180
77,622
124,95
19,514
192,98
22,421
31,846
154,215
21,670
40,143
94,836
151,63
44,372
89,323
125,239
136,578
136,747
18,998
176,709
176,133
42,83
95,241
136,378
194,88
169,204
102,182
30,119
190,504
196,202
43,105
28,107
107,308
52,259
7,983
106,416
6,429
168,94
18,964
124,96
112,475
131,150
32,863
25,926
88,966
194,735
92,817
76,728
106,976
199,342
172,879
197,574
72,971
134,485
186,533
74,359
7,592
193,241
148,697
15,950
176,775
57,101
16,60
109,189
160,914
186,359
36,837
54,615
74,328
72,436
190,197
44,111
131,366
73,153
194,92
164,510
195,439
146,350
102,628
54,60
26,662
27,661
100,182
157,364
188,942
13,167
51,834
132,546
101,782
59,961
136,92
92,560
41,387
147,988
24,564
153,425
66,498
9,996
82,507
89,216
42,458
65,953
125,279
192,3
154,282
55,340
179,278
1,462
93,273
142,433
27,913
66,13
25,300
22,799
59,220
182,376
105,701
159,500
112,423
168,965
197,714
85,190
70,926
3,136
126,359
85,451
160,562
160,894
152,853
28,753
144,597
116,490
189,547
169,40
11,706
146,78
189,300
97,77
103,622
14,984
99,114
31,735
18,265
188,112
70,515
1,741
102,46
146,572
162,787
90,9
98,353
4,999
138,523
24,927
17,561
77,486
14,730
136,889
6,806
163,5
167,610
111,798
106,7
14,446
47,517
101,985
120,95
77,85
186,121
156,252
157,159
46,445
53,196
175,339
37,148
15,354
24,997
116,377
28,80
186,202
119,178
71,115
67,761
155,680
197,647
136,376
61,570
81,33
31,476
167,561
192,264
156,427
81,838
126,735
101,689
56,267
179,662
106,983
113,255
193,44
153,338
142,761
190,501
102,524
60,256
92,948
154,480
140,5
163,815
57,172
110,612
192,330
101,721
91,26
108,306
180,572
128,149
102,928
104,170
81,667
182,79
4,705
1,340
145,425
175,926
196,668
155,126
185,396
23,537
200,915
200,103
68,707
114,627
15,880
104,503
9,661
113,129
196,158
95,974
105,676
86,871
150,109
23,955
92,21
82,551
89,140
120,552
79,993
170,600
29,847
114,766
182,105
20,497
199,782
162,702
118,264
80,7
13,807
24,824
21,371
177,860
179,402
165,135
25,77
99,207
44,895
143,303
59,322
90,126
150,303
85,762
117,710
52,339
137,927
33,789
15,690
88,169
52,564
58,21
33,508
162,345
39,903
118,48
58,746
36,436
55,654
33,445
107,932
103,495
187,514
97,293
143,769
119,392
133,587
76,642
66,755
174,960
103,841
162,117
100,869
81,350
171,368
15,785
9,928
6,755
172,111
21,9
25,139
109,655
42,921
13,870
184,820
60,862
153,630
118,227
111,661
55,952
136,663
14,49
108,956
30,840
40,45
120,245
148,903
31,248
160,314
151,407
72,624
61,564
188,997
157,851
21,860
156,851
32,346
81,192
42,317
128,764
172,115
143,678
193,565
164,409
43,916
25,170
189,141
55,389
148,961
107,767
100,648
70,421
118,444
71,199
70,107
37,407
135,610
158,568
166,239
178,485
194,477
29,457
6,889
144,118
79,679
180,303
188,516
25,459
31,362
133,187
28,388
153,372
159,84
193,891
190,397
132,508
125,864
171,526
89,376
118,864
152,415
167,639
60,329
142,362
57,253
78,379
158,179
108,677
95,118
29,363
17,384
165,255
110,440
154,397
154,831
31,344
102,617
21,715
26,37
24,394
155,824
139,521
131,772
94,374
52,521
186,284
153,535
120,582
158,834
109,137
129,357
94,535
94,246
199,104
141,879
178,554
134,610
161,984
147,905
31,588
139,331
144,419
91,875
90,952
54,835
9,371
145,73
197,736
110,194
106,419
116,347
63,427
173,1000
174,661
26,613
137,606
96,460
123,124
127,937
22,481
19,491
29,466
135,512
84,120
136,804
67,303
113,890
184,789
162,106
150,477
190,564
47,452
175,154
119,541
19,373
51,657
52,767
176,435
92,715
159,286
17,925
155,411
87,894
18,792
152,815
5,345
1,455
72,762
132,477
159,945
198,594
92,629
52,849
67,871
57,130
150,615
110,517
188,151
126,906
24,558
124,652
115,367
127,280
130,133
124,496
49,380
180,585
184,797
81,483
165,978
134,808
15,623
192,803
192,359
26,340
32,180
196,443
114,18
109,983
177,507
159,831
85,150
101,162
96,437
134,863
118,351
4,934
65,500
84,369
34,905
54,64
111,394
65,849
68,498
165,981
45,957
115,748
63,6
161,406
131,856
122,643
25,201
35,551
160,589
63,545
105,996
133,912
143,678
45,990
158,946
198,453
18,32
28,590
41,17
20,71
150,531
12,903
33,953
115,298
70,835
35,998
128,24
129,858
14,47
78,513
140,464
133,5
27,38
49,861
70,441
129,859
9,817
167,632
151,192
75,664
182,22
106,163
20,425
154,850
93,918
190,385
147,709
161,312
188,106
176,372
200,843
34,915
112,258
3,18
174,920
139,751
23,406
43,923
180,172
17,781
113,653
145,359
144,343
83,344
149,508
3,285
197,347
123,236
61,791
3,175
40,962
107,103
118,757
174,327
196,977
115,164
74,237
102,586
9,653
126,443
115,775
131,177
179,134
93,718
31,580
147,705
3,483
41,959
160,584
38,918
64,665
154,152
40,113
81,315
105,177
157,55
161,95
130,945
178,829
2,15
74,542
149,605
115,425
50,123
89,960
92,722
73,552
74,644
58,281
41,774
12,880
131,821
33,934
39,519
126,715
153,980
47,141
152,970
82,173
136,23
57,525
37,395
195,677
149,9
100,246
73,380
61,401
126,742
31,963
180,895
21,452
2,73
118,376
154,381
120,459
194,189
144,901
194,293
146,960
82,319
56,899
18,24
80,168
75,480
125,868
87,489
179,433
63,49
112,903
193,8
50,119
89,585
44,763
44,563
163,226
145,54
85,254
6,525
132,838
24,331
134,147
145,424
136,772
141,570
69,31
29,283
197,888
32,701
168,669
47,565
9,893
87,420
27,805
153,289
135,780
17,501
75,526
149,767
53,182
198,735
75,363
111,46
162,268
32,123
14,588
17,560
31,105
131,176
114,445
163,99
31,222
126,736
77,430
157,899
196,499
167,160
51,344
94,553
106,978
165,447
119,936
116,619
98,188
25,914
121,643
195,645
104,549
106,660
70,416
89,848
75,6
8,519
78,124
154,172
48,558
189,922
180,901
195,142
142,850
167,2
3,249
36,599
111,13
44,248
50,776
172,754
26,223
184,586
122,297
44,69
63,858
31,788
80,16
114,92
12,286
108,540
179,403
185,608
125,982
135,831
124,571
7,967
40,738
135,935
70,166
180,140
53,618
161,180
151,967
54,130
37,543
190,708
174,337
19,145
173,937
62,104
16,77
72,86
99,977
148,683
113,245
56,899
185,714
196,684
152,335
33,180
141,258
178,121
82,489
180,787
29,140
73,30
125,946
46,721
134,465
200,779
155,46
78,918
71,38
15,333
118,929
14,13
6,122
62,878
62,756
148,489
172,564
159,393
58,357
11,794
155,803
75,559
143,13
149,863
165,179
33,273
174,869
134,82
12,613
168,99
169,364
62,875
157,380
121,641
84,848
115,940
108,717
175,881
179,777
94,607
180,477
90,71
58,115
103,631
19,206
173,602
118,400
94,710
122,512
37,123
190,234
128,1
38,328
109,845
83,962
134,795
152,968
200,388
49,4
5,202
100,738
140,342
137,965
93,325
58,796
153,260
9,957
68,454
109,608
181,203
166,118
85,478
93,294
114,555
195,519
169,243
131,449
116,767
97,779
12,316
85,475
115,204
7,890
31,503
127,938
9,900
148,802
23,337
143,356
66,667
123,729
13,646
144,983
126,14
50,890
13,745
2,922
176,602
145,733
69,243
137,640
176,575
9,950
11,402
2,996
160,152
62,903
25,182
25,941
91,609
166,495
164,343
46,598
105,366
152,772
57,138
106,940
170,541
15,556
111,248
183,702
137,604
200,84
55,132
182,488
90,343
8,974
10,187
169,43
17,715
89,17
117,110
104,489
42,709
72,24
171,677
137,529
124,279
152,954
90,743
186,821
156,136
49,212
81,833
133,3
192,310
200,882
69,515
70,505
66,92
177,697
152,453
58,155
175,218
116,620
180,65
145,922
103,395
88,388
178,464
82,952
59,82
151,923
169,678
188,269
100,740
35,568
164,561
165,917
30,156
145,704
129,785
133,581
70,205
27,269
45,528
83,441
174,950
170,402
6,240
185,868
37,56
50,990
194,93
98,900
200,358
150,907
83,511
100,703
22,651
45,472
128,86
81,697
156,163
52,193
189,160
42,115
52,917
113,176
65,683
95,942
175,219
167,924
85,169
125,535
120,397
188,64
45,617
91,353
143,900
46,745
40,200
167,612
130,734
34,29
128,741
54,434
111,666
20,552
172,193
194,344
35,809
123,370
78,129
155,834
46,576
30,657
30,226
137,219
176,273
165,413
199,931
139,1
83,376
131,111
118,2
149,313
56,918
122,520
52,194
176,333
32,720
169,32
130,568
173,348
83,440
184,194
31,604
60,156
70,188
90,127
100,148
5,849
136,68
174,787
12,880
171,399
28,376
117,642
172,846
10,602
88,189
87,510
30,831
185,817
42,634
138,368
141,247
73,747
18,647
70,27
122,517
200,286
41,230
65,464
41,275
110,890
38,749
146,17
157,168
110,422
43,212
68,242
15,363
125,15
131,996
127,801
160,175
196,74
61,562
65,754
17,28
121,387
86,438
93,993
120,684
69,857
117,445
113,11
28,163
103,128
15,466
5,818
114,334
117,861
154,476
95,176
29,439
108,293
80,125
45,379
156,628
130,836
74,354
93,685
6,37
1,2
79,984
134,702
132,591
103,878
161,164
195,672
122,23
29,909
182,208
57,108
59,904
106,909
132,400
68,292
191,17
129,386
189,200
99,849
16,908
48,186
62,590
17,297
150,269
83,612
188,228
94,48
131,208
199,625
39,25
12,773
122,754
111,340
166,342
93,687
114,700
115,718
68,160
196,401
48,628
110,683
109,302
188,832
197,477
30,172
146,121
85,418
9,192
79,51
177,85
83,218
124,653
107,249
133,299
111,856
54,167
7,139
68,390
103,72
146,330
95,473
126,168
161,880
49,109
80,754
64,965
7,475
94,773
162,590
140,999
82,875
164,383
87,718
132,158
41,346
18,668
133,502
91,426
177,110
168,478
96,133
96,801
58,192
38,846
93,700
148,232
31,953
59,747
189,204
146,222
46,144
66,251
48,154
179,539
71,597
11,941
64,485
189,83
142,15
8,898
183,729
87,271
133,716
200,812
89,393
191,841
165,902
133,684
151,619
67,599
28,964
154,957
9,435
101,58
73,708
132,542
63,681
132,221
25,253
43,917
29,314
119,155
123,276
60,139
175,723
173,738
67,886
121,250
1,603
134,275
113,108
68,715
58,300
77,455
190,591
21,776
171,488
56,202
37,458
8,277
45,218
155,394
42,861
30,213
38,536
86,464
88,594
122,212
57,770
100,738
154,710
22,505
161,396
189,401
36,536
131,841
78,692
82,61
29,894
20,362
193,929
131,361
15,202
41,800
187,893
181,942
55,220
148,148
1,784
57,49
88,904
49,689
117,543
197,82
109,234
6,1000
71,735
135,931
168,494
138,798
193,603
125,235
179,323
138,687
168,951
68,325
76,529
97,806
75,934
61,553
139,612
90,726
135,447
162,149
163,34
87,393
100,130
110,685
161,502
34,235
41,446
157,609
120,32
165,705
194,433
13,418
105,924
193,608
28,573
108,112
160,690
181,155
103,203
89,780
162,842
162,355
81,164
94,618
174,103
67,642
142,946
39,60
198,407
90,104
47,163
39,154
124,257
58,951
91,955
172,587
136,912
40,135
41,384
24,990
119,497
146,56
186,118
45,727
132,37
13,109
20,659
33,368
185,424
113,379
1,364
149,587
51,338
83,823
118,901
53,769
179,594
101,651
66,866
114,798
15,620
145,498
192,802
173,112
152,402
121,642
77,58
55,886
38,746
2,788
88,239
193,488
128,709
53,367
194,999
18,596
109,116
126,440
179,333
146,9
27,251
20,297
14,492
16,316
196,467
44,997
167,274
71,961
75,131
161,988
135,583
64,79
10,420
175,180
116,622
105,170
133,370
56,319
137,306
198,705
90,932
3,851
199,74
75,228
129,491
94,192
147,548
127,171
174,235
90,887
110,561
95,580
180,491
145,14
135,125
32,312
155,832
183,990
120,140
43,92
200,448
131,539
116,703
76,424
53,406
51,622
99,915
110,250
89,77
2,131
182,961
49,940
97,487
197,644
39,501
120,464
67,116
197,851
89,410
57,830
109,860
83,36
84,103
129,848
150,337
164,509
182,226
91,542
161,686
187,960
175,612
109,590
149,917
87,8
166,443
188,707
49,518
114,103
171,317
98,686
17,801
9,582
13,857
127,649
87,111
46,792
164,783
184,919
179,31
150,34
147,456
133,882
109,458
124,734
3,539
19,955
134,476
105,916
90,689
62,182
134,911
158,538
53,147
88,799
178,206
25,210
79,716
28,639
193,84
190,452
109,935
28,912
197,611
164,749
193,809
45,258
117,483
133,828
87,735
72,950
107,347
183,277
199,401
137,299
64,568
118,633
99,961
113,775
75,354
131,575
178,427
109,267
55,733
180,613
186,399
72,625
171,143
36,284
117,357
99,349
136,867
177,881
59,784
52,872
87,731
131,167
140,771
121,440
51,525
186,689
12,60
71,678
72,128
45,141
23,168
96,745
20,19
114,600
148,549
166,334
116,506
103,202
66,643
135,595
69,28
39,676
62,763
104,676
182,367
32,481
49,351
103,932
161,284
32,839
108,767
114,161
28,725
23,43
138,58
181,514
182,587
198,73
189,907
165,79
167,118
102,809
174,589
119,541
110,370
170,670
185,953
107,842
58,964
100,846
18,218
103,969
37,816
8,282
97,793
191,761
31,539
126,552
114,365
8,49
194,395
113,466
191,210
39,713
151,501
124,465
117,163
194,48
147,197
182,660
82,471
188,709
69,843
156,650
167,261
113,215
144,727
194,618
66,850
75,967
139,761
94,652
93,615
144,602
172,843
64,162
159,655
25,287
32,747
27,232
130,234
187,413
94,499
89,644
101,674
165,82
141,111
120,741
120,42
68,174
161,993
136,787
62,641
10,744
154,154
43,308
198,320
92,95
128,27
38,724
110,702
20,244
77,105
180,663
66,25
14,990
144,403
132,862
96,810
93,933
18,695
22,565
109,826
96,711
40,385
115,238
166,445
28,893
72,739
44,740
152,566
148,232
166,913
85,17
16,443
76,204
111,842
155,948
20,76
80,843
73,491
36,107
176,559
72,4
138,999
6,392
85,283
158,36
154,734
107,155
84,327
120,369
177,102
191,794
112,136
95,232
78,491
76,689
29,522
185,811
150,195
110,541
16,691
85,269
111,765
185,801
99,473
133,790
32,896
172,126
38,238
109,391
144,556
125,331
128,748
31,608
110,283
102,341
130,1
179,559
134,387
155,968
36,161
63,617
43,992
187,786
4,519
11,255
76,147
38,490
130,243
145,727
188,609
149,667
63,230
136,440
74,980
34,968
192,424
17,130
162,221
101,270
27,518
21,732
146,244
8,678
148,888
85,763
34,536
165,93
113,33
3,11
172,621
138,214
185,463
44,580
119,504
189,2
90,290
4,660
154,858
94,99
41,816
155,180
171,301
147,525
117,865
184,210
155,117
8,251
82,911
28,409
183,221
57,715
107,825
146,278
4,112
21,285
140,720
23,183
5,756
74,487
62,128
116,779
190,411
23,151
63,835
68,469
97,93
112,448
51,349
137,960
160,451
66,976
41,607
170,304
58,727
102,605
121,856
186,882
65,70
91,843
23,998
111,496
11,948
84,539
24,739
15,442
111,847
92,471
192,18
40,985
70,885
12,457
96,539
103,60
129,419
188,580
187,74
198,293
83,73
197,984
78,589
35,188
118,999
200,184
112,751
114,910
184,989
27,491
44,668
161,201
25,339
65,350
182,806
45,767
110,581
123,104
49,700
37,466
154,461
32,883
56,946
158,168
73,381
115,90
151,930
66,817
147,950
136,879
186,377
3,231
63,184
177,556
66,3
80,16
30,772
118,66
186,518
105,582
8,563
121,883
94,344
162,714
58,751
79,828
162,346
105,339
5,73
61,378
45,794
133,132
144,717
67,703
149,529
138,652
148,811
2,781
126,917
103,172
191,859
195,469
127,280
175,799
100,105
192,981
195,389
46,94
95,669
166,123
8,70
19,951
137,385
91,314
41,755
153,233
51,719
130,539
33,399
127,576
76,447
45,537
91,796
167,182
57,226
150,786
14,811
55,211
82,850
5,726
82,901
134,828
67,5
115,864
41,468
173,446
8,516
33,549
103,320
185,414
166,812
167,371
97,321
16,145
61,568
155,89
83,520
4,44
157,436
182,313
65,613
13,70
17,24
23,402
171,869
26,639
72,90
12,144
84,800
120,789
125,719
89,539
81,267
35,242
41,526
194,283
93,534
38,699
5,8
177,990
70,598
80,240
102,622
120,151
176,155
140,125
150,872
54,19
23,692
37,2
111,353
144,577
62,85
41,786
86,61
34,544
129,989
89,238
56,895
45,212
39,451
153,68
49,752
132,522
161,334
40,573
161,578
66,171
90,762
176,270
39,393
199,35
49,603
53,505
173,890
120,789
95,799
123,346
28,836
90,361
4,333
24,945
142,507
43,255
39,574
97,304
147,87
76,99
174,236
171,540
52,835
121,291
17,207
102,180
52,240
20,412
140,634
173,783
17,347
51,569
77,313
191,703
88,177
90,688
107,858
96,125
6,904
198,823
11,347
121,303
8,709
37,749
133,672
159,924
125,461
173,31
118,437
170,214
118,294
166,222
63,878
67,828
145,899
62,243
141,997
46,547
115,880
85,969
40,93
31,21
79,844
96,486
64,567
195,374
71,677
189,953
139,943
11,339
197,7
125,488
185,235
26,924
8,196
149,727
65,168
190,11
52,767
166,623
157,636
67,433
108,67
25,417
83,284
190,361
51,275
118,505
130,612
69,269
28,531
94,48
40,474
163,684
65,691
181,702
82,972
164,623
142,29
64,50
164,385
31,729
118,567
19,41
183,53
2,156
52,554
172,553
35,724
15,780
134,859
143,392
146,986
139,144
100,25
156,150
164,684
138,317
189,533
195,682
39,214
176,572
104,733
10,403
60,249
26,359
60,815
51,429
166,342
17,272
31,785
50,713
120,262
146,288
91,388
179,427
134,484
189,273
199,774
103,929
122,88
107,468
149,683
5,636
10,522
122,790
75,358
26,681
128,254
73,848
177,142
30,118
64,774
117,825
185,501
177,436
22,366
134,184
116,564
128,262
114,267
159,816
31,56
11,50
91,780
182,112
102,53
102,766
166,743
128,894
65,96
36,601
186,763
172,812
136,751
12,788
23,971
187,682
44,521
6,121
71,389
120,224
34,916
147,749
165,115
152,510
83,444
109,467
152,914
193,731
120,1
136,911
40,763
73,938
140,914
169,845
168,209
129,760
24,136
17,249
117,523
194,480
188,498
16,94
145,807
9,54
104,528
162,127
100,474
78,794
162,376
112,187
158,839
92,127
98,748
49,70
45,433
137,791
41,354
103,258
34,191
106,769
60,648
2,288
140,360
63,501
172,184
111,383
18,253
19,84
150,69
103,914
187,895
181,211
174,143
79,71
118,153
128,672
32,442
161,331
105,47
19,197
40,200
127,497
45,229
194,52
5,256
135,107
198,217
176,431
104,656
77,289
59,558
196,182
147,191
15,818
135,330
154,861
135,671
181,243
12,922
77,547
76,169
185,33
194,390
199,404
9,996
181,105
67,618
20,738
5,432
5,898
161,66
123,569
47,21
73,212
41,258
112,380
27,531
72,270
174,510
177,771
182,716
121,418
3,732
133,343
49,174
45,255
12,606
94,630
78,146
144,84
32,221
126,176
91,349
3,845
88,814
28,623
115,365
175,786
173,762
147,41
58,599
103,210
74,560
83,197
36,648
187,729
84,323
21,266
34,99
13,910
137,446
36,560
117,113
176,733
80,887
3,828
46,979
128,841
119,777
51,662
33,905
148,326
107,202
59,716
5,169
93,793
120,730
20,613
184,845
76,328
47,98
101,16
17,204
20,933
117,739
173,191
77,153
163,564
105,208
117,168
21,423
122,19
14,259
132,917
67,195
117,961
70,922
33,181
34,613
27,490
44,91
152,472
173,333
18,561
9,144
99,817
68,96
50,835
119,797
120,396
153,361
142,135
71,83
47,284
33,459
25,487
78,261
55,652
90,576
89,959
98,504
83,913
65,777
77,638
74,3
187,103
1,49
154,14
70,630
26,877
128,771
198,515
61,4
28,430
118,912
126,177
81,255
97,547
134,687
108,595
143,390
127,125
169,138
135,219
56,924
121,438
17,445
56,717
43,289
133,943
138,983
37,641
11,638
126,351
81,650
154,349
36,138
52,777
87,788
145,820
154,673
156,100
27,416
53,776
183,136
157,341
45,768
41,550
25,258
32,19
195,314
109,795
128,664
2,166
151,30
12,305
1,662
146,267
194,359
16,916
103,181
62,848
41,994
162,765
190,269
54,106
8,455
91,109
193,41
15,811
56,768
111,716
29,643
154,836
60,98
128,443
157,506
107,246
29,111
159,984
22,168
66,110
2,217
97,853
56,319
116,976
159,329
166,138
10,448
55,350
50,790
143,326
88,104
138,298
189,281
188,607
144,583
63,68
157,641
77,681
47,10
159,490
27,489
145,948
47,775
55,155
113,85
104,582
113,353
199,631
178,635
122,228
60,397
52,192
151,266
8,624
24,146
129,23
70,33
49,142
48,342
127,292
138,465
86,765
162,206
128,572
96,651
117,982
68,352
168,8
76,499
52,30
28,550
100,162
71,596
128,913
18,507
87,845
119,367
72,841
60,282
185,759
15,784
116,467
97,485
126,29
23,245
153,979
119,348
50,429
142,674
14,150
66,690
91,227
106,295
89,337
170,340
113,356
74,452
200,390
137,556
53,104
15,825
146,126
11,848
52,333
14,154
106,934
166,79
130,682
106,889
90,546
126,570
60,673
183,788
11,83
131,731
131,568
115,715
71,88
132,540
168,403
171,941
152,716
24,354
19,857
70,180
163,569
190,596
99,19
93,396
9,490
147,595
165,919
165,620
194,830
198,299
37,419
69,28
78,537
146,911
89,32
180,317
52,862
104,773
179,411
140,280
171,985
148,773
175,749
113,733
47,32
139,301
78,142
38,86
13,751
89,191
51,294
28,625
175,458
141,273
11,941
180,559
159,889
188,840
200,63
122,212
35,924
29,885
41,539
22,545
85,50
144,214
45,326
123,413
187,467
86,755
146,550
180,540
172,957
100,945
132,572
66,658
53,411
5,100
132,216
180,914
43,355
179,253
139,202
32,821
101,790
49,529
1,821
136,255
164,750
90,607
14,162
166,283
39,354
185,123
168,220
56,184
80,375
188,88
118,9
40,817
73,121
142,387
14,124
143,102
199,316
48,4
104,14
154,474
122,530
76,81
136,257
84,806
98,205
15,74
193,147
26,533
68,164
18,996
18,783
189,354
32,136
34,268
48,344
88,730
179,996
195,53
107,115
162,176
38,95
127,44
137,56
103,989
114,883
66,695
48,736
136,467
139,120
48,436
129,621
172,737
166,655
87,437
41,196
38,700
174,621
157,382
25,275
32,718
26,172
42,351
185,974
37,884
199,33
71,335
137,598
27,454
173,914
182,91
7,87
130,760
130,343
11,226
41,149
29,140
88,171
77,962
28,31
63,611
104,48
26,384
105,781
151,133
178,30
31,227
143,725
74,975
69,58
119,337
198,362
156,194
153,62
150,741
190,83
5,440
36,25
130,970
29,279
43,553
74,27
4,865
133,347
154,112
198,323
9,707
70,984
29,312
174,72
154,990
83,819
8,229
137,761
134,192
134,405
199,914
36,167
200,835
80,806
111,401
131,373
155,85
97,698
63,807
64,793
153,109
35,974
167,391
2,210
27,893
23,503
187,166
65,49
153,521
185,527
195,41
13,283
127,891
67,18
3,614
124,471
20,986
110,308
135,266
87,175
101,263
168,311
200,503
186,847
111,795
28,37
158,391
166,570
133,112
192,262
193,150
161,357
69,266
145,115
138,293
95,204
63,771
193,171
52,767
197,419
134,976
48,152
145,579
16,807
165,934
198,236
171,348
8,650
151,465
30,700
43,854
123,187
101,443
17,128
51,995
113,984
64,477
138,712
42,65
101,622
52,899
195,144
39,649
148,189
184,268
85,775
200,95
142,738
65,833
40,809
115,132
145,893
101,55
101,189
149,592
53,621
191,193
83,342
118,147
52,928
92,787
200,673
103,111
179,151
119,362
181,44
46,18
174,611
119,777
137,864
78,185
152,58
101,687
10,301
22,233
29,866
97,346
23,301
156,900
41,810
38,682
187,669
198,480
156,51
194,340
120,728
34,863
117,768
124,668
53,568
25,611
180,232
96,425
165,230
34,809
140,185
58,25
112,469
38,325
134,324
3,466
111,496
12,687
174,305
105,637
137,216
80,525
154,831
44,866
75,46
142,223
92,542
112,469
186,271
3,725
189,694
4,111
141,113
85,576
31,320
164,284
87,858
35,74
170,641
124,497
96,820
118,924
101,855
134,719
79,511
86,695
156,840
95,334
3,676
156,32
85,227
111,368
136,136
23,815
112,619
57,519
137,286
114,583
5,796
68,476
157,879
171,126
101,703
120,741
196,367
12,77
101,58
64,762
18,330
182,96
107,578
152,926
77,674
193,483
121,535
31,883
111,365
133,379
115,470
34,450
113,231
14,611
106,946
57,754
24,894
92,141
10,632
36,147
192,487
134,15
47,497
166,593
71,225
55,875
129,6
175,443
163,897
181,302
168,207
103,764
17,244
188,417
138,91
24,84
144,401
187,854
78,854
198,217
92,149
33,35
26,602
155,676
181,855
178,849
70,712
13,148
87,667
22,910
13,925
176,938
126,140
163,520
70,809
99,965
146,608
198,983
60,331
42,562
138,116
58,115
180,544
156,32
15,803
187,955
64,635
62,947
161,558
97,957
98,954
163,602
57,330
86,97
105,235
151,110
7,508
163,542
108,722
121,387
73,747
193,962
53,352
94,725
158,327
129,494
160,371
113,333
83,803
148,942
64,393
14,379
137,884
73,576
159,312
55,200
138,218
44,921
96,588
156,980
67,963
164,293
120,153
87,732
49,524
108,296
115,571
140,556
35,182
1,519
79,783
109,92
7,59
184,956
173,570
75,370
152,249
78,567
16,47
27,661
175,144
153,287
185,665
96,566
67,340
21,79
35,338
166,22
109,188
146,999
186,371
172,836
114,695
75,247
118,5
100,140
131,236
48,540
198,826
73,825
99,743
153,545
33,179
68,199
98,639
76,144
176,66
96,961
149,112
91,591
174,383
83,647
66,632
156,189
165,96
10,5
58,843
42,663
190,156
173,910
125,956
7,989
106,101
37,221
139,105
168,671
9,771
143,538
145,948
2,829
74,346
156,762
76,132
132,826
84,116
164,174
114,685
133,482
105,387
8,404
28,105
129,917
77,342
5,603
161,852
107,512
21,610
46,1000
192,31
181,570
3,996
190,678
68,481
28,889
197,80
100,772
127,920
99,479
114,31
153,686
9,978
75,322
153,559
127,613
55,94
165,526
18,506
49,751
46,533
183,241
32,533
137,385
28,75
34,214
76,410
121,740
190,3
17,30
54,75
90,262
175,679
39,718
87,599
198,414
73,720
125,543
147,332
150,570
32,201
14,594
85,932
73,994
113,365
141,619
55,721
50,420
132,508
192,71
52,103
125,998
1,217
31,601
149,515
97,438
95,411
143,853
54,280
74,409
136,952
82,822
43,717
30,253
98,983
103,113
149,664
58,133
187,25
144,224
90,842
19,958
172,559
33,639
72,63
29,727
117,571
125,137
9,581
181,942
20,527
86,592
143,16
114,185
108,985
100,745
54,532
85,903
67,128
170,418
170,681
181,527
173,178
145,306
43,927
171,344
79,445
70,56
150,841
7,620
87,915
38,755
32,868
71,690
111,148
153,498
4,942
100,968
103,146
15,462
2,59
40,937
26,984
100,856
80,495
199,459
122,85
18,917
130,551
135,177
13,892
114,817
41,177
114,647
115,624
51,24
68,196
149,664
40,11
58,121
106,440
21,320
141,620
37,526
90,346
67,52
141,909
152,985
135,736
98,738
10,586
163,717
98,762
162,927
37,694
80,972
44,586
6,67
51,6
143,231
108,582
30,720
4,485
56,309
195,731
56,926
112,550
14,141
145,98
20,269
127,552
19,643
168,467
119,647
114,415
99,531
37,183
199,482
165,688
110,704
97,482
193,65
190,939
7,772
154,226
143,775
187,387
112,896
156,508
72,108
117,447
18,337
104,496
41,726
129,956
156,943
67,798
185,716
88,403
40,616
119,711
195,888
26,337
30,85
44,573
87,68
129,249
163,584
7,118
185,146
7,984
7,12
158,925
29,979
152,774
82,312
114,557
153,566
22,622
30,415
175,165
67,643
160,497
66,658
173,320
194,937
183,252
2,383
171,862
43,251
74,557
187,609
57,637
192,624
36,529
132,487
112,420
125,808
73,346
48,718
138,249
189,263
68,715
145,518
188,742
90,783
125,731
197,491
129,786
191,168
93,71
132,140
188,790
21,359
184,43
95,911
26,813
129,398
154,613
95,81
104,526
5,59
68,91
6,745
137,232
159,864
104,184
194,143
104,847
77,736
84,461
156,365
65,580
72,504
178,581
183,23
93,135
55,632
111,380
45,337
155,970
4,994
12,662
146,851
184,573
45,728
80,751
71,713
81,787
10,435
72,28
172,215
21,860
157,82
25,469
142,591
83,483
162,189
125,213
45,612
122,542
105,442
159,263
8,950
177,686
72,26
144,157
25,417
134,356
33,217
84,507
2,350
45,900
156,372
108,343
109,804
178,373
78,639
1,536
157,729
131,350
63,70
157,722
123,834
73,877
20,343
110,483
118,895
128,637
36,260
23,957
187,367
172,84
78,8
34,355
51,87
102,678
69,549
193,133
3,398
22,994
132,834
135,517
162,655
158,585
197,504
57,791
101,552
165,44
108,402
108,99
17,387
28,392
82,573
20,347
66,28
147,488
6,906
51,865
116,190
149,642
120,439
169,979
89,745
9,504
50,479
183,975
159,925
185,527
136,985
23,882
97,304
14,379
81,508
142,516
96,142
161,971
105,832
74,565
200,776
21,144
69,345
73,850
117,773
103,510
49,978
183,275
83,559
173,711
70,311
49,123
32,377
108,709
5,596
37,254
161,878
29,586
27,634
78,517
196,111
86,447
150,986
72,622
125,152
176,700
151,542
158,864
93,164
25,202
57,984
77,956
81,96
90,662
40,482
189,957
104,44
195,220
33,561
76,138
197,831
26,172
90,866
169,94
139,441
29,316
12,936
25,19
156,983
121,705
40,154
100,884
66,120
130,682
80,256
180,489
74,461
24,94
199,668
46,827
64,551
196,500
101,353
44,821
160,399
118,763
166,227
72,935
133,713
127,589
28,959
120,251
167,80
89,962
153,334
133,813
23,32
184,904
185,268
146,362
110,71
176,664
12,292
133,823
137,780
48,790
11,399
168,710
82,832
127,242
78,848
152,481
132,304
105,285
25,393
187,39
61,241
114,800
90,777
197,704
4,808
126,106
197,438
159,944
41,806
147,833
59,917
54,802
58,168
20,86
43,14
111,757
35,62
57,188
150,59
72,564
152,916
12,100
111,155
30,713
19,926
131,358
72,326
89,995
114,223
127,976
138,960
120,814
82,497
85,855
14,917
73,365
1,951
3,151
98,395
160,19
90,465
173,737
22,994
168,575
123,347
54,998
99,905
20,968
79,331
149,825
146,306
144,411
111,275
104,454
167,682
127,21
77,244
152,134
136,482
55,75
176,281
75,307
113,758
109,82
157,273
52,196
127,854
131,794
87,407
72,67
16,231
120,988
192,805
95,107
134,855
78,202
52,888
90,611
145,988
106,815
99,999
101,359
25,677
72,283
148,638
79,505
13,524
111,837
54,180
117,802
31,748
50,664
13,585
174,441
81,435
83,640
60,52
176,49
180,924
157,654
91,45
181,308
127,998
117,56
6,177
76,304
175,570
129,478
11,3
148,526
68,264
12,435
80,71
41,189
66,959
74,819
175,289
187,848
150,667
164,898
50,622
113,353
192,605
174,387
153,944
157,368
182,470
16,874
43,430
3,140
17,622
78,93
62,777
80,396
42,169
101,882
52,730
153,758
135,24
128,427
33,2
70,436
79,957
35,385
36,115
164,882
47,481
12,92
95,350
52,635
69,927
172,598
181,190
114,928
147,566
133,133
132,171
126,598
193,663
33,630
177,549
106,350
98,308
174,892
169,480
83,138
56,862
89,664
166,655
44,515
166,260
86,754
27,634
149,473
184,41
124,191
60,905
94,886
4,545
34,635
188,431
27,628
161,430
99,831
179,107
30,335
88,147
21,743
103,580
151,942
36,68
68,816
149,656
85,952
39,636
138,136
180,571
13,540
182,655
107,465
114,625
1,869
62,652
6,734
80,913
62,261
2,485
187,236
14,109
81,723
30,513
199,565
61,299
11,558
67,499
119,273
74,161
21,726
121,502
20,31
171,367
118,285
123,611
189,929
102,510
34,559
169,301
129,750
169,162
148,460
61,35
179,65
96,868
181,414
22,538
21,581
116,453
150,522
114,500
36,100
165,240
102,765
110,690
166,794
105,564
198,531
115,402
171,156
193,560
18,44
104,66
61,953
51,556
155,277
26,28
180,85
2,394
162,782
40,364
174,728
62,260
118,48
147,630
186,620
50,625
113,139
124,123
56,840
67,674
136,48
138,554
140,838
186,913
198,570
15,495
50,666
175,386
178,195
79,375
129,976
193,410
44,942
138,401
57,639
193,520
109,193
84,101
84,453
127,709
51,506
150,221
65,840
44,275
165,688
49,834
158,858
58,844
30,13
20,11
133,447
75,113
158,895
126,114
112,724
154,941
128,627
114,791
133,578
189,834
80,192
58,66
161,704
160,983
21,226
2,837
93,19
61,103
19,808
111,379
191,734
94,455
100,362
75,367
129,452
128,959
135,758
30,331
50,908
163,750
71,490
130,809
22,682
150,400
7,641
196,788
185,27
125,229
149,272
15,90
198,544
35,811
88,385
77,117
6,863
166,860
188,520
191,14
82,918
184,55
52,78
67,286
99,452
160,929
72,1
23,778
30,128
29,968
18,57
152,254
136,329
113,665
81,661
120,314
124,443
61,718
49,20
135,295
18,936
37,674
188,793
5,350
6,678
110,296
76,535
189,649
98,180
8,402
137,791
114,431
190,979
106,267
72,777
124,364
75,547
52,287
80,621
115,60
46,376
44,908
124,859
183,344
151,45
146,360
163,911
152,888
143,631
65,385
18,106
141,378
197,791
65,678
177,352
5,743
32,756
71,316
169,697
160,348
110,922
38,373
105,937
37,872
165,519
104,486
6,367
78,117
13,709
83,480
156,883
81,129
150,148
93,212
191,437
103,740
98,455
171,663
127,166
155,809
95,710
53,927
63,848
144,470
162,674
125,236
64,940
180,637
99,494
25,62
31,389
181,834
182,721
74,902
61,615
192,411
190,820
105,635
92,886
135,87
159,312
138,835
147,435
164,926
102,643
143,968
117,2
195,263
24,795
56,67
21,323
90,205
118,973
7,680
171,754
72,1000
109,910
73,441
42,573
24,330
104,794
27,343
111,958
36,262
96,719
177,911
22,209
158,21
49,805
62,402
115,212
28,663
150,466
90,694
134,155
25,981
167,823
166,76
163,379
74,513
10,842
65,860
93,349
11,679
117,465
122,146
72,20
96,483
141,190
53,100
68,58
38,56
82,494
82,131
46,873
151,832
107,804
141,625
185,540
90,280
159,228
198,532
43,929
86,680
148,725
119,184
190,360
174,327
193,766
79,706
176,26
76,243
199,998
11,468
40,25
105,833
26,646
50,674
168,91
117,495
151,334
2,650
96,144
15,923
98,314
139,420
193,149
120,796
49,896
31,449
36,281
183,222
107,25
34,233
105,180
179,451
187,750
38,615
194,461
102,450
90,104
70,985
41,47
7,414
94,206
120,256
73,85
128,910
39,893
111,515
22,100
128,719
11,972
54,145
174,612
162,985
139,443
180,316
121,473
114,413
86,784
56,658
200,710
175,624
35,716
101,500
151,220
79,818
27,154
70,802
65,573
34,797
28,197
100,564
118,64
40,790
94,33
129,156
19,242
16,337
92,888
182,678
89,672
143,690
138,186
111,379
78,226
72,855
188,176
189,117
151,50
169,11
123,862
27,521
159,227
31,825
180,547
175,721
130,480
181,445
177,349
6,843
190,685
199,328
144,703
199,391
166,224
97,1000
182,115
102,181
58,506
151,94
58,410
165,327
186,716
199,103
141,585
31,689
25,512
166,702
57,911
69,848
57,866
182,870
4,974
185,286
78,662
6,532
179,673
161,998
5,772
169,201
135,395
114,961
51,225
61,957
8,566
26,758
162,72
146,30
83,640
57,402
115,636
69,982
64,380
145,537
96,947
78,706
67,813
187,868
73,895
177,479
165,897
44,657
134,341
129,105
31,51
192,48
121,738
96,515
137,308
96,463
166,963
84,387
47,915
58,726
37,88
67,830
68,748
41,741
162,52
93,796
99,457
76,904
158,435
100,732
185,435
192,297
115,686
184,678
113,1
19,522
148,227
16,108
125,217
82,663
95,19
82,522
121,650
78,336
79,741
47,64
178,587
162,928
119,376
110,356
187,186
173,961
64,73
106,375
124,187
183,517
158,912
27,439
28,46
97,92
117,722
141,42
23,596
44,362
178,387
184,765
186,103
117,877
36,12
184,292
47,110
143,637
138,198
125,793
32,952
94,589
170,496
103,860
139,919
73,659
169,597
52,843
43,145
75,513
117,713
134,733
150,157
1,804
93,79
122,52
13,841
186,536
25,929
10,538
11,663
77,471
7,379
31,894
152,567
141,271
112,786
190,786
127,849
147,110
35,326
47,501
133,503
38,237
79,435
129,445
14,257
187,284
157,96
107,789
48,504
51,989
1,340
158,1000
101,455
169,616
95,476
167,409
191,939
171,725
56,143
63,689
46,830
69,476
38,580
185,802
62,999
172,203
147,48
27,413
150,747
157,197
89,626
111,731
57,766
16,518
25,836
180,24
126,618
109,757
157,613
55,395
28,556
42,762
128,236
170,765
116,610
11,918
158,230
137,885
69,470
146,894
35,94
53,162
88,996
62,525
57,913
78,471
76,691
14,415
133,139
36,420
120,951
169,391
4,643
31,724
101,15
101,462
160,753
147,403
38,376
135,876
166,544
174,426
34,83
133,703
91,312
37,284
62,175
138,562
114,5
73,316
57,414
102,106
21,933
99,414
65,75
188,436
160,254
106,838
97,162
136,420
117,361
110,157
186,81
128,737
111,877
81,517
157,309
71,209
96,183
87,830
156,148
174,779
5,279
8,745
26,461
183,330
122,220
39,41
3,192
85,651
31,598
140,667
7,41
116,136
6,956
86,765
86,952
199,80
195,850
80,761
120,679
41,989
121,669
123,111
167,932
81,12
56,339
98,791
5,644
51,904
154,739
47,722
181,302
115,347
51,53
152,770
78,682
32,145
50,824
186,349
168,515
185,485
177,524
102,469
108,177
66,134
171,953
129,908
127,706
65,656
48,372
21,650
197,232
69,609
45,607
132,244
195,245
130,924
120,360
72,592
191,384
147,700
166,476
109,480
7,945
186,917
189,270
8,877
103,719
53,49
94,167
169,825
189,674
143,742
26,189
182,252
104,69
84,924
15,118
162,463
146,33
89,503
25,647
5,804
48,218
31,614
43,330
59,334
94,584
16,377
179,89
168,288
59,123
55,662
141,640
137,712
14,234
96,323
7,657
17,94
47,139
165,496
59,676
4,605
160,186
8,477
31,85
32,236
194,712
105,693
5,142
39,858
160,432
118,916
165,655
93,921
82,644
146,357
108,180
114,497
83,887
184,441
123,987
91,979
184,246
59,548
93,910
195,645
57,866
146,793
26,266
132,226
27,117
54,679
173,863
123,332
29,881
81,509
39,650
171,366
33,865
53,304
97,707
81,613
35,164
145,812
78,31
2,627
62,871
27,102
85,574
65,549
95,954
49,220
36,795
52,572
73,635
189,557
80,967
137,191
58,452
139,654
73,871
104,130
45,365
176,452
93,528
99,990
8,804
103,699
9,957
41,589
64,978
22,95
17,412
6,33
110,194
22,533
137,326
171,404
192,292
112,112
124,704
105,304
103,927
188,475
63,7
10,44
117,539
179,549
136,90
185,667
157,873
36,850
112,210
195,983
199,975
14,790
34,26
113,244
109,992
27,301
155,78
165,930
131,750
49,344
120,947
5,168
143,809
135,91
121,102
147,499
171,727
150,57
75,447
12,872
58,266
73,994
57,455
91,552
26,703
121,412
200,903
67,838
181,499
121,838
155,1
102,466
180,711
133,149
83,392
106,186
20,679
58,213
31,758
186,559
187,316
141,31
42,589
200,531
63,766
119,376
186,264
28,603
156,233
103,397
106,949
195,67
32,454
162,619
99,935
35,599
156,794
71,821
145,315
160,125
185,712
55,830
100,523
71,278
28,661
109,550
3,372
106,738
195,222
9,121
18,81
20,288
60,854
152,989
40,175
122,133
198,224
84,189
61,558
119,257
58,431
62,931
130,609
118,874
63,55
33,224
181,936
135,238
42,867
181,245
44,980
89,781
47,807
102,492
93,513
185,795
104,637
47,220
79,187
163,5
155,781
125,1000
140,189
136,103
170,30
63,620
43,881
2,156
160,860
120,737
120,656
84,958
189,522
177,243
23,165
72,649
92,904
41,476
80,405
33,218
61,954
52,849
121,252
57,31
31,760
54,842
82,467
166,253
60,546
17,463
195,628
165,380
83,775
171,370
197,938
127,42
130,693
22,780
192,727
169,624
15,588
99,361
33,381
138,339
160,745
37,317
146,289
34,612
3,261
6,285
169,345
63,754
112,461
163,563
154,774
96,428
69,576
39,180
60,199
171,826
131,729
27,849
6,45
129,644
6,7
138,83
175,882
180,203
123,285
118,527
131,791
119,5
73,222
120,968
35,773
83,98
170,458
75,311
44,538
62,480
58,561
183,630
9,232
167,837
131,993
112,423
94,265
62,697
16,585
188,500
183,998
178,405
91,137
160,550
31,693
187,52
117,352
176,11
138,54
127,808
11,167
78,256
18,253
155,935
129,929
141,900
191,11
176,837
97,488
24,150
182,418
7,207
191,305
16,445
86,558
160,655
81,200
129,740
39,611
146,233
182,577
19,540
19,880
185,965
168,830
190,506
109,469
58,640
32,242
129,913
1,940
130,562
121,573
45,143
193,879
91,854
114,543
50,311
47,53
103,882
1,31
84,595
139,32
111,713
147,109
34,325
156,582
46,927
78,395
107,785
56,537
136,192
33,324
22,343
90,337
108,662
135,690
39,870
11,954
135,580
8,739
18,813
123,974
156,57
101,132
176,213
139,560
66,813
121,290
1,68
124,866
85,733
185,119
180,512
62,848
104,317
182,375
132,95
3,805
101,631
140,920
106,257
76,828
152,940
104,643
142,609
101,844
98,438
145,426
188,685
88,604
119,906
73,364
196,398
50,245
171,419
148,537
113,210
177,299
141,562
53,718
40,64
87,813
51,251
171,378
9,420
155,920
12,644
162,361
124,374
39,895
10,778
136,952
8,802
164,229
142,932
78,108
23,555
31,260
200,164
136,757
185,32
9,847
171,333
44,554
165,433
196,103
122,347
152,580
50,374
187,850
137,609
83,425
3,46
120,36
191,454
181,304
43,977
186,212
37,687
68,950
117,881
187,320
55,841
82,939
58,476
43,804
125,344
158,25
106,692
196,959
39,748
140,655
145,546
192,764
60,370
195,563
13,946
34,261
138,663
195,523
178,1000
70,127
104,549
107,877
173,686
197,844
154,651
147,738
152,321
13,490
77,21
83,109
181,343
116,741
189,298
36,899
17,506
13,677
174,527
17,485
184,885
156,676
87,109
58,252
188,502
31,916
118,619
103,468
102,63
83,387
128,85
72,968
139,75
173,515
65,644
175,886
139,306
145,854
78,824
92,638
27,236
144,913
29,925
71,340
177,763
182,367
129,616
100,983
26,319
33,464
95,517
77,910
8,840
28,901
23,467
167,79
24,421
107,654
7,685
31,1
177,4
162,25
129,769
154,584
88,25
155,461
75,946
96,287
200,207
11,627
124,120
3,542
75,259
184,137
141,322
58,844
40,514
31,658
187,15
25,908
119,150
10,592
1,89
9,398
11,564
101,269
55,366
57,949
178,686
18,741
109,649
163,723
90,645
22,618
76,848
27,183
51,446
188,604
57,503
33,590
187,809
53,690
90,504
154,426
10,547
32,730
27,844
111,174
32,604
116,101
88,856
72,442
110,551
89,352
49,536
178,97
172,254
55,760
15,662
16,342
164,997
32,605
115,457
24,333
189,984
108,772
139,714
98,294
119,295
117,246
66,876
125,670
117,804
136,164
68,279
31,684
189,547
189,792
75,75
167,783
194,418
170,569
117,77
177,165
145,431
46,644
61,136
172,310
126,718
47,512
155,800
78,676
122,812
78,795
53,703
197,687
155,632
169,250
197,283
105,972
156,467
48,633
84,538
128,990
48,335
115,566
182,868
3,660
17,246
52,952
197,339
73,616
194,795
129,619
176,777
55,184
147,452
81,745
8,179
116,809
181,541
5,295
88,394
190,599
86,839
158,317
80,211
169,485
129,251
60,407
29,573
9,561
71,448
109,26
46,229
114,48
162,6
2,692
131,289
70,750
75,231
53,283
193,258
31,297
35,202
113,872
88,554
198,850
77,215
176,891
47,483
163,21
120,948
57,3
96,532
70,243
12,724
175,619
48,65
96,504
88,505
64,703
80,722
141,915
108,654
56,610
28,727
137,285
143,589
114,140
20,323
152,197
109,774
24,668
105,779
111,655
160,948
55,410
174,703
11,44
19,292
66,603
76,1000
15,933
72,359
165,715
57,78
85,35
77,15
137,698
3,22
143,638
54,780
199,609
171,812
21,640
97,149
161,989
132,42
22,778
2,380
157,387
41,577
89,467
117,959
192,406
10,399
61,791
20,549
70,869
10,340
37,987
112,644
93,331
169,124
152,877
129,89
120,150
73,54
108,557
19,822
15,110
151,331
146,787
152,893
151,473
112,47
176,598
53,107
72,729
171,916
104,944
168,114
151,905
177,413
139,615
150,887
3,532
79,304
51,182
132,852
10,886
108,59
139,991
82,183
19,81
54,82
104,767
141,606
13,345
189,352
39,895
96,938
10,413
5,317
140,72
98,935
145,777
136,688
167,55
165,457
135,445
151,687
200,79
46,381
128,545
31,924
64,558
116,412
156,444
54,301
39,986
114,913
69,808
162,146
41,190
36,21
167,237
115,709
20,732
121,41
52,602
181,521
183,766
115,901
188,32
26,388
140,561
90,610
43,888
101,35
85,12
64,361
14,569
117,945
122,976
187,697
187,24
90,836
179,837
59,954
7,820
149,494
146,594
130,176
115,564
94,146
51,345
161,745
43,278
151,649
110,808
91,77
22,760
138,197
73,692
141,302
77,916
190,694
167,351
101,956
163,549
81,136
130,721
97,606
24,4
4,299
187,390
126,958
12,717
134,800
64,334
193,305
123,260
11,60
89,956
63,184
23,972
152,393
35,44
142,264
88,971
168,455
177,961
191,666
171,961
38,589
181,48
73,725
7,651
74,836
88,87
155,300
128,629
77,554
34,270
146,15
199,57
73,138
21,936
117,859
42,313
199,207
173,774
128,261
43,272
172,730
115,110
100,269
158,370
9,660
14,801
62,752
173,125
120,866
176,628
125,56
116,36
133,103
84,32
144,72
23,706
45,246
23,551
160,251
160,874
131,588
8,553
156,276
150,985
127,952
189,686
120,396
170,231
151,739
85,629
188,448
105,364
112,206
65,277
140,200
17,774
125,850
73,54
154,234
147,673
169,878
160,43
52,135
27,696
137,344
73,182
128,173
4,794
58,622
60,768
158,902
81,647
75,649
1,667
73,148
5,706
70,43
32,937
76,723
129,310
110,629
71,621
83,158
188,341
146,8
5,839
19,62
67,288
4,989
85,672
152,281
14,21
14,308
79,73
164,426
132,798
181,541
26,816
152,501
19,470
74,43
123,542
149,756
48,434
197,282
129,326
126,807
110,311
123,547
27,493
188,763
60,623
2,920
101,860
49,210
31,438
172,721
66,814
164,927
73,389
197,936
52,273
39,244
54,294
21,263
157,362
183,245
12,384
96,8
44,957
140,855
78,206
64,546
100,115
25,24
188,362
73,875
111,537
141,782
30,771
17,347
10,428
83,478
100,185
103,861
167,127
53,464
147,487
192,146
17,239
27,836
51,347
120,296
193,224
44,507
191,237
151,77
11,967
199,223
20,48
68,234
105,379
98,515
183,977
101,401
149,306
91,9
175,25
41,282
184,413
154,363
69,549
65,540
69,143
1,595
126,410
95,17
145,36
133,580
167,613
200,258
120,116
3,862
35,130
83,665
66,506
127,770
75,570
111,305
80,519
163,63
63,886
28,702
152,487
165,556
164,797
162,898
63,326
152,320
68,420
3,627
190,135
110,441
60,946
72,187
18,964
46,887
4,926
61,797
45,151
138,468
77,423
171,630
24,84
129,589
194,927
65,21
12,313
21,525
126,131
22,775
175,382
19,114
80,280
18,393
148,427
107,790
168,599
75,533
151,354
110,896
101,475
28,555
197,28
137,569
133,674
69,257
103,428
88,602
9,881
191,422
187,924
2,244
131,74
88,824
94,792
159,626
73,695
6,714
20,200
14,335
179,974
39,271
199,863
140,269
78,686
55,453
31,723
121,657
165,105
137,91
55,108
44,204
196,7
42,374
86,797
94,755
71,759
36,134
19,72
161,738
120,203
88,222
119,173
118,387
168,391
11,918
26,619
195,23
90,367
49,393
3,319
101,666
19,158
141,568
184,41
196,443
167,998
87,891
37,61
17,525
186,883
139,42
46,36
169,342
137,981
167,19
99,78
180,761
186,881
151,674
121,791
139,689
174,785
106,943
116,696
138,875
84,768
74,619
59,396
118,582
175,479
24,521
91,46
31,522
55,924
161,613
70,92
25,846
143,169
150,911
61,892
141,640
57,196
80,531
23,65
37,309
61,53
94,656
161,303
37,780
139,797
169,698
32,929
186,615
3,587
166,686
195,750
160,62
189,734
157,977
40,514
154,680
90,171
59,897
143,137
31,331
52,537
76,358
15,500
104,672
151,452
186,41
21,894
13,215
46,756
50,718
185,922
9,947
18,337
32,660
119,598
91,315
200,374
59,922
50,702
76,285
29,639
178,47
178,203
42,236
135,637
57,172
196,352
81,480
123,215
185,754
161,422
12,569
31,212
53,908
75,196
159,328
31,454
178,539
70,665
185,802
142,587
156,700
128,322
26,827
97,747
67,31
153,478
152,533
137,599
23,224
146,946
129,331
55,83
193,71
171,253
68,52
16,267
167,865
189,634
120,788
175,311
130,684
83,606
200,718
54,926
148,763
76,317
83,565
40,952
192,503
26,297
159,210
99,496
13,313
184,640
37,978
130,270
137,375
152,631
130,276
102,629
62,897
91,548
125,619
63,483
170,883
70,203
71,622
95,399
81,694
92,35
23,83
89,675
140,552
86,975
182,717
96,22
111,258
187,347
136,660
136,467
42,938
111,283
114,519
13,52
121,128
183,639
143,195
75,47
188,988
138,334
34,700
41,601
49,9
48,367
196,230
154,516
23,149
81,709
63,340
45,603
165,975
186,3
163,762
63,647
195,133
91,344
148,789
118,937
79,278
43,733
192,886
91,486
93,541
44,382
62,184
28,879
100,399
120,755
120,924
65,632
51,233
28,613
13,756
194,141
63,738
68,244
102,741
4,478
187,417
130,366
40,604
64,300
89,158
86,499
98,445
108,283
63,599
48,364
103,509
107,714
180,905
9,573
161,618
109,67
62,61
113,416
52,347
182,133
168,311
159,257
153,911
145,969
185,363
77,504
70,201
92,800
23,815
17,960
64,984
34,636
119,838
61,471
101,237
115,822
72,423
68,714
69,277
136,171
35,863
5,106
200,799
142,497
177,265
82,719
11,786
74,835
104,919
17,316
93,781
89,454
171,882
45,612
16,89
176,133
177,124
10,33
88,820
153,556
159,176
180,957
164,468
93,900
26,51
76,170
131,723
200,309
32,862
31,20
25,854
144,206
143,502
31,977
186,868
91,525
67,432
100,502
102,517
171,7
162,13
97,863
39,337
70,810
160,265
50,790
85,68
155,61
125,216
136,984
199,670
171,184
32,340
30,811
49,885
11,640
103,834
77,271
77,79
168,540
81,835
140,879
146,318
10,623
117,405
147,608
106,486
108,962
189,723
136,197
173,332
190,797
30,104
57,649
160,675
115,92
131,169
154,192
7,887
31,118
54,74
198,57
186,842
19,831
191,646
76,406
91,500
127,319
51,934
113,386
110,602
24,756
88,649
121,132
143,695
46,149
179,186
138,88
168,147
89,469
79,164
76,616
83,123
111,878
172,937
30,541
12,229
79,535
43,157
37,598
79,308
4,840
109,224
179,328
100,610
54,765
68,738
35,80
58,304
39,606
64,152
34,630
126,557
116,68
146,683
35,623
106,80
63,446
156,277
167,715
99,47
75,773
146,846
62,688
6,51
126,862
73,597
87,517
20,941
195,960
68,945
183,928
147,964
123,670
25,894
107,248
61,433
50,88
30,292
93,481
92,568
163,831
3,707
73,569
108,324
24,379
25,4
16,312
29,830
162,758
120,876
198,442
152,107
131,830
102,690
158,405
122,712
146,904
159,760
9,952
24,291
75,910
196,922
55,978
62,683
68,705
12,704
134,888
200,684
188,814
45,50
146,725
113,72
114,935
197,815
49,605
23,860
29,875
135,278
73,157
196,75
105,265
65,829
145,544
93,685
3,146
122,591
170,515
177,972
126,360
161,114
195,820
164,462
192,66
81,552
119,590
67,249
101,907
4,960
116,900
39,924
180,873
69,704
133,668
137,180
100,486
75,271
172,343
77,767
28,860
16,810
155,527
76,836
47,304
166,534
166,258
191,366
70,532
60,140
56,540
22,995
172,739
166,494
104,333
36,915
92,98
169,237
146,427
78,848
13,730
28,818
39,38
174,566
103,560
44,186
130,827
67,454
148,899
143,645
105,310
189,223
190,553
23,616
186,718
32,598
83,122
14,43
151,587
181,686
108,253
66,118
95,804
52,214
47,535
98,423
44,959
16,127
108,160
118,219
102,768
151,37
79,747
119,236
2,763
158,115
116,333
70,410
126,820
140,118
180,960
104,857
157,964
44,585
133,130
193,350
75,910
157,150
42,746
6,413
195,426
118,892
176,929
165,145
67,362
113,992
183,576
53,804
180,884
81,942
86,848
108,765
100,497
108,192
8,468
134,771
59,966
196,48
90,113
196,230
54,14
30,989
150,194
180,998
23,734
182,817
156,209
151,595
5,738
109,95
69,319
182,561
161,205
149,696
96,350
63,752
145,524
47,478
152,678
142,826
159,36
169,320
148,835
161,119
21,166
26,955
84,648
54,742
21,529
90,585
4,843
10,981
32,587
30,821
54,821
14,159
45,292
183,618
119,424
44,161
25,189
159,50
103,937
99,601
174,947
46,152
125,943
33,44
23,977
93,999
106,924
29,998
110,323
87,528
37,500
148,137
46,853
76,778
17,9
150,568
19,464
100,964
69,764
174,95
123,202
161,391
113,646
4,771
172,877
101,88
77,958
49,154
140,101
179,93
70,617
29,97
173,898
102,661
164,905
147,511
136,208
22,813
73,880
41,958
151,579
1,210
40,52
38,7
134,59
154,655
82,937
85,828
171,890
91,346
37,60
121,821
9,391
45,898
194,187
118,852
120,86
58,989
170,823
174,23
37,316
109,155
9,395
5,833
20,48
34,917
58,535
64,731
177,920
146,503
177,311
131,664
75,874
77,713
70,599
149,251
40,1
118,457
164,777
128,46
7,602
60,228
71,196
53,411
66,235
51,636
17,515
5,398
130,959
175,916
122,152
96,54
26,544
17,470
110,352
146,122
144,779
52,350
10,670
58,862
31,202
161,440
20,127
84,684
31,241
90,255
199,104
195,849
178,654
128,553
122,797
31,942
34,456
144,475
192,621
34,220
134,990
83,740
24,248
155,40
31,247
169,563
182,420
32,735
197,599
168,932
174,591
23,287
4,371
179,979
147,285
117,697
10,184
62,45
148,401
4,304
181,295
83,959
131,542
35,962
161,734
29,662
59,555
184,668
87,166
117,220
86,845
121,532
98,846
82,454
142,605
4,243
72,958
75,674
100,826
190,829
9,940
73,963
91,666
194,236
198,928
54,868
197,229
111,142
93,486
26,888
107,82
26,299
26,529
57,55
198,633
193,577
99,992
77,507
105,213
8,547
173,987
32,265
194,6
121,410
18,549
39,211
71,30
33,115
29,891
38,706
112,816
61,186
122,703
117,166
39,458
198,627
53,827
183,997
95,556
97,988
90,921
86,296
133,791
29,735
135,711
188,682
163,184
132,577
27,422
146,8
190,810
59,626
24,267
191,715
105,386
113,648
90,568
173,591
168,86
187,772
93,531
96,99
28,886
72,673
117,893
111,595
81,54
177,783
86,180
10,835
191,876
72,452
173,790
146,136
163,912
81,147
64,691
94,764
161,212
149,226
19,610
75,221
142,682
86,804
39,593
42,292
82,25
94,180
128,912
87,15
178,608
133,330
66,5
185,156
49,464
11,587
71,383
30,214
139,781
29,163
195,773
142,773
177,984
197,98
32,312
11,990
103,731
77,938
25,226
138,128
26,491
35,108
114,92
185,714
115,218
128,464
48,840
8,741
147,210
168,880
170,858
117,917
49,410
117,526
73,315
35,321
65,309
75,659
131,352
16,292
188,57
114,528
154,679
83,677
29,171
90,770
137,509
71,156
187,206
165,935
77,655
144,382
184,513
109,285
1,489
44,54
128,668
165,825
45,376
101,861
115,711
131,321
36,773
178,947
86,393
148,261
130,571
76,350
130,814
6,46
14,519
73,382
106,510
191,369
122,324
83,246
33,636
55,825
28,235
44,1
53,620
170,260
107,176
35,447
4,513
5,134
91,886
18,166
168,355
191,656
113,570
50,991
100,166
64,220
94,508
150,476
38,736
97,600
26,164
197,774
111,171
170,691
95,779
175,762
142,445
143,889
176,157
121,348
50,893
48,189
31,403
74,371
16,62
1,543
11,181
151,872
15,218
14,225
72,444
89,7
77,535
58,97
77,543
172,654
137,391
129,440
150,376
13,322
119,705
105,262
172,246
96,328
99,405
16,888
114,73
169,991
8,761
128,810
101,775
78,488
137,384
9,86
144,523
163,942
177,468
24,516
14,856
89,24
107,666
28,171
107,475
47,433
167,303
112,336
80,598
145,266
172,22
81,703
75,638
103,595
35,944
33,330
176,774
37,893
178,187
91,651
47,532
9,484
105,885
86,771
59,662
63,396
35,841
101,99
172,624
152,304
184,789
87,704
116,353
86,40
67,615
169,46
134,812
43,440
53,124
128,133
39,196
174,523
52,770
41,470
94,931
63,157
182,593
191,298
149,416
27,180
152,291
137,193
64,372
193,95
146,344
141,622
7,7
164,911
160,931
18,451
95,468
147,375
127,591
160,264
116,73
160,830
154,237
9,943
164,142
175,867
167,365
12,847
143,928
87,923
110,944
18,462
131,354
107,781
175,323
125,752
112,904
43,537
50,994
140,408
113,858
180,694
132,640
138,667
108,843
124,237
40,827
45,995
109,844
81,66
133,470
47,979
189,784
126,956
22,447
13,934
187,919
147,408
3,341
105,589
165,903
33,820
153,106
91,417
75,722
60,98
27,349
57,494
159,281
52,224
106,82
63,877
47,894
154,546
130,955
169,954
117,187
60,616
82,357
189,641
45,936
1,655
132,839
154,623
178,89
174,690
51,866
24,121
139,495
5,179
74,44
74,107
96,114
106,167
104,672
17,920
79,68
137,440
105,159
148,493
161,22
172,842
46,152
37,644
179,204
200,2
50,841
66,964
94,528
167,210
179,4
170,947
172,291
191,49
128,161
81,822
89,219
178,715
164,822
44,74
42,946
13,292
86,349
144,256
136,645
87,101
72,979
85,419
113,662
160,484
129,997
153,170
162,421
189,54
142,547
188,40
138,190
152,626
178,978
194,420
168,886
159,166
55,300
196,520
200,223
12,856
129,868
119,76
153,947
114,824
181,82
200,311
106,683
192,581
86,30
133,290
171,812
63,610
76,300
44,686
99,991
158,338
50,873
111,947
174,536
106,820
54,534
17,604
97,898
156,668
111,170
28,88
104,879
38,776
197,955
6,918
171,916
96,87
197,196
182,896
178,25
105,682
131,127
179,854
196,822
21,895
190,129
131,850
60,572
52,397
192,186
105,30
40,614
67,437
166,468
180,124
35,240
90,543
149,748
190,178
97,253
156,324
107,907
171,371
190,208
145,341
184,278
36,241
166,670
3,802
28,572
82,706
122,581
200,296
24,167
78,227
61,581
88,412
111,6
147,521
155,59
64,141
71,551
5,422
34,628
165,444
197,864
195,645
185,176
144,614
20,806
93,636
41,527
126,634
143,129
43,825
194,917
23,182
136,812
88,722
100,515
133,436
84,83
103,440
150,806
123,33
106,160
14,810
160,971
161,795
164,880
68,830
128,879
177,933
56,505
67,244
154,824
28,441
36,18
160,597
145,60
113,45
110,447
122,978
85,835
68,686
88,945
33,663
25,495
146,802
52,204
125,965
22,691
121,729
39,775
140,651
126,348
118,585
125,91
70,606
94,941
81,923
33,613
134,648
64,127
137,730
38,586
74,293
69,679
28,221
174,642
132,621
191,149
166,847
48,25
151,282
3,75
66,609
64,553
73,443
104,307
9,851
81,624
57,256
129,378
116,500
157,205
64,358
154,35
32,447
54,44
135,589
49,108
33,204
57,484
111,108
18,698
37,118
48,176
65,264
32,847
193,532
187,656
78,695
147,966
137,487
76,871
88,325
100,536
133,722
26,289
100,581
144,413
119,527
169,732
73,273
71,58
117,502
118,967
146,587
142,804
32,879
97,883
125,114
6,610
93,769
179,779
22,75
196,895
32,984
15,657
73,928
22,162
188,984
120,563
170,31
123,920
32,573
40,966
124,956
167,201
27,61
121,172
131,417
153,889
83,846
132,877
90,874
17,90
57,94
145,545
100,182
36,872
157,271
41,638
183,915
127,989
148,552
161,439
173,903
26,310
93,55
178,729
23,646
98,679
55,653
91,921
12,516
24,914
129,652
77,23
80,239
150,434
146,416
9,304
10,568
127,938
5,961
10,243
102,822
58,418
168,897
153,937
121,631
130,538
25,870
143,26
35,428
140,44
168,718
169,369
169,296
23,4
140,68
72,523
118,384
9,622
116,39
87,187
127,476
158,116
62,847
55,939
89,613
123,301
20,617
56,588
116,54
6,433
134,517
115,573
78,297
96,207
16,137
10,627
81,775
126,496
126,617
184,983
37,855
107,675
145,941
176,633
132,31
118,690
63,900
198,285
52,552
151,381
150,457
155,32
143,159
123,528
10,805
180,787
170,894
38,231
137,529
129,610
114,746
8,599
177,495
154,169
3,522
1,976
126,489
154,871
168,504
163,435
72,862
121,743
130,729
22,689
17,405
149,135
128,804
198,846
190,752
25,163
74,738
120,800
99,259
53,543
52,245
124,880
57,910
88,192
36,847
150,383
103,571
47,343
88,299
161,963
169,233
25,561
88,20
85,881
117,503
108,876
127,220
48,10
81,82
81,388
40,249
26,198
5,900
134,254
139,950
193,552
162,161
30,810
173,253
8,961
177,293
148,893
164,840
136,576
21,375
142,546
31,909
76,682
8,147
19,189
27,571
31,734
11,127
142,542
163,871
57,85
109,319
167,238
174,137
166,869
135,342
187,298
133,768
31,290
125,75
17,502
84,391
117,29
188,966
21,228
19,432
199,448
95,553
184,588
7,259
103,738
80,841
135,747
66,453
142,839
115,194
8,530
42,501
124,835
154,567
144,92
100,171
167,311
94,699
192,706
25,119
121,832
116,237
138,384
125,847
134,941
107,969
139,844
199,14
1,738
87,795
4,121
156,323
84,448
155,145
175,374
102,314
111,583
193,617
183,595
108,78
4,174
93,238
33,344
125,141
162,821
132,978
6,123
199,58
187,83
145,767
188,250
51,902
97,666
62,883
24,457
3,413
133,411
134,8
22,329
84,592
30,294
45,129
11,102
92,129
146,533
178,262
127,336
99,926
27,749
61,904
56,311
82,908
76,206
174,302
196,1000
179,212
76,998
169,386
3,606
140,287
104,262
64,895
192,260
60,179
145,663
69,865
113,331
4,6
159,469
170,404
61,674
111,899
85,484
55,376
70,138
116,916
101,818
92,943
28,701
113,345
27,743
34,111
12,492
52,578
16,264
179,270
105,197
150,667
32,963
107,785
104,597
175,149
192,184
139,126
131,364
115,192
109,597
142,209
197,71
45,562
72,593
80,29
114,593
199,980
136,893
136,159
74,137
55,263
23,276
129,762
12,578
8,201
21,992
39,188
41,892
182,447
91,334
65,603
154,843
180,675
195,23
54,328
119,870
64,404
153,617
139,751
195,48
4,394
5,181
138,891
32,945
40,519
27,539
181,608
78,585
59,296
190,899
173,60
194,569
4,980
54,581
192,677
186,492
182,239
6,126
94,771
95,798
31,372
163,773
11,655
35,497
94,674
189,949
110,388
100,64
39,326
164,690
163,68
46,663
24,730
130,499
142,566
23,335
128,146
29,664
131,390
73,876
52,863
169,83
118,55
134,413
16,503
189,161
89,374
50,970
47,268
17,106
3,23
12,276
19,63
10,946
17,335
83,971
68,781
48,533
25,75
33,420
150,652
135,547
14,565
74,137
28,526
157,453
177,519
173,215
121,563
200,77
50,576
136,957
190,680
6,40
77,49
36,620
160,475
8,189
197,520
164,835
3,8
44,120
63,968
70,936
182,454
178,716
106,841
140,581
139,125
97,618
145,768
42,661
123,926
58,486
66,230
3,945
174,62
35,178
58,189
155,990
116,662
127,46
2,169
110,864
42,65
83,715
145,327
163,180
44,71
17,360
103,805
125,280
55,482
159,112
24,621
68,632
26,181
70,391
172,922
102,384
96,216
91,46
90,643
51,946
34,42
145,29
70,174
142,225
180,99
104,336
168,510
3,813
159,929
48,508
148,867
14,241
12,922
78,709
76,660
80,55
28,318
41,349
112,688
55,407
47,354
14,426
160,473
160,957
120,981
91,134
11,805
88,706
124,685
9,303
171,259
62,67
165,714
58,743
164,120
199,530
173,818
20,242
162,515
168,215
75,944
96,396
67,964
172,530
169,928
174,938
197,148
199,258
114,60
130,263
37,66
134,734
12,539
24,827
56,666
92,492
17,884
126,494
155,945
50,773
112,867
155,50
62,12
114,903
115,170
121,803
29,775
132,878
185,352
18,878
81,830
189,592
77,451
149,439
50,312
152,358
55,784
190,620
44,10
83,537
119,843
21,699
187,779
166,173
192,376
116,449
68,895
132,622
116,680
171,791
68,975
122,493
110,973
164,163
23,378
40,223
154,829
150,737
168,859
37,403
155,257
31,876
68,469
2,551
150,942
169,168
28,298
82,71
180,931
194,644
29,95
165,37
109,133
44,672
21,491
30,880
5,397
43,329
101,631
199,692
30,692
40,535
18,265
42,875
162,317
134,862
92,153
195,808
152,74
48,701
194,591
69,3
74,781
129,332
8,695
43,470
196,814
177,913
176,678
165,810
57,833
34,132
146,158
112,758
89,644
35,896
29,29
69,647
156,67
84,963
30,576
121,347
193,378
142,33
132,56
183,976
152,892
23,265
164,590
120,832
11,458
105,594
176,246
164,263
27,861
144,243
134,566
49,903
128,917
199,502
196,402
15,561
140,403
200,367
52,524
48,229
163,93
117,68
30,561
65,94
86,997
147,112
177,401
116,530
126,620
3,715
177,563
8,792
83,57
31,961
173,639
164,742
49,932
29,746
143,534
43,908
125,316
92,688
65,644
93,191
103,904
187,413
79,544
55,436
65,954
95,549
194,938
84,76
63,700
183,622
49,143
38,797
61,278
166,888
154,256
49,991
74,913
160,449
39,850
70,180
169,909
32,481
123,639
28,62
113,769
150,319
44,597
76,294
197,320
142,113
95,434
90,513
142,921
11,560
55,675
86,897
129,130
107,285
195,83
55,601
66,892
64,494
73,789
142,260
185,351
84,799
83,113
18,916
37,714
95,585
53,42
14,192
29,119
162,129
130,772
137,455
84,704
159,699
137,545
4,925
8,3
171,215
14,128
57,592
81,819
4,389
26,798
114,841
137,500
152,311
28,28
52,75
56,490
54,740
100,50
62,336
49,446
49,307
75,724
90,819
114,942
14,814
195,833
129,193
119,363
90,216
142,366
53,561
193,955
47,431
28,199
23,162
162,544
83,821
145,410
15,610
176,666
56,910
79,92
168,395
86,427
187,462
136,677
9,391
194,325
146,460
65,716
70,802
136,43
48,656
2,343
31,157
193,18
183,55
9,424
119,121
102,77
174,614
176,769
175,21
80,92
169,766
105,412
182,196
15,261
54,59
165,646
144,186
50,245
156,484
74,475
152,30
108,773
44,796
188,635
151,493
178,261
74,13
186,564
125,78
150,350
159,464
146,254
21,792
46,895
49,876
129,63
1,48
109,589
84,704
141,618
38,455
88,32
28,478
7,666
93,136
26,898
168,313
164,404
17,796
29,411
80,18
114,999
122,8
73,760
49,530
9,217
64,988
95,546
200,701
35,635
65,54
92,345
168,349
51,983
15,299
92,959
89,993
97,84
198,686
8,52
10,377
74,271
40,519
130,382
155,964
41,43
86,621
16,683
163,860
119,925
18,352
152,675
131,475
129,590
24,566
46,509
156,948
120,220
69,739
67,322
83,344
10,839
178,745
132,332
35,983
40,293
26,26
199,783
86,439
28,590
120,697
183,678
81,830
83,315
188,899
25,266
131,129
15,245
60,825
128,489
142,840
132,218
6,894
121,521
32,150
184,249
78,240
111,78
37,390
167,475
35,756
140,985
38,912
119,217
117,860
141,611
67,484
169,857
83,220
66,556
118,678
14,115
6,71
153,172
46,112
31,261
95,205
108,698
60,825
171,231
195,21
200,781
9,520
39,189
162,444
23,772
49,165
14,992
190,807
17,418
81,222
55,566
164,519
134,106
183,706
11,733
92,674
128,887
128,624
106,726
41,384
102,270
15,638
28,531
112,770
91,982
48,566
163,882
20,135
58,368
66,761
166,426
140,420
125,577
74,175
71,576
125,186
98,127
194,993
163,46
134,857
104,443
32,16
134,531
100,204
170,897
147,107
158,266
126,845
184,203
116,453
197,104
67,604
194,445
44,200
103,392
27,625
197,657
30,681
179,920
77,16
172,987
89,785
181,462
84,254
91,445
70,841
12,686
15,294
108,618
127,976
161,68
188,977
47,571
45,705
149,506
85,240
125,552
54,89
191,982
71,665
180,736
22,682
89,563
92,867
108,634
92,242
61,369
63,901
92,885
167,552
130,24
1,426
199,16
26,756
90,200
131,158
141,172
22,5
9,44
134,598
99,195
173,523
113,645
5,345
101,592
108,409
13,634
102,91
3,729
72,386
138,848
52,453
93,641
137,232
109,123
36,545
10,704
23,369
162,289
51,428
148,888
95,503
156,354
101,106
32,739
26,716
3,470
172,835
110,637
129,549
17,472
28,148
149,643
83,801
29,190
58,236
10,910
183,527
131,165
157,998
67,42
61,647
38,63
7,923
157,307
166,31
137,974
51,483
173,516
60,308
178,738
166,611
155,142
120,19
132,610
167,68
168,840
49,330
75,460
41,645
55,20
100,475
74,683
163,359
10,320
101,981
56,124
165,97
148,56
48,352
24,171
62,594
177,594
110,266
10,557
84,556
67,9
13,748
139,991
97,695
22,295
79,207
191,288
2,313
111,330
95,951
88,40
104,650
104,86
80,81
11,742
151,272
18,526
184,725
118,332
102,490
200,912
178,493
189,140
79,249
45,857
139,906
2,271
105,640
103,710
58,246
43,596
47,758
44,138
84,542
16,906
100,887
175,345
67,974
84,174
144,213
191,95
47,522
34,919
146,84
167,276
165,222
97,23
11,804
112,126
123,936
93,763
87,723
46,582
54,702
62,378
150,66
4,186
139,928
141,890
143,598
93,63
9,468
27,631
39,732
94,874
48,645
81,48
98,849
68,970
90,803
103,890
121,155
62,550
192,417
113,724
158,537
77,426
186,60
27,624
28,3
83,593
124,133
35,581
184,758
127,33
61,580
61,522
69,256
101,221
29,351
180,393
111,523
190,843
56,296
112,172
176,611
4,173
59,451
28,412
40,556
33,790
119,818
58,833
131,524
146,425
14,134
130,368
75,747
118,433
147,428
52,182
40,188
29,651
138,160
90,870
142,456
61,678
165,586
196,895
98,308
169,982
152,202
196,558
50,701
110,594
116,8
62,15
133,124
172,441
158,255
21,694
11,443
38,727
175,93
168,326
200,337
40,685
80,549
81,794
8,541
144,228
34,389
98,694
29,216
190,38
114,921
125,790
48,526
118,206
66,120
18,510
48,677
57,58
49,321
191,284
71,401
114,982
135,882
166,113
193,681
134,250
66,867
55,80
193,964
76,245
59,349
20,171
98,775
112,798
114,932
19,329
73,713
93,72
158,719
118,673
99,825
30,404
5,51
63,494
158,638
38,887
141,694
158,462
41,969
126,498
86,296
23,628
40,636
57,290
23,390
83,67
49,591
108,83
200,797
95,546
29,88
13,665
140,34
55,636
23,126
38,796
126,806
122,661
6,919
104,982
123,235
139,511
4,454
5,549
22,15
34,245
17,175
64,45
30,706
173,7
39,52
120,149
49,777
31,340
17,69
95,424
162,857
164,170
129,292
30,515
110,985
197,937
71,909
89,640
100,832
59,212
33,161
45,359
172,4
113,981
112,173
148,11
47,590
42,2
112,243
35,482
178,257
156,764
63,983
194,39
40,434
197,130
4,938
115,799
184,516
185,313
105,552
22,799
71,790
103,602
13,509
105,69
17,702
8,18
105,845
140,52
54,930
189,145
158,984
33,83
30,506
110,489
192,530
58,942
141,512
39,801
14,506
105,507
141,477
62,563
52,31
123,395
42,941
95,157
198,457
122,297
139,660
66,190
95,148
194,188
55,396
58,879
145,9
137,351
57,421
69,974
92,759
55,135
1,601
104,741
128,296
34,8
132,127
139,215
59,636
64,148
176,994
196,140
172,483
198,101
91,111
95,358
8,888
183,93
61,150
73,258
153,323
94,217
169,743
155,888
75,681
108,581
3,910
7,128
158,50
77,348
78,866
124,820
47,173
89,733
48,469
3,139
112,380
69,498
188,771
73,747
191,174
127,229
130,75
94,568
82,827
138,376
80,717
68,265
10,817
17,595
198,50
131,332
169,171
52,49
115,321
190,97
5,761
161,1
135,4
138,48
76,13
42,277
70,333
166,290
27,730
196,916
89,309
75,404
194,650
139,629
24,88
56,934
64,693
147,508
150,86
41,285
53,116
97,394
35,531
47,40
66,487
117,334
113,171
43,321
132,199
176,87
185,539
150,921
176,868
80,139
110,669
143,296
143,388
35,101
82,913
142,86
121,314
12,25
125,645
45,213
38,576
86,11
18,339
68,242
75,945
12,554
10,156
172,307
107,660
48,52
185,634
133,702
188,411
36,500
42,274
197,294
93,500
101,943
138,725
105,757
174,118
110,26
156,372
102,286
51,54
93,45
44,958
10,608
172,568
156,710
49,240
151,194
41,538
59,321
143,196
142,741
20,560
14,942
37,912
80,745
35,533
91,945
78,23
103,370
136,482
152,943
17,787
127,168
25,250
12,914
159,208
141,438
177,587
8,982
13,561
125,246
161,555
106,356
104,773
6,512
159,17
159,175
115,499
193,216
1,454
59,679
29,268
14,812
161,716
122,116
182,975
53,929
120,679
100,1000
21,176
103,767
169,807
199,390
116,191
20,490
89,84
190,735
72,583
89,16
159,847
185,34
27,931
8,383
173,993
130,282
33,898
87,844
107,566
104,925
135,698
197,164
110,495
108,951
110,888
41,315
156,854
134,105
78,686
134,982
65,852
199,828
23,907
26,534
47,516
9,394
99,403
71,356
79,565
194,239
42,159
143,42
46,873
23,467
125,731
169,53
183,642
106,661
79,240
144,404
103,600
88,365
128,637
25,583
184,169
159,376
83,679
156,302
28,82
53,587
173,215
147,310
136,886
6,522
28,218
168,827
22,430
187,897
44,724
89,912
62,854
28,450
64,725
93,66
172,155
128,177
145,573
180,22
10,694
179,207
171,160
128,511
127,128
59,783
187,160
95,278
178,207
189,179
7,446
197,761
50,902
189,165
117,884
182,34
126,261
151,698
84,917
66,951
146,671
79,42
76,669
161,842
181,51
111,156
122,951
63,913
14,67
59,742
37,631
96,497
180,173
131,568
117,377
60,853
21,500
93,487
36,84
138,69
86,897
150,404
38,842
30,404
118,247
85,346
49,512
69,536
93,366
173,749
96,264
92,667
73,591
41,678
122,145
189,882
87,826
123,276
135,894
143,823
99,724
136,61
15,249
25,579
134,489
161,31
127,478
66,953
100,429
158,913
93,583
25,16
31,763
52,690
165,716
132,637
196,613
66,518
122,637
32,805
128,21
119,311
133,647
140,902
121,24
47,139
188,273
135,76
31,478
100,929
70,30
161,4
156,817
171,56
182,412
34,316
150,733
187,349
122,554
32,223
112,390
98,501
38,682
74,776
51,327
137,486
74,196
162,319
1,911
114,4
137,295
87,907
155,142
195,989
119,884
84,541
107,281
171,879
58,207
88,499
92,270
40,258
175,859
122,538
64,416
2,853
130,177
182,462
66,999
22,232
119,468
76,276
42,24
64,686
153,760
93,105
151,743
124,910
153,721
200,489
188,530
75,613
37,37
125,986
174,239
43,942
176,146
1,378
145,471
132,587
200,100
101,934
86,75
142,662
132,370
12,155
85,397
37,749
119,740
162,334
50,189
60,634
156,323
149,759
193,8
19,17
90,204
183,364
47,255
151,348
170,206
18,450
85,688
3,171
200,196
4,882
113,222
15,826
67,902
85,907
73,195
25,731
84,850
56,485
149,101
137,899
43,120
111,728
171,519
147,808
119,218
37,488
21,84
44,242
88,854
143,119
64,484
81,385
147,328
160,242
24,716
21,330
42,867
7,496
177,702
96,354
85,490
10,541
77,384
122,713
188,32
119,60
172,7
93,12
15,385
71,433
24,388
107,983
199,776
161,913
122,336
114,323
118,332
101,922
16,231
194,414
148,34
93,591
3,552
124,690
187,383
169,762
51,196
172,974
185,562
2,315
195,341
107,731
71,564
45,924
47,285
176,76
140,998
161,901
10,91
17,847
157,547
131,952
166,719
47,917
107,925
110,255
30,871
53,402
179,291
170,98
119,543
158,778
113,717
62,808
43,674
74,450
101,269
127,111
166,898
193,911
106,844
41,154
64,564
176,749
20,762
151,382
104,136
146,56
186,861
70,227
72,386
114,968
170,534
8,328
162,41
58,270
122,364
159,572
21,856
191,43
48,566
163,249
139,646
99,792
81,928
132,330
97,753
147,702
197,664
176,48
196,952
61,413
43,756
166,991
36,927
60,190
90,732
53,417
183,496
182,328
166,86
29,317
184,805
152,887
21,226
62,855
38,337
142,677
175,937
48,790
123,76
21,892
164,377
63,522
109,326
56,759
194,975
157,78
110,560
115,322
31,526
43,752
172,6
144,91
82,53
3,470
176,307
95,345
144,471
163,963
73,876
172,72
168,838
51,272
87,422
114,422
14,432
18,309
85,941
118,451
140,43
164,386
87,198
159,347
105,344
120,665
116,309
7,31
193,838
76,857
139,935
31,982
97,395
142,97
11,249
119,46
74,308
147,948
142,883
49,544
135,99
100,150
23,654
150,488
11,876
170,18
176,956
51,637
123,908
142,962
197,606
153,909
147,557
30,356
99,688
102,879
74,304
35,180
103,654
181,26
57,423
158,639
144,316
21,616
78,575
102,395
12,373
144,312
37,34
111,479
167,807
122,2
159,231
103,799
169,176
165,163
24,154
64,36
109,91
193,759
185,82
24,78
149,503
121,116
167,506
99,197
154,768
26,651
92,638
186,803
193,628
103,225
56,279
28,382
64,128
51,486
104,934
57,202
146,697
175,771
7,235
76,137
158,113
98,925
4,714
56,834
106,929
195,577
90,391
50,543
81,698
122,407
153,849
197,206
99,636
5,80
152,877
95,124
25,767
48,863
53,211
118,199
58,467
89,154
21,151
43,597
175,804
36,147
22,422
178,722
43,414
149,88
114,454
4,600
74,200
58,141
122,880
60,564
65,27
59,72
169,379
78,196
176,511
59,885
194,645
14,788
19,995
176,426
24,186
102,774
36,337
78,649
127,806
76,807
146,212
115,410
72,194
152,939
57,777
41,844
197,333
187,368
66,654
170,459
116,713
26,149
61,601
102,890
19,407
58,266
176,287
117,369
141,468
187,949
1,818
118,679
77,936
197,533
114,484
23,178
152,773
165,653
69,577
53,896
22,700
63,605
14,469
108,495
136,662
115,876
191,374
62,830
86,7
110,500
58,592
67,127
146,825
114,468
66,902
157,318
200,569
89,32
194,801
27,22
17,428
97,694
134,262
62,368
116,77
101,316
140,701
108,210
187,969
195,93
108,476
4,666
58,633
128,734
84,997
62,253
157,590
177,376
139,476
91,111
153,439
153,533
94,497
56,875
174,624
31,26
175,231
20,485
193,681
71,468
198,699
192,47
103,174
25,868
39,566
123,457
36,74
33,970
16,760
8,918
49,185
50,887
195,378
190,803
28,980
20,329
122,656
65,919
63,128
22,652
131,847
68,396
197,113
100,52
7,787
147,311
116,565
61,66
198,703
185,483
139,353
111,801
112,944
195,808
162,391
160,678
113,765
175,360
92,601
89,504
59,65
82,643
82,470
61,97
62,686
128,956
197,190
191,496
96,563
187,310
95,65
175,128
165,949
74,762
142,807
61,60
140,865
142,118
148,127
184,591
147,498
83,711
66,708
100,77
130,238
11,686
36,917
14,996
182,671
96,729
137,496
16,711
102,76
1,49
174,686
88,54
43,102
132,732
118,859
197,461
144,467
150,342
19,675
57,605
106,205
166,553
91,200
165,635
107,603
73,848
68,608
76,211
73,924
99,306
86,8
124,613
165,69
94,295
132,205
111,397
99,879
175,884
186,712
5,899
35,221
11,390
191,870
197,392
180,507
191,565
160,124
141,648
44,244
26,68
197,635
104,336
59,227
156,530
127,47
23,923
40,823
120,772
200,482
70,577
101,257
179,539
181,739
196,718
49,89
96,967
161,517
23,567
178,444
175,223
43,454
107,458
198,360
22,694
41,976
180,20
143,490
134,575
126,651
71,977
42,747
10,477
82,91
16,40
149,74
184,66
167,855
134,88
98,823
14,14
160,866
108,996
123,225
195,475
97,624
129,61
150,973
41,174
33,232
193,849
84,901
180,22
24,909
133,838
94,179
162,205
112,211
26,1
107,259
92,3
198,436
55,390
151,946
106,589
117,578
96,151
136,699
62,276
55,667
92,396
159,144
86,384
127,782
105,906
37,473
73,181
157,900
93,690
137,137
126,704
20,17
14,932
74,487
135,428
4,52
187,991
4,225
54,468
111,14
29,170
20,470
110,186
93,720
146,491
114,871
130,570
99,244
65,292
121,972
37,563
101,872
21,489
90,576
125,614
84,698
63,300
98,418
125,394
20,965
6,631
148,223
88,600
128,137
79,926
3,238
106,355
150,657
174,180
8,260
56,843
103,283
136,304
6,917
92,745
68,384
7,939
128,719
61,766
51,846
85,383
143,641
61,574
153,865
48,2
32,628
162,790
120,203
138,345
11,654
155,213
96,514
144,790
62,232
61,692
173,397
58,725
169,236
60,469
157,729
199,454
12,43
112,183
25,234
30,354
163,149
90,967
155,834
137,809
79,833
91,758
34,544
146,951
140,640
106,910
190,765
146,67
156,503
139,328
18,403
191,423
86,679
159,679
127,293
129,859
198,585
35,282
142,729
119,741
127,545
47,125
103,857
70,410
91,623
140,467
62,63
179,653
181,360
112,654
190,935
197,656
65,34
160,946
130,126
145,426
78,557
99,348
39,575
154,860
38,59
189,487
150,69
44,598
37,305
75,462
174,607
39,916
5,24
155,68
89,112
47,603
84,784
187,606
184,413
99,753
120,307
27,653
58,97
147,350
67,934
59,434
170,263
146,214
194,471
150,721
3,985
122,948
95,233
190,711
8,128
155,164
94,81
16,209
26,694
122,597
146,434
80,366
74,908
187,243
199,64
26,562
72,348
175,792
30,835
131,920
150,206
40,44
187,447
44,445
151,495
2,912
191,940
137,462
41,224
26,631
16,809
88,373
71,959
170,202
172,940
84,289
162,633
139,168
125,731
36,137
119,817
21,46
165,386
129,780
91,312
135,138
143,365
19,657
78,731
28,330
10,680
45,371
61,750
39,223
132,931
111,865
164,566
188,72
135,443
38,477
148,851
41,727
120,298
112,253
150,102
160,723
99,906
188,115
198,157
116,529
195,432
169,884
199,981
144,880
162,98
190,737
37,117
111,977
67,415
82,632
54,872
186,141
192,869
161,94
179,812
190,440
48,885
2,777
64,968
4,449
109,600
160,745
63,699
141,931
169,553
177,255
3,126
95,924
91,94
143,507
121,410
46,811
87,964
71,478
78,205
117,86
155,555
105,778
92,733
150,152
11,371
27,902
197,779
11,112
65,832
123,379
75,741
190,585
177,727
94,41
190,110
54,936
130,715
106,198
101,982
56,755
6,659
64,590
177,759
29,852
95,465
83,346
160,770
6,415
138,68
196,725
166,653
26,749
162,813
197,731
29,56
42,582
104,998
8,427
4,996
48,187
150,746
184,524
66,861
179,895
117,816
155,544
58,998
185,819
154,146
56,314
63,37
109,917
4,541
86,286
174,511
76,61
89,668
46,715
182,88
73,872
191,473
70,453
192,894
152,725
62,86
31,662
100,573
172,720
13,431
37,899
77,866
78,437
32,549
44,513
199,342
37,78
101,408
27,216
113,441
162,175
83,549
23,934
74,487
49,823
88,712
157,940
151,859
110,683
121,375
193,296
55,47
43,404
121,896
90,13
95,16
117,943
81,742
30,166
163,425
167,826
108,873
138,375
81,707
69,577
49,83
189,121
8,400
77,585
187,895
48,932
184,53
20,572
28,187
1,413
7,79
186,130
184,521
70,576
186,624
160,568
194,111
62,779
159,678
51,211
20,703
131,242
68,714
20,662
57,708
40,649
185,186
72,310
16,354
177,728
192,187
46,906
50,287
106,993
24,92
77,522
38,365
48,713
25,111
60,735
79,815
158,747
156,804
158,651
77,316
63,682
156,893
31,933
137,28
11,831
28,41
165,438
141,698
101,739
110,944
183,868
80,724
53,711
168,981
15,521
184,42
84,448
70,790
59,469
68,758
27,410
189,298
167,266
17,638
192,46
51,66
11,714
19,428
178,568
120,646
100,451
129,759
12,103
142,806
115,417
164,573
140,977
127,558
41,84
195,144
129,703
55,35
8,307
161,966
147,192
9,284
32,984
107,32
76,622
108,558
111,936
56,185
143,407
55,738
33,881
91,450
178,185
148,351
60,562
74,409
117,176
131,633
142,372
157,879
13,559
191,301
11,623
92,206
167,67
98,357
111,93
45,160
65,130
173,303
61,783
55,647
182,155
168,534
15,440
93,395
85,481
14,720
196,528
68,740
81,248
188,911
126,705
115,381
55,809
9,946
163,842
60,515
104,442
108,29
35,934
69,330
44,471
98,558
18,608
65,239
168,756
118,328
16,377
52,861
162,214
85,267
7,581
56,143
28,829
108,892
182,536
19,489
93,709
5,692
164,286
6,786
88,12
115,367
97,280
121,765
174,404
22,668
180,408
112,636
151,113
2,761
194,929
160,518
98,348
20,400
157,254
28,216
149,819
68,150
112,14
38,923
122,998
111,395
33,908
72,997
95,177
192,378
181,783
149,800
133,788
87,351
118,42
158,74
109,69
133,135
136,800
13,812
49,522
129,390
140,340
110,727
194,452
72,590
49,401
177,885
111,284
140,467
102,981
173,709
32,85
122,625
182,167
168,638
189,863
175,777
23,905
161,199
139,730
78,966
21,671
126,36
102,223
47,73
124,434
148,26
22,64
167,355
33,338
92,725
146,520
176,340
182,428
170,112
73,304
137,465
14,58
134,101
18,416
58,386
77,265
6,483
123,715
128,46
13,808
93,340
187,207
5,18
52,130
159,308
116,643
179,111
87,148
80,878
87,831
101,328
140,375
178,577
105,819
84,574
104,957
121,970
155,599
3,417
101,504
130,67
67,852
108,672
7,633
77,110
96,224
94,528
183,721
200,428
5,784
43,719
26,374
186,18
113,724
163,841
42,248
82,358
73,610
163,82
170,9
85,601
152,109
28,726
159,546
183,381
26,879
200,696
118,619
192,123
52,456
101,59
167,499
120,993
46,825
183,70
90,330
14,409
22,315
112,475
64,776
163,850
43,594
188,985
63,785
81,863
134,671
92,44
21,821
169,722
85,544
131,696
132,332
95,476
109,818
24,220
51,178
145,475
83,630
73,684
64,32
148,646
135,966
138,111
181,194
142,175
135,591
193,494
178,643
89,141
63,834
192,609
10,103
104,681
123,760
171,806
198,885
133,79
129,118
178,849
130,603
176,567
141,88
5,78
15,281
163,124
47,475
41,901
51,221
142,87
59,267
196,612
90,671
19,354
135,835
145,671
103,16
113,983
90,94
50,592
198,647
7,353
115,788
18,3
184,272
75,891
180,844
137,734
9,12
196,48
148,676
194,156
151,41
43,539
149,176
120,74
33,146
90,909
43,13
26,466
82,662
38,329
51,994
64,182
37,435
112,965
143,298
99,525
32,969
162,311
124,268
191,963
98,410
129,127
71,654
65,735
178,452
139,277
153,495
149,906
112,699
40,725
30,681
124,601
55,112
30,288
36,320
113,25
15,754
76,633
170,625
75,209
129,66
138,498
127,903
116,478
17,641
22,399
79,634
174,353
172,57
188,260
98,256
83,212
44,507
127,761
143,771
164,954
118,334
34,602
49,245
36,591
192,921
176,591
73,916
108,331
71,91
136,84
116,533
182,841
87,364
94,390
6,850
15,329
144,40
180,354
38,698
95,273
105,650
159,626
44,421
66,79
69,261
46,949
199,530
74,899
92,835
66,579
23,207
45,835
50,603
161,262
89,328
49,647
42,851
130,24
169,769
40,197
64,93
186,780
73,521
176,126
153,899
155,197
172,651
190,336
137,222
153,143
60,460
146,721
16,253
104,733
196,530
97,250
161,141
163,203
75,736
129,694
166,976
142,333
68,892
170,751
80,256
31,207
20,539
46,168
150,115
64,344
179,73
1,188
40,860
55,666
175,302
176,302
136,441
69,70
165,662
24,453
4,55
85,50
123,267
104,978
43,92
109,435
8,970
64,194
30,144
150,19
183,264
86,229
162,988
118,441
24,295
169,363
167,738
91,50
36,154
103,520
69,421
149,679
195,802
192,22
105,466
76,911
198,34
40,285
133,505
160,33
123,545
51,122
158,614
21,4
77,984
126,910
117,999
32,128
16,632
94,596
94,321
35,149
189,813
30,617
190,78
118,187
24,723
3,427
194,796
52,274
13,503
77,498
21,104
20,44
24,701
163,616
174,311
115,470
171,769
136,567
56,527
41,920
39,274
9,479
128,169
141,200
113,103
155,326
184,519
29,858
154,999
98,592
158,461
200,178
133,655
142,579
168,73
4,59
31,350
110,287
104,282
80,43
186,467
108,921
191,221
161,953
153,840
9,480
38,592
64,971
153,962
141,713
135,26
166,311
198,330
23,354
169,990
1,699
199,75
89,556
35,251
101,967
132,707
192,932
195,812
183,497
49,45
132,419
76,398
132,431
72,139
175,353
155,88
81,687
132,537
169,836
84,191
54,989
158,175
75,472
57,808
134,252
107,442
55,697
19,722
8,920
5,989
135,122
136,816
62,581
196,883
170,203
165,765
70,541
164,742
75,339
55,567
117,122
89,75
134,815
25,440
31,819
40,837
162,5
135,473
121,513
7,936
11,754
188,966
199,563
107,381
150,339
198,809
135,130
82,644
181,830
30,825
108,485
95,17
70,347
77,251
102,388
158,627
200,327
53,586
149,142
197,895
71,818
173,517
107,868
134,472
19,549
169,525
85,851
85,639
183,571
61,351
28,805
19,694
4,934
50,715
15,147
13,230
123,245
160,875
30,981
149,751
96,298
89,499
41,411
170,69
158,779
99,653
134,159
115,373
123,635
32,836
101,308
54,911
159,46
147,354
197,676
136,520
65,839
144,36
78,186
143,552
129,56
42,570
41,6
159,680
68,912
57,194
6,504
179,997
101,992
2,883
94,902
12,527
199,687
114,103
108,575
105,823
126,235
42,898
110,969
61,304
16,690
56,815
74,378
127,648
195,127
112,711
69,745
138,95
181,29
91,530
48,103
117,426
86,312
196,104
107,544
179,416
115,101
61,679
28,914
77,396
191,203
140,152
97,354
80,724
34,529
188,914
147,865
60,70
193,5
73,569
149,431
34,102
21,965
188,814
134,288
81,441
24,406
19,102
195,124
111,137
35,460
64,327
116,356
19,207
196,10
114,984
47,880
156,461
171,256
92,872
136,42
177,968
79,989
117,961
156,215
47,517
197,975
76,313
102,73
82,101
16,318
84,40
75,267
147,341
120,573
44,353
47,4
109,76
107,999
145,98
147,804
197,321
142,627
57,718
113,743
173,44
141,742
172,264
117,421
157,885
167,366
56,829
154,44
165,299
30,132
61,267
19,203
152,402
121,382
184,866
59,466
191,907
130,417
159,765
69,381
76,602
141,255
13,642
196,479
106,1
128,269
27,97
94,635
37,594
32,343
130,198
5,333
89,691
7,140
158,605
63,744
4,548
33,797
5,613
166,421
39,366
100,856
112,978
100,593
97,93
73,873
123,654
42,764
71,422
145,645
174,543
130,511
127,179
63,529
29,739
125,883
33,686
177,155
88,851
172,862
81,954
131,22
16,223
131,331
122,813
171,594
47,344
115,904
35,794
54,743
164,155
65,112
53,422
65,855
161,593
133,843
121,634
91,791
178,570
103,210
53,634
136,915
181,238
200,353
8,444
52,491
10,164
126,805
141,108
71,836
32,95
81,282
131,469
132,837
59,400
84,475
71,575
44,597
26,589
95,472
147,251
154,15
108,533
184,580
89,564
13,753
163,921
176,615
133,421
148,566
32,787
53,793
87,689
105,679
76,818
7,392
31,708
174,190
137,677
55,730
90,492
199,636
76,60
162,78
80,245
105,119
81,640
48,827
63,145
121,595
144,431
190,878
119,414
40,150
50,221
40,837
26,819
141,696
71,219
134,161
133,904
86,456
115,981
83,992
105,389
108,135
102,404
172,458
108,473
166,742
85,578
183,671
195,245
34,746
121,960
84,265
71,938
65,583
93,20
139,13
25,332
142,119
186,698
168,330
122,734
132,963
100,526
117,629
130,431
55,336
144,861
118,398
61,995
91,698
167,203
199,474
195,476
136,581
54,793
33,258
122,645
32,739
90,528
200,667
198,795
153,957
113,343
135,566
105,389
137,718
87,234
46,346
61,765
187,899
14,603
18,966
156,975
117,452
33,614
3,177
183,86
25,760
16,411
199,476
136,341
155,573
89,50
157,663
152,223
111,998
192,957
107,985
88,434
7,178
193,805
168,78
91,746
32,875
99,76
96,367
46,983
46,922
58,306
181,606
170,357
2,449
66,3
149,489
142,171
138,616
173,285
181,142
38,325
27,489
13,675
112,15
159,782
63,611
188,832
18,166
35,725
92,708
117,612
75,16
81,984
57,421
1,188
185,381
22,10
27,805
108,587
197,264
61,519
166,654
47,789
116,653
106,422
165,311
70,612
116,638
3,854
77,660
26,218
84,756
61,748
26,217
34,69
61,15
13,140
86,644
146,263
123,373
89,761
52,375
46,33
140,216
125,918
151,302
82,526
21,868
138,728
155,912
6,97
128,890
25,469
137,775
154,782
177,160
59,413
167,427
92,934
183,695
169,449
18,593
40,597
42,244
188,119
22,480
85,801
151,875
72,370
95,195
92,757
74,687
76,162
3,120
96,24
61,212
76,850
176,944
33,549
88,797
29,829
128,547
162,687
87,843
122,51
31,696
46,529
117,373
27,396
38,917
150,398
43,724
101,503
141,890
156,330
116,780
185,49
138,572
107,137
183,730
200,803
2,629
191,806
20,669
127,675
176,599
158,794
158,604
197,895
173,505
72,3
9,888
7,510
16,200
117,421
84,77
111,646
185,760
151,615
101,580
65,576
181,905
153,848
72,731
35,172
95,929
174,455
95,162
142,317
147,83
21,261
63,883
165,627
196,101
157,828
148,552
140,767
80,581
119,254
70,777
150,619
44,127
54,157
23,383
167,708
32,32
156,878
76,982
181,113
185,131
48,901
79,607
168,226
79,972
144,503
87,178
10,690
175,48
69,531
63,777
29,949
57,470
104,779
102,460
198,720
122,227
95,804
148,9
64,914
112,333
20,803
127,759
90,671
125,727
140,78
191,81
16,953
67,273
58,301
186,407
36,737
111,906
156,974
76,70
14,586
30,350
175,757
20,137
61,686
41,512
40,899
44,701
133,550
66,151
98,969
132,226
158,332
189,398
198,406
55,657
1,874
144,483
7,715
56,672
190,614
164,162
119,754
135,432
153,81
172,930
81,779
181,712
133,810
102,510
160,907
7,374
6,535
175,653
141,616
85,698
186,484
188,720
179,28
145,47
149,115
164,342
57,909
113,34
75,535
59,591
168,402
1,154
21,78
16,699
143,714
126,650
83,732
18,62
96,51
103,680
15,843
137,476
5,667
154,223
100,926
146,720
164,659
179,733
66,935
114,881
34,193
103,402
110,889
3,357
33,509
144,911
128,943
115,988
72,683
13,377
187,237
26,932
84,34
98,467
91,924
18,974
82,980
34,109
50,61
54,260
17,321
12,52
130,250
179,508
78,267
31,230
30,974
11,697
114,174
200,711
32,373
106,784
24,361
82,820
198,653
82,513
65,118
50,677
1,803
30,31
98,51
192,115
66,379
160,135
93,541
173,704
74,312
27,922
197,311
81,211
44,445
156,546
195,430
115,560
55,790
165,334
41,622
41,172
1,608
110,896
86,520
50,695
107,734
49,397
97,739
87,878
188,327
144,675
114,587
165,697
72,772
173,720
170,304
110,726
2,303
138,629
168,609
40,504
4,195
86,90
161,344
185,943
91,760
53,962
159,235
164,381
54,958
133,479
139,646
141,514
92,73
69,576
175,855
194,550
193,179
17,444
50,959
31,152
85,267
94,467
156,957
26,39
121,22
153,781
139,733
39,32
104,454
91,747
122,35
117,951
52,71
161,580
172,471
95,736
176,464
187,501
183,993
189,785
130,579
78,123
26,479
14,829
93,2
158,722
151,859
186,203
70,275
2,366
104,845
112,460
142,51
145,302
5,239
149,120
195,216
84,922
77,999
136,258
49,336
23,503
15,954
190,719
158,704
195,301
133,654
110,268
4,841
13,18
173,613
53,125
153,21
97,678
9,774
68,249
184,693
143,933
9,627
194,486
138,984
194,770
192,71
70,170
165,62
58,111
186,596
11,928
96,351
47,750
192,617
69,960
43,193
73,97
2,698
120,483
4,765
95,870
175,741
147,883
151,54
12,131
17,813
117,230
157,692
96,745
155,779
185,380
170,559
63,541
175,476
13,668
85,325
135,713
131,332
67,29
166,723
26,578
100,537
188,267
134,222
21,680
36,120
108,891
199,772
187,23
152,317
96,909
91,219
85,71
179,139
160,622
155,476
137,821
162,801
65,208
67,156
10,634
23,857
104,458
62,289
170,450
157,306
196,693
173,788
174,49
126,256
155,954
12,628
193,371
150,470
176,323
127,723
109,247
37,150
10,773
86,763
176,59
156,724
153,605
181,277
184,131
188,606
78,94
18,797
5,277
38,692
39,896
154,187
27,956
53,191
101,866
93,34
51,569
63,233
70,285
41,479
48,972
168,873
113,422
165,376
147,66
49,454
153,443
11,550
87,86
127,48
173,27
127,550
48,741
119,974
42,972
93,289
66,216
99,385
151,49
9,103
130,916
114,895
24,672
179,57
32,605
23,795
63,973
17,985
46,629
67,444
114,278
140,34
136,301
191,258
121,674
103,18
103,104
173,274
145,282
8,475
9,216
172,907
7,299
61,627
70,634
133,215
4,127
77,647
2,955
34,866
74,410
104,363
110,936
55,14
174,748
134,11
189,377
101,829
146,368
26,688
136,869
28,815
65,884
116,483
104,231
102,25
114,635
114,961
52,815
185,956
20,838
161,479
87,341
114,265
104,354
37,63
178,62
105,839
46,798
118,20
92,905
4,263
128,962
68,499
28,876
104,289
45,996
66,400
1,243
11,628
7,520
184,974
165,203
154,571
31,218
163,892
52,987
186,443
1,715
2,667
74,901
90,792
106,345
18,524
123,292
82,543
58,676
92,662
86,300
106,638
66,204
9,739
46,843
186,338
167,361
106,350
89,955
192,184
141,993
86,611
120,594
188,663
98,312
27,825
99,707
164,161
192,333
56,367
61,646
19,592
20,976
153,188
144,726
36,873
49,626
155,491
4,672
57,995
92,909
38,880
132,670
187,66
183,135
18,345
65,148
49,112
123,562
77,268
119,871
195,632
134,215
140,560
34,951
178,187
53,550
81,284
53,854
71,628
42,664
155,684
108,967
38,693
88,428
141,237
187,89
192,325
51,157
139,35
78,337
1,249
102,110
158,547
134,240
156,305
34,133
3,623
92,848
105,646
111,602
186,185
110,103
56,653
190,401
167,28
113,227
115,426
194,368
187,698
141,913
87,326
73,314
87,942
3,56
138,911
32,193
161,834
160,298
32,679
187,470
200,107
28,884
186,185
154,541
90,837
200,803
143,685
185,100
38,410
193,387
85,409
52,71
14,248
137,823
91,137
123,572
187,654
88,327
16,776
142,158
181,468
69,465
49,779
48,306
200,248
145,122
6,420
123,710
159,176
185,140
68,592
126,360
145,430
162,595
65,432
186,623
154,365
42,636
46,787
140,766
10,589
72,894
45,314
67,656
185,901
154,141
158,640
36,409
117,788
192,763
41,390
127,351
161,351
153,384
176,963
73,663
85,530
137,925
125,227
189,310
19,26
30,788
4,374
185,200
152,873
104,264
28,497
167,325
135,592
75,830
171,675
86,942
182,506
178,580
124,744
185,633
183,926
179,384
42,929
44,705
141,810
131,96
133,258
96,390
26,845
122,707
13,667
162,916
151,819
50,372
96,641
65,712
82,870
28,538
169,22
60,580
85,304
192,888
150,639
99,388
35,862
184,709
152,300
139,850
96,937
132,321
180,513
70,125
66,111
87,20
32,918
88,734
154,222
38,98
196,55
144,100
14,736
118,120
167,861
18,290
111,624
83,868
182,459
116,761
196,875
72,699
183,965
158,840
151,802
170,411
56,888
135,911
18,356
161,610
24,335
98,167
50,429
144,261
18,413
14,432
124,352
40,629
57,807
95,871
9,405
1,448
48,74
77,519
145,691
103,371
104,419
175,500
96,715
51,781
27,496
157,440
187,816
124,695
52,522
45,318
112,439
29,263
144,282
17,504
51,852
109,883
148,516
154,251
196,326
45,888
62,413
167,601
70,337
137,586
106,416
36,649
152,185
4,937
171,173
71,718
27,644
87,336
156,597
66,737
193,104
59,246
168,791
125,46
31,744
66,197
194,808
69,866
82,145
8,372
114,805
8,867
85,681
125,20
50,816
189,385
175,14
100,514
21,684
54,548
144,445
124,777
58,161
139,863
9,661
143,886
138,260
36,12
41,501
126,444
9,564
67,640
183,84
109,706
40,683
119,878
85,780
100,850
119,819
8,818
65,615
128,774
144,169
164,189
29,931
40,200
44,265
14,903
30,623
174,93
168,72
14,278
154,693
111,973
80,255
7,508
180,446
5,267
15,585
165,826
60,194
16,504
160,117
7,27
101,585
173,65
142,902
106,192
121,757
162,312
5,527
38,500
101,869
84,663
6,594
118,825
185,523
23,723
114,374
83,98
180,584
53,54
148,608
38,808
116,316
52,977
90,135
117,959
142,79
68,2
50,260
55,442
82,880
34,695
136,25
111,806
28,552
127,892
14,230
129,282
75,124
80,271
150,510
194,875
39,420
58,827
64,132
102,40
177,511
143,812
86,367
109,340
93,776
80,337
55,124
45,442
15,296
8,802
106,452
185,747
54,353
196,911
40,628
147,345
106,969
138,543
30,49
15,997
52,941
160,989
55,987
50,814
158,752
50,517
87,57
97,588
160,567
41,888
191,706
40,339
193,472
96,852
30,732
38,328
105,105
115,130
152,270
167,376
12,546
100,906
28,801
118,1000
152,727
12,387
154,150
168,145
90,962
20,465
152,83
200,389
105,981
189,367
96,96
57,974
80,989
170,521
135,234
15,44
82,166
160,273
136,586
96,923
78,495
176,219
104,300
175,854
56,200
7,262
20,527
137,1
166,892
2,123
185,968
69,121
38,577
38,637
61,576
63,686
99,946
9,737
10,985
195,760
167,265
110,126
117,628
36,929
60,353
76,998
151,693
27,112
43,188
92,360
136,105
81,295
97,104
112,731
59,975
110,447
8,853
165,951
100,267
89,210
9,661
122,465
194,297
50,62
128,570
57,935
78,991
55,226
49,569
48,801
116,238
101,47
27,881
47,37
3,921
46,431
149,749
100,780
101,387
40,58
125,441
1,340
191,799
132,592
41,462
6,28
87,761
169,326
43,793
56,435
87,634
176,554
48,499
70,389
141,528
164,859
102,746
141,695
129,578
47,192
24,905
89,827
33,209
84,462
3,727
49,566
45,223
93,716
6,614
26,551
36,882
12,8
160,744
49,467
38,805
110,209
157,907
182,112
171,751
100,522
192,373
84,403
175,185
38,455
112,107
64,302
189,584
126,158
94,711
186,454
87,203
121,837
18,587
2,327
141,424
20,835
35,773
186,135
69,92
24,580
150,641
41,574
199,381
109,996
59,487
70,968
4,678
139,967
65,888
46,823
180,640
10,128
25,864
106,247
126,981
76,538
5,949
43,544
59,204
141,347
188,812
148,892
24,17
59,621
96,383
189,814
147,944
163,40
114,19
87,577
157,662
86,917
59,114
200,462
77,112
69,824
35,650
67,911
184,519
95,204
158,481
169,319
76,596
15,338
181,450
184,616
4,983
30,571
70,774
189,124
144,726
136,692
24,725
183,59
11,277
55,913
198,710
20,621
15,962
177,165
90,583
128,74
163,968
154,284
17,901
110,880
139,850
103,144
100,478
193,806
54,869
151,796
95,791
182,94
60,863
42,761
148,65
120,422
146,535
142,647
42,617
103,449
114,758
198,961
104,704
12,655
13,523
41,614
175,499
121,464
91,654
105,605
147,355
200,325
48,653
182,49
40,643
93,573
69,319
144,992
152,669
175,533
200,655
8,209
65,265
132,889
135,80
114,736
12,888
12,433
190,460
139,562
30,838
95,546
160,881
154,158
36,669
120,615
103,302
134,327
200,856
32,19
96,736
18,633
185,23
118,789
106,362
69,942
133,848
168,530
109,53
137,670
166,300
119,587
102,102
21,311
53,229
134,953
116,1
75,954
190,695
7,85
105,831
150,451
99,824
78,188
151,50
22,852
60,955
159,416
102,609
79,682
8,244
32,737
189,738
53,763
18,918
30,350
100,760
47,462
37,876
159,168
189,174
198,475
11,946
34,249
74,327
198,539
122,396
186,132
79,971
44,872
9,610
185,553
126,787
91,911
43,302
14,295
186,490
167,340
36,237
18,833
190,789
186,546
20,571
50,22
186,2
30,107
42,858
177,73
157,979
78,138
102,722
179,344
156,17
155,136
168,275
78,984
186,183
76,804
113,758
67,58
117,277
96,429
155,502
109,815
41,919
151,592
148,523
52,17
43,137
80,574
83,808
7,328
79,473
104,483
74,500
157,2
53,133
196,858
195,271
33,684
149,842
114,407
91,782
100,464
183,386
93,705
106,531
28,998
93,741
162,528
31,587
124,986
10,388
142,118
49,211
109,675
117,937
139,156
197,63
85,448
59,336
168,947
107,657
24,83
129,108
199,693
177,477
47,711
85,917
72,750
36,98
46,909
3,3
123,857
75,70
115,2
20,927
191,984
143,925
84,39
154,387
136,57
27,591
91,300
144,773
4,83
84,295
108,253
88,337
116,506
56,115
94,901
102,19
150,423
74,362
17,462
173,142
125,314
180,941
84,699
181,684
31,835
29,121
12,694
69,558
38,484
8,547
69,538
193,529
169,559
85,152
137,209
24,390
134,182
34,661
21,565
116,892
180,834
22,654
19,287
36,885
18,678
90,691
47,364
112,935
138,131
139,192
175,161
105,662
103,782
109,675
88,359
121,818
29,122
14,45
195,205
184,941
120,889
174,709
73,662
4,358
39,690
20,84
154,595
3,109
120,156
120,90
90,794
5,396
103,569
20,938
5,102
26,808
29,855
151,486
22,82
58,632
53,409
30,250
56,311
14,156
89,308
65,924
196,200
35,965
36,123
121,476
42,686
192,531
134,12
104,109
110,799
90,155
161,214
111,706
139,887
36,117
192,745
141,339
66,244
76,294
193,446
89,252
88,442
111,482
126,74
19,183
98,464
192,112
198,414
132,100
46,6
42,937
186,192
129,840
75,411
7,48
28,355
88,693
103,928
37,641
110,795
66,20
198,927
87,233
61,678
58,376
197,214
175,124
21,823
198,634
94,913
128,264
126,852
79,525
22,503
25,420
95,672
8,637
29,459
12,273
53,999
164,674
48,958
46,860
11,626
90,98
170,874
100,463
197,562
162,220
2,363
156,626
27,736
131,435
178,90
61,334
128,977
178,785
127,187
13,553
32,592
124,621
10,133
77,815
13,532
157,832
175,234
76,281
92,859
154,126
38,889
161,380
151,506
120,124
151,488
164,332
137,466
74,141
23,661
46,550
158,115
92,808
169,191
113,964
183,364
114,372
101,341
150,661
99,794
153,943
160,384
131,362
166,562
191,977
39,754
175,320
186,18
151,290
60,867
69,432
73,14
109,171
150,834
4,729
105,206
131,374
68,416
170,793
164,423
56,409
112,960
63,229
122,838
192,524
63,533
18,316
178,373
106,64
28,717
29,979
94,504
100,163
36,738
134,481
171,182
175,267
29,952
137,102
49,851
97,902
28,491
141,679
45,280
200,228
179,497
107,368
25,371
15,748
42,849
137,335
169,584
105,726
68,567
39,29
171,777
189,453
69,395
120,36
156,263
86,253
39,511
91,582
65,343
146,373
151,317
79,502
115,590
106,387
194,199
30,623
130,700
87,368
86,633
88,504
90,711
96,705
40,511
128,497
71,888
18,404
156,313
176,352
175,812
188,513
135,356
33,181
115,138
107,186
124,101
54,399
59,39
53,382
35,299
50,244
58,574
113,216
128,189
168,343
101,701
1,568
100,730
133,528
133,300
105,115
59,984
149,766
40,905
119,256
161,974
8,280
118,995
179,344
130,119
82,6
70,282
75,279
145,924
88,468
131,318
116,699
74,940
80,178
102,333
145,634
44,31
199,4
142,779
74,292
20,462
191,270
196,535
128,11
169,582
78,780
57,938
2,165
92,422
54,72
34,104
66,286
68,702
78,895
87,115
21,636
55,760
140,228
140,699
9,576
52,308
70,958
94,181
69,61
43,940
26,768
44,505
171,35
197,333
12,774
130,794
159,861
6,525
186,14
151,528
98,363
148,919
37,802
59,737
33,421
173,957
145,416
50,656
84,617
48,568
131,958
157,328
188,346
57,544
118,389
37,817
27,437
187,943
35,652
180,611
59,542
140,329
51,915
135,991
94,353
85,754
154,369
136,250
83,590
141,875
108,384
135,361
197,339
37,228
63,120
135,969
12,510
181,589
56,771
22,860
34,593
137,620
171,116
175,831
106,868
66,636
103,455
198,512
57,383
11,491
123,462
124,547
69,983
179,367
21,268
154,379
143,365
80,990
32,254
105,289
158,321
56,983
50,920
49,389
80,687
67,503
184,657
134,457
53,191
143,484
106,566
31,286
178,945
164,13
95,43
157,280
98,456
46,959
108,823
155,839
162,577
50,665
161,827
57,363
198,632
53,721
35,181
72,692
166,588
55,132
188,163
148,315
113,578
31,811
24,103
102,6
176,474
194,563
153,109
16,267
144,68
157,797
116,769
179,210
32,9
58,595
115,879
79,404
63,877
1,551
88,187
21,85
80,9
78,783
78,245
163,390
62,72
15,117
193,952
69,978
74,168
84,619
111,896
73,445
3,810
64,574
165,861
102,358
62,142
36,305
178,486
2,664
37,604
68,717
63,550
64,482
114,509
87,314
69,706
10,962
151,806
2,495
31,245
50,127
168,275
19,530
77,585
50,895
71,953
160,806
166,992
62,679
59,943
97,765
138,817
31,793
145,128
7,950
13,304
135,375
187,496
35,974
99,371
60,986
36,59
107,550
102,196
169,505
88,417
79,776
115,51
146,995
94,227
151,19
98,855
128,154
157,360
159,233
104,254
57,425
100,628
39,470
154,281
57,342
72,857
186,403
25,417
197,971
67,760
131,78
51,357
31,556
165,536
190,674
106,771
151,103
159,360
62,170
101,288
118,227
115,215
90,187
60,659
174,598
70,34
54,648
155,433
40,694
48,340
50,166
114,923
176,625
68,925
42,288
95,2
124,98
96,922
68,305
127,785
128,746
8,864
16,725
15,705
118,895
157,375
48,236
90,126
110,124
73,566
99,45
1,405
19,307
76,460
69,842
74,607
128,226
112,344
170,913
83,694
112,504
197,216
49,450
83,885
91,398
29,786
118,336
109,785
107,599
95,98
163,823
104,844
8,41
69,948
159,254
166,835
86,348
89,518
22,613
18,177
58,779
151,30
16,341
82,502
8,454
111,284
8,715
11,283
82,858
96,427
94,313
92,611
173,286
127,883
181,195
45,305
174,823
52,962
193,24
54,282
46,864
90,999
138,42
75,539
165,784
23,906
37,228
111,534
32,537
37,7
147,520
155,286
45,964
93,647
127,213
160,663
131,557
175,333
95,248
197,886
82,598
103,194
169,644
44,65
76,879
147,963
106,563
70,63
19,10
149,164
74,232
162,595
160,347
84,582
173,474
108,644
108,314
135,503
53,514
159,603
38,703
166,436
27,648
69,38
147,35
94,416
82,622
31,861
61,515
116,319
60,156
174,965
59,204
79,900
82,992
189,1
131,917
131,599
100,947
161,51
110,65
186,647
195,295
93,32
160,320
31,789
31,365
24,830
173,768
59,258
24,913
30,435
109,591
194,919
79,347
39,12
197,794
66,573
181,805
1,561
115,851
14,81
159,708
11,98
195,934
124,553
191,297
57,725
89,986
80,905
98,284
44,707
187,106
153,889
146,282
153,155
9,475
172,565
140,520
13,868
161,13
15,937
144,720
29,784
72,668
26,832
33,778
187,142
14,402
61,747
78,975
35,827
42,244
97,147
95,197
98,79
168,904
162,914
135,899
63,272
95,398
181,467
169,352
121,60
28,726
138,839
152,261
23,92
4,207
85,41
163,162
119,419
36,787
15,389
26,579
35,382
193,342
129,642
174,684
8,431
79,668
48,554
81,683
51,447
27,954
82,765
53,151
142,211
138,653
129,804
104,563
130,424
200,56
176,434
161,676
18,787
80,929
198,448
160,470
22,762
106,882
150,98
106,733
118,873
128,741
184,560
82,497
182,135
124,449
33,257
164,856
98,675
35,198
94,605
39,885
156,414
155,592
8,386
18,76
54,431
55,433
55,196
192,276
173,938
10,5
57,134
65,277
156,104
26,612
24,397
25,970
31,123
61,106
157,964
18,658
141,715
56,84
37,854
105,33
170,943
39,411
192,310
62,813
73,601
82,504
119,871
30,957
170,622
75,229
40,264
23,599
128,894
25,88
103,287
131,205
80,466
171,679
111,130
98,497
172,823
47,894
29,481
16,285
64,661
195,581
38,582
161,119
76,89
1,419
57,547
57,169
160,621
38,245
133,654
123,433
194,381
50,478
199,589
41,878
29,872
58,643
15,444
41,157
182,500
103,105
13,283
21,968
167,921
44,273
55,132
113,17
194,238
156,508
63,271
3,622
197,997
173,738
110,487
130,833
155,893
73,804
169,755
63,744
161,476
133,916
59,673
112,820
105,298
19,559
71,399
56,645
191,425
178,383
156,331
180,150
195,831
164,792
187,294
88,891
139,959
183,23
26,536
83,487
88,131
75,626
134,231
157,178
66,287
169,573
169,496
80,918
74,656
141,323
34,911
3,111
116,74
69,389
5,279
104,342
24,928
160,599
130,432
130,550
122,545
132,825
29,298
130,30
84,518
39,985
3,466
64,424
22,679
131,478
163,878
111,710
91,393
90,596
38,523
167,132
55,124
3,59
194,398
125,711
77,433
42,791
36,446
137,12
33,939
115,455
71,164
41,996
183,416
61,869
174,577
138,358
50,379
118,340
177,840
143,163
89,599
91,264
56,243
142,646
33,184
45,548
105,647
162,448
47,210
172,165
66,577
154,532
30,840
101,385
125,406
72,621
193,521
166,190
48,992
87,339
53,480
74,38
43,488
44,705
110,527
154,156
175,872
46,202
57,764
77,398
79,47
63,497
26,955
118,34
101,911
99,180
63,208
105,171
34,468
87,184
157,490
80,741
138,717
29,596
130,997
119,117
185,726
98,48
90,663
45,740
188,78
130,900
51,348
111,92
196,966
26,260
31,758
142,263
64,445
196,97
16,244
105,572
55,678
83,192
171,464
137,820
107,228
119,856
24,869
59,390
179,93
163,243
151,188
61,844
129,120
183,534
93,227
92,599
95,813
138,265
123,173
195,330
159,167
69,656
43,972
74,950
112,168
83,902
38,98
186,761
141,700
74,312
96,35
61,158
69,487
85,659
156,179
41,599
134,252
159,725
79,70
9,132
91,109
179,965
18,927
174,384
63,394
73,992
148,173
37,311
27,200
18,887
162,31
192,302
159,687
199,717
80,969
106,862
189,709
86,543
153,542
2,99
61,159
5,562
14,22
39,81
112,547
192,481
64,273
62,88
4,626
89,664
176,566
64,643
15,311
33,779
1,26
191,825
115,17
168,891
28,502
55,750
81,503
155,739
61,761
76,849
22,398
183,186
5,158
117,608
182,821
83,693
80,27
21,470
18,472
65,407
100,951
144,219
65,801
5,718
158,324
179,139
64,110
18,390
105,631
129,330
28,845
39,988
3,292
153,366
188,159
183,249
197,608
156,923
34,431
106,869
115,803
39,236
81,546
200,561
193,858
77,125
136,375
63,907
73,877
23,778
155,436
37,11
184,880
20,625
52,962
180,386
151,784
127,560
26,826
87,388
146,251
118,761
101,400
16,283
142,934
113,475
180,334
58,673
109,207
108,721
100,709
124,927
99,676
49,548
166,992
140,787
56,650
27,931
38,415
193,79
66,26
47,88
171,640
40,886
79,250
10,224
112,340
88,542
172,440
184,633
35,358
111,623
102,74
31,270
68,114
140,426
186,617
7,756
185,263
190,269
117,519
109,423
162,609
69,711
181,619
78,892
1,270
27,528
200,389
128,96
68,282
130,277
136,302
82,375
159,781
68,762
37,267
100,668
60,154
3,834
99,893
7,801
114,185
156,723
58,515
155,455
45,569
129,984
144,488
167,953
54,221
43,665
181,542
130,246
149,35
97,116
32,440
134,441
138,957
37,553
19,370
115,760
102,278
81,674
101,237
168,187
77,582
63,821
147,422
83,331
99,322
181,516
98,625
168,708
81,997
186,344
72,439
116,898
16,730
88,665
11,881
18,615
115,994
47,493
149,693
158,740
107,176
186,807
150,541
12,976
44,319
25,34
93,478
46,787
128,42
90,951
121,806
88,149
95,141
154,540
58,33
160,285
19,823
188,96
39,624
134,243
100,541
200,452
100,956
15,509
67,776
68,463
132,439
17,557
53,651
85,105
33,114
197,641
123,898
127,403
7,251
136,176
173,609
70,966
2,2
17,987
176,924
125,310
138,574
198,947
9,127
183,607
2,437
65,889
34,403
69,315
105,940
133,599
123,920
21,518
3,780
200,981
176,670
146,980
179,906
191,73
56,482
170,405
184,523
140,660
28,168
33,822
151,76
164,405
101,573
51,243
169,133
2,336
163,822
103,924
110,64
159,278
40,131
126,634
83,210
96,342
128,334
102,825
46,529
172,460
156,400
175,263
160,246
160,827
174,985
81,633
23,16
45,759
55,922
2,767
24,935
29,249
158,695
170,155
87,282
128,872
62,606
19,986
197,479
119,725
47,700
113,14
114,924
135,207
187,115
26,171
172,792
112,448
18,646
6,721
82,191
178,862
135,939
128,276
85,72
178,608
146,852
29,802
94,972
20,435
177,828
136,536
49,420
33,658
31,666
110,187
100,340
38,547
161,167
88,644
134,839
162,102
29,125
40,48
136,518
76,245
71,299
44,134
139,966
99,553
178,852
34,811
159,750
156,179
43,491
10,623
14,124
9,511
91,822
72,417
194,731
47,835
85,108
30,360
180,597
153,880
60,603
29,318
157,375
40,995
83,440
165,781
8,810
11,747
127,885
144,488
89,755
191,802
186,341
184,192
141,329
132,41
167,129
200,629
187,915
83,577
30,550
126,24
138,962
118,972
25,908
129,710
157,809
66,365
12,507
16,786
188,373
80,251
34,69
35,539
14,429
170,272
195,894
68,285
167,799
58,924
154,918
199,890
148,10
120,783
15,84
179,5
112,108
30,791
74,375
113,537
177,363
84,955
127,719
166,243
89,540
109,961
106,943
32,888
31,422
57,939
52,755
96,508
160,443
67,566
33,914
125,995
47,972
89,328
75,771
162,554
56,857
16,330
197,343
54,405
159,387
139,329
176,635
113,686
121,468
35,591
64,412
19,615
89,522
42,43
119,691
35,531
109,439
62,45
119,816
127,403
82,995
36,57
166,994
64,994
161,771
103,110
193,132
161,808
138,697
146,462
42,95
109,653
136,461
24,754
109,58
113,734
146,275
14,412
103,652
97,974
137,93
114,333
91,195
153,748
7,590
107,48
81,386
44,806
59,157
70,850
8,845
154,569
109,322
12,298
132,821
83,709
133,203
173,727
69,67
182,119
172,493
141,729
69,655
180,640
141,357
99,601
149,811
180,510
34,320
142,351
44,346
6,635
15,799
108,703
37,113
92,444
196,557
24,717
50,18
90,288
146,246
174,342
18,5
115,918
174,544
12,751
165,980
109,146
131,164
159,258
166,613
186,581
13,885
149,255
27,182
45,981
140,421
138,149
154,789
181,872
73,826
40,120
181,422
90,463
4,456
106,606
171,743
70,227
102,198
195,937
125,76
62,365
62,189
151,937
200,851
81,752
143,467
92,805
26,551
70,858
16,296
51,693
22,777
86,338
160,376
121,731
47,165
164,366
183,524
32,254
43,962
176,828
189,584
62,109
49,291
156,894
31,719
113,114
158,371
200,706
181,904
188,534
17,592
164,894
194,524
107,776
180,241
75,33
29,468
86,200
77,856
198,454
112,888
15,255
121,42
63,951
11,82
41,497
112,583
60,337
158,244
179,994
128,365
85,726
77,844
44,147
19,30
25,601
19,757
113,281
16,651
142,941
56,512
104,552
98,704
197,826
113,974
5,380
188,650
16,261
40,373
124,513
196,153
175,190
53,354
6,513
80,667
118,1000
195,56
174,254
75,934
17,624
21,473
70,905
82,555
76,227
85,783
132,250
105,978
96,807
31,501
40,503
119,615
90,525
30,673
134,694
43,755
49,310
62,93
34,956
181,797
198,760
29,496
39,9
48,422
66,609
91,255
4,249
139,536
168,962
53,43
162,810
97,244
161,474
158,444
109,975
90,465
79,903
199,892
48,33
71,376
60,700
35,352
155,953
24,548
69,322
128,358
69,721
182,844
86,945
114,432
37,472
26,411
15,536
115,192
140,355
86,567
28,770
153,189
137,517
35,456
58,176
40,724
19,537
182,825
60,772
119,392
124,940
191,218
30,576
66,150
17,742
134,910
38,622
141,76
94,315
177,62
119,891
148,453
161,988
12,731
82,263
21,712
38,263
186,800
127,639
108,343
48,612
88,388
79,877
183,157
2,737
86,3
115,874
194,741
68,506
83,883
23,499
29,521
178,464
44,364
107,631
186,470
80,662
13,70
141,649
200,875
108,416
77,995
98,265
59,337
63,124
90,333
139,456
17,447
37,75
85,705
13,945
81,461
141,944
84,235
187,243
56,578
38,525
79,307
10,505
195,379
160,556
92,874
121,888
86,555
33,135
187,689
80,34
57,77
8,670
152,689
28,592
81,721
108,808
122,398
74,306
22,576
16,38
50,535
188,260
58,531
155,137
88,827
114,452
134,519
121,512
90,214
188,423
130,228
13,535
194,959
122,756
145,339
16,235
128,505
184,701
68,419
48,159
70,811
84,467
146,141
79,762
37,124
162,352
146,585
199,969
19,827
182,845
118,478
60,149
74,690
175,117
57,397
75,534
81,626
136,701
14,422
9,566
48,724
148,207
82,752
173,434
77,455
131,765
97,332
172,245
12,464
24,624
200,299
130,962
53,725
181,315
60,810
125,747
59,17
72,972
186,393
9,676
174,581
169,228
185,49
126,56
141,333
87,122
14,985
103,294
192,17
122,37
158,466
95,161
92,61
12,58
62,424
132,166
83,431
1,802
169,418
177,412
113,393
74,513
162,433
180,240
152,274
125,941
112,792
46,58
111,158
33,914
86,31
118,879
73,440
7,613
118,118
93,311
143,961
123,603
100,586
97,462
190,979
82,789
165,111
177,532
184,501
36,838
59,965
92,430
38,152
142,63
94,189
12,488
138,853
82,925
67,542
91,454
134,8
10,958
73,795
1,244
150,799
191,133
48,401
183,864
27,309
73,426
179,482
77,767
15,292
74,325
184,530
183,753
75,301
144,261
143,872
75,348
43,172
43,676
107,54
129,35
102,23
86,495
39,411
176,844
27,44
134,124
110,87
122,659
86,432
61,269
189,777
50,549
74,112
184,621
2,44
30,161
107,6
117,338
126,872
28,613
20,945
87,279
170,857
46,326
42,597
132,390
110,290
56,734
70,168
21,253
43,878
114,701
181,358
82,645
114,431
146,379
18,683
32,959
37,263
175,455
49,558
67,716
147,546
25,303
36,763
80,966
147,517
92,216
64,340
183,395
142,516
126,947
184,214
56,264
18,545
61,574
156,686
136,269
40,642
183,976
165,582
30,386
137,859
154,538
148,25
97,781
121,206
148,451
142,875
74,921
42,830
92,413
83,367
2,298
20,278
179,597
146,511
10,192
189,565
16,481
174,459
115,946
193,268
174,108
159,553
100,30
171,258
16,975
125,868
43,506
3,213
113,870
85,327
168,546
17,491
99,389
20,908
175,460
128,692
74,53
6,923
158,49
180,121
177,680
36,507
28,219
148,291
114,973
53,319
81,75
74,116
60,370
133,688
113,638
15,108
50,357
88,770
11,531
55,567
72,163
114,961
149,178
7,366
171,885
113,442
7,728
158,489
157,609
139,527
88,175
121,175
30,337
28,906
179,444
87,874
73,117
1,529
16,604
97,266
166,79
87,975
13,911
46,57
81,457
169,570
157,487
171,775
167,75
5,74
190,718
126,495
148,411
69,737
97,898
82,11
149,915
166,937
95,501
183,298
17,230
48,740
133,643
73,105
24,954
193,867
151,866
200,793
184,291
22,124
113,725
36,480
25,677
55,345
198,690
70,576
76,143
70,213
43,50
22,642
75,43
32,882
200,807
44,760
56,513
103,388
190,343
132,588
72,148
57,34
131,426
147,170
106,704
90,713
12,167
115,892
172,506
131,742
127,297
126,591
120,871
165,506
97,396
44,714
160,116
142,304
185,4
9,777
133,413
18,720
108,203
19,836
132,770
153,579
136,641
119,344
57,940
166,969
90,293
16,369
197,396
67,230
152,430
38,412
198,56
157,678
163,744
32,72
97,623
111,653
127,174
10,242
195,580
173,405
130,660
198,645
40,860
45,16
3,887
157,593
21,722
76,469
16,848
44,289
6,141
79,584
109,782
149,459
142,172
111,296
104,51
4,469
80,982
117,492
104,202
114,483
71,624
177,988
130,269
139,657
181,111
111,489
184,341
85,154
173,813
191,892
53,196
76,320
68,737
21,223
82,68
136,884
104,524
153,665
93,64
15,883
150,491
199,307
200,961
158,588
13,881
49,852
167,489
50,393
1,324
187,142
48,219
116,96
72,311
130,274
73,591
43,260
56,462
185,113
130,524
73,127
26,66
65,981
186,929
57,696
116,343
44,82
100,220
59,358
197,754
163,174
97,792
88,498
56,615
22,292
85,433
22,131
92,652
75,646
103,944
151,832
174,916
58,196
46,626
86,511
10,62
97,91
41,931
25,317
2,355
87,734
177,879
103,569
14,582
23,558
55,708
196,655
94,473
66,748
124,473
46,844
30,78
129,475
121,672
168,498
135,182
15,611
125,519
182,75
197,112
33,691
196,39
121,283
190,264
165,177
79,967
82,101
176,316
10,487
92,480
198,569
135,223
55,26
136,762
150,953
126,232
178,104
194,588
76,291
86,897
70,391
132,709
152,31
137,338
200,250
17,494
65,940
77,641
89,635
85,815
54,498
19,497
193,875
47,816
65,597
39,242
144,421
102,257
111,708
181,737
143,115
144,499
9,880
150,539
187,751
185,773
24,623
74,640
181,955
98,354
126,678
99,628
146,250
20,837
144,728
49,403
50,531
38,12
167,521
100,978
82,777
22,830
111,781
84,309
75,219
110,119
189,645
26,399
62,572
105,874
184,490
165,711
93,373
35,312
174,941
107,193
92,482
86,493
47,509
9,482
69,999
60,828
98,942
135,186
164,470
46,683
129,127
188,696
197,125
183,397
139,858
12,259
76,52
159,256
20,301
186,422
81,211
83,139
71,7
7,939
182,527
71,695
190,759
59,255
123,635
132,212
66,280
109,404
56,7
70,412
109,653
91,961
48,214
42,906
144,574
109,298
191,187
141,267
85,571
105,708
103,535
162,806
81,776
68,261
115,444
189,271
59,52
136,963
92,56
124,593
144,735
48,137
187,280
13,733
72,755
92,46
41,425
41,627
57,432
146,158
141,843
78,375
144,314
50,63
197,225
193,26
101,389
78,268
200,684
190,484
125,484
182,947
165,921
152,125
113,667
192,469
137,519
65,501
195,128
85,84
195,860
139,977
180,526
168,752
128,111
21,63
72,741
74,248
3,294
136,522
173,356
144,243
179,502
1,154
15,11
69,841
20,43
120,324
169,653
40,556
97,801
40,466
146,564
115,344
179,95
191,377
72,540
200,518
5,578
157,365
187,239
83,138
89,586
6,118
110,256
33,49
195,201
158,245
164,277
174,434
139,314
80,233
117,873
99,534
12,964
164,761
109,493
190,363
98,37
68,262
67,516
152,836
80,569
41,518
198,937
102,593
77,772
54,6
120,466
44,156
94,876
107,611
66,679
90,196
138,18
184,864
185,969
110,240
96,513
87,170
179,272
38,206
199,216
157,551
106,85
163,6
19,602
113,847
123,533
18,14
28,652
7,72
152,174
2,268
79,924
82,643
199,140
86,445
50,916
67,751
117,90
122,115
105,214
123,862
160,460
72,123
161,445
45,164
22,849
48,621
96,881
30,941
101,735
124,306
27,962
148,574
66,320
13,598
188,393
38,415
9,81
175,949
89,435
150,210
87,566
75,743
57,203
80,725
21,160
106,462
100,286
158,914
28,572
7,932
85,859
175,144
8,421
101,974
97,666
99,515
53,966
124,539
69,256
44,315
189,314
81,38
48,38
19,314
168,797
70,825
155,958
24,970
159,9
113,905
25,864
121,553
43,666
163,813
30,184
60,362
149,268
96,648
53,941
97,28
191,321
114,827
115,412
38,781
113,210
58,239
132,835
111,806
63,228
179,295
6,666
2,256
13,878
69,825
189,701
188,484
190,278
90,437
70,609
26,320
161,160
147,908
29,544
157,302
134,360
76,349
139,591
90,357
123,41
58,392
122,624
159,270
122,532
48,874
81,290
52,402
161,983
75,58
194,843
41,50
198,138
189,736
178,759
28,757
157,275
23,655
171,376
177,229
114,34
127,367
161,93
77,280
147,833
37,713
154,642
80,313
95,626
123,823
67,286
177,838
160,533
53,332
37,926
180,321
199,639
195,258
48,618
142,236
145,385
158,626
76,681
16,979
18,931
171,653
131,661
83,857
96,697
148,982
97,898
137,808
32,205
67,126
19,778
49,675
117,281
89,21
57,606
66,504
193,314
100,495
186,484
1,763
195,327
133,904
57,39
175,173
49,970
107,138
163,529
29,156
46,661
99,37
118,879
114,647
128,799
52,515
164,962
87,778
50,192
47,46
179,29
155,832
40,156
40,485
1,829
1,140
61,97
60,443
173,556
192,685
189,22
180,794
144,729
79,32
160,180
90,497
88,116
169,699
188,754
187,441
48,800
2,18
143,292
11,339
94,537
148,403
108,126
96,500
93,348
183,796
59,596
4,156
166,130
34,190
181,969
113,772
187,721
164,8
166,943
105,998
96,606
120,356
7,778
151,660
111,798
137,643
200,921
13,53
93,951
156,27
185,21
56,382
140,264
186,986
82,309
65,365
68,133
143,819
178,969
106,289
49,395
9,408
116,874
18,706
176,149
101,969
34,314
52,447
68,629
135,183
123,723
38,534
6,157
145,477
162,837
30,843
85,920
174,848
139,623
8,553
41,534
29,580
7,435
165,752
147,910
184,37
105,35
113,695
172,911
5,903
34,109
71,585
156,654
16,959
136,26
75,287
40,377
196,834
191,217
13,452
158,333
116,343
139,965
2,367
103,464
30,625
191,967
53,73
132,836
145,740
154,828
21,811
138,271
107,19
26,691
184,687
43,6
61,494
22,219
35,406
162,208
74,97
108,610
200,11
114,602
73,814
170,309
79,548
126,995
134,42
101,799
101,601
177,80
134,226
104,324
124,557
150,35
59,952
38,156
73,284
178,139
76,469
77,80
172,546
114,759
38,829
162,404
160,336
36,391
27,795
92,873
97,728
142,676
74,238
177,680
14,916
178,981
114,415
15,321
19,727
77,591
144,670
131,651
65,316
75,745
189,657
90,281
70,884
116,559
134,311
155,881
179,587
146,234
8,95
198,427
108,278
115,109
66,702
196,35
80,884
68,167
2,650
143,483
111,406
95,196
112,579
156,242
68,962
166,529
74,278
74,250
149,976
31,42
112,354
107,568
25,694
68,427
97,891
150,233
4,5
6,435
60,633
133,961
160,55
56,445
4,350
88,465
76,315
122,65
112,822
2,410
56,590
124,972
27,700
70,448
39,645
124,204
162,388
132,877
77,850
60,439
90,875
112,992
69,225
27,558
117,666
188,316
111,643
175,427
39,580
137,686
150,613
30,710
112,172
124,759
176,765
128,509
11,420
70,111
102,667
74,806
140,150
47,116
157,798
86,385
38,965
154,116
129,759
162,838
67,334
111,795
125,449
169,906
78,824
173,384
95,955
167,662
161,622
31,464
193,488
151,344
60,995
86,172
40,15
5,106
90,300
103,798
5,230
160,189
160,926
31,720
90,689
141,567
49,161
140,422
3,517
122,750
79,322
21,290
104,706
81,630
136,64
175,969
189,835
91,313
132,819
184,431
51,153
74,424
109,674
49,144
99,329
170,456
25,6
151,363
32,435
35,52
127,531
157,863
98,270
177,57
132,437
108,367
31,520
137,926
91,509
9,712
31,953
131,200
80,409
120,38
32,907
44,121
31,711
116,893
126,79
86,241
92,200
36,247
29,508
92,497
80,737
140,681
77,697
148,511
158,919
35,266
4,23
29,740
29,452
35,426
108,672
198,556
71,346
72,354
87,460
10,445
169,482
108,841
38,1000
187,268
141,616
83,525
126,331
113,442
6,426
21,351
175,39
119,804
76,461
156,5
119,429
80,41
108,833
52,969
86,713
95,550
38,234
181,630
117,315
78,27
110,277
136,523
120,96
31,559
133,300
185,841
31,530
166,711
176,742
160,102
164,221
84,557
42,651
21,849
169,122
96,434
113,87
29,507
197,749
97,599
121,996
16,198
119,422
169,322
43,807
199,708
167,115
199,989
133,387
63,713
166,37
50,271
186,186
23,390
32,365
83,412
36,172
23,490
182,684
7,802
154,781
179,454
91,400
138,234
148,762
30,583
133,138
18,570
55,829
176,28
199,427
98,636
170,181
152,617
100,464
32,157
23,998
31,545
162,821
177,256
113,177
6,718
46,666
96,314
17,885
162,470
65,335
49,772
82,897
73,98
64,999
138,151
26,69
141,330
132,661
32,661
12,13
185,769
35,465
122,374
173,887
192,832
110,810
97,870
65,653
39,350
98,420
168,869
170,17
96,613
188,708
98,770
132,203
146,111
107,752
60,800
140,474
184,85
88,378
119,596
24,157
80,992
88,245
87,241
84,477
25,142
110,579
78,565
7,889
54,75
184,19
84,24
104,74
55,297
21,690
117,364
132,386
4,494
66,314
191,635
59,508
34,412
19,716
105,921
139,752
9,291
17,485
130,253
127,712
102,117
167,101
34,33
158,444
89,294
46,225
81,910
125,409
195,89
58,999
63,787
23,501
192,28
114,903
198,642
14,472
87,160
188,487
12,457
67,562
125,9
114,247
96,38
190,451
180,782
106,150
81,296
195,410
159,780
31,384
1,250
129,359
106,614
1,250
52,931
8,708
126,797
144,346
192,172
144,219
175,56
53,321
89,424
162,801
171,236
3,500
196,840
116,715
188,397
162,652
148,185
189,314
49,244
19,531
20,888
16,640
56,800
174,162
13,177
36,435
110,856
115,131
193,576
120,245
103,24
79,848
198,647
5,139
36,943
41,896
11,323
125,657
91,334
51,275
120,749
130,52
170,330
180,44
49,756
94,242
154,466
60,197
165,379
3,228
39,803
186,150
135,789
151,603
30,717
118,71
148,470
31,444
27,56
70,203
81,712
41,639
86,778
186,661
54,495
124,550
136,138
106,977
154,603
159,487
69,589
134,980
92,240
66,238
1,666
189,285
118,54
40,431
175,815
2,979
92,368
79,677
199,701
162,888
74,375
109,477
95,815
115,247
156,684
38,559
9,194
54,964
179,704
106,56
113,66
10,902
32,653
62,54
145,122
166,881
70,317
50,305
193,119
53,327
6,225
65,629
184,268
153,799
194,326
141,14
70,424
179,891
154,943
191,267
188,646
123,715
91,173
16,76
140,516
156,751
142,959
65,998
29,792
177,365
100,913
46,768
119,367
10,534
143,868
79,865
14,852
77,367
87,916
178,350
75,522
179,61
83,227
182,978
70,188
131,297
135,902
24,155
189,906
196,341
144,375
37,430
135,543
199,18
163,573
177,192
55,923
110,50
34,332
6,460
111,432
145,855
198,414
142,527
175,598
89,18
192,480
188,329
154,529
37,766
163,722
110,55
119,288
158,52
20,423
22,870
184,741
54,547
61,399
131,35
37,760
185,549
138,836
164,741
157,123
94,874
67,807
29,741
128,568
70,124
23,308
40,58
37,311
4,261
163,447
182,134
65,589
105,114
194,551
138,492
96,415
95,890
61,68
181,930
145,853
26,658
168,628
81,107
65,875
63,784
26,423
132,80
194,270
68,513
184,970
68,14
18,759
29,229
115,238
3,878
40,185
116,672
1,321
62,32
104,604
192,584
61,639
163,367
188,969
109,259
17,899
81,673
163,605
180,900
98,731
188,57
17,822
39,833
74,643
187,231
76,729
54,42
120,673
92,503
183,615
72,706
198,832
17,423
157,708
176,635
32,603
135,854
191,479
76,221
154,398
63,226
135,209
173,738
94,173
102,234
37,562
62,65
122,521
3,283
72,28
148,542
93,282
6,606
49,761
28,304
8,637
192,968
81,902
170,825
106,55
8,101
177,120
27,38
48,657
8,875
14,318
134,217
3,187
98,136
30,512
134,672
28,877
2,62
38,663
77,266
92,860
163,478
150,479
20,514
94,119
50,308
192,8
172,264
131,42
37,926
146,740
117,507
142,335
133,642
26,442
51,566
19,585
31,105
41,736
186,338
196,583
31,205
157,648
99,552
24,957
80,406
162,494
173,699
152,786
122,769
112,628
168,654
59,321
57,615
167,426
171,969
198,391
41,276
68,564
105,542
153,828
130,921
92,620
20,395
67,261
189,53
170,608
123,914
38,148
115,680
177,341
185,693
144,144
50,100
22,634
109,102
11,968
156,173
121,622
47,455
34,800
15,457
43,217
90,43
195,839
155,508
196,601
178,166
71,270
22,351
114,47
76,285
10,364
101,271
109,791
5,308
115,174
108,120
42,211
133,571
47,82
33,748
146,264
64,762
6,634
133,682
186,135
51,213
105,174
16,216
53,169
133,920
13,52
85,369
135,56
84,361
196,74
60,978
106,675
120,483
31,335
77,947
70,122
141,886
69,247
124,415
191,736
152,259
33,115
132,864
183,9
114,263
149,612
154,399
146,596
26,477
85,972
180,431
44,548
35,129
69,742
66,143
10,46
8,596
50,651
21,503
96,527
185,7
135,640
30,976
48,616
31,266
99,310
172,738
89,503
183,230
159,258
200,22
73,761
49,511
184,938
145,170
34,380
149,421
171,716
140,979
84,465
173,90
2,519
96,581
174,538
37,833
79,105
102,627
97,1000
6,159
108,455
112,338
111,220
108,282
158,4
75,933
156,871
138,824
178,883
179,410
64,429
115,696
61,848
144,277
24,204
77,248
51,798
152,174
200,404
1,615
31,507
2,180
149,231
87,447
112,9
131,557
3,161
149,714
28,606
129,20
144,463
18,333
193,417
43,26
200,272
64,106
12,944
116,88
146,400
146,578
8,439
58,711
196,243
150,133
121,941
138,278
101,980
96,603
30,617
156,837
67,702
84,189
6,661
44,642
198,566
104,499
32,362
119,904
50,536
50,924
29,753
122,302
172,602
162,966
194,578
32,235
103,151
116,158
197,337
152,199
143,587
22,584
171,20
173,898
6,601
179,852
199,296
197,858
38,393
61,729
41,668
33,89
52,351
176,317
80,595
139,307
37,57
163,90
142,297
169,168
163,451
5,878
173,293
127,9
122,222
173,51
86,410
113,669
68,808
74,693
60,748
150,737
118,646
74,478
93,908
17,140
12,280
125,252
142,136
189,434
98,816
38,903
148,153
112,358
5,641
81,574
39,644
53,549
12,285
184,710
1,149
44,788
186,227
74,733
168,343
44,792
196,811
8,346
116,366
197,684
1,686
113,810
115,631
13,521
183,198
12,638
109,378
95,127
16,790
13,557
162,657
185,200
63,419
89,351
129,674
130,933
64,104
150,392
108,452
149,846
10,920
162,301
29,372
78,97
43,919
57,665
15,885
43,708
168,683
54,555
164,179
130,410
159,55
111,885
194,833
95,759
95,862
130,528
45,336
39,374
178,909
16,725
18,423
127,883
141,62
37,319
158,986
119,359
32,676
38,379
43,682
74,427
127,5
10,782
102,397
189,593
91,769
82,942
89,738
34,307
13,722
4,248
70,575
156,862
36,505
129,274
194,20
163,492
93,379
96,159
169,872
108,671
122,362
9,628
52,563
7,473
179,751
188,538
74,902
71,748
9,316
31,688
153,205
105,564
158,543
55,733
119,904
117,734
18,197
144,390
175,125
115,981
91,431
168,685
135,898
89,532
84,930
142,241
106,57
41,794
73,661
65,138
127,433
111,872
174,958
192,755
187,263
39,960
126,429
22,958
104,844
173,141
71,910
150,325
141,924
120,633
52,692
135,879
69,936
67,201
106,477
128,612
19,301
43,382
131,35
46,170
75,769
28,637
119,173
155,877
118,618
62,210
40,559
48,614
113,245
161,253
97,785
40,446
193,986
90,291
177,796
14,580
137,742
83,280
50,605
147,972
162,16
136,334
151,166
6,343
168,156
8,99
57,940
111,76
21,204
153,806
120,899
175,872
200,249
37,267
30,401
120,396
46,411
164,774
124,760
38,361
127,538
178,392
143,628
132,897
60,766
55,644
112,103
31,984
153,233
125,792
9,620
76,185
29,126
160,314
103,421
37,235
35,647
82,866
103,527
78,754
12,917
4,583
130,146
84,72
89,353
150,554
32,393
99,148
131,952
26,797
27,73
168,864
98,465
78,512
138,937
95,242
57,290
32,358
160,181
188,968
99,981
163,974
98,887
19,181
93,364
1,885
99,923
4,480
9,341
135,886
137,383
51,979
180,645
80,305
141,661
56,530
79,542
118,280
107,491
168,628
200,673
55,285
48,923
113,185
18,427
39,897
37,753
12,457
50,886
139,474
175,216
35,222
71,387
147,458
106,489
121,512
34,732
13,634
194,44
191,885
103,694
63,160
182,738
200,449
5,443
150,975
142,28
122,319
191,734
48,71
2,49
41,587
95,490
138,371
59,742
67,746
75,29
176,7
32,765
55,92
84,411
155,356
52,761
112,371
62,337
123,491
12,572
189,759
117,678
153,300
65,401
130,909
101,664
73,712
117,921
188,614
1,606
64,231
147,940
141,237
129,672
177,764
184,235
166,773
193,385
194,782
160,498
111,356
196,180
7,829
200,923
135,225
140,472
71,868
148,919
53,364
106,390
19,161
105,691
2,326
62,447
26,345
59,781
70,399
144,336
92,740
156,856
150,822
163,367
198,10
20,128
72,405
107,975
190,372
158,590
39,865
132,472
198,906
11,906
118,888
188,513
90,49
16,355
182,464
62,498
41,8
169,218
104,764
28,179
169,818
68,663
82,699
127,589
187,627
196,818
149,492
176,851
163,933
106,345
34,396
197,944
128,994
123,750
104,142
182,791
156,786
70,435
172,51
164,903
174,608
80,727
171,349
55,167
118,693
82,404
180,596
108,918
19,749
12,667
30,992
161,761
149,543
103,44
139,303
149,880
48,749
103,335
197,406
26,914
80,869
38,50
114,750
94,961
30,956
67,236
37,803
131,782
104,860
147,595
145,640
153,12
146,542
36,913
193,761
13,292
123,419
173,587
80,851
52,3
165,444
159,467
50,99
114,835
164,852
65,120
185,50
167,711
36,221
89,298
169,102
156,477
37,334
129,536
171,75
182,471
87,105
76,897
74,786
176,698
72,623
171,402
70,690
21,518
176,882
107,222
146,161
6,867
86,74
170,434
125,260
39,4
163,531
28,159
15,578
106,715
30,973
113,836
127,140
47,427
158,516
194,902
182,442
100,603
146,853
189,696
8,33
181,34
35,981
76,432
36,52
149,290
178,599
132,556
146,814
145,400
47,224
28,842
45,99
94,618
33,962
200,111
66,507
81,720
184,727
159,873
149,561
8,684
67,418
127,671
35,69
97,838
104,308
159,821
1,28
61,554
23,599
2,465
128,902
167,147
84,242
148,394
190,235
125,433
145,569
195,746
34,223
27,488
120,743
29,674
96,453
165,9
111,770
144,237
35,33
30,194
63,112
86,187
58,612
21,377
160,669
92,728
98,654
144,754
118,252
89,717
171,433
98,47
169,387
100,508
149,12
156,274
130,713
115,49
61,374
2,124
51,324
123,362
29,134
43,270
158,328
42,938
87,458
146,346
57,420
56,132
139,677
7,693
64,292
25,675
183,484
123,238
39,270
140,923
137,718
154,238
64,517
103,481
174,444
177,906
158,387
79,357
98,415
127,233
135,837
20,522
199,745
5,181
27,83
39,91
135,674
137,959
54,253
134,459
74,600
6,981
61,543
181,649
159,462
159,685
12,190
174,162
158,334
192,679
68,501
145,291
140,405
109,87
43,544
182,834
9,611
48,698
40,650
182,965
195,272
3,994
149,386
8,160
91,38
179,890
153,445
22,519
46,224
10,153
94,848
41,681
163,738
196,206
187,773
147,695
184,710
130,851
85,663
63,529
62,728
15,54
124,527
145,571
17,979
114,970
145,821
169,339
101,997
25,866
53,287
144,698
39,374
139,470
135,733
85,163
6,132
69,506
95,629
27,342
151,682
174,522
37,846
34,518
122,883
12,232
15,856
42,651
153,929
124,885
194,832
140,649
178,668
100,635
75,219
111,171
193,54
70,106
80,534
38,831
47,204
175,478
140,366
178,851
170,593
118,918
119,837
97,381
40,325
101,950
126,209
106,834
178,867
113,264
57,938
163,884
146,180
83,268
113,73
133,712
158,658
77,811
94,978
41,484
41,852
53,413
134,120
75,447
50,400
51,773
5,35
110,510
179,139
197,885
50,192
77,614
87,416
136,544
197,419
92,692
85,899
98,274
35,784
99,462
191,355
8,273
65,441
45,444
102,115
165,785
107,396
150,401
31,297
191,532
182,337
137,633
109,729
69,645
51,142
175,134
157,677
66,2
110,376
100,361
68,367
29,615
27,31
147,815
16,188
196,644
69,155
13,380
22,583
12,726
50,59
141,504
167,215
105,617
138,864
150,648
28,691
178,116
29,881
200,160
50,967
5,852
178,844
17,467
106,436
97,432
71,669
31,353
155,627
115,497
89,724
5,352
161,68
28,42
96,521
158,420
66,71
142,639
1,70
20,822
179,939
197,86
104,379
188,454
175,375
58,537
67,330
134,180
91,897
18,851
160,315
185,15
42,539
38,141
148,899
91,13
177,387
159,498
69,968
28,360
99,797
92,703
119,37
144,513
135,848
92,347
169,921
70,69
73,291
128,944
182,896
42,48
152,395
5,400
198,128
134,612
45,464
163,599
49,234
195,893
30,211
45,634
170,920
100,778
169,622
174,889
160,659
117,125
50,915
119,8
122,714
163,840
132,736
192,101
34,525
13,695
38,985
89,242
191,656
49,754
70,343
41,173
143,614
200,960
113,549
99,24
152,27
180,172
150,93
73,54
175,492
128,712
68,996
37,93
33,108
5,281
4,504
77,380
13,116
198,345
119,147
21,875
20,139
41,803
43,648
72,114
54,371
127,364
34,357
18,66
1,482
192,315
70,358
196,3
52,239
187,112
7,873
145,793
200,612
167,155
37,864
70,629
1,755
52,703
181,222
188,998
59,678
16,309
82,58
150,692
4,904
127,956
189,180
172,839
52,330
161,442
68,219
137,183
183,992
185,290
61,326
71,224
173,34
51,583
151,322
142,148
30,268
116,431
37,122
103,409
44,687
86,823
4,188
193,132
63,974
194,713
103,166
15,19
12,617
39,546
50,535
93,606
2,325
109,892
180,221
177,859
88,187
3,788
148,26
136,774
197,86
166,696
14,643
119,831
132,783
156,42
96,479
145,550
150,81
37,385
160,55
33,220
152,49
153,362
168,885
44,19
13,253
105,485
5,850
36,919
164,333
158,723
153,934
191,105
17,45
51,993
85,338
109,651
89,419
199,875
91,281
101,353
96,43
71,346
13,728
78,472
71,255
11,971
33,16
134,576
184,437
35,975
88,505
158,831
114,951
61,588
42,516
2,392
164,563
152,165
83,728
107,144
140,461
55,343
123,121
170,323
67,533
22,505
158,283
104,893
190,731
131,143
66,836
126,164
155,578
147,829
2,507
157,233
147,1
134,195
10,161
72,500
130,602
1,699
65,128
156,258
140,940
174,304
68,525
165,406
62,755
160,461
63,543
82,772
45,361
71,603
4,187
87,887
92,378
182,132
112,822
2,872
166,243
164,103
83,325
119,422
178,976
113,507
167,828
140,270
39,926
193,771
136,719
95,541
19,585
1,900
157,429
133,902
86,726
3,284
7,945
161,584
99,998
101,896
147,872
121,355
45,181
103,222
128,419
106,230
198,695
95,189
195,482
49,232
147,559
167,748
70,58
27,350
102,796
139,514
66,294
98,270
38,370
173,799
145,638
141,349
60,60
58,138
52,851
99,862
60,71
52,387
39,240
55,42
159,404
67,998
42,656
45,211
46,258
170,386
61,75
155,764
83,243
122,131
80,729
17,673
13,694
134,494
70,796
115,483
199,240
129,874
119,328
52,514
12,970
158,518
156,371
169,719
119,297
200,107
147,757
39,746
180,824
117,294
82,315
88,280
93,107
94,65
35,455
28,200
141,112
37,908
188,400
51,320
144,964
141,584
167,627
185,824
137,51
138,503
73,297
63,590
151,272
74,675
42,727
35,107
58,546
85,162
87,580
22,361
84,838
125,934
126,808
112,413
180,767
173,11
91,573
183,807
66,908
117,557
195,54
8,159
64,371
133,404
146,256
32,798
50,91
90,414
86,684
25,7
119,236
3,884
125,665
64,445
120,765
189,652
174,267
1,503
150,59
189,440
41,734
95,924
146,615
6,560
64,786
181,560
39,834
197,393
155,341
129,567
18,226
89,385
191,111
71,815
199,515
14,665
59,345
26,542
20,36
110,466
85,192
47,1000
100,815
37,978
21,698
188,186
113,471
137,438
111,895
1,470
104,641
100,779
16,8
80,992
81,654
198,740
158,639
183,568
187,943
55,712
32,761
79,881
121,665
105,308
35,58
16,384
195,247
174,342
14,449
125,371
58,332
168,503
80,175
99,165
126,732
55,34
47,739
134,725
25,597
7,565
82,448
134,443
84,495
8,468
77,758
38,494
85,986
83,866
148,466
30,525
71,254
194,575
68,542
158,657
54,240
183,358
112,797
122,970
57,89
127,916
96,924
44,161
136,791
128,381
12,13
19,229
141,228
117,233
36,41
175,834
111,196
175,63
199,521
130,764
141,356
190,792
70,115
185,775
72,43
48,288
195,411
155,633
10,95
96,851
170,106
93,174
91,566
113,231
78,152
191,171
199,131
193,478
179,510
83,271
80,470
80,196
99,818
139,83
77,554
95,487
10,956
35,287
150,145
20,489
9,848
40,541
34,855
118,742
124,755
72,401
96,485
174,715
191,818
22,3
16,290
14,139
46,621
144,474
9,119
138,477
44,478
150,310
74,352
160,691
173,780
9,113
93,723
70,931
187,496
167,540
78,78
57,772
166,614
152,665
141,181
167,934
18,330
22,211
93,826
48,835
39,3
106,671
68,354
150,107
124,269
33,888
172,545
195,898
188,716
32,628
64,379
92,247
107,113
37,966
152,657
138,22
123,448
64,597
91,715
192,663
101,791
143,795
58,539
52,261
184,407
5,916
109,246
107,724
5,999
177,126
71,201
62,377
19,371
2,16
8,801
34,860
185,193
109,811
171,28
89,833
75,164
127,135
172,20
128,110
143,74
9,170
46,495
90,645
122,216
1,557
101,637
10,915
96,189
111,718
62,35
2,115
23,370
16,51
80,703
106,291
119,92
35,742
41,48
105,341
169,146
116,629
77,48
166,319
123,728
100,560
28,954
191,255
7,67
109,773
95,134
46,456
35,776
122,296
135,40
58,127
163,736
43,309
72,402
43,968
74,119
182,853
54,764
107,525
169,530
80,537
78,832
152,695
129,41
25,380
136,141
63,896
140,274
132,864
180,822
89,283
160,880
48,980
120,460
13,656
164,723
18,214
91,766
73,394
167,788
122,32
193,684
140,65
174,321
86,254
162,810
84,182
195,780
175,973
8,952
178,664
79,885
100,42
124,77
38,501
29,373
83,290
183,582
154,602
108,827
45,394
86,947
87,619
7,321
91,109
122,249
78,152
76,135
53,939
137,456
36,991
19,765
194,31
134,18
30,68
53,493
149,858
156,697
31,761
137,136
131,810
182,744
47,978
12,496
199,574
58,301
150,630
182,973
186,605
128,957
189,730
186,64
179,493
118,372
113,395
158,443
188,182
129,731
159,711
137,9
9,886
151,774
165,593
187,847
62,772
131,376
172,185
190,270
49,712
171,555
154,239
103,894
195,110
184,57
159,651
5,638
188,129
104,518
85,851
21,281
14,343
67,856
64,992
131,110
152,87
13,494
148,504
113,723
92,830
147,860
199,461
98,922
18,291
51,671
199,678
4,863
160,926
23,597
22,757
146,424
127,906
165,590
180,689
143,858
52,740
164,595
85,688
143,307
72,121
89,623
95,583
20,839
9,125
156,387
156,149
174,793
198,782
56,885
48,16
62,266
133,351
31,513
37,638
61,694
150,424
94,821
7,495
83,806
37,387
80,175
123,757
15,758
29,42
44,275
3,207
4,485
108,682
87,780
89,649
8,424
28,170
52,1
41,286
60,20
66,194
110,891
110,489
161,307
93,903
44,226
139,293
28,245
2,420
119,943
52,797
2,760
47,397
186,542
61,961
39,292
34,559
182,204
47,811
74,150
178,569
20,992
26,676
186,642
163,6
111,301
63,679
138,530
161,585
79,767
46,951
37,858
137,344
194,613
51,253
66,603
50,186
19,101
171,284
107,924
104,473
199,742
50,249
191,276
155,481
180,737
25,199
122,538
31,535
31,911
3,157
98,810
13,881
154,228
170,314
28,79
12,815
28,460
78,7
49,981
164,153
187,915
4,199
20,537
62,822
134,290
175,196
179,761
26,504
78,402
135,420
12,524
28,891
52,615
153,371
107,183
153,332
68,722
166,464
25,5
68,556
35,814
98,704
40,276
184,698
66,652
47,249
99,77
35,442
33,529
183,257
139,321
32,989
100,316
146,383
142,92
12,355
158,292
126,422
159,550
181,623
80,913
73,65
61,515
6,283
27,491
182,743
192,101
152,407
59,786
141,950
115,98
33,134
33,373
60,251
22,311
5,845
179,66
75,913
48,278
46,464
12,757
142,663
170,26
93,642
87,351
81,710
157,220
199,725
160,81
198,527
75,476
58,66
83,451
12,903
195,93
8,698
2,198
15,833
192,934
69,41
100,29
142,198
149,400
176,677
161,498
45,697
42,327
48,417
34,14
67,608
61,203
165,226
129,176
33,103
14,562
114,520
104,535
192,266
18,177
152,697
86,108
60,624
135,720
150,162
11,569
98,686
138,253
16,501
68,996
171,527
189,809
70,999
198,791
106,496
31,229
130,711
198,337
119,746
199,139
3,990
125,607
190,740
147,453
37,41
64,288
79,558
130,37
144,559
11,489
45,602
165,548
173,513
84,766
96,680
20,137
44,198
137,574
169,38
108,359
192,894
68,932
91,197
173,972
3,764
17,700
107,606
154,936
196,181
102,607
20,600
119,877
194,650
119,139
137,604
179,472
162,120
122,743
37,889
5,759
10,999
165,304
21,96
74,599
65,967
161,983
44,36
23,358
78,288
118,497
122,860
127,59
61,71
187,582
57,481
4,724
48,10
43,110
190,643
59,432
94,830
144,175
182,820
98,538
163,595
189,440
61,641
6,339
125,437
49,208
84,824
96,709
144,66
33,583
77,685
166,519
195,419
166,237
130,575
19,951
172,914
169,353
112,969
196,912
36,849
169,318
175,781
38,586
170,140
112,157
130,184
48,197
178,643
179,682
80,239
65,505
93,786
189,283
116,600
4,599
52,331
31,570
90,412
7,892
129,954
22,877
126,606
199,463
139,135
176,643
98,834
70,210
166,746
161,945
83,513
116,829
16,710
95,640
87,813
54,697
127,238
75,673
111,278
98,53
1,301
179,972
73,198
8,601
57,524
24,506
24,534
124,182
165,755
165,52
103,697
38,874
53,355
102,482
99,984
58,56
104,252
70,109
37,682
155,256
6,169
8,747
25,692
149,193
185,219
147,815
102,522
82,222
132,160
14,680
58,765
81,663
179,120
90,129
70,480
173,642
179,956
126,72
41,761
3,57
194,855
3,224
182,116
130,975
55,145
134,761
70,884
45,575
70,238
111,881
41,690
27,956
82,930
53,148
13,192
109,315
12,562
123,101
185,52
100,45
138,28
162,662
33,961
166,619
19,384
112,453
9,797
140,38
121,465
194,345
163,404
197,363
162,118
182,343
30,559
60,156
30,582
161,697
175,225
38,653
129,708
107,324
16,839
67,327
141,316
88,431
100,333
149,61
51,140
76,23
25,76
113,649
168,951
72,227
160,696
37,671
8,406
77,971
59,900
17,980
177,840
96,736
47,108
116,767
196,305
177,952
160,781
74,889
169,298
135,740
112,683
56,652
26,610
83,431
162,350
42,113
184,639
88,288
98,949
80,463
23,418
148,790
24,88
194,215
39,281
164,989
173,387
80,607
156,730
41,369
182,397
162,699
187,400
123,547
125,574
51,652
115,119
149,355
186,224
13,804
133,535
103,839
192,593
126,871
164,802
29,842
10,306
94,275
56,368
14,538
64,386
108,950
112,979
195,145
175,845
114,106
53,176
196,996
80,466
167,897
85,784
26,506
85,389
193,982
75,163
73,343
162,920
138,888
186,461
157,136
194,811
97,777
52,538
19,297
156,706
56,906
58,368
109,330
164,797
179,995
44,383
118,235
4,581
176,713
39,453
128,795
10,294
130,905
9,803
25,476
17,873
164,142
19,661
76,983
166,861
135,904
3,603
43,391
75,916
122,769
35,230
113,300
103,774
48,346
22,520
53,332
45,273
123,133
173,351
101,921
17,688
147,894
13,485
37,349
19,694
124,616
155,547
185,92
117,539
181,693
38,798
71,846
151,700
81,721
44,211
136,974
141,627
1,38
145,207
157,727
188,443
81,103
186,585
152,143
105,199
49,538
8,960
117,321
171,954
75,185
15,288
166,22
96,149
144,462
188,877
22,470
70,162
189,480
19,283
117,382
157,685
144,568
28,383
39,957
32,399
135,688
184,223
190,452
101,817
20,928
79,533
80,74
104,394
65,871
3,143
85,107
129,862
64,349
135,737
120,114
53,154
92,955
124,828
50,30
75,747
182,951
36,699
184,543
4,808
174,88
52,188
119,877
147,918
78,832
2,737
139,512
97,235
84,571
46,678
181,428
59,352
9,450
42,950
5,654
196,585
4,599
134,786
22,73
153,836
174,937
84,52
200,666
126,648
19,649
182,563
163,367
146,695
140,680
185,376
6,729
153,580
135,582
161,512
35,562
71,847
103,552
86,399
56,186
151,11
200,468
38,515
120,27
190,959
183,44
19,91
26,381
102,174
42,731
59,180
131,751
36,590
160,788
30,766
138,35
59,247
93,993
76,485
18,571
144,606
39,460
63,406
94,446
171,845
99,798
123,818
153,719
138,586
57,834
70,409
72,859
116,552
188,681
137,178
30,747
37,124
14,84
193,443
90,466
72,533
192,707
61,270
185,457
71,733
143,610
84,153
40,477
178,11
48,327
16,852
23,905
122,252
181,392
85,968
177,479
98,654
186,207
43,737
31,63
190,987
98,17
147,411
114,382
62,967
99,339
24,506
80,80
187,312
181,928
166,628
2,411
199,227
31,574
60,762
46,632
138,770
130,107
158,362
144,211
127,438
38,501
28,579
45,117
14,970
31,92
89,440
198,103
110,560
63,260
28,902
99,697
117,825
100,412
33,559
113,338
75,347
145,579
52,968
17,236
22,42
126,876
136,374
136,306
20,855
161,785
134,993
69,774
158,849
146,490
196,825
34,969
144,387
108,356
46,454
18,766
123,85
10,532
121,615
56,877
82,380
61,678
78,781
74,830
1,359
15,237
145,865
169,490
193,808
118,432
36,611
96,444
142,184
139,655
143,391
26,680
45,29
128,576
136,528
15,249
138,658
107,11
36,571
165,702
154,623
75,583
116,373
85,686
115,315
41,485
145,778
42,958
83,110
37,553
57,780
194,836
48,501
5,639
59,873
35,227
52,39
163,855
76,823
55,719
140,141
141,479
73,164
30,10
135,407
95,365
7,88
133,356
132,811
104,859
196,882
87,888
106,603
18,766
167,661
94,461
174,161
2,385
166,776
178,975
4,650
10,23
120,127
123,911
177,8
149,899
136,229
176,133
153,824
35,559
102,191
39,840
192,391
24,27
110,46
175,960
110,885
70,659
32,254
161,943
136,922
88,786
160,599
62,857
96,269
148,30
120,222
189,525
19,104
151,536
1,243
116,300
103,539
147,602
37,20
12,509
165,14
100,281
187,454
111,465
37,642
146,613
39,668
98,307
127,974
187,714
17,777
30,961
75,768
200,207
200,336
166,14
181,101
110,670
77,206
46,320
199,151
28,484
119,892
15,351
18,801
67,792
113,837
55,309
145,289
19,965
66,347
64,200
22,922
161,360
117,630
114,707
176,818
158,67
83,738
185,546
45,166
188,753
79,809
146,454
173,532
103,827
148,361
6,929
99,696
89,632
3,719
24,20
23,216
91,537
68,531
37,647
177,296
36,132
66,391
133,607
15,440
18,4
31,289
26,806
34,969
66,495
94,270
52,671
8,867
145,215
3,513
194,756
200,545
132,585
140,867
184,98
96,824
124,263
146,862
88,725
75,101
163,266
101,142
90,713
2,767
111,379
114,332
82,587
103,559
162,129
161,880
140,769
21,251
100,71
185,445
132,746
188,690
133,149
45,657
200,950
90,449
111,586
45,704
158,793
101,880
151,800
182,687
65,589
190,1000
33,670
163,259
195,814
156,684
198,284
60,704
136,440
192,930
199,363
41,133
10,303
16,637
11,287
49,359
148,566
96,458
124,63
18,514
34,341
187,173
38,135
115,730
28,888
179,16
188,995
95,368
114,697
72,510
66,595
140,496
140,70
57,487
48,523
137,119
133,683
155,885
21,692
115,443
183,849
18,892
83,90
78,799
45,916
19,882
135,797
60,929
47,604
189,298
166,378
64,472
87,666
57,838
12,683
178,398
8,406
81,851
92,116
72,165
19,592
39,592
63,355
132,398
81,235
143,766
118,518
4,320
122,390
133,176
97,348
109,17
170,728
155,457
160,884
28,696
33,355
108,395
91,231
124,137
62,833
12,679
8,329
110,760
187,867
102,156
72,450
34,654
121,96
108,323
58,266
100,46
106,822
96,264
4,239
50,743
190,206
25,302
166,281
24,963
166,449
145,854
144,640
50,116
127,304
30,747
200,27
155,862
107,517
139,354
68,152
96,331
134,612
127,479
117,357
146,953
7,912
83,726
9,926
198,270
66,205
68,24
152,531
40,521
38,121
20,19
191,559
176,802
86,870
60,910
147,55
71,754
70,867
133,920
87,565
77,59
188,658
50,685
173,621
198,169
178,946
129,657
193,30
118,492
126,490
36,154
31,410
137,89
42,572
88,601
143,654
37,438
113,811
158,701
107,93
131,343
163,402
131,151
130,173
170,284
28,299
191,992
186,661
27,464
121,784
57,964
175,22
135,557
4,89
40,942
160,661
99,324
88,22
91,883
131,405
11,662
171,86
131,870
104,870
85,860
109,944
82,959
5,829
128,76
101,586
76,43
158,446
19,926
111,642
139,467
116,630
156,33
33,693
83,30
81,127
4,715
130,889
138,141
143,755
85,325
193,294
18,908
9,898
131,211
160,489
199,316
77,437
173,605
16,150
36,786
43,780
115,989
197,494
87,590
199,382
72,955
83,687
12,285
75,124
173,933
182,12
141,540
155,157
29,941
168,968
179,335
81,394
171,959
82,525
45,178
176,381
96,228
104,880
49,30
159,941
22,61
161,412
63,306
87,534
8,817
47,494
188,114
112,275
95,366
188,64
182,383
30,617
149,663
152,960
6,834
60,769
125,911
40,982
92,777
4,730
71,453
44,241
144,626
73,375
87,232
85,860
74,366
104,813
129,433
18,575
61,175
153,605
98,314
105,852
14,682
169,886
176,21
3,914
198,457
10,339
181,82
79,449
57,626
29,61
184,18
2,507
136,867
193,481
96,786
54,786
56,358
64,845
30,786
27,143
110,723
106,797
193,259
65,488
198,466
89,329
132,517
129,616
100,564
23,622
14,695
3,489
183,802
89,163
17,784
138,626
53,110
113,450
26,738
105,967
41,78
122,684
200,375
41,737
21,178
166,47
7,648
44,714
85,527
192,658
55,333
153,4
155,938
192,15
136,681
41,940
58,663
108,861
128,705
76,562
66,535
42,796
11,212
48,656
95,550
43,504
59,271
59,140
31,559
194,366
27,267
145,128
18,169
86,6
145,330
128,204
150,905
4,485
146,106
108,143
198,717
90,228
150,44
185,1
159,417
100,529
166,55
196,436
193,829
3,865
117,300
139,191
80,117
159,67
130,709
180,789
126,635
132,494
81,858
146,751
51,934
149,14
168,871
101,539
122,563
161,713
186,115
164,68
138,399
42,815
53,553
65,305
18,910
109,512
130,987
40,972
165,987
181,492
32,346
95,486
86,323
190,853
130,386
142,910
192,781
24,110
86,607
121,607
30,412
53,272
124,690
38,219
82,682
193,18
129,156
113,653
62,371
88,699
40,813
95,800
121,639
140,514
131,647
174,843
42,970
40,979
79,500
148,7
61,983
4,193
146,27
134,878
142,125
1,933
45,208
14,421
1,580
14,12
13,36
14,534
53,184
94,793
129,127
111,158
184,564
62,865
52,370
158,782
49,675
73,155
170,944
112,957
98,768
160,788
61,919
32,543
8,920
193,353
196,911
113,226
96,49
146,709
94,734
28,909
8,843
118,615
43,157
40,511
160,137
117,638
65,157
38,863
79,299
7,788
67,580
77,621
136,700
118,499
159,822
5,459
122,933
134,67
58,95
37,622
46,339
132,433
57,407
190,525
104,580
29,318
18,734
139,545
156,469
134,882
38,759
11,538
71,107
167,813
22,50
15,182
134,497
119,520
183,567
151,334
17,21
106,975
190,650
156,181
50,654
73,221
177,948
184,235
92,929
80,270
119,112
80,419
54,604
178,996
131,954
20,993
117,74
18,39
153,698
127,459
58,176
32,999
173,476
107,521
145,624
112,779
24,249
39,584
1,21
58,300
3,47
53,482
24,894
134,554
28,280
59,815
194,387
51,300
126,572
4,990
147,851
24,275
86,882
133,507
42,43
75,297
72,81
117,421
113,591
75,277
109,156
155,517
164,336
102,283
54,582
176,861
20,845
195,994
24,441
178,353
89,660
16,72
83,943
163,494
191,552
168,363
117,418
69,609
83,334
185,464
91,677
33,291
166,82
134,152
116,485
175,744
193,634
113,944
144,861
86,83
44,321
167,983
69,700
159,466
52,899
53,743
180,12
85,609
42,168
123,954
41,116
170,22
112,533
191,756
30,903
88,136
126,125
25,643
107,245
1,533
142,625
97,26
8,761
151,899
68,841
110,436
62,780
170,138
48,32
158,166
143,647
125,459
94,759
31,460
106,896
7,691
69,763
182,10
113,208
98,360
155,481
186,906
112,977
112,942
34,380
160,942
13,430
90,337
96,437
186,179
29,196
147,375
39,897
89,129
70,69
171,127
58,130
136,517
6,135
22,335
153,121
152,378
100,584
39,103
185,76
105,171
142,665
66,534
17,723
47,79
142,909
6,914
178,74
168,471
61,382
49,296
179,514
23,873
68,611
96,57
178,458
5,8
130,845
199,896
16,494
26,798
85,134
186,344
119,613
142,576
23,89
168,325
117,64
145,32
177,142
150,855
57,572
168,863
153,890
155,469
117,663
19,699
32,821
191,882
12,660
77,478
140,790
74,532
85,296
107,975
184,748
131,681
109,762
185,350
156,177
81,150
8,655
99,692
171,618
145,75
165,824
161,311
111,976
132,892
83,159
93,302
34,819
75,280
75,370
33,810
63,876
150,538
165,407
79,826
165,368
29,367
125,602
196,578
93,265
140,786
9,985
195,605
82,12
189,988
81,939
194,621
91,501
134,978
103,507
116,140
39,490
122,376
109,540
197,190
103,476
22,468
7,6
179,983
10,554
124,743
86,542
53,400
109,231
13,669
121,931
18,469
89,139
13,821
20,19
45,200
77,391
165,162
76,684
26,521
160,414
8,52
128,360
178,804
10,631
77,783
174,588
97,427
30,173
166,446
122,441
166,451
143,494
114,852
70,807
51,728
84,927
165,948
66,78
120,939
44,634
132,943
159,552
185,514
115,148
32,327
66,461
197,762
111,219
11,701
200,584
85,176
145,149
72,546
136,794
147,467
153,597
115,738
157,997
72,255
194,871
20,687
60,775
11,984
169,963
64,298
44,202
56,799
92,151
54,934
108,370
1,388
37,896
187,443
27,839
158,839
29,243
127,947
148,324
196,605
183,219
161,309
167,793
77,138
89,298
150,209
130,353
8,857
198,800
177,416
55,200
131,990
170,250
113,815
164,666
60,512
190,185
136,448
119,309
125,875
137,752
108,706
58,960
52,443
20,680
78,788
50,349
134,570
19,411
79,113
73,565
28,850
130,106
123,336
126,45
10,112
24,892
99,192
197,433
195,861
72,32
51,777
46,951
197,49
161,815
34,51
180,471
93,240
48,723
72,160
32,654
66,462
87,652
155,695
121,54
134,786
43,805
33,464
44,90
107,964
113,385
150,970
135,916
28,628
75,466
59,803
83,396
25,139
179,746
143,924
175,566
156,828
85,144
40,608
194,524
191,724
124,998
142,432
44,502
140,129
64,687
4,67
115,616
145,102
30,713
58,891
117,522
177,110
159,332
89,762
134,646
17,600
161,931
83,241
87,189
137,872
141,989
161,631
118,61
40,768
162,255
198,685
157,135
93,964
48,238
167,126
164,805
141,174
77,731
73,985
17,552
140,810
144,620
22,684
177,497
180,15
139,658
51,525
196,704
146,489
169,744
28,233
130,850
51,172
199,938
3,517
60,131
77,450
75,958
74,789
96,875
120,232
146,725
74,217
17,259
57,432
19,708
62,61
182,30
63,759
15,834
77,746
82,572
166,38
39,54
98,10
150,731
1,21
14,473
75,66
176,733
68,886
23,947
65,976
117,882
87,344
113,779
95,253
34,491
80,25
92,669
143,309
189,15
79,181
59,133
174,213
6,37
8,209
151,758
194,408
188,174
47,228
148,817
194,671
73,674
159,774
1,991
137,617
147,934
111,755
107,999
56,376
99,548
159,533
118,248
120,333
160,417
113,488
173,793
53,117
60,324
164,986
47,613
75,416
24,371
187,193
154,580
138,72
83,142
62,273
96,758
36,83
14,110
21,175
92,207
183,329
22,294
96,701
24,587
41,2
9,719
21,464
162,630
166,185
110,134
5,623
189,56
136,692
179,761
95,840
113,755
134,782
131,414
99,473
5,107
125,76
68,484
193,407
70,378
170,572
51,801
8,980
43,781
198,831
89,868
74,71
193,165
55,226
56,711
136,338
76,999
80,525
160,445
39,515
102,253
86,215
39,915
174,98
151,380
198,190
57,265
46,8
141,29
36,707
26,92
122,286
44,819
157,245
91,717
16,762
190,815
90,161
170,13
19,566
63,971
186,278
141,61
11,940
85,528
14,609
139,99
70,315
145,691
173,180
124,263
123,131
131,655
65,897
185,350
125,460
26,997
154,944
121,692
116,470
133,981
124,108
72,129
130,94
148,419
133,162
196,312
174,490
136,983
99,558
144,725
29,204
78,82
50,757
35,173
143,620
44,839
53,691
131,737
66,146
144,407
73,504
51,175
151,630
68,926
45,474
71,597
176,495
130,242
103,553
107,850
189,159
24,967
189,549
47,193
75,952
89,921
109,722
73,757
148,427
156,285
69,742
171,129
57,922
31,574
34,669
139,534
72,367
16,153
186,901
26,31
195,20
120,631
97,289
32,62
50,902
83,39
165,198
190,460
195,480
10,330
58,400
190,421
88,112
10,469
10,50
167,349
68,982
14,391
172,914
175,15
12,142
37,755
75,974
182,227
131,270
151,823
127,27
70,638
79,405
142,354
175,946
58,615
78,303
54,964
116,984
8,826
189,325
183,53
145,581
90,780
152,188
22,797
36,10
114,924
84,374
118,487
105,855
179,978
177,935
59,717
116,464
183,281
66,547
95,47
194,793
182,373
150,148
197,834
127,895
151,915
55,78
183,843
154,114
20,966
37,80
173,424
108,535
199,765
100,75
35,929
159,101
28,499
92,550
127,802
191,142
38,563
145,620
193,907
73,951
14,944
142,544
176,83
37,914
24,146
60,192
155,16
170,315
15,215
186,487
66,180
109,740
143,674
173,555
64,926
57,86
137,169
132,808
114,66
81,34
184,551
157,485
174,619
98,906
9,1000
49,71
80,738
9,75
169,443
190,122
115,645
105,331
159,258
176,799
48,351
149,686
25,219
127,93
97,685
44,533
37,669
87,521
162,598
127,391
40,442
170,917
26,81
103,730
48,703
82,481
34,196
115,685
128,712
40,17
180,40
163,909
170,673
92,326
102,715
179,656
80,152
191,174
136,488
118,462
155,539
160,961
169,666
169,973
17,262
181,401
148,602
175,969
172,966
143,294
67,216
12,871
69,355
47,64
173,738
31,46
57,94
197,549
103,466
123,986
85,645
140,288
159,288
96,817
6,32
6,563
95,691
103,824
14,482
15,789
73,870
49,957
73,334
173,434
70,763
48,23
137,57
162,109
3,836
174,884
116,748
108,637
171,272
84,241
142,65
81,146
36,841
189,344
105,876
160,676
122,432
66,775
148,516
128,61
127,527
151,566
76,552
65,806
30,473
11,505
106,831
136,292
74,504
159,850
130,572
163,894
124,969
47,934
89,78
160,501
122,497
128,563
1,668
183,926
184,99
5,407
169,68
188,623
89,793
11,673
165,4
47,176
167,357
102,1
13,967
142,561
6,553
86,923
2,324
60,591
161,597
12,239
162,763
23,746
37,780
165,793
77,593
33,925
185,198
173,189
73,811
59,99
63,607
89,585
184,201
195,213
169,752
64,657
172,568
80,664
125,573
137,842
137,8
26,315
154,818
50,68
29,911
177,266
61,772
53,937
114,157
131,195
152,625
88,972
15,858
15,787
87,783
152,648
51,869
47,540
4,868
125,269
171,708
41,340
15,294
94,355
88,944
13,501
45,100
21,648
62,455
67,55
167,327
114,517
34,546
182,622
10,260
153,537
132,25
39,244
168,4
56,143
200,115
166,216
86,766
7,824
65,368
133,551
38,518
40,281
188,654
75,518
123,994
79,998
26,437
127,547
72,389
70,333
96,384
157,803
120,713
128,271
50,943
126,439
173,577
36,185
151,801
162,925
158,656
90,756
41,403
89,4
104,912
71,975
14,16
189,705
93,844
8,963
192,989
184,319
82,323
163,515
167,85
93,876
6,495
14,202
107,349
32,221
25,231
30,932
146,52
27,914
45,231
158,536
20,694
112,374
39,657
175,106
145,533
9,257
82,202
199,699
30,107
95,692
78,591
93,747
50,233
16,590
99,274
91,596
146,248
55,735
87,194
94,210
57,233
148,349
166,484
150,845
74,558
27,657
57,946
199,946
167,248
19,817
105,951
72,182
19,36
127,744
199,737
92,16
122,222
105,513
137,919
59,549
57,271
51,258
17,782
68,495
59,880
32,600
196,308
94,995
184,286
39,517
27,901
176,626
75,824
108,14
10,525
74,869
80,587
87,581
62,231
33,181
21,186
130,661
64,38
76,436
129,405
158,338
45,198
87,857
34,306
67,589
198,703
182,473
169,346
69,551
148,375
48,987
170,780
137,563
42,604
45,717
110,808
81,262
114,460
193,79
130,525
52,389
171,356
39,497
67,661
18,877
127,960
195,801
3,919
8,810
159,852
175,822
119,513
21,191
68,213
97,229
42,882
37,2
121,734
194,987
47,974
113,254
139,782
86,248
81,532
29,247
117,435
23,982
39,85
131,739
165,340
32,721
107,668
130,486
144,909
185,86
100,278
136,467
138,78
90,134
137,48
13,857
152,110
110,780
18,709
55,191
20,207
157,21
92,898
151,326
93,1000
160,516
107,592
143,240
12,133
147,53
193,208
152,728
190,61
79,177
5,311
54,396
72,396
160,104
67,802
83,857
162,80
172,855
193,183
109,216
40,598
169,790
149,279
2,868
124,566
121,666
61,465
11,165
175,317
104,983
124,96
65,876
144,789
120,712
76,447
105,185
198,362
84,619
63,352
137,257
39,579
197,587
51,650
116,883
46,159
126,973
165,1
113,29
57,787
109,39
35,372
10,744
189,680
87,825
184,78
53,624
96,631
189,94
106,957
27,990
24,266
9,566
55,90
48,703
67,967
38,762
124,800
110,404
131,410
45,266
81,428
85,698
128,592
134,47
140,207
64,247
104,195
117,170
96,796
166,975
41,178
103,561
16,434
109,347
58,429
76,290
26,467
36,271
4,141
98,505
52,860
30,591
56,146
53,255
14,384
36,259
72,547
99,698
22,982
118,7
73,741
43,877
72,744
16,794
198,236
78,318
12,100
82,226
21,186
126,98
82,401
132,505
92,331
11,328
145,300
11,93
91,794
79,139
143,860
100,784
22,245
10,779
94,58
27,529
185,288
195,979
147,78
26,554
137,379
105,771
148,701
18,95
161,258
176,759
15,780
187,235
92,308
86,365
98,97
4,488
137,937
114,709
56,388
150,193
4,661
2,35
123,867
112,846
91,364
114,191
103,624
125,495
171,177
174,622
32,763
188,770
26,185
77,295
92,970
174,981
1,361
110,535
155,590
26,255
75,175
62,156
114,309
192,525
106,533
6,220
149,52
112,829
138,45
45,677
89,751
54,823
182,373
48,397
119,216
183,505
76,578
175,677
29,818
46,5
113,989
58,473
184,507
86,205
9,221
68,898
146,64
81,45
174,632
19,792
78,328
109,104
99,560
163,251
99,198
102,329
195,836
176,334
110,419
80,386
123,238
172,560
26,701
128,93
192,740
102,434
143,148
174,929
32,83
97,19
148,511
159,230
26,190
9,780
139,881
81,483
77,515
5,770
79,344
18,176
68,69
90,392
125,851
171,222
97,469
154,30
9,373
97,382
127,136
40,382
31,803
163,46
69,817
39,670
135,498
196,419
128,56
175,484
65,899
65,1
9,390
152,436
39,330
29,815
50,6
172,63
2,125
104,202
70,281
83,893
199,930
112,27
141,102
9,501
19,329
171,757
179,511
89,503
121,775
69,133
65,292
49,413
183,248
154,185
76,788
80,653
15,992
176,213
16,259
188,721
30,226
80,219
164,330
89,970
114,717
172,280
183,841
52,192
143,326
158,872
69,607
10,153
69,245
144,630
127,934
4,357
51,40
145,973
130,224
15,786
182,797
35,281
197,348
36,335
7,684
179,440
99,909
129,192
115,930
161,309
190,193
122,108
1,671
160,302
129,752
25,334
183,387
128,741
89,699
170,447
143,174
2,170
182,481
49,919
165,473
19,103
126,599
135,698
149,514
76,586
138,533
193,593
154,259
58,254
129,733
9,801
169,714
138,443
101,36
59,549
117,372
103,687
113,494
153,243
126,456
69,916
128,49
33,65
93,928
163,82
183,700
110,410
174,210
174,758
100,809
81,922
68,986
136,772
97,222
152,453
102,88
62,710
82,280
5,939
61,187
43,239
195,64
167,44
200,703
78,900
83,736
168,479
52,869
139,869
21,4
177,978
125,926
168,452
107,413
162,217
31,403
106,681
160,755
125,532
89,201
193,14
183,538
39,60
56,640
94,671
157,805
109,633
96,698
153,797
188,157
57,82
190,450
108,764
126,301
120,982
43,278
131,594
86,86
29,363
96,736
135,89
30,971
142,336
187,352
134,552
48,221
118,882
113,237
5,801
112,195
34,46
62,192
193,193
57,572
45,772
20,316
132,212
171,922
95,245
97,973
168,932
73,996
178,832
186,502
73,954
95,313
2,649
44,217
14,516
157,389
95,8
147,726
23,738
70,671
100,755
131,249
135,402
79,97
56,853
26,370
116,952
47,948
190,646
72,948
27,276
98,391
3,779
49,910
110,412
161,787
23,908
87,560
111,66
153,835
156,271
33,587
141,442
188,911
35,221
124,720
101,794
158,65
132,287
200,49
119,534
114,72
139,409
9,972
198,165
46,684
19,573
130,495
191,336
137,424
73,644
195,921
42,415
181,257
5,107
25,750
148,983
156,559
163,323
161,301
6,720
39,178
106,774
146,512
184,300
133,954
198,267
131,519
50,10
115,673
11,754
43,134
4,175
159,502
181,874
104,860
16,680
175,488
90,946
92,587
143,147
153,444
111,538
120,905
148,274
43,773
55,835
176,286
160,712
130,903
70,817
98,371
160,309
162,334
104,906
67,302
144,146
55,343
185,896
36,765
67,464
99,660
18,587
154,495
182,684
42,228
128,512
120,928
167,62
75,256
178,546
94,581
185,297
128,617
46,739
158,832
175,701
32,615
2,156
70,206
195,583
118,78
171,586
151,731
37,835
4,145
199,797
113,513
139,630
137,940
190,916
99,310
103,670
132,703
26,630
160,192
38,737
98,480
86,55
6,272
67,330
166,710
78,717
77,808
194,339
1,244
13,908
148,626
116,322
114,463
54,376
152,260
20,411
169,631
1,399
129,767
144,584
144,123
110,262
11,364
160,343
174,153
74,652
83,720
29,483
67,717
155,352
92,902
22,667
101,387
104,653
97,843
184,308
22,925
125,469
70,522
186,91
94,564
2,926
39,920
161,968
133,585
3,274
7,830
162,157
77,507
111,886
32,84
160,452
4,713
42,857
194,379
35,704
127,385
59,919
92,18
98,852
43,606
144,545
45,144
76,129
108,513
147,681
182,71
157,420
163,79
124,260
95,410
147,774
38,537
158,358
179,437
148,907
46,541
170,665
9,923
147,214
37,243
66,786
136,736
166,92
34,860
125,370
41,118
67,339
198,518
82,47
181,93
154,395
97,697
138,534
96,82
178,418
184,181
25,316
74,842
83,371
97,473
95,748
174,711
81,768
134,17
73,869
88,661
116,641
90,99
134,425
4,737
197,866
57,925
200,172
116,920
143,279
25,690
106,400
136,484
62,565
30,107
179,788
117,763
141,351
50,324
55,811
51,297
104,770
162,989
102,182
47,416
200,628
189,593
4,397
69,881
184,577
117,106
150,496
173,517
142,582
63,748
40,403
148,782
114,160
114,136
82,642
117,512
121,758
98,362
152,242
91,370
132,318
16,6
6,858
200,983
101,693
109,453
84,197
196,796
145,362
39,993
197,78
97,906
130,710
179,699
178,239
39,384
69,384
93,94
107,753
119,825
4,507
123,940
198,723
145,692
96,851
155,59
34,718
114,951
180,662
196,797
67,650
152,297
123,371
132,492
56,311
93,544
100,840
8,182
151,847
124,735
12,352
143,912
91,824
47,796
104,342
16,662
180,543
35,321
58,690
192,728
36,85
34,206
147,930
60,800
178,731
66,814
29,987
6,389
144,344
138,620
11,493
75,207
143,134
158,732
93,652
16,782
152,956
89,308
128,855
173,852
88,929
37,423
32,744
59,172
137,129
162,190
149,750
20,522
163,380
38,914
62,493
44,490
175,996
151,231
12,398
87,587
147,971
2,243
76,522
67,730
6,933
167,141
148,158
103,835
30,681
43,840
146,716
198,58
140,809
53,804
14,98
48,296
113,464
160,441
199,805
91,197
132,183
33,334
120,82
170,458
161,115
99,444
195,444
143,590
35,824
72,826
21,760
139,512
171,874
77,459
22,330
192,799
41,197
17,682
98,382
67,183
160,405
10,477
52,778
132,130
22,210
67,333
125,271
13,418
86,339
39,744
13,172
53,499
157,349
182,858
161,387
118,958
156,71
193,89
66,803
171,125
112,316
169,129
188,981
23,288
146,843
98,772
66,307
25,835
190,974
25,51
27,975
79,216
36,89
9,586
60,924
10,457
21,920
71,965
30,501
33,968
103,134
76,402
32,512
29,968
124,284
69,995
17,507
98,554
3,300
114,532
12,506
161,194
157,185
16,965
173,66
6,71
149,548
10,588
188,824
36,816
92,439
170,802
120,450
30,467
133,910
152,695
1,66
32,631
111,563
80,568
15,523
3,561
183,461
185,341
179,537
156,980
102,473
18,65
156,163
28,114
163,888
58,963
88,650
39,291
88,388
2,239
53,371
154,100
100,316
11,211
188,488
128,380
190,258
93,31
191,911
187,106
102,822
77,35
15,903
16,202
99,646
160,849
153,586
61,338
65,540
164,603
161,252
135,57
138,543
161,500
29,119
39,704
38,442
19,157
11,404
114,397
43,168
132,416
159,400
164,715
156,199
78,802
189,620
105,859
162,537
135,868
127,263
61,33
190,755
150,412
99,605
92,842
177,96
13,711
85,835
21,598
192,32
171,116
172,757
54,729
5,311
16,343
141,734
94,130
180,612
128,81
156,234
95,147
62,55
1,237
187,165
78,667
168,665
170,491
2,502
81,926
195,701
83,334
92,107
26,438
159,964
30,657
40,953
108,151
145,194
26,587
88,903
136,851
181,976
120,201
54,130
74,6
176,147
20,849
86,753
108,769
44,239
7,268
175,680
159,171
122,192
143,576
21,555
158,783
115,911
42,28
38,819
68,908
122,541
49,754
104,48
88,640
196,517
56,435
36,478
122,852
73,555
182,735
32,846
140,956
170,372
101,645
40,926
62,790
43,968
132,651
181,921
22,801
139,575
108,52
146,635
16,375
59,288
193,346
168,359
45,406
100,733
11,593
74,937
65,343
62,482
157,105
160,421
195,564
89,437
123,720
106,474
21,110
142,104
146,76
76,642
50,627
176,742
117,339
44,880
147,806
180,119
130,273
154,632
160,127
30,793
157,768
49,979
123,361
121,233
92,479
2,878
44,699
139,770
58,627
36,457
28,248
158,919
16,672
101,414
180,499
18,35
45,907
192,841
21,103
115,548
156,315
28,904
124,132
174,99
74,887
90,522
124,442
46,177
35,192
30,908
11,250
2,983
140,15
142,105
146,819
1,451
75,59
15,379
90,134
145,839
155,431
117,841
31,752
105,344
19,363
169,306
99,777
14,199
186,939
89,957
143,369
69,394
197,125
194,909
167,891
12,355
161,281
155,321
60,704
49,358
171,272
153,526
6,179
115,191
198,288
80,46
80,452
19,658
161,849
170,319
114,513
119,976
82,796
18,316
107,813
18,942
11,675
91,69
58,967
195,286
164,300
196,391
94,767
97,608
115,580
92,787
141,518
54,749
167,767
115,302
43,571
12,538
23,736
70,609
22,641
22,145
28,329
113,389
133,922
49,301
171,904
58,792
161,265
81,227
33,3
120,545
55,861
164,216
73,136
69,745
125,671
1,83
42,959
125,436
184,185
50,545
143,975
148,913
133,242
4,429
26,302
52,155
65,309
120,918
87,216
91,275
52,440
65,341
37,350
174,907
76,668
161,958
90,891
109,577
180,130
167,19
160,674
162,808
180,123
157,613
197,340
115,469
93,159
35,424
72,869
110,235
107,167
34,955
30,120
24,931
157,422
197,559
23,698
94,448
188,492
162,975
18,261
188,347
192,904
78,511
89,745
75,895
11,180
75,391
141,923
33,670
169,151
21,555
28,155
117,641
11,682
20,846
137,621
83,696
143,189
7,689
100,979
197,419
192,821
161,791
184,165
24,643
117,104
141,886
180,605
49,791
104,153
101,73
110,623
13,873
18,157
26,718
185,547
90,882
29,826
30,841
16,538
64,882
186,617
51,825
34,532
194,270
79,359
185,46
135,223
27,618
186,826
183,507
135,488
189,953
195,829
29,185
48,844
3,736
68,750
192,87
46,665
113,470
110,403
60,532
145,350
96,503
30,524
133,97
61,471
134,488
60,863
145,478
15,847
45,412
156,959
140,375
8,488
76,82
39,808
53,93
191,787
129,743
80,548
30,902
31,680
79,233
41,215
173,647
184,14
97,2
15,21
62,615
147,178
114,631
84,986
19,869
35,84
78,764
196,472
46,42
172,552
88,901
7,343
161,638
16,737
178,176
51,637
86,988
161,721
85,358
154,211
39,994
67,686
96,583
1,481
190,823
195,957
136,929
91,941
159,779
12,978
137,991
112,741
155,697
72,101
48,965
138,102
132,485
166,797
38,255
97,315
137,888
69,476
107,673
76,231
31,734
180,940
195,213
13,60
197,331
190,662
120,81
171,673
72,669
61,755
61,297
64,513
176,515
47,147
113,426
97,632
97,867
164,830
22,41
73,533
22,311
85,445
184,373
101,754
76,920
108,530
2,426
116,838
77,562
32,749
22,947
154,241
89,513
20,935
51,228
93,800
53,192
132,990
26,783
97,625
24,224
71,515
28,541
139,119
112,708
19,46
141,306
44,223
24,878
181,996
186,797
137,294
26,2
164,632
69,203
195,794
97,64
24,759
9,689
144,219
190,790
35,740
196,370
200,762
122,422
113,571
128,340
33,95
58,315
174,689
27,598
99,399
119,597
138,933
30,625
58,1
68,186
2,62
55,894
24,161
48,165
29,3
53,798
65,422
102,167
153,545
150,710
33,439
140,472
84,666
1,981
94,734
63,303
93,9
108,561
157,768
61,418
140,266
111,979
199,110
179,763
53,862
35,12
69,266
189,567
103,743
23,525
41,966
86,96
55,700
109,626
144,953
198,856
188,907
157,821
123,709
191,677
46,448
103,484
49,129
72,4
197,502
25,459
195,998
45,126
12,23
152,684
10,219
123,111
161,179
162,298
185,242
187,11
35,278
102,799
116,17
46,609
117,218
98,853
199,497
57,743
124,404
17,80
153,965
103,979
181,773
184,264
189,201
182,954
173,992
167,137
157,372
89,280
52,950
68,831
159,782
10,671
90,159
62,888
100,179
134,615
174,183
144,776
69,949
13,508
143,211
45,927
108,398
49,355
2,544
181,170
13,93
64,436
93,517
62,596
80,559
54,88
112,512
110,364
116,340
21,256
105,769
176,623
182,347
7,641
54,319
152,449
183,459
165,527
195,38
193,59
193,992
47,513
95,539
52,347
111,595
65,790
172,11
174,203
55,625
74,506
27,667
146,549
147,243
88,547
61,10
186,364
1,723
99,634
158,784
84,989
76,138
90,330
48,799
144,442
144,636
127,884
83,817
170,363
128,75
136,498
39,933
97,399
65,344
61,454
126,455
184,189
168,814
23,387
79,793
122,36
82,655
17,294
147,521
147,517
72,99
135,192
127,61
99,542
76,694
156,711
118,904
135,294
131,550
13,699
22,386
65,117
96,995
194,352
118,905
37,606
137,441
183,150
66,545
28,1000
32,533
80,482
62,167
78,25
34,764
50,475
196,175
165,964
132,975
3,926
17,876
176,36
134,762
158,114
199,496
116,121
154,930
64,461
195,843
125,87
52,206
140,561
179,148
188,821
43,712
173,243
73,137
99,297
25,350
40,405
200,840
192,919
63,773
106,523
87,847
171,390
58,612
115,137
111,742
73,762
81,689
36,250
105,468
21,452
36,271
161,639
173,738
4,988
181,156
31,705
141,195
27,214
156,772
176,510
46,619
5,788
159,713
179,942
8,539
140,806
157,939
134,957
126,95
5,243
17,126
64,777
105,550
185,855
176,60
167,644
125,918
26,50
160,652
106,527
109,138
148,646
198,679
91,267
50,317
159,350
36,443
90,686
47,388
64,620
189,920
52,910
188,862
73,457
84,821
29,890
163,4
30,375
97,195
88,678
97,406
123,971
141,978
88,249
89,477
43,330
96,800
167,805
195,750
69,194
120,203
13,784
80,718
24,207
199,643
125,60
141,195
165,563
137,737
40,499
61,637
75,536
39,640
104,140
191,104
56,224
42,733
54,135
148,987
162,560
137,456
166,333
187,529
150,569
24,214
172,50
167,678
27,63
134,649
173,59
151,311
198,884
53,520
101,33
106,210
29,417
24,506
15,830
153,199
138,757
198,680
52,524
151,744
66,430
54,549
127,677
18,119
56,358
51,639
181,925
16,517
24,646
139,325
5,878
33,19
86,702
95,119
111,789
58,52
193,220
127,916
12,568
112,952
159,496
147,521
14,240
33,456
117,744
160,752
16,811
76,875
127,544
187,73
171,432
11,783
197,65
101,880
7,59
155,393
53,435
199,819
156,939
164,669
27,314
128,503
53,742
34,117
73,559
37,49
157,867
10,408
24,951
52,495
88,939
77,699
169,406
47,568
175,62
167,596
50,708
173,314
82,113
135,927
184,709
177,742
96,123
95,160
5,388
8,349
171,429
23,217
151,540
138,182
112,716
129,271
107,949
100,977
141,520
165,412
28,895
87,913
48,551
45,640
157,619
93,803
71,460
118,627
131,470
86,308
189,902
119,870
129,561
69,647
73,375
193,248
92,289
30,116
5,476
51,604
82,60
26,158
37,388
71,694
193,357
95,291
106,654
184,48
151,935
81,961
91,537
189,357
178,263
99,271
125,756
200,272
138,834
65,172
115,242
163,425
34,418
37,891
71,441
60,925
130,969
89,132
1,558
80,939
122,37
77,185
198,298
190,352
157,835
134,690
11,284
163,185
31,627
192,794
64,690
93,105
102,733
28,318
67,38
106,98
139,82
187,23
190,613
70,910
64,293
199,425
184,739
124,879
12,707
37,633
31,462
42,952
59,550
92,42
25,946
175,335
112,979
97,79
170,340
83,604
170,616
136,771
40,685
173,883
87,785
79,883
147,645
93,171
133,525
3,263
77,212
15,779
57,785
104,121
18,29
81,963
104,545
76,650
132,924
197,277
112,497
185,243
20,481
86,508
105,934
57,418
130,873
61,131
149,638
89,915
90,608
199,548
169,447
162,267
166,304
84,550
172,562
42,36
168,907
56,658
155,635
117,554
26,584
121,953
41,147
176,492
163,855
54,366
38,324
118,771
37,791
148,3
49,811
43,436
123,256
176,531
52,994
16,297
31,984
13,611
91,411
170,266
182,714
187,131
84,182
100,436
30,895
195,531
47,562
141,618
196,534
114,508
38,332
27,861
82,333
94,546
20,799
43,37
166,286
181,999
52,289
82,484
50,915
140,723
127,802
140,314
27,977
154,499
123,377
166,448
181,177
16,922
155,71
129,21
127,292
45,580
58,767
26,99
98,275
35,330
174,457
5,11
37,979
102,294
85,407
151,870
109,453
25,114
135,178
61,694
155,659
191,672
36,738
39,989
88,373
128,603
176,27
173,291
10,620
96,755
60,40
143,848
175,754
71,639
19,5
37,492
130,774
175,296
40,812
45,427
96,896
98,557
91,370
136,798
158,22
118,790
21,443
25,675
117,127
111,638
137,614
109,279
146,233
41,296
116,702
137,339
82,651
117,734
44,438
56,682
40,662
185,488
32,798
37,968
74,517
45,884
49,304
140,914
192,980
167,174
169,226
180,849
119,174
18,247
46,273
63,946
67,837
99,699
8,81
37,611
54,152
170,609
178,631
153,268
109,93
95,352
34,891
140,856
10,708
80,722
38,432
135,692
24,553
109,65
164,610
86,163
73,699
161,751
37,330
164,61
3,673
15,196
91,861
30,490
11,160
184,469
50,401
25,248
102,650
104,666
136,807
178,604
139,547
101,912
146,906
122,122
155,408
154,388
165,843
177,340
157,599
23,76
21,613
41,547
76,188
71,364
106,616
36,478
98,917
22,667
97,54
72,162
89,899
182,390
75,102
125,524
117,765
33,311
116,770
119,505
162,253
50,178
39,175
117,952
136,94
121,95
104,407
160,461
117,922
40,66
60,80
51,949
109,546
110,258
65,875
95,40
70,292
179,655
73,769
28,867
81,372
141,762
140,865
15,622
32,793
128,864
44,650
16,359
129,561
143,886
8,509
15,609
3,837
66,923
133,261
64,681
180,222
173,890
121,906
27,122
173,973
154,88
150,584
14,353
186,291
147,19
123,613
147,361
20,514
81,105
171,997
47,926
167,937
73,686
11,783
114,261
53,669
10,102
157,400
196,822
108,231
147,381
86,363
41,434
186,499
194,329
172,191
123,126
10,839
134,304
190,6
156,914
157,937
131,178
198,902
73,338
174,800
83,112
73,135
102,842
155,266
51,999
180,874
23,947
18,631
160,260
93,680
56,222
100,264
98,332
115,906
46,654
132,871
163,701
45,625
141,240
169,245
39,368
72,176
174,145
14,196
148,681
94,391
104,771
100,167
163,585
22,329
129,434
18,790
117,920
124,52
16,430
72,357
122,157
54,355
192,350
157,741
179,750
102,367
96,8
34,440
36,88
171,802
80,356
4,182
90,71
71,713
167,120
68,479
99,958
152,877
160,21
171,766
128,706
120,25
125,763
47,245
1,353
197,685
124,39
90,218
82,5
123,961
99,521
194,886
2,307
38,26
191,243
100,152
149,852
114,787
84,125
122,414
130,840
192,994
38,711
156,242
191,17
118,382
97,600
195,531
96,355
120,103
185,964
158,751
7,152
2,398
141,34
105,829
116,862
182,719
95,911
164,329
194,511
77,904
85,687
49,921
13,107
134,741
91,969
148,153
132,979
158,431
84,588
51,238
124,236
120,528
6,121
56,63
188,169
159,481
90,932
135,421
145,525
121,115
193,402
122,4
136,492
84,730
187,882
24,526
27,27
198,911
136,978
186,379
184,561
119,520
98,25
87,868
50,426
20,475
78,953
35,71
100,826
151,778
123,175
50,358
117,602
4,717
21,457
126,673
159,483
80,73
18,206
93,163
47,918
154,78
101,879
180,142
170,420
130,729
152,91
162,623
182,628
14,739
111,440
189,740
31,546
174,610
105,382
40,481
139,791
143,873
39,835
5,309
195,204
167,397
20,364
56,970
115,567
122,880
59,651
14,773
96,435
105,715
151,703
30,959
141,596
35,236
193,931
85,775
13,399
167,35
171,645
104,926
99,917
184,740
124,557
193,597
106,62
24,945
148,455
155,826
182,672
53,833
173,162
189,51
93,162
22,590
57,359
130,70
36,553
96,932
145,117
38,351
71,289
12,677
190,354
142,550
84,541
165,982
161,428
113,705
5,931
175,12
150,650
142,402
160,627
49,854
150,275
136,955
17,946
54,446
135,684
128,252
185,104
160,349
110,801
180,211
33,473
13,268
172,705
177,800
30,496
57,980
154,382
26,529
138,877
94,126
10,479
135,135
141,177
117,750
17,521
144,456
120,824
179,356
108,816
189,103
58,693
20,461
194,376
69,14
188,618
40,633
133,935
6,355
166,757
158,234
149,984
131,239
184,570
185,822
74,310
51,883
149,251
199,78
17,127
84,545
6,79
2,580
162,344
12,299
31,60
198,12
198,20
54,717
151,8
97,385
47,42
113,17
198,971
143,216
133,364
41,461
27,272
73,941
97,449
95,290
63,667
77,995
196,510
114,444
22,968
173,428
80,1000
64,161
76,544
49,30
65,197
80,935
105,231
175,544
167,27
3,829
54,279
52,954
194,698
93,538
47,352
132,622
59,75
9,334
118,570
3,162
130,379
197,893
6,990
58,594
66,147
181,352
169,234
186,577
138,177
190,413
33,277
185,463
134,27
97,347
17,749
152,794
149,865
105,917
157,706
163,953
130,531
188,75
146,32
168,623
110,432
143,592
99,216
83,455
70,943
174,987
52,213
57,164
104,468
80,133
141,167
73,643
152,858
176,851
115,526
27,940
38,237
170,780
10,655
152,885
173,714
168,668
51,385
5,277
35,224
172,35
13,341
192,214
81,17
59,471
16,120
90,68
192,703
123,62
79,697
185,531
108,34
20,576
52,833
143,315
54,387
129,167
165,2
120,743
59,46
200,654
36,14
7,692
97,169
7,98
150,512
82,718
63,40
95,415
133,319
106,845
59,551
119,701
127,144
98,743
182,118
115,288
163,927
156,300
170,406
109,839
56,722
60,614
126,80
67,556
167,817
38,700
197,947
20,87
12,18
14,196
9,850
12,883
1,279
172,761
29,953
9,439
5,520
87,348
173,161
138,41
19,677
132,539
175,318
14,872
113,65
9,520
165,650
55,287
110,401
124,196
77,76
185,106
130,729
64,716
155,19
141,537
159,922
138,820
59,966
191,268
95,788
169,716
99,459
158,685
129,82
18,531
151,113
188,353
198,12
200,435
150,297
124,963
85,932
119,720
10,271
70,474
52,554
15,993
66,3
54,699
6,573
7,217
193,461
137,929
129,495
150,52
16,295
31,180
171,713
100,824
47,881
116,694
2,88
54,465
39,611
138,49
30,778
191,670
188,135
40,379
40,551
149,723
148,673
97,71
88,586
119,322
195,137
106,223
24,731
82,379
97,914
35,36
37,315
124,834
195,96
28,921
144,316
190,950
149,929
193,362
62,383
168,112
185,732
10,330
76,354
87,366
157,554
112,888
109,408
129,176
43,577
14,153
187,161
166,651
129,688
78,979
96,539
1,876
11,617
179,129
17,620
171,726
133,255
183,618
22,512
181,778
22,662
76,133
111,647
65,743
112,976
31,151
64,660
159,99
110,468
104,864
148,649
154,383
117,300
52,252
64,183
146,669
75,666
94,49
199,900
60,191
2,770
17,568
12,860
98,758
127,711
7,781
116,993
95,147
58,52
81,455
21,150
122,317
181,299
48,43
24,944
15,107
192,274
64,324
190,258
70,97
17,43
53,723
185,808
171,924
103,59
145,252
159,931
133,601
5,898
85,580
160,365
144,228
119,515
82,127
55,334
192,162
156,142
135,280
165,838
43,340
136,374
146,185
18,32
65,335
122,576
191,947
155,733
138,196
95,964
126,814
80,657
138,286
96,604
76,456
41,820
141,35
131,512
186,490
39,655
78,883
91,152
39,154
29,572
36,701
41,237
58,623
100,319
68,373
30,542
128,31
4,906
84,832
9,751
158,915
34,107
84,424
44,415
106,734
189,638
120,15
87,140
41,113
154,1000
78,407
178,702
110,697
148,735
199,580
120,401
38,801
39,599
115,776
20,369
8,318
80,397
171,214
141,804
33,389
37,778
86,408
93,256
40,214
153,961
70,283
146,104
125,942
57,969
144,838
109,572
27,160
174,96
93,580
190,275
184,376
122,397
79,243
43,366
39,824
52,605
150,370
79,656
122,821
175,768
150,954
133,64
49,262
46,343
11,811
71,476
157,949
129,214
87,306
19,256
187,395
58,707
178,825
32,36
22,216
8,926
63,258
174,158
130,632
162,427
169,683
157,801
90,176
132,451
147,167
177,258
121,396
165,393
70,49
130,242
120,372
11,915
57,516
121,215
182,460
179,490
59,792
70,503
177,307
77,277
62,664
79,625
161,633
46,914
87,585
87,603
145,784
145,799
198,931
41,254
9,777
191,676
128,486
70,246
175,353
2,929
144,453
189,69
137,152
27,102
72,819
27,652
129,27
107,257
2,71
41,298
29,495
178,295
163,685
168,984
68,63
130,754
47,437
17,331
80,167
52,941
193,235
178,333
200,166
27,377
44,280
178,586
167,46
113,826
54,886
195,885
129,572
127,412
115,795
159,651
100,830
130,963
2,292
159,692
158,820
29,65
139,615
148,729
132,25
16,660
125,294
121,67
134,473
58,928
97,907
19,85
32,426
89,466
71,454
155,132
11,633
146,758
68,928
40,497
9,150
71,869
93,747
11,630
12,48
146,567
73,289
95,568
103,258
46,838
192,69
33,402
51,289
178,217
32,654
75,879
55,263
35,601
174,26
166,377
41,268
141,986
101,517
125,990
103,776
145,200
21,585
67,730
7,210
187,74
90,853
127,944
72,989
15,479
153,23
87,728
11,364
186,746
130,272
154,315
141,2
120,646
84,257
5,985
124,487
176,605
176,737
58,163
66,951
46,199
59,1000
15,69
79,296
44,332
88,316
156,758
135,494
96,165
183,824
164,327
57,878
3,743
14,741
167,238
184,656
120,809
168,776
30,452
155,10
24,329
27,112
91,420
130,196
154,660
45,141
178,668
141,853
14,969
187,161
19,438
93,958
86,954
84,413
112,769
101,891
135,344
27,314
61,104
118,513
121,722
26,35
58,717
39,51
178,299
143,911
167,757
97,854
198,798
137,988
34,961
11,283
17,467
89,225
28,375
146,755
161,64
25,696
18,938
122,357
103,496
191,406
112,1
96,205
7,325
23,106
137,71
123,371
14,773
56,636
123,795
198,502
129,932
150,872
76,131
193,664
28,409
17,721
93,826
115,403
135,717
76,852
175,85
137,536
108,725
75,136
156,421
77,34
2,127
179,982
195,462
74,3
20,548
109,797
5,741
184,418
100,803
31,224
117,984
100,620
63,743
13,553
124,590
125,974
160,161
61,540
178,413
75,354
127,521
163,112
12,950
193,774
115,599
87,636
106,852
36,713
164,749
117,891
46,655
172,986
156,835
2,180
11,529
5,483
4,447
32,767
164,863
27,757
2,793
63,379
50,536
1,54
118,423
96,695
55,8
140,599
124,760
198,725
24,636
107,180
19,382
199,734
177,157
13,856
192,800
199,170
96,590
193,619
32,672
87,179
109,397
49,373
148,899
21,271
112,462
142,528
184,283
81,646
40,305
168,407
180,578
15,444
161,320
8,139
176,239
91,812
87,473
22,642
196,359
22,846
3,422
46,581
4,525
184,519
30,660
19,225
157,402
69,527
144,188
191,123
103,163
7,41
149,843
17,727
182,321
76,403
176,48
40,990
133,321
114,387
171,286
85,451
102,139
4,341
90,256
172,513
165,499
43,114
80,635
89,92
84,70
167,65
165,671
138,696
81,826
160,705
199,233
100,681
23,525
172,892
32,721
58,53
161,836
25,77
54,318
110,942
138,872
140,539
11,350
174,180
146,483
6,347
36,954
27,667
155,5
134,71
138,319
99,933
88,266
20,437
7,440
149,310
84,173
165,984
150,603
193,45
41,853
162,612
31,82
63,311
75,474
175,628
25,61
6,243
98,749
102,617
91,491
191,426
49,701
6,589
16,214
55,620
138,626
90,69
161,866
147,348
5,440
113,489
122,985
166,679
139,815
153,691
134,584
28,596
169,802
195,892
113,830
181,907
18,104
126,255
108,507
189,716
138,536
3,474
32,421
103,645
92,251
60,73
128,128
57,138
92,777
130,389
28,934
97,917
176,173
132,472
90,540
167,304
190,246
124,549
86,5
52,629
156,649
182,415
6,896
74,964
87,259
108,775
184,584
29,732
167,262
121,417
96,458
179,944
186,426
81,672
145,376
11,57
162,776
58,462
160,541
134,912
46,609
116,85
70,264
166,593
93,657
183,138
105,572
133,529
32,183
18,278
148,874
67,363
165,209
77,996
106,383
158,596
155,819
142,44
85,759
117,99
54,739
8,20
135,719
86,409
62,380
153,36
110,817
143,992
73,811
38,169
65,401
57,213
39,332
63,681
199,275
31,353
5,252
169,607
186,886
174,961
146,998
21,56
150,179
72,827
197,302
1,629
118,430
180,94
147,690
142,502
169,998
141,901
113,605
82,701
148,824
97,246
70,137
181,630
107,380
154,446
53,666
195,934
116,447
136,348
177,1000
64,777
193,429
174,74
77,854
198,618
54,706
11,440
144,892
20,763
147,481
116,633
127,225
175,577
112,559
21,823
22,843
154,754
46,739
147,290
81,341
108,606
81,3
86,23
163,879
36,927
84,202
178,323
48,132
2,75
77,789
139,339
109,379
152,692
170,977
56,565
137,802
77,243
31,118
5,723
55,134
165,253
7,763
48,281
106,14
52,182
57,359
33,992
69,983
25,138
116,603
97,77
124,642
90,891
54,871
129,795
151,142
65,877
54,890
19,360
43,342
95,661
109,433
154,714
153,237
185,63
76,696
21,541
162,369
33,362
186,696
200,115
157,813
171,203
51,219
127,219
92,899
21,506
24,30
195,22
112,175
100,540
1,845
110,433
70,522
101,904
65,230
107,339
62,778
72,228
91,44
95,275
144,433
23,783
91,693
170,843
134,172
66,129
112,537
1,211
28,999
45,376
56,896
136,333
178,857
54,666
28,9
167,48
88,943
84,620
84,841
105,232
62,677
11,649
59,37
41,914
46,785
200,329
81,500
135,488
16,888
64,375
83,250
63,202
74,504
120,52
16,599
195,546
155,221
83,72
178,128
183,59
166,396
47,534
111,615
107,513
193,337
55,849
96,404
117,743
12,486
4,806
199,766
140,559
100,316
69,442
6,570
170,765
33,791
8,623
92,314
171,733
189,355
113,207
158,965
59,610
98,785
64,589
113,979
55,117
51,176
189,142
123,190
33,238
174,634
146,440
107,232
162,829
82,743
106,891
17,126
157,816
178,338
172,621
56,612
183,112
155,135
35,194
139,447
54,976
28,894
159,841
136,192
163,927
130,43
35,803
127,475
7,313
9,241
92,138
14,266
180,382
32,218
189,658
146,82
93,522
95,738
120,79
134,538
101,266
137,534
55,433
128,603
111,506
2,751
137,608
59,598
46,885
30,556
113,857
119,473
3,444
117,913
133,438
113,299
198,255
66,250
31,367
149,179
6,598
93,957
128,69
58,159
126,944
30,86
37,315
36,494
187,180
150,462
15,996
38,182
69,753
161,387
169,629
187,788
115,484
143,204
77,817
181,117
56,174
23,857
104,58
78,540
184,687
66,311
81,99
71,845
128,994
139,670
181,226
128,914
97,99
71,494
58,218
170,999
73,733
158,724
14,176
102,108
132,56
82,285
66,850
36,492
130,939
4,392
156,186
4,352
28,161
70,609
62,644
189,352
21,816
127,708
152,836
112,288
191,379
160,411
48,993
189,813
164,551
106,65
72,67
78,353
45,890
49,363
196,775
79,51
117,406
105,135
182,341
138,321
157,644
79,873
15,43
66,113
114,726
86,879
56,579
157,883
179,302
45,992
148,459
186,551
125,697
15,134
93,380
93,646
195,746
79,490
152,34
36,919
105,473
36,623
163,180
96,70
89,772
72,673
142,708
198,914
136,795
22,405
18,992
165,129
91,669
18,297
47,894
8,578
179,638
50,41
54,630
34,608
146,410
127,134
94,604
93,761
153,992
73,978
124,273
172,675
20,599
154,182
104,714
11,40
156,460
89,982
147,697
183,814
160,656
35,759
76,168
163,286
190,782
153,355
49,280
57,473
85,794
184,317
34,781
84,627
136,953
2,598
198,991
133,335
187,851
151,87
153,837
47,53
111,457
78,106
36,1000
107,154
62,707
108,679
197,852
179,153
199,990
27,579
138,591
187,110
7,522
23,866
117,784
192,18
147,539
196,644
188,216
166,791
148,458
63,896
199,621
200,731
141,691
30,933
33,815
147,907
173,712
81,89
53,320
77,803
194,624
13,399
185,85
119,461
63,117
6,309
41,975
92,544
100,460
162,411
30,830
191,501
122,902
107,847
133,928
119,201
9,16
181,678
70,732
119,789
196,761
93,745
15,469
169,164
197,93
105,567
99,919
186,101
75,416
197,698
126,289
193,536
153,495
21,294
116,660
37,980
1,895
52,314
76,360
149,597
116,878
130,93
43,210
166,738
90,482
133,638
94,398
32,444
182,317
88,428
148,932
163,646
156,831
124,411
27,940
198,800
174,585
35,406
17,476
87,649
80,161
198,369
75,675
171,944
45,176
33,171
72,762
51,105
160,348
198,349
45,60
29,216
170,839
73,806
172,535
172,139
127,263
84,945
89,925
131,515
166,21
154,100
79,561
30,487
22,450
126,857
89,902
39,659
87,547
51,77
183,504
42,329
86,232
188,188
107,32
15,188
66,49
181,924
165,631
191,199
34,689
124,608
99,156
71,533
166,949
4,986
105,579
136,831
197,314
75,977
53,154
182,151
153,295
108,617
100,22
180,293
60,28
185,90
94,184
148,293
78,923
112,51
189,374
160,735
172,603
163,313
70,89
111,674
20,173
23,224
174,144
70,867
52,937
54,487
52,200
72,86
191,235
97,631
102,910
76,710
115,656
200,614
112,832
197,990
39,700
109,102
132,722
190,343
72,553
12,542
110,181
182,291
194,875
91,594
45,855
140,688
114,682
191,312
175,105
59,900
16,723
104,852
135,490
182,529
10,57
126,48
186,306
175,752
22,383
65,913
104,762
75,610
24,294
62,673
148,935
162,803
103,238
136,406
144,778
99,803
164,205
65,636
62,407
105,600
94,268
77,351
140,517
77,712
124,421
152,111
180,868
83,898
114,507
136,544
177,957
83,641
92,119
167,17
184,408
145,403
44,965
41,641
59,632
1,952
132,670
10,535
23,250
103,608
184,640
97,2
59,676
133,780
16,156
109,295
30,758
75,829
64,415
63,963
51,1
172,649
17,372
36,465
172,470
188,577
143,148
81,128
95,708
6,943
95,634
5,730
21,982
33,470
86,774
198,632
189,934
91,297
19,243
15,820
171,108
16,420
74,836
176,960
3,801
5,933
146,642
162,850
169,961
129,374
25,807
39,137
133,355
48,404
28,842
91,670
164,229
93,626
60,351
173,151
23,903
75,735
159,180
183,692
112,672
112,131
159,982
64,657
166,167
136,954
54,369
78,411
156,335
94,979
179,37
29,990
185,819
169,419
83,336
15,739
68,133
64,379
54,994
145,677
17,386
140,934
92,568
23,388
68,785
64,146
44,807
148,953
134,621
27,198
41,767
20,960
5,369
104,489
139,534
181,553
109,982
143,583
24,819
55,929
184,930
52,755
159,165
162,167
101,106
97,958
9,200
147,808
107,482
8,384
98,655
175,804
172,985
61,810
174,352
173,849
23,503
173,710
31,313
63,419
77,892
13,345
172,594
34,44
163,777
160,625
68,147
56,756
110,67
164,221
109,869
58,567
12,697
141,583
26,198
23,265
84,876
16,912
88,589
153,94
109,487
152,739
34,378
153,64
18,559
162,220
6,314
135,257
60,875
89,188
52,435
9,721
141,783
190,92
45,935
60,335
176,626
26,838
100,149
200,726
27,571
5,64
14,881
99,862
138,512
85,810
77,842
162,935
47,362
34,153
16,350
30,79
167,511
99,258
139,452
6,54
25,307
126,146
134,71
160,355
8,139
76,166
151,519
169,500
162,745
123,522
9,404
170,526
93,703
22,638
166,839
193,643
3,858
160,790
182,895
90,717
152,41
106,526
109,689
44,754
117,149
50,573
2,770
176,602
164,692
6,310
129,658
183,458
79,183
72,163
177,312
58,445
157,716
146,306
154,288
65,25
62,430
46,559
73,991
25,46
8,47
183,856
182,209
13,492
100,82
160,40
13,806
195,117
56,534
76,597
110,395
167,569
15,445
154,833
43,472
2,818
161,759
147,464
200,646
197,32
42,439
61,895
168,790
120,304
90,825
170,863
159,602
116,450
64,56
98,750
121,254
13,840
121,70
138,609
152,477
38,480
55,588
179,870
92,883
111,468
117,903
155,742
145,109
41,141
130,101
49,238
70,656
159,29
170,634
80,92
138,786
94,520
65,595
59,241
121,991
181,568
70,560
191,486
78,482
135,936
177,988
120,840
152,311
34,404
58,759
32,323
158,484
166,782
11,910
177,676
151,998
145,625
152,989
125,400
118,372
75,941
150,249
55,722
21,399
69,148
5,686
46,851
183,478
65,420
123,901
38,381
60,877
160,847
124,495
154,80
153,961
159,683
194,809
30,582
41,96
59,588
182,185
41,659
122,649
160,367
89,703
77,265
37,378
134,235
16,326
186,303
192,533
152,572
193,109
75,278
121,144
24,657
19,989
186,82
37,538
24,250
127,578
108,862
142,194
102,727
16,872
63,352
36,331
167,113
125,659
140,946
32,322
162,76
70,965
122,547
75,186
152,786
28,424
64,234
110,484
48,57
186,982
115,242
160,257
152,800
61,176
188,687
159,992
143,845
56,923
110,30
186,109
10,951
44,928
95,745
111,440
29,357
115,139
187,712
151,240
148,567
175,569
75,13
129,591
4,2
127,975
58,302
51,249
156,657
200,192
23,400
29,550
123,405
50,801
166,37
14,418
109,22
90,173
50,994
45,34
17,843
145,514
126,786
84,540
23,891
179,918
25,85
27,127
50,17
9,871
52,188
82,155
21,555
191,36
38,813
199,104
63,310
95,653
65,533
189,849
177,632
151,581
76,922
172,299
41,662
149,792
20,323
52,431
161,674
192,941
179,317
161,672
138,392
4,617
53,437
48,770
182,649
92,499
92,151
44,474
194,963
13,145
7,371
142,643
131,339
10,5
24,160
159,234
117,417
148,225
96,685
78,927
129,184
196,435
62,122
145,981
47,305
74,628
112,655
18,716
180,200
13,919
120,291
90,770
165,778
42,185
200,850
14,751
100,754
32,812
159,633
43,122
33,511
195,876
77,815
79,761
174,167
91,417
180,765
68,993
174,781
140,430
13,864
147,118
28,441
165,575
45,103
179,800
82,16
120,306
126,768
4,194
156,440
45,317
147,127
12,663
109,408
30,195
134,548
160,391
158,635
42,129
136,888
86,583
200,73
177,432
160,213
20,422
26,226
119,106
174,129
139,509
179,503
72,209
183,406
26,741
84,56
59,826
42,780
93,816
181,373
152,10
87,978
30,571
127,357
194,257
82,130
11,160
49,517
98,826
124,896
66,902
45,795
124,289
200,509
198,907
183,660
40,276
86,346
171,667
106,612
31,805
167,3
55,198
174,718
181,75
76,789
80,871
47,770
40,806
35,447
21,576
64,581
106,425
170,838
28,93
92,99
137,53
114,398
94,93
30,312
125,771
24,9
197,347
21,562
177,274
84,348
99,403
127,93
174,574
105,702
191,374
128,403
136,886
102,545
53,928
87,578
33,661
143,587
120,664
51,330
31,685
13,415
170,193
94,537
77,874
55,70
87,935
103,863
108,660
4,580
100,337
89,684
181,428
45,512
136,770
116,615
19,311
182,63
19,460
80,588
140,230
131,392
133,800
80,664
85,980
23,82
48,171
31,41
85,689
4,896
63,737
72,181
117,105
4,687
118,671
16,108
191,803
159,34
15,965
59,855
109,255
60,218
25,851
199,152
150,125
19,152
54,721
64,369
15,595
12,927
54,64
159,453
128,16
138,276
116,950
72,538
155,244
145,161
12,517
163,957
8,207
186,108
157,44
149,225
47,31
139,578
81,874
191,183
166,777
85,525
20,517
145,925
56,823
142,825
70,720
167,88
32,557
179,89
21,155
165,304
90,61
57,406
4,919
82,387
55,56
41,235
50,559
93,673
57,109
94,892
198,277
70,476
57,188
157,862
195,498
43,341
76,804
66,862
113,496
83,177
147,47
116,558
100,668
130,992
181,988
19,611
68,698
93,165
195,892
118,631
111,58
87,561
73,759
18,682
183,280
28,546
95,801
48,627
68,426
127,452
108,220
170,205
70,388
88,152
66,906
42,297
88,744
156,186
130,886
154,462
69,599
85,898
78,251
70,205
91,214
121,692
87,455
36,71
52,417
26,427
137,389
92,189
125,559
76,866
64,611
50,630
158,478
123,389
154,508
165,687
178,900
38,283
199,179
110,23
86,508
60,478
167,529
82,898
46,62
15,844
65,583
16,381
200,86
57,787
132,501
112,419
160,462
1,596
117,569
30,56
157,249
60,585
87,854
80,890
70,696
31,53
43,530
108,423
90,721
156,631
144,859
157,158
49,752
36,97
53,824
39,477
89,854
65,679
105,908
91,842
184,215
84,923
111,606
163,456
164,666
107,956
64,818
70,675
81,248
74,272
42,7
134,842
97,472
60,362
103,684
95,491
98,106
111,416
172,309
196,405
115,817
127,798
177,107
110,278
95,840
137,716
179,787
110,624
34,439
7,229
104,237
136,182
43,13
162,99
154,890
123,837
42,386
33,245
151,608
172,18
91,825
195,536
106,474
80,981
118,459
96,859
69,305
133,982
133,232
98,631
6,61
36,944
33,562
16,584
38,432
116,733
88,503
73,105
123,866
21,579
135,524
110,643
48,586
136,126
67,267
22,146
154,304
2,73
64,90
108,990
198,188
39,535
158,394
172,563
84,64
30,357
22,196
188,56
167,27
159,826
104,988
16,198
178,347
122,43
192,325
121,698
129,44
136,15
165,388
178,940
156,447
196,375
157,320
112,571
86,23
133,854
22,529
124,192
15,125
60,225
17,195
169,471
165,961
179,166
125,296
35,565
184,411
112,303
159,126
59,310
14,460
181,713
129,244
158,333
154,702
19,674
90,960
41,697
137,840
14,519
94,886
50,752
18,609
45,170
168,33
179,630
200,458
95,932
54,263
97,226
94,933
77,158
128,890
177,202
189,851
89,840
145,107
174,12
96,466
12,813
140,790
28,500
164,804
178,282
60,261
101,729
187,483
60,735
156,554
104,935
165,54
194,686
81,596
183,845
140,2
189,921
12,518
116,104
46,749
138,583
150,222
13,522
164,512
64,226
145,757
192,747
105,692
26,354
78,697
58,509
119,485
134,627
47,527
48,680
33,630
169,23
40,134
113,480
1,121
180,239
139,578
81,323
52,782
10,402
21,838
112,672
143,632
56,441
110,64
31,732
71,555
65,198
151,205
74,981
193,80
35,860
96,15
115,606
61,505
177,361
144,598
91,794
177,459
50,269
9,203
104,534
15,15
154,936
66,725
163,228
127,8
173,210
186,885
77,948
42,743
41,545
113,611
49,606
123,329
81,186
87,223
90,12
139,651
184,508
115,105
149,153
127,498
113,773
17,699
21,642
158,18
160,340
118,858
167,179
90,65
78,655
93,803
29,173
155,186
130,596
66,641
98,141
95,242
35,18
118,542
47,613
138,442
46,767
152,661
79,223
73,320
124,631
13,360
38,926
61,431
64,238
115,72
171,469
96,904
184,853
118,309
44,838
130,897
102,805
76,153
153,248
122,727
103,709
126,781
185,220
194,75
28,499
29,939
84,538
171,236
70,406
33,352
38,152
168,716
29,44
153,613
19,484
49,819
199,975
10,956
131,317
193,206
21,201
8,322
73,120
60,473
37,59
159,597
96,448
98,572
91,810
179,588
90,883
79,344
184,968
52,587
37,1
127,703
162,356
123,54
190,110
57,582
58,311
119,619
19,852
52,50
48,261
58,23
14,705
112,746
28,371
141,732
127,409
135,975
168,518
23,951
195,8
102,714
65,238
107,971
46,497
17,515
181,336
52,870
146,543
149,672
84,382
21,974
12,886
43,962
57,119
122,605
87,25
30,356
153,326
196,260
116,507
120,376
134,27
47,312
95,908
39,85
59,76
101,275
60,745
39,815
12,137
85,426
142,334
68,537
64,522
118,109
16,1000
159,311
134,459
30,448
68,143
107,765
110,762
23,794
166,992
189,578
38,238
88,50
121,818
192,925
156,163
45,456
117,103
177,155
141,760
14,247
69,655
6,749
49,400
108,348
92,181
42,874
124,849
66,907
106,746
176,871
185,625
44,766
41,742
14,297
123,120
107,816
79,621
157,643
185,400
62,674
165,882
31,749
5,850
94,152
31,450
141,438
98,54
41,25
70,730
142,277
170,262
98,139
45,490
117,357
98,602
125,448
190,195
125,697
187,744
38,309
198,266
135,480
156,644
50,440
18,655
86,692
164,472
148,682
104,559
80,221
59,799
34,740
168,44
33,73
104,763
126,66
17,118
140,191
125,262
92,701
171,243
32,239
115,76
188,128
30,482
176,535
25,749
119,903
153,651
98,716
144,186
52,521
58,930
152,324
133,479
180,400
87,296
47,473
6,934
46,162
31,541
56,565
45,834
166,888
186,416
68,85
29,216
192,223
149,596
143,462
90,878
12,57
79,890
166,88
145,324
84,427
194,792
190,407
96,264
29,188
98,261
17,783
93,728
106,874
34,375
17,120
134,786
170,424
129,469
41,860
151,568
153,95
8,711
103,176
135,957
53,855
189,267
95,571
64,294
94,863
25,153
139,33
105,819
158,157
173,405
39,673
176,680
144,712
118,912
61,987
173,777
36,827
113,535
102,690
168,596
106,117
10,637
58,614
166,803
89,969
131,670
1,347
132,566
79,939
194,887
181,288
110,933
86,191
143,539
118,702
46,639
104,755
120,375
133,847
43,179
199,868
186,973
80,781
103,5
125,283
126,33
11,471
159,736
135,700
153,631
102,424
185,220
115,377
113,340
48,515
101,818
143,423
119,629
154,887
31,894
95,874
148,148
191,608
18,896
28,436
36,368
89,825
101,896
137,437
92,919
140,929
32,555
30,624
195,146
88,784
189,935
133,534
12,51
154,966
108,402
153,443
10,493
58,267
61,318
158,342
193,125
101,298
70,871
135,165
186,575
131,418
89,144
77,98
76,264
82,385
1,164
178,137
116,598
81,364
46,971
3,465
168,580
137,929
1,749
114,792
58,594
68,178
51,483
11,551
86,63
105,736
194,756
61,358
78,591
29,432
168,743
121,39
55,672
169,907
16,129
29,691
169,487
158,561
42,53
29,268
40,469
38,876
70,983
28,646
83,891
200,150
175,784
12,661
7,657
49,7
19,335
98,36
66,199
108,857
30,473
38,500
56,447
94,608
145,312
170,799
164,876
130,633
36,737
64,553
110,278
15,471
125,174
160,866
37,911
162,763
147,871
86,501
82,990
2,574
151,908
93,412
25,409
71,179
165,830
140,443
171,461
191,234
61,195
118,272
169,993
158,434
108,624
115,171
179,453
185,4
96,536
121,806
110,120
47,658
99,262
110,663
53,934
41,640
78,478
149,585
165,476
24,31
58,185
60,528
103,783
149,783
174,54
162,255
17,613
185,642
38,310
79,787
102,505
66,591
173,835
58,996
163,459
196,86
148,263
157,971
112,733
19,182
117,729
37,454
39,767
57,849
70,211
37,672
184,876
86,825
173,540
130,835
16,690
103,886
109,531
122,699
103,727
132,334
26,182
192,614
83,555
60,826
129,193
116,112
69,933
182,173
82,383
103,161
24,48
22,265
83,362
167,512
198,204
67,978
144,622
87,530
124,342
47,311
163,604
161,889
52,53
51,561
23,305
113,655
100,959
79,192
40,845
118,386
76,717
200,169
180,376
177,488
10,91
73,32
14,965
132,734
188,334
138,267
106,231
180,456
106,330
178,443
124,193
80,134
73,258
9,887
144,642
195,853
134,333
151,77
119,677
7,648
85,285
169,584
193,286
200,548
24,38
143,420
18,818
13,708
21,719
27,577
179,27
193,881
198,620
83,934
83,430
119,24
82,805
112,288
12,688
151,384
147,462
67,273
170,122
61,979
36,904
149,395
131,82
18,183
163,565
177,65
120,439
74,717
57,578
151,850
100,453
77,935
73,638
95,807
101,136
28,615
51,711
131,283
24,748
91,122
9,480
167,823
161,657
158,51
169,493
188,367
121,250
175,803
28,162
57,130
152,239
191,87
129,727
144,97
159,249
127,939
29,46
104,212
36,508
2,756
188,179
170,180
61,962
79,233
190,897
66,458
83,342
41,210
7,323
73,707
103,46
11,505
128,306
61,797
41,553
172,808
64,855
56,179
86,212
166,961
150,841
93,869
88,47
104,950
18,434
72,753
75,967
172,576
20,113
157,47
54,100
103,478
66,468
60,185
138,783
73,848
27,894
39,453
23,124
17,492
152,790
8,32
49,333
149,415
26,379
137,576
86,32
56,35
161,754
181,344
19,262
170,692
115,257
169,138
136,710
76,32
41,918
156,453
46,588
193,271
154,181
115,474
128,75
197,17
35,271
73,360
108,990
170,731
6,206
65,537
48,427
182,139
172,984
196,583
27,856
108,599
152,589
132,245
86,175
45,352
42,664
185,967
167,989
115,967
161,26
89,699
168,933
24,8
19,974
168,379
75,368
180,15
91,863
8,110
108,915
150,858
44,375
18,848
29,988
51,30
98,867
110,519
5,658
54,860
45,378
142,256
82,682
12,895
121,741
31,948
3,21
108,823
165,391
93,963
74,472
69,429
179,201
47,544
24,393
27,341
177,540
150,884
22,815
78,597
68,700
35,599
63,628
149,647
34,920
98,713
166,331
7,128
84,623
152,307
27,94
72,886
32,504
126,986
111,784
91,614
180,986
165,339
129,799
148,899
32,166
168,350
32,643
8,919
151,164
94,511
8,897
4,161
7,98
177,827
190,603
86,873
116,234
194,726
198,287
145,945
16,570
159,899
195,93
121,854
38,498
97,99
176,752
56,255
85,154
19,933
102,506
145,254
190,720
172,900
112,709
8,282
38,784
97,69
26,282
158,749
172,953
177,893
23,190
12,53
16,100
167,19
57,829
117,115
88,262
138,650
42,441
135,888
47,12
174,552
188,380
196,962
4,568
130,237
4,696
165,626
92,234
118,84
54,836
170,288
135,264
159,886
36,969
86,853
84,981
20,780
187,943
93,511
58,821
142,751
73,505
185,15
29,579
102,981
145,140
200,294
77,753
127,449
1,480
92,713
142,544
190,611
51,410
32,647
23,372
15,361
47,896
51,204
127,89
132,559
195,312
137,63
197,256
174,259
109,226
100,554
179,964
122,645
105,869
179,847
183,718
198,346
3,824
43,673
155,887
88,11
15,599
136,752
42,300
166,751
85,756
34,84
135,195
33,10
66,164
27,715
157,324
115,407
131,300
90,115
159,882
95,101
66,742
175,596
55,333
161,538
125,659
23,58
165,179
86,731
196,231
187,852
77,750
27,75
63,764
29,565
81,542
94,634
31,817
79,620
5,113
154,415
42,242
88,104
13,32
143,385
143,546
98,420
102,240
65,240
93,989
51,684
134,919
80,720
177,149
113,168
81,515
67,853
171,324
34,620
138,52
108,933
142,23
199,884
174,640
200,246
50,982
50,111
91,316
182,2
111,723
185,175
140,208
38,465
164,504
24,75
72,278
190,855
74,588
71,430
139,57
1,705
87,258
2,888
53,300
110,504
179,94
39,784
110,92
102,596
33,476
172,796
97,920
127,740
179,514
142,797
102,306
189,287
6,548
152,707
34,459
125,928
160,451
13,500
159,849
97,280
192,834
9,438
188,260
15,595
187,264
147,473
151,704
84,814
51,140
147,699
34,356
168,884
44,978
108,71
34,457
163,124
2,758
70,162
179,577
11,491
76,127
35,463
199,764
130,354
47,87
175,585
174,392
72,63
23,705
155,249
13,291
82,613
62,273
122,829
135,532
32,428
112,662
42,961
173,88
52,289
80,330
101,730
177,437
104,898
163,438
90,596
85,843
117,857
130,969
10,374
61,853
196,727
94,478
14,884
178,338
149,848
131,879
77,352
121,418
200,449
152,210
2,469
57,675
162,986
70,370
172,520
22,812
196,238
76,89
91,33
146,664
28,35
106,59
152,529
5,11
123,51
137,966
77,366
9,146
161,547
116,184
182,291
43,272
134,673
18,365
178,716
184,437
108,727
44,561
149,364
45,19
17,104
182,581
124,999
6,461
100,494
39,3
196,882
35,244
76,711
119,269
120,619
191,954
164,855
164,103
72,671
157,422
152,293
40,979
46,33
156,230
177,132
166,281
19,211
99,538
17,236
38,943
156,595
191,891
127,100
75,633
29,407
49,841
101,5
197,696
169,158
191,893
179,583
62,49
129,881
83,153
1,255
104,908
145,63
28,727
4,124
38,111
12,883
164,653
130,527
190,36
140,926
162,44
13,510
23,463
48,690
180,272
13,750
161,584
46,317
196,406
136,811
64,336
154,929
172,129
166,753
69,439
181,579
193,201
105,745
3,43
110,810
19,433
148,926
111,275
166,355
171,100
26,51
180,537
28,540
115,399
13,973
124,892
77,795
184,899
169,207
38,606
124,995
35,652
80,959
19,162
167,565
117,959
6,233
197,133
180,439
170,130
58,758
184,918
63,460
149,552
54,190
23,583
181,144
116,833
80,955
110,535
195,524
28,452
12,483
21,849
112,482
98,874
29,424
97,249
53,660
54,429
181,784
76,639
82,609
81,698
187,557
13,639
5,296
169,511
160,147
153,823
143,250
86,315
82,135
95,823
163,768
27,471
187,537
143,483
146,102
106,622
146,559
99,662
138,259
149,779
165,501
90,872
143,8
9,625
146,990
52,772
20,470
73,848
133,940
1,606
92,457
40,218
186,155
54,54
97,243
76,8
19,748
102,660
149,989
144,180
68,212
99,509
34,413
62,395
33,127
15,471
31,310
63,594
143,523
149,74
75,730
114,866
102,550
34,439
169,157
100,930
40,579
62,705
34,206
172,942
125,80
121,104
11,624
31,460
49,358
182,625
31,146
105,262
28,736
11,731
45,706
81,889
52,547
200,32
78,907
20,823
14,303
166,812
130,640
145,86
130,73
97,852
132,767
25,349
154,543
87,761
176,99
6,320
141,888
176,170
130,163
127,75
153,227
75,498
93,913
70,126
178,967
19,999
195,808
153,834
136,786
68,753
166,857
118,85
195,731
127,178
52,31
95,775
138,431
137,820
65,114
101,129
97,435
139,849
100,34
138,951
75,943
148,185
85,365
53,885
102,813
74,861
9,196
32,893
111,150
127,293
66,30
110,582
28,30
121,339
24,704
96,539
193,685
11,734
109,943
180,662
75,639
111,128
176,559
101,677
70,957
136,203
161,759
116,738
41,868
33,483
13,388
10,55
28,444
119,646
192,530
33,354
36,713
162,562
153,560
115,479
121,374
33,757
79,84
55,688
168,768
132,13
91,686
187,668
144,205
101,303
178,547
38,559
74,201
174,850
25,69
28,920
97,818
141,250
197,175
177,236
182,341
144,484
115,229
24,669
21,769
111,863
11,116
162,488
127,313
39,752
82,633
52,957
92,987
83,752
142,302
163,925
107,70
113,423
69,900
30,949
22,784
103,659
3,197
149,256
100,345
162,99
106,205
85,753
134,69
149,888
143,577
182,726
84,924
86,229
18,349
138,343
68,637
62,377
15,662
63,503
78,446
97,63
192,925
51,39
13,303
63,476
77,382
110,960
189,178
153,878
34,334
33,220
120,927
30,55
165,404
191,120
162,347
135,278
22,781
180,230
175,471
47,194
162,773
29,253
130,108
189,734
40,952
60,942
105,700
87,49
84,707
128,802
161,807
75,745
184,866
194,843
58,474
195,345
69,902
178,945
74,663
9,660
23,35
122,619
141,462
75,768
102,129
198,92
50,435
160,196
105,724
144,83
85,553
123,751
158,835
35,746
143,906
89,134
152,800
41,14
36,974
63,267
197,458
26,851
30,205
51,740
15,707
2,971
138,662
19,144
151,936
69,407
26,489
110,299
33,837
118,937
62,77
27,597
129,841
121,729
136,49
20,86
91,694
195,123
94,101
9,382
95,138
123,855
17,815
162,669
82,559
110,899
143,80
92,173
54,467
105,413
173,428
61,212
15,789
78,70
191,594
10,346
150,358
50,217
77,809
52,465
94,50
114,189
31,393
86,97
74,816
16,286
124,149
25,929
191,947
73,681
38,485
46,173
47,335
98,328
40,938
72,590
8,182
14,643
68,228
48,647
108,77
40,893
185,823
72,92
140,238
38,471
154,520
23,29
183,894
46,345
189,183
165,867
199,850
199,88
82,209
115,467
200,245
16,697
109,581
49,928
103,645
22,654
112,336
80,184
68,353
155,209
112,22
92,77
65,275
160,852
189,141
17,202
124,523
119,127
185,2
125,902
159,166
164,430
121,760
192,316
3,987
94,133
172,343
166,642
85,198
36,180
59,430
160,369
112,683
128,388
26,276
76,111
53,975
136,849
105,200
181,397
166,443
60,852
120,329
189,393
53,111
80,117
70,775
107,517
97,111
83,52
51,153
10,529
106,163
133,289
122,838
64,304
95,365
6,135
1,857
31,750
95,305
20,273
185,996
48,332
132,120
31,327
122,786
83,260
150,970
162,547
1,389
30,781
24,19
196,891
92,594
189,307
113,20
139,828
21,156
66,931
162,457
172,99
5,710
158,51
14,244
131,7
137,185
146,487
87,109
12,454
111,241
134,272
113,979
163,494
143,435
192,241
142,378
64,43
9,98
16,349
149,468
98,268
1,821
69,6
8,45
117,509
65,160
44,14
131,756
189,696
81,615
7,187
170,38
119,38
165,287
7,407
156,958
6,157
99,257
161,21
22,886
36,933
121,325
179,911
123,933
64,308
119,214
116,823
41,911
49,263
23,184
121,703
77,22
104,204
191,983
77,234
181,247
24,972
29,267
178,762
67,946
197,544
181,204
169,736
18,577
192,815
26,823
55,339
17,885
166,931
66,852
82,276
19,37
24,36
4,152
158,514
84,932
173,292
147,73
66,95
67,896
74,196
59,827
103,268
86,315
143,909
114,3
2,126
97,737
90,272
133,536
115,723
78,862
118,502
16,829
71,525
156,597
75,685
154,694
156,833
72,487
121,879
109,517
96,966
21,137
199,134
56,277
15,38
113,944
97,69
192,229
38,239
90,291
110,785
76,521
83,951
75,42
47,176
82,586
116,388
91,59
178,966
177,356
84,857
131,911
178,798
50,323
3,340
177,390
126,767
112,531
11,126
151,905
110,365
90,274
33,359
124,857
200,124
5,897
158,330
84,694
5,717
110,700
119,243
125,252
180,508
47,176
192,475
133,977
103,953
196,873
59,794
200,504
163,909
192,757
141,362
89,624
171,980
86,62
21,624
186,812
192,612
152,422
101,282
126,903
131,544
188,384
66,20
174,195
90,296
151,911
136,509
164,788
121,636
182,750
40,225
121,300
8,494
165,531
198,864
186,274
105,488
77,202
44,436
176,704
179,836
47,682
194,564
36,703
30,843
84,550
57,248
85,131
186,74
183,596
140,595
38,100
92,218
145,263
111,303
72,938
193,114
91,169
6,585
1,179
156,722
134,140
47,682
199,543
76,548
151,569
186,591
52,625
195,558
98,360
34,765
72,858
140,479
112,574
93,34
145,394
155,828
117,952
124,746
61,578
94,391
177,893
151,643
174,983
96,681
32,410
154,697
92,185
191,86
138,932
194,225
15,14
138,597
129,162
101,510
192,653
124,751
174,743
53,911
197,992
97,311
74,419
106,973
184,923
191,500
102,306
106,971
96,387
184,421
102,40
188,435
13,5
149,187
92,604
168,976
180,197
16,766
70,991
27,991
112,854
158,882
168,17
26,415
80,993
111,961
4,648
176,393
179,157
9,532
150,408
176,872
195,296
114,169
185,641
102,729
28,634
175,583
52,713
12,706
157,99
22,864
115,502
100,214
172,356
179,251
148,261
97,555
87,417
158,265
172,429
5,225
168,524
184,310
185,258
177,242
133,197
189,444
126,619
99,750
99,302
102,830
41,637
112,346
70,509
118,403
113,502
92,83
139,459
154,990
199,627
78,627
179,913
198,1000
197,180
14,516
135,132
35,20
82,873
168,137
167,497
130,802
134,170
25,4
197,547
37,240
142,603
169,355
95,528
55,758
70,462
32,918
3,629
81,1000
155,876
171,993
164,239
39,734
144,699
129,261
12,404
40,470
156,718
119,74
32,357
108,211
185,457
79,867
193,402
43,330
155,568
68,785
152,475
65,706
161,231
125,322
3,142
54,787
33,57
2,516
7,88
102,185
125,952
119,442
125,813
100,465
200,789
61,826
147,860
110,90
12,999
129,59
54,1000
159,329
94,669
96,313
88,511
142,405
48,698
29,735
189,335
56,718
148,19
154,167
172,493
1,622
93,844
154,373
200,642
61,64
159,720
100,812
6,70
110,858
143,701
1,250
120,545
92,300
39,231
185,903
21,726
55,917
56,360
112,858
36,995
56,448
123,142
85,118
171,272
22,835
60,956
44,690
113,222
11,819
71,730
191,423
85,849
34,88
190,253
69,325
152,238
72,562
152,290
23,441
198,388
169,151
173,420
24,608
123,699
145,69
183,315
8,353
164,645
135,469
18,1
145,891
100,309
92,224
7,343
5,92
107,207
83,823
147,181
67,89
169,152
181,789
68,886
74,980
156,270
154,380
102,922
123,121
54,563
189,789
70,468
95,511
108,599
77,206
12,218
176,224
38,121
45,760
19,443
83,897
147,764
16,362
94,115
178,701
87,429
153,925
95,792
36,829
184,870
137,353
47,877
172,148
123,476
75,220
172,106
190,885
87,235
200,462
9,67
135,522
4,95
11,229
147,441
186,754
151,559
17,309
136,450
65,223
105,711
29,962
79,261
92,790
158,37
169,990
99,748
179,242
156,662
78,851
100,452
10,972
53,586
30,338
55,956
93,404
51,451
131,156
172,229
19,57
124,788
11,565
189,633
138,56
45,536
34,432
111,903
6,264
146,877
168,574
158,873
70,281
140,990
66,36
89,994
115,577
120,440
156,175
26,81
196,825
185,613
56,353
73,349
78,961
21,302
74,78
145,645
171,523
142,735
48,571
7,294
77,514
116,522
178,550
72,19
190,249
40,959
95,893
171,279
23,73
115,139
32,549
51,745
159,207
153,819
170,240
54,160
14,970
188,371
22,709
111,67
125,962
117,206
64,246
57,769
3,265
13,74
121,977
147,416
80,633
174,449
112,820
73,965
141,788
90,984
195,41
177,495
8,987
5,481
102,887
85,784
178,533
132,311
121,800
67,272
109,813
136,90
138,585
75,229
25,519
200,772
67,777
46,305
66,545
38,468
150,916
163,553
82,387
46,524
40,696
15,480
159,280
79,623
81,449
115,400
45,231
164,893
181,718
146,192
151,608
64,208
44,559
64,887
109,556
76,954
149,526
6,126
124,430
68,184
84,330
38,207
107,219
131,878
7,338
37,770
169,893
75,807
145,580
186,44
24,693
72,624
8,196
91,37
161,761
60,399
9,201
156,149
97,414
77,659
12,781
99,434
128,245
184,712
140,324
156,636
102,166
116,767
100,20
147,699
146,655
72,977
150,326
40,39
104,868
176,187
90,836
87,330
83,683
35,709
83,651
164,647
137,970
158,468
184,913
28,170
6,780
42,691
73,646
52,862
63,577
200,826
82,511
96,332
178,580
2,516
65,565
80,245
131,69
111,427
98,434
74,328
160,485
187,636
177,676
139,6
94,588
177,705
117,886
123,835
164,801
106,408
192,232
81,365
15,296
6,498
33,209
138,270
83,746
63,612
97,87
113,628
178,223
150,207
40,883
55,522
89,270
184,784
198,951
125,905
181,404
103,804
92,349
27,454
130,132
182,138
163,47
13,675
144,758
12,953
121,413
52,662
70,762
194,161
26,74
179,666
17,300
149,423
156,296
73,17
66,383
7,809
187,231
36,692
44,300
57,163
56,283
93,962
168,189
168,567
9,448
71,39
158,952
105,192
94,683
138,59
48,413
174,165
35,46
1,465
17,419
18,994
22,216
167,80
106,56
21,702
187,425
73,552
42,773
179,455
6,190
199,735
22,648
170,8
111,330
159,267
193,278
174,166
97,81
74,541
121,252
83,138
91,170
177,939
76,125
23,901
189,294
102,645
86,180
48,557
58,106
146,155
168,530
189,219
186,686
177,485
43,8
18,337
34,99
184,68
188,771
158,223
163,918
11,161
80,780
96,144
37,492
26,712
183,471
90,278
197,529
10,446
27,298
189,102
175,621
177,983
19,363
114,145
155,541
77,347
197,823
37,883
108,851
52,474
107,633
98,781
89,306
142,924
164,5
10,164
108,958
66,952
53,864
179,722
31,955
151,495
194,814
154,388
133,734
4,336
197,157
116,258
180,314
145,49
122,703
178,20
38,249
2,599
37,502
169,542
70,964
63,670
83,324
125,339
148,143
147,611
185,806
28,959
148,583
144,668
192,627
110,433
187,74
20,940
19,885
45,880
51,357
117,533
183,598
21,943
110,304
159,714
70,550
153,135
167,544
80,761
39,345
33,951
151,516
186,328
111,437
164,225
166,369
110,137
30,561
125,218
100,648
148,388
142,525
185,860
35,562
28,384
127,698
78,752
130,54
106,986
135,736
164,36
109,915
113,93
48,735
95,263
39,584
9,69
90,322
15,810
128,4
115,214
104,115
111,958
113,83
77,269
72,32
86,86
174,452
145,88
22,721
149,862
175,209
123,518
8,745
26,552
51,32
44,375
16,803
100,893
24,323
188,645
30,49
7,483
104,930
50,929
171,157
123,102
90,921
26,179
196,601
72,645
14,954
21,964
161,241
116,511
82,472
39,477
73,219
39,567
117,467
77,976
191,480
79,728
54,116
143,22
36,879
150,177
111,465
58,461
107,838
180,706
69,451
84,638
113,688
30,147
98,62
97,74
39,196
142,756
169,179
55,752
42,838
120,514
83,390
32,887
155,75
112,89
88,610
186,736
10,307
75,640
16,16
20,314
157,738
48,117
140,472
194,389
183,543
71,862
92,989
175,52
37,620
154,324
120,6
149,602
156,783
197,125
76,28
188,62
17,642
133,336
6,548
79,729
183,536
138,451
78,951
29,708
58,273
18,835
133,744
122,261
34,327
64,767
149,365
159,445
110,867
134,954
127,577
47,433
195,133
22,330
190,643
139,249
98,773
63,805
108,362
149,543
184,301
17,52
91,946
31,191
11,514
75,243
195,421
191,305
84,25
156,528
148,648
178,798
29,736
87,660
20,604
142,707
111,944
64,539
103,742
191,894
31,704
191,228
103,539
82,568
179,212
171,217
57,348
80,517
184,504
105,559
61,519
149,728
42,918
191,574
5,515
151,384
131,956
178,954
188,779
107,382
12,784
193,481
26,47
2,741
199,778
122,612
23,800
143,547
54,332
24,231
131,240
192,283
85,956
12,714
190,478
46,344
167,63
40,838
189,540
10,855
2,12
12,211
81,954
30,976
155,415
41,680
127,457
43,447
117,340
123,580
140,18
177,798
184,47
11,965
33,411
57,176
92,616
2,151
149,716
2,932
68,699
81,148
193,225
47,531
161,293
38,331
196,672
77,259
10,92
63,981
18,121
169,781
39,905
11,241
64,464
158,966
143,413
190,624
2,145
37,173
143,954
24,824
174,620
171,384
92,661
198,958
87,477
83,108
136,635
151,193
109,909
74,938
25,928
98,237
191,466
18,646
103,195
105,326
66,406
98,551
33,111
151,533
111,14
191,621
5,941
146,601
71,757
181,903
82,232
5,640
39,141
138,800
135,917
16,711
18,509
152,233
116,756
175,625
168,95
89,776
86,218
37,434
95,496
126,197
75,374
98,96
157,47
120,459
15,999
33,358
91,543
109,326
12,282
79,153
38,633
132,879
196,327
164,850
143,512
125,304
20,711
107,505
14,39
77,339
115,317
198,8
1,542
5,493
106,427
137,19
116,295
5,907
198,82
120,179
159,137
56,993
177,238
40,531
194,392
74,864
73,715
113,761
2,804
147,388
80,390
99,249
63,557
152,923
23,633
159,321
184,539
121,868
180,523
27,708
43,240
61,10
62,918
142,368
198,982
3,991
55,257
103,109
186,520
84,516
114,84
143,632
43,371
66,819
94,747
94,511
91,631
127,402
105,363
35,517
19,278
159,649
22,984
110,582
20,441
190,455
29,485
15,188
104,509
109,882
119,264
124,512
119,981
129,276
132,646
114,981
98,306
132,276
88,106
75,335
11,372
116,211
85,9
128,563
83,198
42,795
160,216
22,634
200,317
107,566
107,323
68,422
56,470
21,574
42,836
127,468
53,916
93,176
8,561
95,850
162,258
177,416
110,192
106,851
62,12
109,449
43,314
105,943
81,263
70,685
40,441
162,837
154,432
191,633
181,256
166,75
10,782
77,918
160,640
101,931
12,787
105,117
117,32
77,330
169,191
152,948
165,472
183,626
99,549
162,418
183,162
92,450
143,349
37,985
125,830
88,9
106,721
105,743
84,15
8,156
89,964
150,142
33,596
54,261
21,282
154,347
61,52
41,744
200,328
104,533
193,221
96,581
89,982
42,738
103,820
195,416
101,161
171,425
9,724
143,446
113,522
97,433
25,156
77,988
101,776
127,286
12,933
16,222
118,645
198,997
61,95
116,442
54,935
74,298
184,73
35,125
157,58
163,33
181,448
53,913
180,44
106,141
52,199
20,944
103,404
16,14
131,777
36,255
113,473
2,741
106,132
167,490
74,511
138,380
5,106
178,814
2,492
132,681
115,339
199,874
76,105
184,679
18,630
91,733
67,457
149,837
57,709
198,572
196,877
149,577
125,37
13,918
157,351
41,5
120,55
154,754
88,556
190,116
97,516
86,608
152,911
46,307
65,430
34,314
103,289
120,766
45,100
196,914
77,463
16,861
151,527
194,783
140,527
87,855
70,184
140,54
4,723
172,940
198,996
131,401
70,238
14,183
10,116
53,580
173,517
110,957
115,41
53,876
61,745
140,991
91,520
162,700
125,198
101,999
102,855
35,850
72,443
8,770
152,446
150,184
26,711
120,83
166,415
147,496
129,829
97,772
12,288
20,977
7,424
9,60
131,537
10,429
159,312
133,187
132,823
114,769
84,346
8,416
41,972
137,631
75,420
72,254
76,49
169,383
69,782
185,188
69,38
163,70
10,714
153,597
173,714
75,374
133,139
189,17
74,247
68,923
89,29
85,389
46,114
106,222
28,450
102,516
132,992
165,67
127,803
19,777
21,816
122,915
62,385
111,762
183,909
2,57
16,172
19,298
200,374
10,123
114,67
78,182
32,231
25,509
109,427
107,23
27,853
163,376
72,743
114,17
142,979
139,64
121,117
54,868
38,192
137,427
34,85
68,342
110,724
162,672
97,684
89,735
75,192
133,533
23,852
130,556
74,716
190,219
52,147
147,19
48,950
191,441
137,540
196,485
94,68
111,557
85,222
185,244
131,73
177,731
9,510
141,396
123,162
156,58
65,790
188,694
64,874
11,168
62,640
108,446
195,63
70,147
117,243
81,888
35,518
181,305
99,252
8,117
172,498
186,5
35,527
22,660
113,156
58,259
35,487
128,294
73,752
199,476
88,702
158,234
125,398
172,997
182,711
74,490
1,209
82,973
41,467
87,343
68,73
88,18
130,878
79,86
19,74
199,743
1,517
154,776
144,777
123,259
101,741
10,114
96,831
187,359
4,241
198,870
59,668
61,792
23,559
96,212
49,473
1,558
143,820
148,990
100,500
44,766
185,758
111,68
145,938
40,255
36,399
2,323
122,823
196,949
3,190
101,575
135,99
176,950
100,120
197,90
43,910
130,240
84,579
180,384
25,101
103,435
93,15
111,677
29,120
83,3
92,227
104,949
188,620
177,882
72,668
20,808
102,29
3,147
198,915
183,284
75,831
93,350
74,464
84,712
167,785
134,582
140,960
20,634
109,764
159,917
107,720
185,255
106,719
84,179
175,873
160,107
26,643
189,344
173,953
163,515
59,483
5,841
48,496
54,964
71,737
72,318
61,184
181,666
124,169
138,740
129,810
143,862
181,776
109,172
54,122
133,285
62,828
169,19
136,470
42,746
196,93
138,612
94,519
63,104
135,902
196,806
1,228
66,699
174,22
148,37
174,912
35,745
120,164
39,195
21,997
73,294
63,941
197,531
167,380
164,205
90,304
139,761
143,398
171,997
48,211
27,757
199,120
108,256
8,904
199,825
179,852
41,33
14,411
193,277
24,168
44,738
19,803
194,342
81,486
102,338
131,759
108,347
98,535
108,455
136,526
189,467
27,444
140,294
25,264
56,228
74,111
8,531
68,390
181,122
103,922
193,422
141,931
54,300
193,602
45,664
87,261
141,645
136,816
69,844
104,829
60,770
15,67
117,621
41,290
77,213
136,868
182,849
125,620
43,955
178,127
41,366
160,821
63,191
153,1000
63,454
93,204
70,368
86,94
56,694
151,668
103,931
92,33
138,818
152,625
114,518
200,309
69,797
69,930
173,722
169,669
78,411
70,598
139,45
148,499
59,45
64,170
11,474
67,74
175,163
125,835
144,706
196,969
89,193
116,383
67,547
96,937
103,978
29,475
111,235
45,974
34,927
144,146
82,819
51,222
5,454
66,293
108,87
79,294
147,730
83,44
133,335
47,227
46,612
32,267
111,546
126,929
188,708
27,163
134,615
108,468
92,741
135,900
125,228
190,525
170,150
121,258
87,464
129,469
129,208
160,101
64,318
43,88
168,391
14,625
194,64
67,658
86,200
65,669
110,893
196,486
10,661
42,837
22,702
113,621
47,496
19,839
157,697
80,229
130,866
40,633
101,93
92,604
111,817
22,195
49,233
164,241
33,819
54,695
52,298
127,325
115,655
149,944
16,297
79,556
55,805
149,180
149,966
133,138
132,530
50,797
184,152
118,716
159,147
79,186
181,759
102,535
61,830
51,468
19,892
55,952
173,123
140,907
74,542
49,434
38,503
6,289
124,992
79,435
73,397
26,495
27,31
11,954
135,661
194,204
4,490
43,855
62,558
39,971
150,580
35,222
149,649
199,27
89,730
171,514
12,228
34,316
28,133
43,569
144,178
77,487
178,599
52,82
188,879
49,780
13,404
25,103
64,724
107,472
33,941
89,864
171,647
80,718
100,908
186,133
56,654
168,606
71,921
4,688
175,922
85,851
26,335
113,740
129,921
144,777
119,176
65,374
22,992
90,582
94,70
103,88
23,679
14,653
46,135
95,842
120,455
88,164
73,937
65,678
3,472
87,436
177,187
65,915
110,238
100,71
5,92
10,259
42,779
53,395
118,930
40,681
198,327
160,696
32,616
90,551
158,642
131,622
100,457
36,831
166,472
128,858
133,589
11,439
8,727
55,347
20,658
151,100
103,626
104,798
188,433
69,358
57,886
145,357
143,219
57,548
10,825
123,264
13,621
98,34
176,901
90,800
26,53
195,633
174,554
159,518
168,775
83,924
164,639
59,113
75,601
178,334
119,633
81,284
72,511
19,706
131,301
122,717
93,543
96,659
173,928
200,318
29,879
99,321
9,116
86,721
103,852
86,530
140,320
156,965
91,660
90,10
160,6
163,605
35,665
198,420
123,195
29,610
42,819
116,267
66,57
92,709
84,756
51,940
155,236
43,396
143,678
123,17
74,996
17,310
141,317
22,540
45,807
193,408
9,80
173,793
176,467
57,639
55,538
148,6
72,346
38,471
84,344
103,844
53,938
93,111
164,952
49,820
82,679
66,211
55,625
40,356
143,628
29,373
183,233
155,922
68,877
127,847
160,615
41,91
21,52
106,398
122,513
116,878
141,21
2,246
162,74
99,814
59,969
18,27
70,358
156,232
98,527
67,529
105,829
183,33
104,147
195,249
143,330
18,745
44,10
21,632
140,771
168,806
158,28
159,90
51,640
172,669
48,986
140,799
109,840
9,481
193,889
160,309
113,590
101,655
32,214
193,874
25,262
188,229
121,775
112,482
132,519
31,840
97,896
94,929
169,313
172,709
143,90
87,974
199,263
144,213
115,939
43,710
20,625
35,264
161,433
26,180
144,410
192,443
100,215
141,272
50,456
93,966
69,485
129,770
129,720
172,808
92,26
42,727
50,39
153,456
105,380
111,572
28,597
11,433
86,867
1,309
152,393
156,491
47,885
2,992
92,698
30,490
49,961
141,882
9,982
168,264
141,903
153,219
127,913
104,353
184,617
180,504
141,243
58,692
15,360
160,214
150,869
81,299
56,330
1,277
82,34
147,421
60,557
126,419
55,777
1,243
154,79
136,785
122,349
47,701
113,610
188,405
9,69
124,197
109,984
144,643
153,131
111,502
139,343
54,441
194,755
147,919
165,625
14,163
84,812
197,724
80,600
52,793
179,913
1,829
63,365
86,291
166,616
133,878
93,388
86,819
40,927
143,54
1,721
199,318
162,637
173,748
160,963
42,642
182,236
59,404
163,747
196,621
148,140
115,23
106,431
25,821
79,993
135,309
111,977
24,92
7,59
50,805
144,502
24,164
72,718
90,198
149,904
114,778
18,177
190,37
9,474
158,950
58,62
155,146
166,656
146,966
157,736
20,597
87,803
175,200
18,572
142,891
39,607
48,744
130,427
112,174
46,500
10,996
91,977
170,193
48,581
170,326
47,661
192,453
99,465
97,74
112,612
59,914
26,357
101,241
26,798
142,908
45,685
176,615
173,836
25,98
153,256
70,623
187,702
7,870
25,475
178,433
51,758
117,330
41,89
193,603
78,908
112,423
87,370
97,643
117,978
120,798
77,16
80,49
22,914
31,990
178,633
1,949
92,906
7,121
138,254
3,916
158,712
94,478
94,478
7,245
61,56
57,175
131,338
64,563
159,148
35,930
39,196
155,410
121,702
139,996
97,52
89,462
86,324
132,846
102,70
79,187
69,919
178,235
91,296
129,510
47,743
32,601
105,464
164,327
183,378
11,62
97,995
127,513
195,959
127,165
21,83
32,60
19,250
2,758
115,336
76,540
159,367
114,477
143,530
185,721
120,676
20,243
113,644
45,462
24,756
4,574
88,93
174,852
84,315
164,369
70,782
2,767
47,836
32,736
185,765
65,627
10,741
109,929
178,240
12,631
88,147
196,441
37,913
191,293
110,378
110,308
123,976
14,466
83,856
129,872
72,724
37,75
72,763
113,186
177,194
1,131
128,703
156,739
195,176
196,503
119,358
179,450
193,154
10,466
33,535
186,159
172,466
156,365
182,641
18,818
26,792
123,480
152,873
11,714
146,346
82,258
25,648
145,855
46,585
118,592
119,846
118,224
174,757
38,806
53,299
175,976
142,835
168,889
103,756
147,250
120,529
6,625
187,121
5,436
116,494
5,138
64,119
51,327
144,880
77,566
122,607
180,125
57,454
167,917
61,599
106,159
80,426
79,448
172,865
123,417
40,542
67,229
141,591
129,584
8,994
97,519
160,866
12,614
147,654
42,62
58,214
142,101
26,246
156,850
30,227
71,989
193,718
114,405
180,302
50,563
138,353
100,701
2,426
44,880
93,19
157,513
164,711
15,704
68,164
97,985
158,653
115,872
124,90
160,302
75,761
102,397
145,710
28,686
133,196
83,756
196,711
30,189
96,195
186,202
194,654
158,963
131,681
67,325
121,388
182,682
198,338
5,556
134,469
195,858
184,642
152,131
145,746
176,844
36,283
41,552
107,757
15,332
129,764
143,899
79,489
92,363
32,512
37,675
184,114
108,844
23,259
24,34
81,207
110,109
20,302
182,306
197,276
2,991
73,583
140,206
55,44
76,782
140,675
32,393
105,847
121,375
35,562
1,85
60,250
160,738
90,689
23,567
149,489
64,174
52,808
15,570
40,297
101,821
185,72
74,426
172,683
152,759
186,979
199,307
125,987
173,753
40,999
159,612
14,168
19,313
162,402
113,349
34,415
143,734
88,954
188,994
182,469
31,53
55,98
15,25
156,871
156,679
50,820
179,986
85,977
74,132
143,844
130,430
145,988
40,9
113,814
96,173
50,214
97,721
147,315
154,876
137,844
142,992
34,713
86,558
153,235
76,914
193,801
148,779
75,65
53,174
106,752
41,10
154,136
13,372
160,976
36,810
178,730
25,154
38,325
77,959
10,725
37,746
108,792
47,355
101,780
167,191
127,55
136,70
195,103
31,749
100,780
43,50
137,337
28,405
95,627
144,198
122,869
76,643
81,295
81,886
123,363
193,883
81,331
89,550
164,53
19,809
85,57
95,585
81,757
192,706
109,567
172,66
11,443
196,381
193,352
21,957
5,376
103,889
200,72
118,206
60,371
105,589
121,347
177,1000
92,767
180,132
170,904
76,812
175,713
77,629
104,842
60,68
187,677
74,108
60,754
162,628
59,538
79,487
189,290
80,722
95,690
134,181
21,397
196,758
6,342
68,489
151,803
34,975
60,304
128,746
90,864
34,416
85,66
82,636
16,477
17,598
5,241
46,328
52,119
186,490
38,223
70,97
179,613
138,173
101,691
189,911
153,464
59,213
131,363
103,371
125,554
165,591
79,23
39,625
174,134
179,912
167,295
104,197
31,180
23,806
78,91
23,676
77,210
62,408
58,482
198,493
166,39
92,259
7,48
187,553
185,982
111,597
162,864
178,440
41,948
185,10
190,825
155,216
124,930
40,450
41,485
1,931
148,397
139,999
118,264
42,433
86,414
67,592
144,264
143,374
101,858
11,817
178,467
32,295
86,990
14,270
39,580
41,606
69,861
113,752
114,851
121,633
193,67
94,231
51,483
82,696
159,995
140,60
55,685
28,309
199,1000
172,687
162,230
196,579
150,333
152,875
153,802
61,550
64,660
29,381
53,155
6,500
138,536
80,872
193,57
81,37
169,504
46,411
157,738
142,199
59,699
140,790
148,519
198,61
34,986
133,768
146,297
156,928
165,751
75,647
105,775
191,637
113,930
195,290
184,543
20,274
57,915
12,919
193,859
121,295
15,633
146,33
69,413
117,609
26,271
19,362
44,711
129,818
22,616
188,182
110,822
90,219
11,902
69,653
190,711
98,833
107,799
159,600
4,877
193,498
190,909
13,147
25,448
119,452
163,694
133,563
93,743
81,309
11,984
13,261
133,243
25,635
78,153
63,950
61,274
12,797
80,363
111,247
196,541
125,827
74,458
82,809
152,770
50,536
57,503
18,524
41,914
193,121
108,470
109,175
104,59
62,899
186,662
50,464
8,37
127,739
160,170
40,477
168,958
128,322
99,120
153,331
10,817
30,903
11,491
167,707
11,947
159,604
123,832
119,913
126,487
96,205
31,251
172,162
12,299
9,61
11,542
106,542
174,949
152,522
140,825
116,8
170,165
170,465
59,526
147,333
39,542
104,168
146,151
127,468
45,153
166,561
24,614
41,820
134,876
174,234
18,555
18,977
71,886
167,188
95,582
37,935
44,400
28,122
80,896
55,484
134,151
198,307
70,694
125,735
156,833
11,867
58,735
14,798
38,693
110,145
133,211
107,994
70,170
175,849
157,86
27,57
2,86
164,884
46,455
148,739
88,29
58,154
166,30
79,279
186,191
139,808
94,217
41,283
196,991
15,289
22,239
182,845
78,440
37,655
162,196
86,423
113,232
43,773
83,766
34,608
102,892
143,69
88,214
76,246
53,685
115,553
66,850
61,779
19,188
15,911
183,342
112,821
134,575
66,115
130,172
68,725
108,140
22,72
103,319
180,27
43,449
117,631
165,567
144,254
114,364
91,513
150,890
98,638
161,253
99,691
118,801
178,361
162,435
192,861
86,806
130,283
119,708
94,174
60,84
139,851
9,220
100,49
183,328
18,311
136,262
94,353
146,545
94,76
185,850
12,436
117,98
109,984
165,509
163,110
11,946
132,956
176,56
150,422
196,900
147,41
154,935
141,539
106,141
55,473
142,596
11,253
155,520
100,60
193,550
191,87
108,953
117,309
170,955
186,459
48,804
57,794
47,871
89,989
54,642
4,30
70,747
196,991
109,112
121,606
87,378
69,53
31,29
96,818
22,195
97,178
175,246
55,374
144,664
195,82
17,58
146,815
17,508
138,71
80,351
17,911
111,288
34,395
64,18
131,93
183,220
188,147
67,839
109,613
135,477
174,163
7,388
77,363
14,875
70,846
92,149
162,103
159,225
166,300
146,964
13,393
90,352
98,10
85,568
25,164
28,301
40,571
95,164
154,773
144,385
175,552
196,6
61,252
124,450
193,140
189,777
108,659
36,367
119,154
107,459
70,368
30,125
83,274
180,701
88,79
77,430
38,186
35,553
21,255
162,16
178,454
172,311
20,313
99,49
148,992
31,204
117,845
13,879
94,32
162,363
82,866
137,192
99,432
144,770
143,234
47,859
21,195
113,2
44,835
112,47
194,874
186,223
176,430
90,79
80,1000
185,424
180,133
53,225
38,365
121,162
76,992
129,788
155,462
183,707
152,547
37,763
146,509
17,682
42,660
45,627
77,372
124,332
75,997
172,671
173,610
143,884
155,64
132,273
141,827
154,738
125,587
89,890
49,112
18,172
89,675
149,79
2,730
185,29
196,339
18,107
93,558
59,265
9,755
73,308
114,602
100,675
136,384
4,200
145,211
74,337
85,622
142,525
49,232
118,123
41,681
164,756
101,974
197,672
135,619
134,591
82,856
35,448
169,313
144,114
46,134
199,64
165,654
175,215
120,343
89,175
190,415
185,962
56,325
62,339
59,324
135,996
51,247
198,285
127,491
132,401
178,634
91,227
99,122
94,837
44,454
167,163
93,19
156,355
135,557
174,820
79,287
8,713
106,645
183,794
162,777
67,114
128,433
62,167
184,99
104,398
191,763
106,842
45,144
31,66
148,250
36,653
55,952
104,93
95,421
121,464
191,318
121,366
186,364
105,395
102,193
49,514
162,798
108,803
22,120
121,581
166,295
171,197
6,922
78,203
143,906
143,548
58,597
157,302
17,726
184,303
158,619
19,206
21,97
152,27
152,785
51,705
116,329
3,520
106,268
187,902
3,262
191,393
88,151
167,576
21,425
64,758
40,236
112,439
161,891
166,231
69,971
117,851
79,97
102,237
130,798
158,248
9,28
61,756
130,399
160,45
44,455
7,489
87,903
132,564
177,264
6,255
93,975
157,34
185,371
17,779
45,794
12,502
185,907
48,112
146,319
172,67
193,580
11,119
85,946
181,636
110,282
95,347
66,846
126,36
50,736
74,47
51,371
21,119
86,517
45,965
171,390
181,443
72,344
84,841
75,789
30,900
86,948
79,703
136,808
161,559
50,135
34,606
148,15
155,622
148,75
5,615
24,779
84,366
10,841
86,895
145,120
193,460
182,802
141,191
140,843
199,517
105,885
125,355
51,516
111,46
71,759
176,460
83,901
5,986
107,435
93,835
158,579
140,784
133,675
112,488
70,455
184,91
129,799
81,643
44,112
120,845
92,809
78,715
190,924
76,336
183,497
81,37
172,267
193,485
137,340
104,163
112,409
19,710
97,132
200,277
99,540
120,840
170,333
17,747
124,904
166,620
95,41
10,29
85,737
124,876
140,311
112,606
147,72
146,422
70,100
112,580
12,946
111,378
26,857
6,265
66,817
19,806
19,836
96,500
105,40
150,850
85,493
82,856
115,516
64,503
100,737
38,889
166,398
22,434
32,929
66,742
69,218
139,599
7,752
187,950
35,706
18,362
85,529
102,605
26,8
190,446
53,724
111,742
168,623
13,767
173,826
125,872
98,25
3,716
99,382
70,749
66,81
176,944
92,488
63,199
19,397
35,487
21,711
183,114
12,494
105,816
40,458
105,610
74,82
30,339
121,770
130,490
158,611
14,454
131,664
50,52
91,844
145,467
84,494
104,683
32,432
163,848
187,73
97,199
101,442
92,589
9,271
139,651
122,90
146,782
185,499
44,949
44,411
138,67
74,782
151,247
24,781
150,715
95,332
66,89
114,881
156,104
96,97
67,465
192,536
135,711
152,417
49,948
127,190
65,897
188,975
38,952
145,987
57,361
58,644
33,955
60,75
186,818
108,597
134,856
37,55
102,842
89,676
156,972
15,329
5,118
140,140
41,11
15,534
151,100
110,494
124,163
132,977
144,427
105,345
170,800
172,425
127,721
51,891
160,868
147,787
155,649
98,770
136,667
161,214
134,119
184,342
38,560
138,452
85,547
174,801
190,284
26,387
12,49
158,700
102,221
73,540
156,685
33,340
166,941
169,79
197,390
60,570
193,564
33,440
94,152
129,236
32,468
197,632
123,516
197,503
21,477
29,516
107,179
56,264
105,573
70,143
34,425
77,859
113,981
180,442
23,202
121,206
69,669
11,558
139,696
33,576
49,689
27,985
41,622
24,337
177,613
37,533
111,75
166,479
24,307
15,672
45,439
33,797
19,135
161,769
198,213
137,530
169,829
80,325
176,898
50,196
164,661
32,566
111,467
181,698
81,226
3,124
85,517
130,997
47,17
49,977
58,589
178,752
42,47
188,312
122,892
166,34
137,725
109,657
3,420
189,18
54,731
75,884
121,741
61,673
146,487
155,63
178,171
86,68
74,574
122,763
61,455
183,655
46,102
49,659
70,941
58,275
171,454
45,287
3,10
2,272
47,598
82,941
13,908
15,619
90,538
141,953
26,682
41,319
19,667
197,914
86,76
147,559
143,539
175,372
98,884
167,993
197,306
90,97
81,942
5,487
111,798
15,323
197,384
120,988
34,594
129,869
29,319
53,849
94,294
36,114
126,830
142,762
175,337
98,743
170,958
39,148
174,931
164,176
64,934
88,555
131,353
147,364
11,858
109,293
72,788
27,120
99,485
53,524
68,123
83,193
156,556
37,596
165,132
92,596
157,278
115,828
50,845
36,243
134,618
122,984
146,337
89,615
61,512
74,796
2,641
152,805
100,723
60,829
61,437
132,286
44,837
147,99
200,766
93,79
176,701
5,170
166,734
15,369
113,785
52,543
138,90
132,905
12,62
86,62
53,435
18,997
66,698
58,892
128,678
122,597
52,653
138,342
195,504
145,922
175,476
133,702
77,617
82,734
123,833
52,161
122,454
141,375
134,572
24,312
92,70
62,513
107,704
42,498
109,656
193,690
88,459
149,981
109,800
191,475
149,910
157,64
37,920
14,793
83,698
21,580
184,494
181,27
135,140
172,281
25,185
187,276
112,510
63,244
41,22
60,508
71,511
173,201
17,358
99,838
57,247
94,562
35,500
166,288
59,499
152,215
128,592
40,868
7,707
112,109
113,191
20,894
151,566
181,488
84,936
18,925
177,724
174,518
75,555
87,991
191,383
102,317
35,771
72,350
29,430
170,935
74,208
11,548
88,164
109,924
48,72
83,211
139,525
79,361
101,198
51,756
114,378
82,89
161,467
175,631
20,145
177,188
4,60
167,188
11,178
59,443
39,231
30,578
176,690
182,266
47,990
142,376
109,924
76,11
63,212
91,334
11,575
35,850
62,516
34,728
7,541
13,564
11,52
16,192
137,118
9,721
161,745
200,939
36,98
129,394
91,482
130,385
31,102
142,162
187,112
111,396
120,703
62,771
6,560
65,902
61,831
38,975
105,382
41,127
33,973
184,172
83,750
181,429
105,450
92,684
4,5
147,967
7,950
11,1
134,610
24,501
85,717
86,874
3,908
107,617
192,971
29,710
189,665
178,599
63,51
51,764
128,746
128,242
96,140
108,737
111,760
110,203
39,639
164,445
56,246
179,339
106,976
104,682
170,327
53,836
185,806
23,970
56,142
161,99
56,989
137,386
31,932
45,469
37,28
159,887
128,255
85,110
162,123
1,733
106,812
136,614
61,949
48,103
43,985
76,408
78,892
114,6
103,16
22,651
37,845
37,992
153,157
109,321
154,284
28,925
98,104
38,496
26,516
103,939
185,195
199,686
118,780
82,150
127,896
14,465
16,20
37,895
165,876
57,992
191,515
63,180
138,525
58,862
36,488
16,514
73,429
17,255
157,770
31,424
93,945
20,222
23,919
55,472
13,612
82,595
28,177
76,448
128,83
21,591
182,349
21,182
96,523
58,601
103,242
29,801
171,565
160,306
103,241
169,643
17,683
107,302
182,701
193,614
121,729
101,167
168,283
167,429
154,791
54,200
179,936
9,81
52,539
136,827
103,121
61,753
198,871
42,626
5,693
128,290
17,33
139,150
93,605
70,478
62,705
53,811
85,826
102,994
177,614
133,244
66,5
17,659
135,17
12,294
37,886
56,103
127,585
69,65
117,385
183,227
163,740
111,636
26,189
36,384
149,669
49,337
67,529
101,415
187,29
196,315
84,946
131,506
130,202
130,287
19,851
13,480
103,679
150,913
183,171
159,943
16,154
37,309
138,622
97,270
184,911
17,199
105,169
103,725
123,179
106,103
15,963
187,712
86,916
112,38
17,565
39,97
9,568
165,400
2,887
185,929
86,824
145,327
12,425
130,563
176,851
50,451
158,930
146,652
106,767
128,587
185,619
19,726
71,915
137,607
159,569
153,10
68,834
153,208
98,553
110,593
97,604
20,942
113,564
98,759
116,224
78,101
174,222
72,732
142,711
191,727
191,688
145,520
87,128
106,646
80,184
80,97
162,641
92,919
20,798
185,60
156,594
144,962
139,923
187,502
29,880
4,623
74,701
162,683
184,985
199,821
92,524
82,11
112,868
76,242
71,165
26,610
19,698
56,160
147,698
151,718
73,818
37,571
187,98
34,368
167,763
197,566
117,754
110,842
104,932
36,914
15,416
23,185
177,571
47,791
160,829
111,617
126,773
89,499
9,749
89,576
6,528
96,66
160,289
153,129
99,917
121,433
178,896
2,291
187,589
77,416
154,152
147,891
31,953
81,103
196,121
80,242
73,738
124,561
95,896
168,447
126,34
69,92
41,670
74,205
152,768
12,452
150,926
131,457
185,436
52,652
27,495
64,58
9,302
53,126
142,982
101,843
35,62
26,786
186,650
138,377
30,40
64,976
73,675
150,507
109,447
29,784
138,407
52,933
104,573
78,806
9,35
63,544
133,31
179,839
10,819
70,493
7,912
47,6
20,681
196,161
115,470
34,915
117,427
113,977
19,580
93,672
7,7
76,721
156,701
171,73
16,179
169,412
137,493
119,370
181,792
45,629
91,968
56,55
100,704
121,414
1,46
49,342
184,186
197,942
13,475
127,418
78,629
106,231
143,230
117,672
76,229
158,694
72,652
20,567
190,731
173,376
106,459
48,629
150,76
115,822
57,397
39,973
77,993
58,154
59,319
188,719
119,459
185,264
70,920
15,689
49,925
153,744
87,851
61,920
78,32
91,203
163,593
54,577
54,81
189,705
173,176
71,257
155,616
37,525
29,841
42,56
112,411
31,624
150,532
186,492
52,887
44,58
164,880
166,560
80,12
32,119
35,144
97,437
153,579
177,603
85,929
191,975
95,296
176,429
79,220
96,787
72,281
179,614
112,188
110,269
3,874
98,300
110,283
143,759
38,989
148,244
28,659
85,287
184,527
83,464
75,731
171,63
101,329
169,131
80,48
128,734
142,102
200,58
27,222
164,201
20,54
190,216
155,328
131,473
62,895
194,360
70,578
72,531
137,90
172,456
149,2
119,575
197,823
31,332
138,983
117,998
180,502
41,150
28,857
51,765
194,621
183,618
23,280
147,602
62,834
170,255
163,387
124,639
4,521
77,223
167,733
127,35
183,439
91,439
131,195
200,789
173,544
42,521
72,266
180,679
96,116
61,988
130,126
137,117
14,313
160,502
157,755
28,510
167,809
170,295
141,492
120,26
131,690
128,980
138,454
120,741
19,916
181,927
16,13
133,128
151,825
83,335
144,95
130,681
16,631
68,605
92,684
4,447
70,377
2,812
117,58
136,45
150,386
100,850
192,461
28,449
124,225
56,365
32,117
94,328
1,467
5,595
128,374
66,259
111,670
134,412
33,731
188,88
13,953
122,683
50,506
12,398
92,939
76,827
74,741
176,784
88,682
93,782
70,789
131,333
195,565
18,496
117,926
198,608
152,682
164,143
34,8
10,128
59,692
87,223
82,400
189,555
62,800
125,408
109,868
61,194
63,922
64,789
7,763
198,475
33,993
23,229
54,690
167,504
33,446
74,295
145,216
138,458
16,765
138,337
195,743
188,335
60,356
43,272
77,876
51,503
114,860
114,604
149,830
68,860
15,768
37,638
145,950
139,12
126,654
81,722
184,855
5,850
108,316
135,167
69,778
3,476
103,18
139,702
189,528
102,26
178,760
37,141
22,189
45,320
191,722
195,837
46,144
194,997
145,33
115,268
31,951
175,986
140,857
65,197
175,743
151,216
124,192
96,552
116,323
155,49
33,108
175,396
54,222
135,732
137,860
72,59
65,857
13,674
184,27
72,554
154,591
39,553
85,903
192,904
29,413
28,356
111,677
2,42
143,585
37,168
71,445
136,385
99,126
13,270
162,844
111,434
123,541
194,532
76,258
102,176
27,296
12,59
99,734
131,651
26,103
155,924
108,263
67,68
155,590
108,377
5,895
32,524
192,314
88,328
1,329
61,448
159,796
84,838
24,241
159,612
81,12
89,828
70,584
183,95
137,743
59,327
157,353
103,317
134,815
159,863
158,86
63,158
7,300
22,172
68,58
158,678
116,753
96,139
53,776
41,593
125,141
23,609
28,624
169,569
63,87
52,711
107,850
193,657
115,461
160,571
139,543
139,187
164,828
17,738
22,972
195,766
164,701
63,808
171,920
49,398
30,919
4,325
40,370
65,392
161,776
21,583
62,928
165,270
118,346
196,524
115,718
192,253
169,437
30,518
94,329
39,319
115,369
86,917
153,824
199,713
63,862
140,595
18,609
3,551
196,695
90,881
91,677
103,80
162,354
164,732
26,363
179,532
92,739
193,315
84,566
32,573
71,83
41,8
90,132
53,118
198,743
18,887
5,430
54,201
43,209
186,566
29,736
140,252
124,725
41,676
92,16
26,299
194,517
66,312
132,312
36,55
102,978
145,111
67,34
142,560
30,116
161,117
143,914
68,222
152,928
59,33
164,786
21,110
52,239
59,803
101,252
156,410
35,503
18,839
26,827
107,161
161,670
96,423
19,662
67,800
19,25
195,228
148,214
167,764
109,35
66,471
148,954
147,230
78,22
197,980
3,424
62,228
95,446
1,575
53,454
99,25
120,920
160,666
29,699
96,913
109,603
92,454
115,238
111,649
98,813
91,139
200,65
77,464
190,393
30,794
79,209
172,721
85,815
81,200
127,587
74,875
108,537
23,665
40,971
200,559
22,833
75,122
169,97
196,113
104,9
126,189
10,597
72,481
139,751
5,680
121,891
99,729
56,136
108,417
126,608
14,230
122,585
194,249
82,65
190,759
134,184
157,654
69,615
132,64
198,243
117,75
66,659
80,953
178,396
185,203
25,635
109,628
200,154
37,90
83,194
182,269
2,468
111,181
123,220
72,147
187,143
126,68
179,205
157,596
56,114
20,99
177,701
115,679
10,637
43,208
172,769
60,990
113,248
24,531
144,736
20,353
30,451
80,138
153,756
193,500
109,693
178,157
14,390
151,463
118,46
63,173
113,645
183,366
126,93
77,942
109,656
102,149
50,496
89,482
42,298
186,291
102,991
29,850
126,268
30,95
42,365
100,485
9,249
66,240
40,924
31,659
109,402
81,235
23,758
196,897
192,823
100,824
44,928
91,323
58,387
4,600
99,704
135,239
179,180
24,951
56,88
191,219
9,507
62,521
28,671
40,654
22,30
39,350
8,509
60,32
51,543
90,378
47,452
156,387
67,893
81,848
126,203
182,554
129,819
192,856
131,178
91,997
12,558
72,316
169,491
79,616
94,866
100,817
96,201
177,819
142,504
66,5
156,660
112,229
146,163
8,951
5,965
30,137
17,723
150,185
148,971
19,424
167,944
49,149
170,437
129,727
181,264
8,747
148,125
29,646
156,822
110,315
54,729
116,660
141,980
169,44
130,465
165,445
84,3
191,1
77,489
87,493
55,941
76,903
78,78
15,553
52,653
182,154
197,43
24,531
31,856
134,756
112,592
151,129
119,448
22,397
167,734
6,877
111,772
200,935
15,597
130,466
85,481
12,323
16,334
183,454
76,362
46,569
189,570
74,15
66,617
55,806
82,557
90,1000
136,561
65,343
39,597
92,521
166,56
70,914
68,91
169,799
90,745
148,163
74,784
147,817
199,122
129,347
190,295
38,705
4,406
174,749
199,140
11,109
157,356
110,173
151,911
4,786
143,104
185,670
149,837
101,231
88,674
93,627
182,332
172,482
193,559
82,489
64,223
22,774
13,529
59,265
151,13
166,912
193,107
128,143
140,980
125,477
120,99
45,190
187,692
25,14
12,954
126,188
105,411
187,703
131,13
191,1
89,607
200,552
66,237
92,929
122,83
92,198
158,318
122,320
75,573
178,963
106,152
151,231
109,747
7,83
48,757
158,705
2,126
109,271
46,319
131,581
13,30
99,187
177,765
120,383
178,759
165,86
65,723
101,173
121,877
199,437
177,250
12,197
152,15
66,186
54,725
42,834
99,894
89,353
123,470
118,149
178,718
53,363
160,993
170,25
199,282
11,510
191,752
103,513
22,64
100,323
82,368
23,492
182,502
20,382
119,427
188,162
24,847
183,417
56,316
38,710
160,671
169,994
44,96
164,11
27,225
170,242
168,66
135,422
200,593
5,529
97,824
73,618
29,917
161,564
54,294
81,340
17,687
145,634
144,854
108,432
56,554
156,148
32,670
61,800
66,233
193,774
172,10
198,304
19,377
5,962
27,956
27,849
161,818
160,996
123,297
127,884
159,694
144,499
109,143
140,425
24,900
148,474
24,790
184,786
127,225
38,476
136,295
14,496
53,79
59,664
150,197
125,910
154,728
78,901
34,299
89,817
117,880
19,160
170,643
158,522
4,628
74,924
187,376
97,153
166,436
109,922
127,6
81,929
197,232
139,937
153,890
32,914
187,212
37,51
87,353
105,408
76,331
67,184
26,809
181,723
91,716
15,907
137,854
33,793
55,298
84,545
169,278
109,932
25,138
112,113
2,529
91,905
30,682
33,325
97,912
95,819
2,339
32,860
194,453
194,511
108,895
75,319
107,322
40,143
199,926
143,240
90,515
138,807
170,999
192,588
52,236
143,438
190,530
200,433
119,355
35,300
84,718
105,158
146,359
164,740
131,349
129,137
57,440
150,172
136,772
12,643
33,660
189,325
128,821
70,259
1,72
67,977
80,2
193,371
32,606
67,832
174,589
26,851
131,158
92,328
16,884
163,893
18,439
51,984
150,958
46,823
166,839
100,659
123,91
110,669
60,927
186,424
63,196
95,610
102,397
34,263
138,780
14,509
190,912
55,603
42,896
68,464
45,803
155,566
150,627
195,426
108,142
6,108
145,166
86,787
29,27
175,864
23,283
162,513
19,955
167,15
12,389
21,414
1,498
180,437
181,518
3,578
102,566
141,333
198,851
102,533
110,592
129,182
198,896
163,941
195,63
111,446
108,661
122,885
28,418
43,934
195,984
184,382
178,900
31,83
159,366
84,220
44,34
123,312
16,840
24,776
141,61
164,723
36,729
153,150
79,96
89,395
172,642
78,57
81,411
137,592
85,490
128,659
162,187
5,721
16,75
194,545
96,820
175,162
169,926
44,16
45,301
4,990
28,165
182,641
132,877
23,986
176,752
191,543
120,470
37,520
115,351
84,624
19,219
64,218
40,353
199,174
86,73
31,233
144,496
111,392
20,44
148,192
74,13
8,102
148,604
164,523
31,116
167,979
50,289
86,622
79,938
30,686
10,883
175,985
57,644
33,970
4,700
34,468
14,943
48,729
198,477
9,432
35,888
73,661
55,380
1,522
71,224
2,390
141,785
105,56
68,963
155,48
18,963
41,853
99,331
97,95
140,106
153,203
42,672
111,506
50,420
15,989
176,329
144,723
13,154
167,578
104,719
153,371
100,741
73,493
145,56
93,49
153,763
63,234
113,147
83,695
158,541
161,763
103,305
150,664
194,109
62,420
48,819
155,789
42,337
8,357
91,625
126,84
140,574
193,210
156,523
173,80
78,709
186,882
22,646
131,564
179,835
14,107
46,460
46,817
50,264
175,544
33,512
165,554
153,389
186,571
137,541
79,5
93,423
47,963
161,330
83,372
163,545
35,163
136,249
5,291
125,727
85,90
42,21
182,26
23,147
182,975
26,599
137,597
125,414
2,953
153,819
100,350
32,939
144,829
198,933
153,315
61,404
52,945
20,534
9,321
72,938
115,967
168,988
17,347
162,112
177,526
134,522
196,221
177,194
39,528
198,99
132,877
167,916
79,107
70,942
55,355
55,167
153,179
197,274
60,49
105,217
148,442
82,299
65,595
15,377
66,462
160,764
188,749
57,262
162,727
77,848
41,94
191,334
120,351
56,610
51,465
85,518
112,666
91,210
64,812
175,284
50,999
17,759
72,417
174,359
155,391
194,713
121,537
6,499
16,302
10,811
119,958
107,178
145,607
5,174
200,943
3,372
38,826
5,859
42,152
43,624
48,715
108,21
68,994
111,88
152,60
169,902
33,369
165,186
181,500
117,556
196,68
93,427
45,866
28,286
65,684
34,952
135,909
166,357
143,517
196,840
139,957
106,665
179,507
146,664
78,964
16,201
87,79
29,686
39,51
73,291
29,974
13,936
47,191
58,19
129,32
93,477
141,976
30,519
60,734
93,696
175,635
102,19
65,712
185,746
59,288
163,982
150,131
149,306
60,1
24,681
157,795
45,356
87,824
93,1000
128,442
38,818
57,57
153,952
133,833
126,938
7,397
181,737
111,868
169,796
31,879
34,153
158,628
154,804
15,936
105,817
80,771
183,350
26,794
28,59
172,787
42,601
199,439
56,917
56,350
147,683
18,193
100,86
84,988
10,636
42,730
94,317
3,24
73,431
199,871
129,999
123,779
199,798
26,929
156,973
190,335
162,543
188,88
85,669
154,231
162,104
74,485
84,388
131,913
70,425
197,978
193,413
165,26
40,661
134,900
50,694
111,717
37,847
183,672
57,994
79,277
79,941
12,263
106,190
100,195
56,338
153,814
38,285
12,261
190,10
193,598
153,948
1,88
176,567
62,566
102,932
6,689
116,235
120,3
179,470
183,943
195,71
64,775
172,112
71,894
45,8
55,583
171,286
60,94
44,593
143,396
94,248
117,353
66,850
76,746
95,724
94,155
107,642
113,914
17,730
21,259
95,558
91,618
158,102
12,328
18,402
53,685
63,995
2,161
82,225
34,378
131,392
73,567
106,630
129,349
31,684
50,969
63,16
117,316
101,155
190,652
124,749
85,113
159,763
167,31
83,208
122,281
113,80
65,747
153,295
9,552
49,985
103,390
199,952
86,36
157,317
183,686
135,792
39,533
66,502
167,105
87,542
178,374
145,984
73,724
43,901
31,523
96,823
145,947
15,674
175,301
194,82
22,341
102,438
143,279
190,522
26,573
124,837
58,42
82,446
185,47
59,499
68,305
78,779
87,394
138,606
21,148
73,71
94,119
154,297
14,545
46,301
16,607
130,881
69,608
67,575
82,134
182,497
33,194
121,652
6,157
70,779
103,76
122,788
134,61
177,317
22,784
156,463
32,62
64,140
55,50
83,868
168,187
10,669
37,56
90,904
64,680
98,386
175,497
156,380
160,51
33,924
167,230
93,96
122,893
56,442
142,583
43,826
177,522
149,882
99,157
12,227
143,206
50,151
47,975
52,66
2,578
102,240
116,271
170,434
32,119
51,266
174,915
178,305
67,803
9,93
133,876
92,640
31,26
26,726
11,642
162,675
55,545
46,551
23,291
13,293
150,173
59,654
86,684
64,738
46,920
171,30
138,212
65,982
130,273
90,802
87,949
53,366
96,245
9,987
40,737
70,591
134,785
105,443
174,635
172,656
179,830
97,224
15,475
25,995
39,744
151,894
151,303
81,872
174,441
51,881
165,947
49,441
37,798
78,561
188,352
56,632
191,327
32,672
144,193
152,584
14,51
45,290
200,601
80,767
139,780
87,228
71,961
57,184
37,527
73,775
186,371
44,860
144,420
107,674
84,942
135,675
129,499
79,375
200,982
29,41
198,97
75,613
131,939
31,597
148,335
47,177
162,894
180,756
156,969
7,946
89,688
4,407
2,412
26,712
106,988
85,253
15,757
76,660
171,149
11,795
176,914
91,794
128,801
56,930
6,562
101,328
67,731
37,657
129,750
89,80
196,640
87,849
71,726
152,290
12,835
177,933
104,837
124,212
163,821
110,546
92,415
99,213
147,225
144,536
60,438
168,961
181,173
151,11
129,395
8,496
132,461
136,676
23,65
110,833
105,932
62,274
72,700
9,431
43,243
177,203
192,356
49,558
131,751
75,820
171,63
70,286
51,255
56,982
14,338
86,32
192,359
36,517
185,649
130,478
74,842
24,496
23,823
103,672
123,653
84,571
29,442
59,257
169,915
179,270
10,704
111,10
58,61
105,755
129,796
49,901
73,725
7,695
146,262
106,846
36,214
182,36
91,688
140,729
188,896
63,888
151,650
66,348
37,383
78,853
153,491
119,676
46,88
125,827
75,369
3,783
127,196
180,760
38,171
4,569
111,306
198,841
48,503
28,792
21,729
166,384
48,25
105,189
69,362
176,892
131,741
46,178
2,582
43,806
19,5
83,802
58,462
167,562
142,512
108,621
124,176
181,189
173,909
26,47
7,124
106,458
34,84
49,500
80,272
94,714
70,711
184,212
46,507
93,636
56,310
165,888
164,302
20,998
2,539
106,951
33,276
87,879
167,76
171,547
38,616
24,561
143,741
178,50
174,841
140,795
88,7
26,135
65,412
155,340
54,283
69,893
46,418
34,961
41,283
13,684
2,274
160,877
90,220
2,269
28,85
192,665
55,704
190,678
4,767
155,509
119,462
186,236
31,44
18,28
51,175
46,601
92,687
4,776
171,263
27,389
181,714
138,890
152,135
52,697
106,280
105,557
141,940
200,841
60,198
195,560
140,657
138,396
185,12
165,436
75,899
88,737
72,634
186,28
187,906
187,709
42,389
55,560
36,446
164,672
151,724
165,266
31,66
183,612
118,807
165,776
43,424
81,451
107,735
128,609
136,441
72,575
170,924
161,948
85,661
155,761
169,425
6,738
153,935
116,91
19,671
25,880
193,884
161,829
88,43
107,623
122,714
9,35
11,460
115,809
27,857
156,520
157,123
82,855
118,441
137,128
11,83
152,167
167,901
118,19
101,25
112,679
143,624
162,541
142,964
54,346
175,57
37,366
14,159
81,156
26,566
127,627
2,697
101,935
130,219
85,906
198,337
113,441
150,972
23,429
59,670
184,889
132,588
82,398
200,486
193,658
152,11
113,556
130,565
20,135
186,653
48,228
130,749
109,994
50,243
33,856
71,953
174,339
107,496
146,798
176,920
22,443
60,860
82,588
14,529
134,795
10,148
44,388
111,68
117,527
154,636
156,467
197,713
23,154
94,576
48,578
138,581
55,269
127,715
59,817
155,715
186,610
123,730
107,927
47,570
164,110
158,203
55,38
94,756
8,690
8,456
114,958
162,271
184,807
61,428
50,698
40,954
89,898
10,849
136,113
109,859
110,473
82,718
91,243
54,228
107,269
164,11
187,346
57,810
40,567
197,158
158,277
105,565
109,12
88,351
117,452
7,608
50,705
173,954
184,528
197,628
185,314
26,213
55,305
128,575
132,497
10,640
188,23
188,880
67,356
173,980
195,309
74,694
34,231
116,505
20,545
144,562
158,841
145,761
132,156
26,436
172,628
141,155
146,861
101,836
24,959
162,210
147,740
151,629
59,642
175,32
56,696
93,963
105,765
157,970
25,21
121,349
28,736
73,89
15,526
160,572
183,697
55,442
172,720
194,782
180,440
90,316
11,138
135,287
160,249
196,958
77,555
194,992
177,923
196,315
70,897
103,988
180,305
14,310
103,168
156,351
15,312
7,457
49,519
66,611
19,746
75,343
119,956
98,636
118,557
119,96
77,981
18,169
2,847
68,471
198,373
133,361
73,878
156,136
190,32
43,978
118,926
81,413
34,974
94,594
198,655
152,871
175,158
149,611
172,583
138,456
14,237
145,569
132,392
98,898
197,94
24,124
34,190
80,938
13,180
61,847
176,145
70,917
169,172
21,985
18,276
24,535
45,483
135,328
192,365
145,433
143,809
170,917
108,611
166,60
85,997
54,677
156,344
28,566
112,596
111,537
168,303
117,574
56,124
10,710
117,263
124,459
161,541
159,720
85,595
75,690
144,928
87,475
199,800
8,451
85,881
118,714
22,164
104,66
3,686
197,963
184,653
41,582
158,34
133,919
30,295
9,407
63,97
15,98
200,933
138,779
3,778
58,22
143,791
137,412
191,130
198,784
65,291
50,831
24,465
18,384
57,530
117,262
111,937
194,233
103,565
57,285
83,323
23,596
135,178
15,212
60,406
115,424
185,875
141,162
45,194
108,447
106,182
177,957
189,47
119,350
48,61
80,513
5,546
59,246
95,680
86,708
71,996
17,999
15,386
113,187
51,314
89,429
117,515
172,806
79,895
174,138
161,150
191,644
13,49
189,590
47,758
93,135
170,148
113,650
137,362
188,724
24,922
197,30
53,781
192,633
160,748
81,736
7,217
109,954
8,194
50,860
25,49
9,114
151,26
198,546
38,71
124,376
15,84
42,37
93,427
179,366
148,919
135,662
105,864
58,161
155,904
4,372
190,588
11,138
85,369
24,720
176,618
24,981
174,243
27,23
135,164
63,146
88,482
135,365
56,553
98,484
8,155
83,903
24,295
4,617
148,381
123,627
139,552
84,474
108,732
139,952
54,528
28,800
165,770
54,885
145,164
12,219
155,402
28,202
164,520
17,273
148,837
124,745
126,305
70,636
101,619
166,314
192,767
138,949
82,610
171,893
2,108
150,126
150,993
76,460
35,796
9,301
17,24
42,691
130,384
15,71
160,312
45,798
115,781
147,894
83,550
80,866
169,576
2,510
54,920
69,344
135,77
62,423
126,169
23,434
152,206
142,393
99,667
88,568
79,269
178,280
151,717
70,604
78,820
170,358
127,325
29,222
83,821
185,806
64,539
154,99
58,629
160,351
193,737
59,12
154,868
199,235
127,678
135,117
68,684
189,681
36,313
122,5
164,923
47,761
61,871
169,460
70,398
41,254
109,943
3,420
162,614
21,871
37,263
191,165
81,640
98,199
137,916
119,991
53,897
174,824
174,108
193,836
193,787
80,402
93,183
18,882
24,729
193,143
128,623
185,746
63,851
110,879
31,245
142,721
109,590
105,529
54,591
190,721
168,354
73,53
195,408
183,728
140,43
131,749
195,504
29,535
86,582
162,768
145,263
78,687
17,232
1,656
88,197
7,890
162,914
194,217
140,857
30,762
33,632
170,281
94,330
123,956
40,757
12,797
12,544
145,29
174,910
66,636
85,38
135,189
46,6
130,793
62,495
27,168
199,825
122,322
179,884
50,146
95,562
81,770
181,610
177,6
196,502
21,405
123,811
55,862
162,917
165,321
188,252
130,239
23,306
96,439
184,545
40,25
102,821
55,443
142,978
165,813
104,734
61,739
155,862
72,677
171,803
57,716
32,334
132,927
88,776
167,82
32,578
89,764
120,614
89,8
144,803
10,758
153,49
140,826
74,250
121,149
182,767
195,211
176,42
174,99
33,105
96,305
5,864
47,621
11,262
23,188
167,97
187,37
34,645
17,523
172,630
70,627
29,491
72,859
172,607
88,769
66,652
163,918
55,832
28,730
128,46
18,553
122,391
77,938
54,520
113,630
46,368
90,823
144,959
180,566
73,762
59,65
171,963
92,895
52,672
54,933
41,144
191,824
42,36
26,225
107,129
144,554
133,86
48,865
167,193
38,588
196,294
24,67
40,643
77,136
107,325
101,947
186,125
145,292
5,585
192,416
110,114
1,891
74,831
170,735
72,803
73,757
130,695
103,969
125,425
161,6
107,36
183,856
144,173
87,268
159,89
150,519
114,718
48,56
180,631
2,170
18,807
167,620
134,212
179,489
6,787
18,642
89,334
146,614
16,615
190,357
169,571
3,280
23,210
44,283
138,865
63,668
191,869
53,622
172,771
32,79
30,770
174,4
109,627
64,907
147,67
16,159
31,419
83,365
60,690
63,252
73,459
134,33
8,498
68,469
123,734
106,719
11,228
60,672
196,257
192,391
23,591
53,96
97,550
62,456
175,939
111,774
115,724
67,646
5,963
173,493
134,481
141,666
33,788
76,972
71,879
160,361
131,879
127,775
183,273
169,295
48,440
59,60
95,635
96,816
175,939
46,385
168,995
71,195
158,965
33,700
151,186
68,131
104,932
42,849
118,447
134,962
72,632
118,244
3,774
24,774
162,590
82,401
99,495
52,763
110,686
179,262
144,448
54,701
96,354
82,478
175,433
166,25
135,297
14,517
25,772
59,650
56,262
129,489
127,134
34,833
195,148
150,502
102,984
26,633
191,460
141,220
12,814
196,667
137,663
98,75
100,421
118,270
10,162
139,290
25,783
40,267
146,757
6,61
168,505
44,563
152,28
156,233
181,965
165,334
8,462
95,554
111,780
101,170
19,54
83,512
184,85
126,744
117,56
132,174
176,86
56,629
186,261
123,44
70,881
181,503
176,197
135,283
164,510
143,834
30,567
143,159
157,220
77,331
159,219
95,495
144,305
67,521
143,338
35,140
184,64
58,555
4,582
20,877
125,892
166,988
32,599
191,575
180,301
117,556
78,657
193,116
32,320
179,120
8,755
32,199
51,477
67,894
195,978
150,972
199,977
187,237
99,28
116,664
24,534
8,854
94,865
9,840
122,236
200,236
35,836
197,737
63,430
114,493
99,923
4,2
155,865
93,490
23,790
11,715
196,237
19,972
31,821
57,730
158,916
18,995
21,207
36,553
197,218
161,769
86,711
140,88
126,724
41,954
64,415
78,354
173,40
169,913
48,330
36,853
177,452
46,433
99,778
180,693
139,737
46,825
168,432
33,384
69,92
97,120
76,782
45,716
128,393
187,119
148,597
26,497
133,709
47,552
77,568
186,168
171,67
68,204
33,844
175,125
61,327
25,298
183,464
62,199
65,732
94,534
13,739
160,878
7,786
195,59
110,676
85,423
13,89
157,265
114,388
138,656
178,120
83,272
125,834
57,762
128,586
74,468
49,33
159,566
142,167
126,566
125,799
59,322
122,600
91,786
139,639
108,960
52,203
103,689
6,239
143,400
185,497
144,435
135,353
175,221
59,446
29,427
111,112
87,574
50,736
51,699
77,848
64,967
46,582
179,320
151,367
98,755
69,745
125,941
59,966
27,44
174,952
15,245
100,888
131,11
41,258
195,216
132,896
44,213
129,957
188,50
64,630
107,628
37,961
8,745
94,692
34,236
33,486
9,34
189,71
48,658
127,871
187,777
159,67
192,986
48,564
194,39
199,13
73,89
118,741
113,849
74,344
196,941
128,62
103,158
171,159
54,599
88,748
177,534
185,198
26,445
45,886
113,501
108,273
71,905
47,824
76,400
2,206
163,630
34,322
6,13
140,19
59,179
41,321
140,74
73,817
97,347
21,977
34,466
147,816
93,601
61,44
40,221
96,455
52,916
100,256
10,407
137,839
4,388
71,158
72,134
81,228
24,547
168,922
17,282
61,258
83,396
106,670
95,561
90,316
99,507
96,122
43,184
114,634
48,392
191,628
68,850
70,664
127,672
24,796
182,865
13,13
33,637
121,799
27,699
88,318
119,265
71,89
127,252
63,331
35,699
144,737
118,670
55,319
80,708
90,853
106,692
190,618
153,942
93,971
164,792
173,138
67,902
172,633
159,639
173,593
38,418
74,498
136,17
155,853
24,296
20,878
21,22
188,645
99,248
43,800
155,490
1,637
177,180
94,612
50,139
73,493
83,915
21,42
83,622
43,798
38,637
161,677
122,298
116,233
157,374
181,696
132,947
127,930
182,51
130,283
137,356
174,970
48,913
177,864
73,201
185,453
78,289
33,383
198,244
174,965
188,168
64,605
33,259
55,356
12,556
140,305
120,654
49,835
96,89
85,416
75,205
110,552
30,903
127,239
40,555
166,115
97,565
14,818
54,843
94,229
163,139
58,306
195,831
125,269
77,930
68,128
127,500
59,660
163,501
78,515
138,243
50,859
92,196
85,79
197,490
130,319
25,746
22,536
14,617
57,608
173,985
42,485
176,878
142,238
8,746
118,945
81,425
52,883
146,33
134,972
172,778
18,46
73,1000
8,285
161,646
96,625
171,77
128,442
162,206
16,322
142,37
139,719
112,758
155,436
44,645
86,628
105,876
195,835
73,96
78,897
125,253
23,604
122,165
55,566
176,855
62,271
33,333
17,797
118,468
81,181
45,567
144,72
159,463
88,324
153,970
170,848
50,620
122,767
79,762
161,379
39,644
128,834
71,542
75,291
44,54
95,396
39,602
113,435
139,328
27,35
48,49
83,772
88,857
189,67
124,56
16,542
23,651
171,110
129,379
40,797
169,373
188,394
155,155
29,93
44,9
192,515
135,428
127,114
190,798
37,13
182,841
24,235
179,215
41,548
106,86
66,466
173,174
44,733
22,179
196,670
197,386
137,257
32,599
60,285
146,784
197,699
86,912
193,25
36,865
50,788
133,760
161,705
10,979
85,953
43,707
157,946
84,17
116,963
112,874
32,851
112,975
132,763
172,293
65,121
71,888
51,367
35,266
50,116
139,689
143,641
98,247
128,860
64,317
121,27
108,409
118,774
70,12
95,945
66,751
64,468
58,319
81,542
11,296
91,587
60,609
115,884
164,330
38,154
198,365
54,646
57,153
114,369
71,925
113,789
43,408
33,452
63,831
19,497
151,188
102,68
22,533
136,482
104,741
151,25
148,167
176,410
48,871
135,194
105,579
8,564
43,16
127,991
130,261
86,325
105,374
191,156
63,897
144,427
5,348
118,551
89,429
159,173
59,241
184,306
172,970
178,290
134,924
33,329
30,563
84,678
178,705
46,116
25,775
40,569
62,401
131,265
3,83
12,111
70,196
2,141
159,753
69,553
81,836
68,805
43,740
148,741
180,531
29,958
138,870
38,239
52,177
27,148
68,790
141,456
148,822
51,227
39,388
154,379
195,897
128,728
188,8
82,767
114,688
93,551
76,400
164,786
14,517
17,426
45,769
33,94
170,859
175,827
44,960
76,733
159,204
94,970
42,870
106,627
88,328
90,456
96,503
135,601
196,281
24,581
3,52
150,316
93,858
103,546
138,523
37,586
29,964
116,568
174,817
20,98
63,278
106,261
36,844
57,350
104,989
68,376
70,272
152,906
37,830
126,98
158,618
54,198
164,612
124,505
184,216
117,352
185,68
164,514
5,857
101,546
81,309
153,796
32,746
87,673
94,604
57,13
94,1
27,891
45,174
3,637
41,705
92,323
151,584
149,857
52,3
102,247
170,299
125,295
47,934
4,576
124,947
101,774
191,78
100,564
162,60
141,500
130,699
53,851
9,427
90,893
153,88
121,917
37,763
136,470
15,815
72,348
172,662
176,114
161,167
6,491
95,427
139,196
83,390
106,61
49,658
72,9
164,405
52,889
50,357
55,107
124,35
175,692
31,809
16,535
139,819
4,439
187,290
18,211
4,622
98,836
103,32
172,983
178,992
136,175
162,368
100,802
88,658
185,41
177,705
141,166
168,649
146,299
143,457
91,123
13,303
33,588
13,485
49,975
40,835
130,317
61,618
191,546
94,572
162,175
61,150
37,199
187,76
141,660
31,183
35,957
58,562
24,312
49,595
180,522
109,2
191,182
159,896
38,65
138,210
94,552
129,853
183,337
141,961
7,634
4,582
150,191
186,993
48,3
126,695
165,852
199,859
184,920
151,293
184,705
115,284
184,560
55,946
61,717
75,781
73,324
76,640
184,234
161,37
73,84
15,175
43,432
116,54
18,195
192,343
69,223
108,113
15,95
42,343
58,706
4,115
185,415
126,631
107,403
25,6
45,511
6,322
100,439
101,833
44,307
135,500
79,661
168,974
200,861
172,264
91,270
22,169
81,21
77,114
111,493
184,927
177,446
55,424
105,706
18,148
86,80
114,583
155,468
56,709
96,694
79,878
148,101
23,27
124,526
76,690
75,555
66,419
64,536
8,504
176,719
80,267
192,977
44,752
80,206
121,959
131,5
163,484
21,217
82,388
187,449
42,882
33,114
145,662
81,58
23,399
9,900
88,967
59,341
91,76
55,206
182,58
10,651
129,865
131,222
130,305
85,671
58,284
122,934
105,743
185,457
53,112
62,201
26,287
124,98
185,313
11,597
96,470
100,858
99,720
83,972
175,495
174,610
144,504
63,180
18,820
76,446
31,269
51,531
65,629
167,252
138,479
177,38
6,871
51,310
27,74
71,931
94,294
155,770
154,662
93,335
95,818
107,12
39,411
20,791
67,997
185,169
186,26
190,853
153,429
139,327
33,252
139,54
46,814
73,737
39,319
167,822
30,837
123,996
181,81
165,216
25,671
146,768
172,762
18,779
8,729
45,657
155,623
69,692
16,771
113,91
75,83
174,575
99,212
137,209
56,577
108,180
118,690
4,812
126,82
104,481
119,455
68,557
162,665
19,576
138,574
200,804
75,375
63,513
157,286
17,885
189,435
23,781
198,688
79,599
63,555
47,434
100,235
173,626
105,921
97,257
19,112
40,573
43,290
138,862
32,623
58,878
39,84
161,896
53,689
68,133
25,199
72,395
91,776
37,996
54,983
179,200
82,11
149,791
24,220
138,420
103,652
103,669
126,887
87,103
89,103
107,502
38,444
24,945
148,436
111,927
33,761
172,168
81,83
180,171
144,255
85,327
46,215
169,309
16,570
103,115
30,252
34,862
193,851
179,602
126,941
24,918
69,404
22,120
113,938
39,438
89,940
171,247
52,577
117,625
9,738
28,98
86,258
116,291
126,80
58,379
198,663
70,805
132,404
182,517
162,994
96,561
67,540
161,541
193,644
89,789
171,550
162,657
120,739
100,413
128,494
193,618
134,617
155,359
155,402
19,40
3,283
97,96
117,656
3,68
196,519
176,261
79,247
174,999
65,416
96,956
42,996
145,365
67,36
89,547
16,726
77,178
188,466
53,701
138,333
151,818
157,201
158,260
71,92
53,879
24,931
84,351
168,427
63,901
141,643
153,682
190,668
172,760
20,333
123,157
65,846
57,518
193,429
10,872
144,651
104,75
76,363
45,86
89,289
55,543
4,986
111,942
104,335
97,567
153,229
31,770
118,498
142,551
48,982
107,564
113,428
40,70
23,663
28,290
160,814
107,315
152,487
180,507
81,715
68,834
173,542
70,451
38,143
7,737
180,987
75,231
63,262
53,702
200,949
128,763
146,760
16,623
80,706
73,199
138,996
124,722
63,941
161,956
154,337
177,331
91,96
82,149
168,23
24,61
191,245
197,945
122,174
190,570
156,579
66,714
198,358
118,522
48,333
172,442
65,743
28,652
26,478
153,621
146,452
108,953
15,299
10,85
64,829
132,822
129,839
47,274
68,479
69,712
141,314
45,981
19,510
157,15
11,365
50,444
21,452
70,97
40,34
179,581
193,236
110,750
198,759
26,840
48,583
2,103
52,135
115,81
96,486
183,736
154,58
172,958
57,705
86,107
15,453
68,70
1,740
125,62
11,487
134,657
122,115
151,631
1,401
166,675
194,724
95,497
9,505
123,753
47,256
8,292
177,636
128,859
177,847
72,460
111,972
82,815
157,161
121,801
110,80
21,633
139,556
101,328
171,51
82,588
109,291
186,640
51,576
38,185
127,490
190,844
191,895
65,53
17,207
150,397
164,452
92,814
88,902
4,337
114,54
138,939
42,623
14,807
129,5
172,647
107,704
129,176
84,199
29,380
38,579
96,200
27,559
143,924
153,288
66,984
108,100
141,953
20,184
56,616
176,134
138,893
27,966
44,221
179,251
65,163
156,441
140,968
25,465
114,70
173,821
159,934
181,744
104,222
77,722
42,207
93,202
174,746
55,952
25,182
148,816
184,805
195,939
94,20
84,689
98,142
85,328
159,436
196,559
132,714
38,475
2,286
83,166
25,943
151,947
64,850
92,134
44,534
45,898
169,991
17,199
69,901
190,541
121,309
165,839
20,845
65,388
71,995
68,489
88,294
185,616
65,532
180,178
154,788
152,328
74,350
13,233
158,744
29,957
32,7
174,404
46,421
136,703
174,918
182,804
97,932
33,975
98,312
168,452
140,723
12,20
14,592
97,347
66,642
141,19
193,625
33,562
65,455
113,43
41,31
82,108
82,389
180,748
70,484
106,574
70,579
107,147
43,508
181,630
46,213
6,257
140,452
71,108
124,485
107,308
170,930
71,293
47,27
9,212
45,884
132,694
177,673
85,325
141,739
195,202
64,428
176,423
135,427
74,303
105,482
48,87
141,322
113,275
163,752
99,967
134,763
31,637
120,608
166,196
167,289
191,812
44,285
129,426
69,544
189,81
49,496
92,462
51,890
40,852
3,322
82,326
5,558
134,217
33,454
164,53
157,466
28,197
49,257
12,648
110,525
31,588
163,344
183,503
90,519
121,101
152,485
5,987
158,875
16,963
129,13
179,752
113,675
184,551
186,527
188,459
124,433
44,120
107,570
51,245
146,278
47,1
82,984
121,754
143,941
73,579
39,952
75,109
24,197
39,838
153,83
19,464
183,696
83,456
183,470
16,344
86,399
147,591
12,856
194,966
137,716
11,278
58,823
105,286
8,367
175,71
73,783
116,189
4,760
195,256
104,234
198,336
143,550
65,579
151,779
28,622
71,724
147,729
53,294
113,905
127,309
12,873
128,263
152,460
127,355
4,179
176,722
5,377
143,761
63,299
125,856
81,449
36,126
172,826
93,337
142,347
24,213
134,831
104,755
132,782
196,893
58,265
134,502
56,111
20,638
198,449
39,422
137,279
102,232
156,50
15,837
121,834
21,703
173,651
188,955
152,843
40,135
195,334
36,843
56,802
61,559
118,449
130,531
195,627
111,527
9,850
8,636
116,217
34,711
32,663
96,225
176,373
133,172
5,945
123,169
178,395
61,439
106,98
107,405
139,788
47,761
143,903
148,632
170,853
19,581
96,487
46,622
155,584
35,962
122,195
113,445
11,642
111,935
144,605
182,291
33,916
125,600
123,365
35,426
80,500
22,370
102,339
80,925
70,78
45,685
55,745
22,75
51,885
10,298
151,296
163,327
163,1000
59,69
79,478
105,345
148,962
172,353
64,423
80,27
48,658
153,447
53,381
20,523
137,214
100,955
186,319
75,288
107,356
199,151
153,106
92,578
159,14
12,209
87,255
44,707
61,539
78,260
101,330
88,963
51,264
110,478
17,483
56,809
161,200
81,59
3,240
35,643
13,557
115,464
29,972
153,974
10,560
21,130
48,999
139,179
36,262
161,613
65,712
102,656
114,769
114,222
98,459
186,723
154,845
168,499
163,116
169,221
49,954
137,272
7,585
196,192
177,904
161,899
190,407
99,364
6,268
54,634
92,374
96,804
130,377
29,744
179,574
126,905
134,509
184,322
37,667
79,429
133,200
31,115
186,543
15,717
82,494
198,62
83,105
130,166
74,617
98,815
48,674
162,402
146,513
174,401
7,362
197,343
198,694
193,577
39,647
97,657
195,439
187,727
192,897
169,796
188,108
42,484
80,277
9,345
55,439
5,674
57,734
33,326
19,635
118,551
156,636
190,924
198,777
140,346
49,484
182,834
144,803
146,185
60,75
74,94
51,366
58,925
84,287
18,713
196,343
150,159
90,282
46,164
139,744
162,187
183,478
42,919
7,136
9,560
127,590
143,190
107,776
112,653
101,277
72,899
97,299
8,774
106,284
38,691
160,740
130,515
61,339
14,234
140,94
65,208
48,106
145,294
95,141
177,121
16,194
34,409
175,543
1,106
200,223
168,831
183,787
41,359
144,277
124,292
32,697
171,985
133,145
180,216
13,437
130,950
35,183
172,603
44,121
140,43
16,380
185,842
109,978
122,362
72,372
79,65
55,720
126,609
126,87
164,791
59,326
61,800
46,188
79,475
171,795
97,923
108,738
104,807
194,526
22,287
66,220
150,802
101,918
155,556
141,443
38,365
106,803
133,604
184,914
94,51
48,255
143,425
85,681
98,819
52,537
2,140
32,229
12,563
157,11
139,539
72,115
173,357
77,311
189,466
158,153
170,906
132,727
116,432
151,500
20,950
14,78
135,908
34,550
32,452
150,712
177,700
85,11
90,608
33,770
26,931
150,197
122,877
142,944
47,751
188,195
62,416
180,599
3,120
161,816
22,659
89,107
174,519
64,782
120,414
5,434
59,705
63,320
161,278
8,128
22,998
24,955
114,387
73,806
172,442
40,644
197,701
134,557
118,964
141,265
14,851
81,184
30,125
169,189
48,234
115,760
23,476
114,306
153,869
145,949
134,373
194,598
98,208
158,822
107,546
32,199
94,747
90,960
14,308
146,54
72,470
161,293
71,893
86,535
31,689
56,995
26,177
195,458
166,415
130,720
21,13
58,562
39,959
197,182
129,368
17,780
47,847
185,34
10,988
80,924
176,216
99,349
59,933
129,13
106,162
86,747
166,971
154,287
67,278
22,454
82,738
191,398
104,463
159,855
191,364
17,992
43,965
106,163
64,553
108,435
170,418
78,449
35,422
98,826
117,768
162,640
173,648
62,428
99,598
88,503
165,499
2,357
130,314
179,229
43,387
61,49
81,280
124,171
15,845
48,624
27,16
52,4
64,938
166,441
187,972
95,418
109,82
43,11
194,374
86,672
34,70
36,904
181,364
44,421
108,217
52,977
85,158
114,226
189,627
149,511
124,242
136,716
121,243
84,56
44,317
191,123
151,283
130,213
192,615
48,862
142,911
136,591
139,272
104,502
153,192
51,889
78,95
85,578
118,845
87,809
99,448
118,883
72,658
127,975
137,911
198,142
45,73
176,24
63,601
84,227
180,919
41,200
167,729
16,242
9,528
25,668
44,643
156,395
23,620
47,376
183,765
52,63
130,753
199,924
42,242
17,34
63,229
88,152
102,160
2,757
18,214
22,250
58,892
91,170
169,946
119,221
79,332
153,593
180,232
165,980
159,548
69,183
138,5
178,981
102,922
192,901
22,136
74,979
2,490
35,623
47,467
15,374
81,177
5,316
168,484
60,606
33,246
36,840
18,903
59,84
10,931
83,831
84,714
24,180
74,348
98,754
68,466
46,789
185,602
174,399
65,265
190,517
173,858
17,977
160,48
70,392
103,970
121,136
28,8
96,892
169,211
175,674
173,865
142,248
184,809
56,98
162,211
163,404
107,721
16,690
167,43
7,629
171,805
153,619
120,345
26,954
106,17
10,610
131,576
16,637
74,767
31,5
184,184
36,920
178,861
169,757
93,186
36,345
115,24
155,177
14,125
10,185
101,733
90,21
74,619
115,709
170,499
162,137
53,549
118,685
167,282
138,649
193,199
12,804
39,197
19,572
183,795
50,773
178,531
153,859
19,75
14,842
169,991
21,992
193,746
66,971
24,920
10,871
43,180
137,263
137,547
32,419
80,462
8,779
176,642
13,810
87,310
73,275
4,733
196,563
134,370
149,858
139,676
138,404
121,179
63,835
161,305
9,960
153,352
130,850
49,894
183,406
25,647
177,386
66,492
25,408
57,186
53,689
158,353
177,636
162,608
174,240
75,671
7,524
168,71
40,969
84,121
162,303
129,269
115,497
93,41
35,215
129,680
89,986
53,824
42,678
154,782
101,694
104,932
5,32
103,971
130,532
25,994
4,858
41,276
27,397
132,408
164,730
92,545
198,635
159,227
41,661
189,305
29,844
26,428
32,271
7,670
161,52
60,219
55,269
78,438
196,370
103,749
175,448
2,706
122,219
184,597
90,936
1,919
115,874
183,19
117,5
39,736
83,318
120,164
104,145
160,180
170,950
78,392
171,837
76,554
83,221
96,913
167,467
20,966
45,854
196,37
68,196
191,444
74,49
136,451
192,728
40,238
157,305
83,430
198,530
29,49
115,314
144,204
3,804
143,692
24,631
70,72
176,911
129,641
129,520
61,224
179,541
1,707
102,567
116,399
185,652
60,960
156,663
128,755
36,434
136,507
172,61
188,654
94,681
165,143
1,279
175,859
11,464
154,88
166,203
140,429
3,571
41,786
123,467
102,864
122,644
110,547
120,349
57,885
185,823
182,802
166,818
115,201
64,247
68,164
32,210
55,318
192,695
49,915
114,879
47,468
123,815
108,23
183,159
189,5
77,796
173,545
169,653
189,172
159,151
57,648
82,353
149,119
80,634
87,92
91,951
36,971
114,23
154,679
129,588
152,363
104,123
119,441
155,920
8,956
17,79
131,22
84,135
185,924
32,916
13,663
32,294
174,276
39,64
137,461
131,117
146,45
80,899
125,411
69,970
105,765
111,950
53,333
173,5
56,349
146,142
124,101
151,778
35,596
196,265
127,738
159,718
134,331
102,931
104,600
19,201
181,833
21,529
74,379
116,394
123,656
54,676
15,166
89,936
28,342
119,871
19,244
18,373
4,485
118,712
90,200
183,411
87,271
46,260
39,953
109,986
102,797
56,660
3,610
115,528
85,855
84,582
133,451
58,353
127,258
36,339
167,313
154,323
167,216
50,946
200,679
109,998
107,697
11,238
1,620
17,202
75,172
99,430
87,743
182,335
177,428
47,978
3,521
189,973
51,977
30,99
185,901
26,333
15,164
185,626
170,820
79,595
68,210
107,5
55,680
42,131
194,544
157,688
186,799
110,993
193,886
13,309
33,254
167,967
139,994
114,126
173,157
150,913
61,695
151,825
74,567
194,561
32,925
113,663
117,929
188,586
86,78
59,543
97,964
50,243
67,744
46,612
166,451
26,855
29,248
129,668
163,704
135,819
63,670
112,407
100,220
20,248
148,932
146,889
13,196
172,658
195,943
63,621
22,91
197,77
121,167
143,455
99,91
177,669
130,713
164,491
137,179
76,517
99,164
52,719
173,503
57,606
45,925
164,192
200,772
60,297
100,185
48,593
200,525
74,118
66,319
55,109
141,763
187,272
152,459
188,55
88,877
197,258
42,122
19,631
155,255
44,881
122,168
146,219
146,578
200,77
41,904
52,349
91,845
69,547
40,752
100,639
175,246
141,42
129,728
33,489
82,720
155,777
127,139
89,289
50,187
45,873
105,992
117,400
127,546
102,38
123,745
187,334
120,179
99,572
90,32
162,12
9,552
20,551
164,744
152,572
8,833
79,882
27,923
160,273
88,282
3,731
30,704
155,932
83,435
160,582
141,561
143,232
108,33
75,898
143,529
141,835
92,775
185,363
42,881
51,398
179,409
175,408
82,638
6,393
37,573
157,468
37,409
111,270
14,231
1,452
83,375
35,682
139,814
71,548
171,513
66,660
159,621
93,767
177,35
115,771
128,487
179,525
10,24
96,907
29,875
14,261
129,484
138,588
8,150
98,154
78,190
122,546
71,919
63,531
159,524
184,13
128,750
148,797
16,221
1,548
153,503
51,938
149,333
14,794
29,187
176,638
61,192
105,530
70,380
5,940
146,341
126,830
156,514
82,924
136,965
164,125
65,850
185,156
185,84
68,74
150,826
172,132
195,974
170,512
63,60
32,835
134,813
28,884
141,371
2,974
2,939
43,658
150,654
31,361
23,635
194,187
166,767
69,672
49,634
12,869
153,299
183,68
20,459
24,560
1,358
86,902
75,635
89,391
200,234
155,808
69,425
40,41
17,583
53,705
156,557
126,471
121,811
143,682
151,117
148,886
118,183
43,277
171,309
51,789
113,217
73,321
141,560
92,245
151,156
193,939
119,141
126,247
115,831
31,596
83,748
19,341
122,824
35,346
81,609
185,807
50,250
94,560
123,280
81,440
164,27
25,337
72,798
73,436
69,572
80,428
132,406
181,134
13,323
185,382
52,667
133,1000
51,705
49,631
34,703
186,990
128,608
63,73
79,446
113,100
133,601
156,288
82,342
71,509
34,129
138,780
118,779
107,205
15,287
22,724
44,783
97,143
10,719
119,779
196,667
199,773
130,57
148,176
145,662
106,744
71,392
74,161
48,152
97,448
13,537
164,246
178,863
96,641
120,206
58,650
194,660
141,515
153,620
140,469
120,214
20,407
177,172
10,589
183,491
108,944
136,277
184,532
95,359
6,377
151,776
20,180
5,831
199,356
68,129
195,70
53,1
151,982
94,522
168,743
96,527
53,192
37,433
20,523
128,335
40,614
186,407
178,136
107,885
67,281
107,479
70,939
103,105
170,629
2,629
96,412
44,180
108,600
166,323
86,549
41,722
95,123
28,934
58,551
186,594
192,719
169,955
77,189
178,750
140,890
178,52
117,62
181,547
114,417
125,551
56,123
115,295
53,330
21,235
27,178
163,922
114,155
57,978
41,60
45,466
98,806
143,143
167,335
173,646
53,865
6,394
195,940
39,354
164,55
174,38
7,644
177,944
161,221
61,78
120,278
23,549
61,580
113,527
47,36
7,900
76,872
13,502
1,443
134,538
78,754
83,762
65,790
191,597
140,29
160,739
97,336
92,488
37,847
117,597
61,599
119,605
170,195
1,736
61,594
99,97
41,91
132,623
178,472
143,791
196,645
10,633
163,779
107,102
97,725
155,897
9,390
32,987
76,882
29,97
122,772
55,536
10,552
19,801
73,345
176,636
92,530
193,833
49,997
197,442
177,563
178,17
198,123
126,375
56,476
141,130
31,603
29,541
186,140
21,526
182,450
39,930
176,897
165,48
92,760
101,637
173,524
77,183
40,123
134,245
175,515
77,93
43,159
65,758
60,501
77,97
83,455
115,512
116,354
198,692
114,76
76,473
22,467
24,385
153,749
163,880
119,735
126,357
105,681
149,634
59,820
15,455
194,619
165,165
25,126
183,999
10,431
190,308
77,580
95,391
136,83
137,424
1,116
41,770
181,57
10,743
147,604
46,432
140,96
93,35
28,200
164,749
12,266
183,874
29,596
141,793
70,541
50,336
91,334
138,915
5,263
166,976
61,41
42,125
170,82
191,328
84,85
73,807
61,283
87,273
67,219
199,919
66,141
167,572
78,802
110,515
101,475
3,196
79,23
87,152
188,464
98,758
88,50
169,336
9,976
2,870
24,969
74,669
11,19
140,332
178,875
156,613
88,441
151,794
170,723
185,316
184,881
155,230
151,28
191,630
159,9
156,42
165,515
200,507
51,426
183,70
48,189
197,984
177,922
38,728
92,812
80,120
12,28
141,156
16,145
54,287
27,301
41,667
57,902
191,18
118,338
153,427
9,295
119,182
45,87
66,763
153,555
55,786
66,665
18,100
196,323
87,479
187,217
92,380
166,319
113,337
189,162
65,66
4,301
125,939
93,525
57,39
167,65
66,762
18,901
107,718
152,721
167,980
70,674
173,987
128,126
137,51
10,495
173,763
144,574
82,117
53,749
42,662
66,858
150,481
97,257
2,806
21,459
161,2
132,955
147,592
156,927
83,309
95,850
120,905
150,898
71,972
65,120
194,50
103,23
13,594
127,724
8,796
66,261
100,567
18,910
167,153
51,323
135,420
183,912
148,785
26,804
2,734
180,601
85,678
13,787
107,613
71,506
64,165
56,47
20,122
60,28
170,658
156,475
83,563
149,161
192,318
105,272
91,833
197,334
26,986
199,913
99,268
188,747
51,941
190,367
143,83
146,104
53,605
145,918
78,603
147,132
188,196
163,151
124,535
14,478
21,477
168,968
51,382
159,978
118,196
140,124
38,184
169,591
93,149
109,768
64,618
10,563
80,102
10,855
15,748
155,215
124,920
88,313
5,193
96,235
107,231
73,65
97,62
33,560
43,945
27,84
193,770
124,10
95,2
22,946
133,553
156,921
45,46
175,341
32,303
148,463
33,68
92,378
178,153
151,244
64,368
147,638
189,204
178,504
71,633
189,865
6,439
60,833
181,380
182,941
189,497
90,512
93,774
190,357
48,356
92,271
41,258
128,139
85,791
137,529
85,448
62,410
41,875
70,292
144,607
136,716
131,160
145,361
157,145
75,527
96,9
133,281
99,385
77,157
139,640
62,787
127,318
33,372
110,78
182,178
94,600
43,932
82,642
31,378
102,52
83,62
13,578
112,857
111,639
15,915
17,451
82,622
191,529
131,268
27,681
128,511
122,684
61,676
26,393
37,634
79,26
172,268
111,801
118,905
61,238
79,562
125,964
8,539
49,369
149,43
76,42
23,747
1,397
164,468
159,45
196,470
96,920
53,523
138,426
77,938
49,182
68,335
99,695
8,664
181,37
146,910
63,702
128,134
104,519
124,60
147,416
196,429
28,45
1,526
123,439
81,655
177,560
169,163
195,552
171,627
60,77
66,937
112,505
125,656
20,185
44,495
97,509
83,530
138,774
105,671
75,540
119,759
104,110
173,985
42,679
108,612
88,101
92,267
6,992
66,631
103,149
157,593
114,682
114,83
168,134
18,756
20,223
169,234
26,714
73,794
52,121
162,777
178,61
29,183
9,582
33,474
65,559
53,827
166,148
72,296
200,470
192,788
103,817
192,143
135,475
58,608
44,620
188,43
200,706
63,184
97,766
119,53
43,636
181,840
66,965
9,766
146,181
71,880
191,751
192,299
171,100
34,35
36,206
184,469
81,866
138,555
198,117
85,336
57,958
171,121
26,513
4,613
52,124
87,526
86,960
121,345
103,265
47,810
135,258
197,791
126,27
81,89
174,977
64,402
84,652
104,695
98,968
95,619
66,494
94,341
131,122
45,622
1,127
110,97
64,455
105,846
21,799
53,182
197,655
127,408
78,476
189,738
80,972
187,943
41,894
120,442
164,860
178,902
95,643
83,554
116,793
171,567
10,777
137,230
92,744
9,394
93,762
185,729
184,626
143,888
154,971
29,405
189,321
156,303
186,255
141,601
83,775
6,924
71,836
59,19
123,791
117,1000
113,478
198,820
54,573
179,982
170,594
90,436
141,660
55,598
19,868
68,648
50,539
106,884
87,573
180,322
3,451
45,187
43,720
128,436
107,233
65,437
79,869
171,372
178,680
94,428
123,316
105,447
132,796
11,943
166,594
86,553
158,999
199,528
41,745
12,537
183,694
129,127
128,619
188,391
50,991
96,187
69,765
160,969
107,848
21,889
51,849
9,886
127,855
133,288
117,885
82,562
158,319
59,367
125,310
18,721
180,908
137,689
63,153
144,775
88,950
141,136
96,869
73,147
44,865
52,797
1,666
152,998
7,704
64,151
54,23
114,534
52,763
88,630
118,862
8,592
73,346
54,289
9,263
65,470
112,484
40,778
104,598
89,195
24,236
77,906
193,171
121,588
25,12
3,100
166,911
148,343
90,568
89,681
63,520
41,748
185,311
150,136
17,855
62,995
114,331
130,584
168,250
19,528
120,960
54,477
39,479
117,949
135,634
127,819
60,796
84,254
99,532
25,99
2,13
116,553
67,964
46,907
146,499
80,809
199,617
7,145
113,791
19,193
192,793
77,964
3,489
142,323
85,40
2,271
29,572
46,581
190,519
76,214
186,883
183,262
54,611
184,801
66,423
75,123
70,882
57,375
79,840
71,61
194,425
154,110
11,450
35,81
77,352
94,48
74,438
74,471
16,626
189,223
143,462
9,94
192,647
91,420
41,356
11,261
113,946
122,411
147,10
116,87
29,135
189,322
190,218
135,568
109,587
166,525
61,952
194,695
63,731
144,701
9,610
18,575
158,616
79,488
184,764
46,112
61,281
22,791
101,820
84,912
170,436
47,853
185,537
172,805
142,565
68,897
156,736
188,301
179,481
71,552
56,898
170,697
168,332
102,31
45,925
131,395
115,582
130,463
179,232
6,255
46,965
127,181
107,311
93,475
99,949
119,563
165,727
80,685
176,201
19,655
132,451
180,246
99,584
24,133
188,499
98,965
100,832
45,695
113,623
149,32
10,598
69,538
142,616
133,843
31,833
129,760
77,418
139,712
22,428
88,704
136,700
3,532
55,44
124,722
188,501
192,719
121,975
123,644
116,256
179,152
130,496
168,915
135,600
162,129
144,726
82,485
143,492
110,602
115,280
115,323
115,590
144,314
189,244
79,685
21,189
68,427
139,787
176,338
139,516
117,118
107,949
20,927
19,491
69,706
166,798
132,986
46,939
21,627
51,313
175,781
160,65
99,45
40,998
197,199
115,290
137,971
48,180
102,613
141,223
198,196
121,141
78,870
109,36
62,269
5,131
124,368
159,536
169,217
134,110
94,965
11,543
137,472
125,111
20,483
172,39
137,264
50,752
108,673
105,656
183,527
20,922
157,537
180,292
67,959
171,575
134,986
21,616
195,592
117,483
97,567
109,520
4,343
53,145
115,659
38,582
169,688
4,797
83,62
123,525
119,418
77,31
52,379
3,121
33,991
2,200
104,919
109,371
187,137
92,690
65,915
8,742
31,212
106,42
16,885
23,852
179,328
33,531
136,770
75,67
152,710
137,675
110,30
36,471
77,180
139,561
51,540
10,747
26,764
29,733
155,283
39,617
31,140
19,568
142,435
51,492
155,870
22,581
137,103
3,841
65,296
148,15
127,442
196,293
17,482
1,204
120,602
44,654
106,708
192,950
72,567
170,535
4,839
26,328
90,164
139,109
60,52
64,848
107,698
79,434
66,266
152,197
157,473
32,919
19,319
102,754
136,429
109,109
18,354
200,694
55,72
132,165
133,573
24,40
78,47
67,762
147,921
1,873
130,846
62,799
121,427
73,251
163,368
13,840
10,451
175,208
108,52
99,156
16,552
175,292
171,57
163,186
107,833
9,549
158,175
52,987
104,157
139,671
106,977
146,255
180,133
9,261
152,166
59,183
90,346
182,280
105,628
82,651
194,686
143,860
194,931
163,896
112,321
117,901
59,358
170,998
94,631
64,76
116,852
6,514
141,781
39,308
117,200
137,978
133,295
15,291
9,563
80,115
3,944
18,822
182,174
95,104
153,265
147,177
157,730
167,788
119,572
37,648
185,790
5,442
21,490
164,135
149,742
76,433
198,986
117,292
187,777
174,434
62,681
169,631
132,648
42,758
167,936
51,837
108,404
87,755
114,298
186,307
72,863
117,474
27,437
88,760
88,87
107,151
168,744
194,723
195,559
200,132
179,119
69,995
2,125
129,664
109,781
17,155
105,427
33,709
167,701
57,147
131,913
165,894
149,427
11,933
23,865
29,209
69,559
109,286
167,868
5,670
20,730
113,324
129,685
48,672
32,242
111,780
8,354
185,33
79,448
79,842
146,69
9,525
67,272
129,657
125,663
189,180
128,775
54,272
33,47
4,266
199,553
29,960
27,308
19,720
144,878
87,193
111,211
104,127
65,499
120,149
38,215
161,110
144,731
145,619
80,989
179,576
1,537
66,217
39,495
33,48
191,966
51,338
194,950
22,12
69,925
123,329
118,824
182,855
27,609
9,488
133,90
28,362
39,594
185,400
31,627
44,81
22,750
59,485
101,320
127,674
117,895
89,700
56,604
184,263
179,338
24,515
166,644
19,653
27,592
116,931
154,584
15,851
130,925
13,893
47,278
170,507
65,565
14,134
118,866
140,789
191,813
175,930
107,564
125,313
99,268
147,176
34,831
110,925
34,582
174,909
150,249
87,655
189,994
133,793
43,132
41,954
15,373
37,125
163,172
95,208
176,610
88,391
15,288
134,282
40,402
53,948
2,188
141,155
54,819
120,173
150,804
130,995
57,478
187,87
69,884
130,711
91,938
54,20
109,61
19,151
130,131
76,377
56,253
165,616
150,896
53,914
3,382
160,980
46,11
106,353
158,260
69,629
111,594
196,1000
97,944
92,29
139,588
167,403
170,254
66,229
72,969
63,864
7,408
139,590
105,295
82,677
181,386
156,798
134,921
7,693
106,428
49,536
186,501
8,70
177,620
59,849
127,887
193,978
52,55
60,260
68,113
130,946
192,764
151,775
120,131
1,938
143,210
62,822
174,585
90,530
24,451
19,48
195,577
25,813
42,886
165,590
62,888
64,526
193,694
93,723
2,78
154,9
117,947
14,930
63,515
49,991
185,258
3,864
194,193
49,731
54,974
199,546
83,319
80,166
92,793
2,82
175,394
181,882
27,179
133,517
165,644
143,251
185,47
122,73
186,640
75,168
133,641
99,844
86,280
20,705
105,528
9,326
59,363
31,200
79,420
171,758
150,585
83,847
71,186
157,364
21,525
33,86
154,138
157,720
197,151
51,81
188,404
102,135
152,586
56,765
86,844
121,6
179,250
70,39
64,493
149,186
185,184
120,334
50,222
160,233
200,525
35,341
53,81
145,655
92,632
60,97
118,604
187,187
88,880
101,670
113,10
137,711
141,438
93,72
89,168
44,769
138,916
156,626
80,48
183,931
163,447
25,775
167,648
130,907
188,370
65,379
54,219
98,944
42,713
126,781
172,560
98,920
103,437
123,868
175,438
33,554
43,736
122,410
13,578
195,596
189,533
70,524
140,539
36,53
35,353
11,912
190,11
29,588
24,367
39,932
110,65
82,613
11,652
63,710
133,758
2,853
126,176
75,924
132,583
196,82
50,687
161,580
12,494
184,45
108,59
34,549
20,607
104,272
144,375
85,149
4,876
71,459
83,454
72,868
16,572
153,922
102,415
139,436
69,103
197,197
93,86
180,676
87,631
94,461
63,501
128,117
34,614
171,841
144,37
94,217
113,874
193,640
163,809
54,170
43,623
11,766
200,431
41,88
56,673
58,448
102,152
38,276
160,524
124,541
165,767
79,792
45,296
194,762
79,726
171,724
189,459
94,95
168,629
176,679
20,788
140,997
120,431
127,495
28,192
68,594
159,841
63,37
6,22
14,382
71,225
91,893
167,151
113,845
94,791
132,364
71,459
80,685
26,671
35,296
127,157
83,959
84,927
45,989
180,479
100,380
184,309
162,450
85,963
24,62
179,805
154,830
127,66
157,722
72,224
185,226
41,328
168,83
177,176
152,90
2,766
19,696
103,873
50,596
123,996
180,935
172,839
34,593
146,960
83,356
171,772
52,638
155,683
135,365
33,39
176,424
108,265
47,786
73,303
21,786
94,351
33,943
151,788
76,642
15,790
58,483
13,386
64,805
90,451
58,178
38,716
67,766
18,190
133,624
177,618
77,926
130,507
19,26
60,847
25,204
183,420
195,610
48,715
122,466
80,579
149,97
10,525
174,282
60,112
149,605
76,220
52,982
116,314
24,41
44,299
44,524
22,990
109,349
162,535
91,774
160,546
99,507
142,213
46,525
64,756
127,256
98,661
106,742
125,353
146,729
171,612
170,470
148,494
186,923
144,592
64,4
106,231
11,549
40,804
1,328
134,133
95,886
51,954
142,887
122,909
138,687
175,676
149,458
36,495
74,603
21,75
47,128
140,462
198,115
189,518
137,274
97,325
14,970
137,847
106,570
173,764
172,442
71,627
163,706
197,972
45,557
194,521
170,484
58,709
188,76
108,314
124,575
70,440
162,768
14,893
182,108
155,372
8,307
111,711
8,314
9,616
28,505
181,232
185,644
77,691
87,892
169,917
129,151
139,754
12,340
83,678
154,979
26,514
1,522
91,820
17,752
13,870
138,150
181,448
65,420
169,287
83,514
141,100
165,904
160,54
21,696
176,667
97,710
49,813
126,756
197,830
185,283
180,548
188,50
128,963
87,326
18,475
161,811
8,260
162,881
152,185
11,677
146,851
188,796
104,451
141,847
179,651
136,58
55,984
63,757
172,915
105,242
102,113
30,222
141,625
145,803
10,450
165,16
142,448
21,271
175,110
17,76
84,479
72,810
152,523
19,375
91,528
129,430
117,488
135,870
127,573
178,170
170,54
49,793
74,822
183,289
119,396
4,527
129,393
127,44
34,793
23,267
112,349
101,431
30,536
183,301
138,92
71,961
104,791
171,251
17,102
36,211
36,550
161,244
44,698
72,857
75,750
2,912
38,336
111,372
7,110
133,797
189,658
76,611
145,728
123,446
185,442
185,234
69,336
69,108
24,170
62,416
152,242
31,94
144,911
187,716
171,985
29,193
12,80
125,415
118,27
194,765
73,425
136,273
107,745
4,338
8,952
45,706
115,662
187,964
113,414
176,231
106,413
97,918
91,195
120,945
47,511
41,466
101,300
134,708
64,313
17,40
36,976
182,784
144,654
8,256
32,749
185,593
64,388
50,997
175,763
76,626
161,998
153,847
76,567
59,309
30,227
110,582
17,430
110,615
79,696
196,905
25,329
50,209
55,430
127,414
133,208
99,631
152,145
25,936
153,46
16,310
137,760
40,852
15,152
1,103
88,823
108,795
65,989
13,681
19,676
102,275
131,806
126,441
6,99
12,521
116,859
32,247
130,218
103,872
134,303
182,914
113,515
56,178
5,656
107,648
2,468
41,86
199,609
148,137
69,546
174,678
174,904
110,37
30,785
41,851
97,529
84,15
131,735
57,625
122,451
168,606
181,882
122,224
82,359
119,794
200,524
45,686
200,546
92,675
77,690
85,687
89,177
66,296
130,896
101,359
68,251
184,149
171,974
163,206
156,717
102,814
36,178
19,177
76,878
28,732
108,413
191,704
136,430
119,776
143,218
62,650
64,855
35,55
106,150
51,482
179,348
158,49
71,183
31,970
130,584
9,413
36,794
156,992
156,922
86,127
188,918
24,695
8,159
183,695
75,894
111,11
150,538
39,664
142,266
30,386
40,114
108,833
62,737
104,639
192,107
56,257
130,224
51,650
180,353
9,948
116,941
57,871
118,725
178,809
132,685
158,681
15,269
68,678
22,812
9,674
66,965
158,467
86,297
86,895
175,170
3,468
54,684
17,921
117,962
193,17
91,387
136,517
194,52
125,467
69,354
171,648
67,414
24,218
20,268
7,273
61,403
15,581
101,613
149,943
125,713
122,339
156,929
158,365
189,701
81,478
121,788
184,688
34,479
86,863
200,433
66,461
68,108
62,602
83,651
59,121
8,128
132,313
133,108
140,812
61,945
93,699
68,755
52,414
159,131
130,388
8,870
197,599
4,334
191,447
40,954
176,86
136,815
63,369
61,922
54,509
81,332
179,388
160,462
27,462
125,598
18,241
17,206
145,536
98,59
176,845
2,572
11,915
76,410
189,383
23,211
149,722
38,392
78,871
22,196
105,592
37,199
121,631
23,2
111,597
184,56
21,244
138,664
196,838
39,213
17,883
34,849
25,96
21,37
175,760
66,56
180,173
119,262
113,480
131,257
13,967
134,496
181,140
114,715
179,350
2,185
116,423
77,539
55,900
158,192
135,429
15,138
80,77
16,878
82,21
26,465
193,674
57,1
128,149
112,612
81,299
99,314
122,44
82,61
185,7
79,432
33,535
76,260
58,511
129,697
41,923
37,904
55,344
94,48
162,305
116,543
179,511
38,75
30,631
42,959
2,896
176,107
76,512
10,618
49,667
142,504
103,728
145,631
158,752
70,33
119,700
41,885
73,936
50,837
91,340
143,768
179,577
139,950
148,370
32,530
127,468
24,532
141,248
150,587
96,263
35,30
18,846
98,589
88,7
74,77
55,485
40,526
20,60
97,200
44,354
77,961
187,579
193,478
162,853
181,167
139,590
147,349
119,762
70,439
151,954
41,235
165,39
81,660
38,634
167,416
159,970
43,852
90,947
170,228
198,62
51,882
29,686
86,790
179,534
51,705
138,812
86,827
173,201
80,857
83,4
27,552
121,821
82,685
26,516
70,348
99,13
181,342
41,18
36,919
26,921
105,226
65,695
95,158
27,909
180,932
36,5
171,148
187,618
17,451
182,785
99,611
52,149
1,33
158,137
18,621
148,954
197,925
196,560
125,48
21,41
117,618
20,99
154,804
155,44
119,900
45,719
101,417
93,593
90,682
131,144
151,181
130,855
194,429
165,915
33,135
96,395
47,22
160,82
140,215
171,328
40,81
53,788
130,634
126,829
156,990
3,298
196,161
35,240
18,591
8,958
164,704
38,758
67,322
174,285
135,957
154,814
28,406
123,378
108,409
52,752
78,703
29,956
2,557
84,189
177,514
98,261
199,849
127,980
8,192
68,536
90,212
56,554
75,867
100,543
119,234
152,237
176,928
158,985
178,726
39,291
152,782
109,644
172,835
43,896
23,390
135,165
22,812
73,824
14,106
63,119
178,285
9,901
193,576
77,221
96,569
20,676
62,622
114,454
118,157
2,819
50,463
129,893
88,5
54,429
108,368
163,239
78,97
26,153
42,616
173,957
47,204
3,572
140,340
111,830
48,947
24,102
100,324
25,799
11,127
160,878
95,301
190,286
140,641
130,309
90,795
162,814
152,324
105,912
139,518
93,923
79,776
191,377
52,220
74,319
35,51
41,555
173,38
159,609
146,407
189,256
185,263
91,304
19,899
78,15
21,747
120,214
24,681
115,122
195,328
43,668
139,551
72,52
55,897
150,98
170,745
54,242
5,169
166,113
190,897
69,978
49,368
123,351
75,892
28,641
36,214
18,722
36,443
93,353
172,113
141,873
27,927
152,821
140,771
27,159
51,376
192,212
164,523
31,82
196,784
126,448
188,841
81,180
102,971
180,3
175,713
117,99
44,313
103,660
127,144
139,775
112,632
4,376
73,264
99,451
155,581
173,363
56,180
16,557
74,539
127,350
163,863
139,795
188,175
173,702
43,253
132,848
17,642
181,901
24,287
106,993
132,433
16,309
180,228
128,639
193,535
119,386
114,421
61,734
173,761
8,530
10,148
37,770
164,514
71,689
116,312
183,894
129,691
61,840
105,85
5,927
78,182
107,509
153,652
187,365
146,355
58,599
163,736
55,105
5,818
72,107
34,619
141,233
95,5
196,189
187,627
161,772
73,943
129,94
115,936
46,708
174,290
41,984
70,581
165,596
130,187
105,23
131,394
94,778
78,869
149,295
164,374
36,982
117,360
192,263
178,703
11,141
200,683
32,160
66,460
143,203
77,900
86,410
186,749
152,777
1,570
67,388
119,904
188,935
101,168
89,515
169,514
124,153
65,287
143,686
109,451
107,361
190,422
125,305
33,903
18,100
37,737
77,131
83,546
63,558
27,771
61,256
171,684
36,657
180,929
44,471
183,495
129,462
63,768
142,657
128,985
20,402
59,180
175,710
28,170
141,791
150,439
192,556
153,608
112,593
35,101
124,843
181,878
118,878
83,830
80,291
96,611
121,280
188,563
63,987
31,611
47,450
196,22
103,547
152,420
180,728
184,593
164,707
30,817
107,164
21,397
101,461
38,264
192,11
169,465
69,283
48,349
189,371
83,49
67,366
74,393
14,397
139,213
43,617
66,825
24,770
151,609
60,9
93,495
131,830
186,632
112,408
84,195
141,726
173,733
10,396
134,935
1,804
155,945
105,34
105,355
5,310
125,585
108,486
82,825
6,669
95,313
89,372
117,592
55,484
112,505
115,611
135,57
42,295
161,851
28,356
182,678
97,125
196,776
197,403
158,551
38,42
172,143
166,88
50,216
28,451
155,29
153,105
112,696
46,181
123,189
25,977
180,365
49,310
22,402
200,423
51,84
52,485
136,77
199,355
15,514
145,379
34,465
61,369
71,145
91,287
21,808
58,310
45,91
181,630
170,74
181,155
118,629
34,890
14,387
170,3
71,363
41,944
70,396
10,226
151,505
60,382
50,571
176,424
42,525
105,114
41,931
137,15
175,894
80,937
144,337
193,134
97,318
120,462
20,655
135,864
129,897
140,451
4,150
61,181
197,670
24,427
165,324
23,893
186,715
41,962
127,817
12,929
185,519
70,235
121,868
135,560
110,965
172,557
100,325
165,720
1,533
128,217
193,211
100,497
161,394
80,850
7,284
199,957
58,492
161,137
88,728
98,933
72,579
52,92
17,358
95,626
189,256
9,840
55,708
65,295
123,562
192,209
134,664
54,525
124,947
89,657
129,520
83,263
81,194
62,945
197,999
44,783
75,722
188,585
171,417
187,434
36,322
19,638
122,146
77,820
6,724
125,844
126,876
69,142
25,818
86,840
106,700
159,794
185,197
27,167
2,674
128,380
126,747
96,747
132,94
70,115
186,933
183,435
28,700
170,819
107,910
178,419
181,718
42,371
68,714
54,917
70,838
172,697
143,263
83,712
119,996
187,586
174,61
2,930
122,967
142,536
99,952
148,595
101,594
198,162
157,819
197,478
195,433
44,70
145,844
178,183
35,880
92,495
2,78
54,531
29,197
60,916
146,120
33,587
118,498
130,791
78,506
12,762
2,414
28,343
69,546
115,412
167,487
58,445
147,434
25,737
28,200
157,717
1,811
166,858
38,780
128,561
168,227
46,610
87,823
114,903
94,814
89,712
45,524
106,467
32,666
85,359
108,342
31,814
9,780
163,48
26,189
39,777
137,302
175,315
36,880
95,801
121,679
62,909
115,274
56,637
160,972
60,203
57,748
66,988
47,72
177,469
8,220
145,734
35,291
51,926
164,775
98,480
21,712
11,444
168,90
41,491
179,976
26,421
193,782
158,511
68,403
122,964
63,644
191,841
29,229
38,942
62,565
196,336
124,154
124,373
125,74
71,792
112,572
127,998
44,846
133,327
61,633
31,663
163,395
183,56
119,601
134,258
116,352
180,286
188,932
184,118
16,485
200,491
18,391
74,307
91,474
88,423
97,628
176,438
46,363
62,29
134,419
191,964
142,638
69,737
200,977
132,753
42,471
154,148
162,675
161,610
98,214
130,90
148,265
28,913
158,304
26,955
30,565
14,867
147,137
114,866
61,103
146,145
93,821
107,944
39,362
38,204
16,300
146,715
167,192
2,283
101,375
27,275
199,81
52,849
68,843
105,623
181,605
129,201
167,841
198,305
144,10
164,593
125,448
48,979
199,943
116,170
65,774
12,160
159,118
29,952
7,780
60,626
191,697
61,720
175,146
127,123
23,728
83,451
111,481
136,12
37,43
145,381
172,292
36,681
152,193
24,155
63,691
116,506
144,488
41,204
196,466
105,802
56,305
19,665
65,464
36,879
10,408
112,782
157,261
111,182
119,614
30,816
3,645
172,102
131,654
183,612
176,53
29,149
44,18
111,957
159,487
167,734
200,597
9,667
39,250
63,160
116,144
6,279
174,868
3,253
173,410
23,177
108,800
181,69
74,643
30,820
46,3
86,944
133,344
184,834
141,999
142,165
131,447
156,646
111,994
179,367
182,829
103,765
1,978
147,158
137,411
52,660
69,308
23,404
146,148
197,755
133,36
57,749
169,796
18,731
93,683
163,720
169,183
160,127
66,643
100,725
65,712
181,298
175,129
33,329
116,530
103,65
172,240
154,691
100,153
98,921
154,295
118,305
112,324
93,875
175,982
115,675
56,100
49,395
68,682
134,638
54,223
184,492
186,116
67,917
179,866
24,383
90,516
106,852
116,517
75,636
48,255
30,256
94,387
86,159
170,931
181,564
132,316
72,625
9,811
90,665
177,646
140,134
80,110
174,453
197,787
191,769
138,211
120,740
191,663
45,609
83,875
35,809
149,511
147,460
108,633
119,70
56,178
152,217
7,447
94,993
10,477
148,757
52,799
141,622
83,627
64,657
102,124
139,357
114,777
174,431
113,313
192,742
35,630
61,619
73,635
166,830
193,881
6,891
36,77
181,202
170,181
123,228
76,39
37,783
101,306
13,36
120,546
6,698
118,431
118,712
39,100
195,475
2,632
136,766
140,739
8,16
194,333
1,979
84,552
197,894
3,759
49,927
80,460
195,825
105,195
138,685
153,873
190,4
66,429
149,7
189,581
15,437
22,628
197,614
110,920
81,982
123,25
18,448
174,464
54,536
144,466
142,114
76,97
136,565
11,789
133,601
47,727
117,876
77,131
47,177
32,513
85,99
161,1
28,93
85,965
105,261
44,493
118,896
107,232
88,592
36,930
136,507
18,147
55,665
93,869
75,89
177,518
152,620
133,72
79,530
183,986
72,796
114,923
91,222
70,917
119,940
26,872
29,206
76,746
161,2
39,447
146,414
20,32
189,133
117,817
112,197
140,648
182,406
18,19
127,271
4,634
9,954
71,325
152,124
89,743
30,159
1,790
86,168
160,627
51,125
176,213
177,188
112,9
102,206
10,928
118,437
61,428
148,491
174,135
105,247
110,582
33,656
86,662
41,240
52,101
113,232
18,808
8,741
83,50
136,678
46,125
142,463
22,975
54,457
96,4
143,667
51,81
141,953
70,892
34,768
101,592
197,539
7,511
191,155
18,295
9,918
111,588
68,5
64,933
143,847
193,760
112,36
184,722
76,250
69,660
2,373
117,487
188,560
57,296
67,46
122,859
135,858
22,371
130,881
2,452
97,531
37,162
195,454
55,88
86,739
171,909
34,144
70,366
37,285
140,85
43,478
11,366
172,736
194,339
55,690
78,41
79,370
111,796
51,909
80,816
103,962
20,906
61,213
162,825
11,743
20,101
194,994
150,321
22,114
68,51
106,312
98,849
58,70
101,645
31,710
112,37
127,225
96,748
127,399
198,706
75,292
170,896
170,172
177,731
151,336
121,707
116,861
166,378
88,266
13,246
39,351
23,596
159,320
119,829
28,255
151,759
97,282
72,240
148,316
156,353
19,383
85,370
188,716
115,90
90,119
49,406
146,649
13,18
131,726
193,318
101,328
173,160
49,757
94,582
20,253
184,388
59,397
16,274
150,123
193,824
141,717
99,535
138,363
113,870
195,489
23,389
85,706
51,881
176,560
39,756
40,299
17,332
102,539
49,51
182,894
137,542
188,677
74,823
168,452
179,189
186,621
28,437
12,269
82,846
20,493
128,993
27,267
187,527
91,740
146,610
10,859
47,312
59,587
183,917
16,754
158,436
146,367
18,11
163,65
21,410
173,973
165,138
2,968
34,245
172,198
200,208
76,62
108,449
58,732
165,898
85,425
169,210
150,66
18,529
172,424
24,505
80,431
145,842
72,955
151,904
145,911
176,200
170,703
113,203
194,259
123,264
120,189
84,98
42,347
87,728
67,70
125,403
31,303
77,570
183,765
65,915
7,493
90,849
118,606
81,40
150,494
138,223
141,138
60,201
1,902
161,883
139,8
128,119
115,287
50,998
10,300
25,77
144,628
135,513
18,483
4,177
123,515
37,843
118,708
118,28
57,836
192,212
178,715
104,133
160,789
117,822
98,667
95,735
123,469
197,984
116,196
185,799
41,2
47,238
87,897
159,523
100,104
181,603
38,629
159,278
60,36
167,987
49,637
5,681
167,545
77,636
45,930
108,79
190,565
156,425
20,14
26,690
164,6
191,670
21,934
104,678
110,28
26,819
100,631
130,285
17,783
49,898
169,24
180,812
132,823
57,936
127,52
94,869
98,596
125,34
49,4
29,911
51,382
135,723
28,856
101,190
166,708
153,155
112,490
1,513
102,101
52,73
86,645
50,4
32,619
108,458
75,433
193,774
104,204
87,792
132,1
76,483
184,111
158,71
41,909
86,715
122,991
88,255
78,306
46,238
40,244
12,906
136,582
67,599
151,469
77,59
26,677
25,608
123,590
97,705
185,908
166,612
149,519
176,988
95,885
118,140
173,735
175,956
40,488
30,739
68,563
187,112
124,374
48,638
116,892
85,404
141,660
88,463
128,619
182,841
120,241
159,75
107,712
21,607
36,620
117,466
99,615
82,292
81,671
37,577
151,522
153,364
53,458
118,454
6,628
168,623
108,104
108,294
142,309
4,831
195,110
29,395
79,39
181,910
107,766
105,618
5,907
22,479
107,32
127,717
158,579
182,701
38,945
107,902
151,394
182,191
115,457
7,968
18,253
200,204
21,132
139,644
41,255
103,637
54,363
63,216
124,26
22,246
45,857
88,246
158,330
194,258
161,386
26,181
81,422
121,107
87,282
176,987
69,652
135,818
136,383
148,183
51,570
124,604
90,342
32,181
45,192
92,527
51,579
156,121
157,689
92,742
183,699
147,976
122,460
36,870
137,601
120,453
176,449
185,942
168,993
55,952
195,359
48,493
176,666
106,753
60,247
144,823
61,438
197,25
54,308
169,162
182,874
79,353
166,855
26,694
55,458
86,898
192,422
93,88
30,264
119,247
55,316
89,21
26,977
67,514
103,744
80,185
46,131
157,956
45,31
39,359
23,651
125,315
176,507
139,787
180,558
120,705
63,823
14,400
115,775
101,438
132,900
176,444
77,103
194,643
89,385
67,624
45,523
175,518
145,41
52,667
116,398
178,988
162,9
40,937
157,212
65,317
70,467
23,507
29,461
39,529
83,487
118,450
152,875
99,682
39,574
115,7
144,445
54,190
142,569
40,890
196,888
24,764
62,404
91,820
30,732
12,641
14,513
75,426
114,590
111,544
106,940
37,595
13,556
106,25
143,60
111,173
147,95
97,684
17,329
185,690
93,496
132,643
7,862
21,148
27,754
35,342
104,92
119,868
106,824
188,514
58,988
195,423
53,942
78,388
149,858
39,315
11,336
106,548
162,915
75,813
34,648
181,539
1,694
22,45
128,638
195,359
175,696
28,685
191,895
147,673
91,799
177,441
35,504
4,674
147,796
157,601
120,251
170,715
75,612
52,796
50,24
38,593
42,899
75,477
158,197
140,540
45,194
152,155
154,525
91,811
150,480
86,876
1,931
26,153
48,688
103,82
2,730
46,623
172,28
109,394
125,583
184,467
84,636
171,103
164,352
102,455
194,60
89,145
22,41
165,504
83,404
133,664
34,281
124,519
187,629
50,751
7,31
37,445
46,647
192,991
138,91
51,701
53,624
5,412
159,852
52,704
150,425
165,557
115,225
155,742
60,325
200,679
12,234
63,235
163,221
93,300
194,847
77,751
77,302
45,167
44,992
18,991
77,802
195,497
89,215
69,401
50,859
2,565
172,308
86,609
150,924
115,287
167,608
152,888
42,354
198,160
3,874
93,993
126,691
96,983
26,599
137,216
178,337
122,121
24,268
160,856
52,786
173,907
78,250
178,154
22,146
81,19
111,516
189,561
5,382
5,809
101,298
58,438
123,444
24,922
124,211
196,521
44,86
113,211
183,919
175,716
42,714
179,195
26,366
84,901
145,907
19,593
49,341
154,243
105,108
110,993
13,846
97,785
76,108
36,16
32,400
175,16
74,274
129,698
173,810
97,301
114,809
104,399
88,609
110,783
194,362
56,114
91,757
104,72
150,936
1,217
9,661
141,767
46,50
149,471
107,28
6,195
46,377
52,428
187,948
44,261
131,494
25,541
152,636
99,797
179,946
23,28
43,194
71,261
125,549
129,372
51,966
14,905
170,112
76,522
14,201
17,954
63,260
111,594
140,27
100,445
139,669
143,355
23,993
109,483
20,632
3,377
158,827
159,831
199,694
66,249
40,938
102,551
153,415
75,116
143,115
88,808
190,995
170,916
11,149
28,104
22,105
178,629
179,60
109,533
137,123
80,33
76,772
128,546
141,279
59,617
84,637
2,893
118,297
126,508
198,727
119,394
151,750
63,142
14,717
170,224
198,466
2,387
85,637
137,316
45,223
171,465
160,182
81,924
44,360
8,38
94,801
10,642
17,751
152,999
14,687
80,602
7,597
180,196
143,425
78,117
148,379
104,411
188,531
165,569
144,583
164,831
186,502
191,621
62,652
188,66
21,117
118,100
4,520
150,734
68,138
106,396
85,889
91,980
188,62
186,258
56,446
180,508
116,960
17,140
137,584
6,859
34,821
48,86
93,59
60,433
184,815
186,767
82,396
131,907
83,994
84,227
137,397
167,289
8,299
176,993
3,435
163,849
60,483
93,190
174,310
56,379
194,859
96,5
10,878
110,876
172,193
44,257
25,458
198,96
93,590
194,691
120,380
90,848
103,757
100,762
193,904
42,191
170,527
103,344
80,200
6,408
93,99
145,811
167,989
154,544
123,625
60,518
195,21
124,315
136,1000
143,800
38,626
123,815
101,684
171,762
198,101
168,375
179,639
200,718
168,148
66,905
40,694
36,171
33,529
172,532
71,38
79,371
76,799
34,803
24,87
72,562
196,381
54,610
39,627
183,815
116,47
108,374
109,82
170,963
124,82
186,913
34,425
63,733
5,274
143,657
166,841
38,973
72,746
15,908
52,808
129,682
78,675
44,202
141,975
192,796
5,574
93,665
39,147
59,973
118,401
193,739
185,218
79,546
53,529
145,356
108,981
4,757
71,911
35,543
94,988
79,140
55,261
149,361
190,228
150,253
90,104
136,524
147,309
59,578
160,503
105,145
197,620
155,583
30,31
167,591
102,145
125,669
35,754
136,633
33,462
52,548
169,897
149,77
184,771
149,398
22,165
27,163
21,627
27,332
46,631
178,738
73,935
42,640
132,53
118,545
136,385
163,276
82,573
93,853
167,751
85,19
38,376
161,722
124,628
148,70
149,585
81,829
197,470
198,58
143,167
192,743
50,632
137,546
39,714
73,925
101,60
124,594
106,875
65,885
183,480
83,550
147,269
18,371
73,340
150,579
6,499
134,115
104,249
44,396
138,5
6,326
174,385
80,690
32,882
177,464
27,619
169,327
13,565
88,208
178,837
72,33
122,321
79,683
113,675
109,821
73,942
40,430
63,510
126,143
154,951
27,894
137,545
164,885
196,845
172,90
86,868
73,996
12,711
157,668
59,564
183,86
62,317
109,635
177,33
32,429
15,594
53,785
198,145
104,367
28,494
72,342
192,643
17,21
67,559
6,510
24,136
105,273
55,934
65,797
86,461
95,101
122,17
169,404
92,649
117,544
118,968
81,98
113,438
187,181
85,38
87,316
96,109
123,796
93,579
71,7
78,622
181,575
116,224
91,462
2,923
121,320
140,110
185,329
17,722
61,425
86,130
188,828
76,54
148,414
21,777
2,94
160,497
146,122
75,625
70,944
191,92
55,234
135,589
89,828
170,616
50,265
20,173
187,1000
28,271
71,498
126,275
198,520
51,700
103,394
50,165
199,978
176,911
188,507
139,680
183,160
176,991
99,982
95,869
117,21
151,24
24,192
138,578
32,534
88,401
171,771
163,628
59,857
59,377
175,491
62,207
75,829
16,14
69,360
50,694
198,227
195,731
147,265
190,271
113,115
84,793
66,945
102,205
18,723
13,738
142,750
169,558
158,253
19,283
161,724
94,720
37,567
53,574
99,834
11,186
18,244
167,567
35,441
67,521
31,849
114,548
132,714
19,591
195,892
112,590
13,834
55,142
62,682
163,431
89,185
132,77
47,557
172,804
120,130
50,134
149,57
120,922
166,569
118,822
79,262
20,271
15,996
199,620
66,901
68,739
116,675
39,422
175,57
83,67
181,682
138,842
119,593
78,320
56,188
152,645
30,897
174,565
52,759
107,263
70,600
134,836
128,875
69,165
124,383
64,736
159,384
29,93
65,875
153,771
20,973
67,777
150,284
104,861
90,849
129,537
56,86
56,82
198,702
78,248
158,633
102,886
129,805
168,248
155,131
77,458
14,697
169,374
91,630
152,517
52,985
115,553
85,403
193,148
160,975
148,285
62,449
188,571
91,778
126,419
102,777
78,824
75,505
20,982
193,979
83,233
61,195
24,9
31,831
162,765
71,288
122,539
140,243
139,239
56,389
16,110
129,807
69,679
129,453
135,649
57,942
59,889
68,894
11,125
39,878
39,199
128,590
175,630
106,438
118,152
152,568
33,378
65,170
92,529
138,737
148,328
183,620
38,751
146,344
172,148
163,509
14,826
100,827
159,376
199,445
164,435
183,746
22,232
183,697
40,502
113,205
58,223
196,124
47,721
83,922
25,448
70,444
156,953
193,450
77,218
25,45
143,667
37,296
69,892
145,923
75,111
64,464
126,745
134,121
125,645
166,600
21,152
105,233
136,594
10,48
101,127
64,248
3,877
45,988
4,846
67,649
38,822
26,999
138,429
113,692
91,220
112,928
170,211
29,185
123,710
117,564
13,711
171,377
82,681
164,440
98,894
79,327
98,658
75,107
52,467
1,420
109,442
137,688
39,230
32,840
44,606
116,929
60,437
3,854
77,911
118,299
172,783
177,877
198,863
158,430
121,411
34,768
157,891
50,357
74,948
179,875
109,984
103,675
133,249
59,490
183,796
85,54
64,173
22,767
43,881
78,930
99,49
45,831
161,13
87,771
137,294
176,299
81,307
27,674
124,677
108,76
82,184
184,166
87,332
177,242
198,358
16,742
93,407
22,10
109,180
190,884
32,302
194,108
107,160
118,603
162,181
15,832
62,515
72,710
24,959
175,608
173,941
82,683
160,875
194,993
44,231
194,615
9,713
24,942
42,202
88,178
8,276
90,884
168,401
17,799
94,616
52,435
11,209
30,976
46,406
27,811
175,877
97,319
64,168
72,507
55,544
182,658
70,213
19,623
194,156
154,806
39,112
90,559
3,314
79,186
4,831
13,341
31,457
187,460
14,680
85,437
159,309
84,570
139,201
17,152
24,267
14,25
199,472
82,386
9,995
144,82
155,186
39,504
49,995
150,150
22,97
151,659
123,901
45,812
118,648
85,968
66,264
134,740
167,781
71,605
14,687
188,104
71,624
54,190
142,394
2,380
122,263
156,327
125,341
22,106
33,149
98,239
65,694
196,58
154,780
137,466
33,837
39,967
123,894
153,90
106,852
107,272
66,901
81,896
40,515
57,972
71,165
37,749
141,47
112,332
200,168
90,917
135,753
139,46
12,391
106,501
59,776
143,341
157,368
19,844
181,63
10,133
200,762
60,479
70,913
195,67
30,756
32,169
10,709
108,279
92,734
20,584
15,894
55,517
171,425
5,206
135,647
130,966
175,73
150,238
179,105
36,732
19,179
122,249
155,992
43,130
135,597
161,950
159,640
54,426
65,101
82,895
178,417
17,317
43,990
31,13
182,518
130,106
163,600
73,871
141,682
103,930
64,172
29,557
71,828
89,187
132,238
35,548
180,833
6,154
86,528
187,752
27,247
134,194
128,590
105,307
9,60
184,207
8,797
81,358
15,273
25,787
86,940
32,584
156,31
140,775
88,516
104,418
110,469
149,307
91,957
87,89
193,288
17,89
85,321
33,953
122,242
144,56
97,400
169,476
134,927
82,341
175,876
99,447
139,33
7,181
120,285
86,923
11,972
57,258
80,406
22,461
121,401
144,117
159,577
140,62
161,763
197,998
19,677
8,467
37,391
64,920
149,733
10,685
34,299
145,900
89,301
100,977
96,259
45,234
192,123
124,350
90,949
36,571
108,158
31,16
27,852
16,267
173,652
193,95
136,328
38,518
123,193
182,337
134,502
196,837
146,142
61,218
14,369
101,279
143,90
110,701
23,61
147,341
69,103
200,211
44,479
75,889
50,715
17,853
200,46
57,972
111,262
141,171
9,973
170,934
150,157
3,671
7,470
113,997
143,677
156,234
93,61
129,185
104,972
44,11
55,832
147,343
67,928
61,49
77,619
19,419
180,632
86,153
51,99
25,256
12,360
1,433
144,503
4,981
22,907
22,692
24,96
35,629
94,314
116,5
90,407
73,273
50,723
198,719
28,183
183,806
183,612
162,456
40,521
186,572
155,443
30,369
192,131
14,353
154,205
152,910
188,676
6,609
18,616
174,935
27,443
74,25
132,991
30,959
121,273
19,412
62,950
51,897
18,592
29,360
41,463
112,237
104,673
130,87
188,533
114,696
131,554
110,507
191,234
80,323
130,191
114,974
67,928
112,74
61,81
109,914
167,872
57,338
30,414
43,650
108,402
153,303
153,432
158,471
148,866
136,596
141,281
137,884
164,437
122,94
110,868
5,660
156,664
9,590
151,255
97,138
55,544
106,16
146,632
158,616
113,678
62,573
84,646
196,945
63,299
126,975
132,938
148,108
116,812
197,692
32,265
187,154
193,667
185,112
24,80
37,116
39,729
183,363
107,400
161,89
107,991
170,928
144,807
173,95
148,680
21,347
177,268
58,570
139,162
34,973
139,398
62,423
94,717
189,589
36,211
195,393
166,780
129,45
183,302
156,788
113,114
14,911
15,193
24,600
87,111
107,239
89,174
97,808
94,790
78,824
65,647
126,301
75,539
161,107
196,290
113,420
64,362
199,565
151,741
97,71
112,254
48,70
76,541
33,584
180,119
114,824
128,301
116,606
155,868
48,717
199,650
183,895
166,407
39,929
86,643
111,171
18,730
177,380
21,334
127,872
103,275
27,573
88,150
66,629
10,429
140,572
148,100
3,170
118,337
98,411
66,415
84,599
162,936
54,188
105,797
75,345
151,531
26,631
14,402
97,245
77,573
154,523
187,151
23,140
59,538
24,940
55,394
198,679
177,694
173,624
3,808
151,151
196,602
134,16
85,692
180,297
25,683
112,495
36,706
129,447
111,48
118,822
96,995
65,358
99,289
38,618
182,213
160,664
53,634
162,265
178,861
90,634
8,759
128,838
5,750
98,36
132,667
177,750
74,890
96,326
29,652
34,893
134,727
175,520
136,923
79,439
4,471
90,682
178,732
51,313
82,7
114,189
176,712
19,633
130,741
163,876
90,63
169,818
128,622
46,639
43,623
38,298
55,846
5,244
191,666
123,573
47,954
34,778
151,379
144,137
52,164
21,531
99,148
59,508
101,496
196,453
39,291
118,899
12,803
138,682
137,569
23,604
48,468
133,286
77,690
71,898
177,875
70,535
54,789
108,965
119,44
19,716
134,999
186,215
182,6
183,969
171,888
100,970
43,308
177,650
77,158
27,173
73,409
21,396
141,702
26,531
28,596
159,229
176,696
122,705
162,44
193,768
94,714
182,467
179,629
10,552
85,372
57,54
122,583
106,689
121,511
149,606
55,708
95,465
141,942
42,954
89,293
116,18
145,648
172,206
99,565
14,519
107,289
122,985
29,667
165,295
48,76
13,535
18,579
7,308
17,818
106,801
132,506
58,550
109,457
126,94
152,156
83,208
22,756
183,26
6,948
77,849
144,584
141,461
14,16
121,574
103,369
196,926
26,624
51,661
98,290
48,978
48,19
20,451
59,214
142,568
105,64
98,408
9,2
60,900
72,972
11,39
94,146
165,1
110,612
178,519
76,603
173,400
10,737
159,390
75,31
133,689
6,317
32,627
96,795
25,115
185,537
51,7
160,102
99,463
163,588
158,240
73,542
178,397
150,888
146,251
80,580
89,798
102,461
47,598
62,425
179,244
13,197
145,217
150,96
56,716
37,923
29,134
191,576
171,813
12,370
116,920
159,599
1,356
196,778
117,259
170,20
177,599
74,865
185,263
41,289
27,522
27,246
185,933
40,208
42,769
181,686
192,448
5,415
194,721
75,118
124,25
141,725
143,556
27,924
39,985
124,536
9,491
173,219
166,892
58,543
86,575
8,945
79,985
95,483
25,202
3,323
75,700
64,823
198,208
4,235
99,262
144,499
16,948
105,159
37,449
130,473
103,849
133,427
20,406
123,698
195,549
47,437
138,164
165,61
114,261
199,243
114,764
145,44
24,663
112,927
56,875
170,637
70,1000
31,155
109,185
161,359
67,771
198,133
163,325
169,781
109,115
8,525
9,441
180,580
142,65
183,703
191,984
165,876
184,281
180,197
151,785
179,271
112,76
134,214
20,544
86,834
139,840
145,196
48,356
16,417
84,573
138,35
171,533
155,494
150,853
179,417
192,41
58,99
179,775
120,332
54,711
29,441
13,512
172,332
18,395
112,22
197,649
17,538
22,60
9,923
185,139
60,683
177,506
170,861
39,243
132,311
82,461
27,552
84,448
56,694
145,454
92,565
109,121
154,951
164,20
177,686
151,176
169,159
104,438
73,654
28,709
162,314
156,49
181,349
143,832
194,743
82,896
33,221
152,771
69,301
15,375
86,790
184,286
197,408
11,479
87,313
94,881
65,478
83,678
191,85
155,188
194,203
141,880
57,615
46,225
200,286
74,689
184,146
113,84
122,438
169,193
190,664
117,456
137,30
20,351
4,765
178,846
97,593
123,463
8,953
95,738
178,728
130,621
30,494
129,71
145,359
33,40
45,767
100,205
175,930
40,289
132,876
144,839
38,704
191,712
181,750
188,359
27,609
132,531
179,829
101,386
54,48
188,128
186,437
50,684
146,742
164,218
132,856
119,126
89,807
102,290
79,89
127,958
44,491
92,320
20,207
160,997
92,586
47,858
200,358
153,342
89,760
111,325
188,208
176,503
73,468
173,563
44,462
96,175
35,1
80,148
74,49
12,17
78,698
200,778
182,103
117,993
4,485
198,701
12,492
52,387
137,438
17,615
61,557
129,127
133,154
146,244
129,485
101,108
40,403
181,878
99,998
22,733
61,194
19,194
10,471
47,38
173,692
178,623
26,182
128,593
160,293
104,558
96,946
99,613
98,981
94,728
67,761
52,315
47,77
171,297
5,516
138,435
189,240
106,594
67,224
172,129
166,797
13,648
147,822
125,298
1,394
41,445
26,548
113,229
51,264
160,611
53,819
172,579
18,557
81,870
74,843
24,934
6,231
159,156
30,727
131,615
99,529
11,887
101,147
119,53
99,654
21,450
1,361
171,922
33,714
190,526
24,442
147,449
18,376
38,806
132,545
144,751
3,26
98,8
101,83
49,706
56,109
130,701
43,811
188,670
41,795
22,386
5,314
6,189
122,417
129,868
80,766
34,813
194,261
53,774
22,710
153,185
60,786
141,188
21,56
101,699
128,885
9,719
115,832
179,892
153,364
7,194
188,640
72,567
191,925
175,420
63,41
3,337
87,927
39,129
194,334
82,488
54,856
132,401
62,687
146,641
40,705
7,862
63,85
35,801
53,646
157,817
106,105
181,336
19,328
26,586
99,249
36,955
86,884
17,475
124,985
147,591
136,420
41,442
73,977
107,153
20,549
58,225
97,369
178,439
164,453
40,685
39,657
15,184
151,150
97,667
183,343
92,564
53,894
165,415
106,333
112,700
10,903
1,67
47,691
23,601
37,998
140,416
41,782
138,662
182,114
136,103
107,28
155,583
196,922
168,189
185,851
11,663
28,89
94,971
157,571
160,175
93,386
33,535
80,703
173,542
82,321
138,973
199,193
139,418
71,819
76,53
26,119
47,690
102,72
190,423
114,951
109,561
166,571
15,627
14,650
49,158
128,199
128,155
94,231
141,60
59,700
154,421
38,801
117,724
114,288
57,157
174,417
199,400
37,635
126,661
162,428
2,152
97,83
26,667
75,498
120,223
60,975
34,652
194,573
131,89
168,509
79,300
97,562
117,126
39,704
159,192
61,377
47,885
68,736
62,871
134,875
89,636
53,477
24,757
193,862
187,221
147,327
39,538
112,636
195,868
160,853
198,21
41,567
65,220
162,377
65,82
109,228
86,906
177,40
108,953
142,484
175,958
116,605
131,467
178,600
133,427
56,174
1,616
169,665
21,460
147,215
107,381
28,509
182,503
57,712
8,493
120,363
178,695
31,492
73,998
129,183
10,737
50,584
96,575
117,563
99,822
44,372
72,160
38,72
123,482
83,657
149,116
133,702
45,727
133,243
147,686
156,880
179,218
9,989
167,704
143,988
72,751
90,763
137,615
114,94
160,926
195,969
10,997
13,120
73,380
162,107
56,861
31,61
72,829
74,394
65,274
170,475
58,868
75,74
78,456
35,990
110,468
20,487
166,634
191,474
95,488
181,827
108,990
122,69
159,164
47,459
122,374
60,183
145,47
88,378
104,895
37,636
10,517
166,868
124,785
155,131
101,619
114,605
97,302
31,378
73,101
71,698
93,897
6,280
42,695
35,224
152,477
146,575
9,817
145,411
100,677
185,119
198,382
18,532
29,970
83,74
171,946
37,539
168,829
79,783
185,665
197,865
79,339
128,450
28,987
60,648
147,799
19,305
118,12
117,19
160,463
200,3
178,731
184,316
25,629
110,226
198,461
137,971
115,938
120,69
139,461
95,309
48,866
153,146
116,128
98,874
197,251
64,612
10,393
1,38
23,716
183,42
65,890
27,333
199,348
92,643
172,390
23,667
14,566
174,844
61,511
189,661
25,946
4,360
102,312
10,466
49,902
188,605
134,483
22,184
58,316
17,539
127,699
194,300
58,103
29,8
136,781
59,269
57,560
148,600
104,15
107,868
66,335
164,822
17,134
78,861
93,544
33,971
87,510
20,847
152,205
66,72
178,638
56,33
56,916
178,802
138,680
165,372
14,887
95,869
59,564
25,233
43,922
22,408
29,319
74,297
32,336
174,202
17,867
126,812
55,965
46,304
14,787
44,853
47,46
185,181
140,856
54,948
121,823
82,306
76,294
10,981
159,875
32,202
122,403
93,732
47,920
117,264
114,269
126,382
65,843
166,345
110,401
181,793
16,818
40,100
181,262
73,574
181,767
187,39
88,730
95,563
120,738
116,594
129,190
182,970
192,417
176,676
6,265
170,777
75,85
174,239
192,637
174,173
19,667
176,133
1,369
132,816
130,48
49,634
18,947
178,1000
172,970
166,211
15,242
15,768
162,102
137,98
190,790
66,740
22,403
149,52
112,447
25,306
100,656
106,107
22,949
56,699
110,965
148,17
157,419
138,367
150,413
148,508
15,589
146,402
42,486
15,548
63,777
34,670
122,476
105,981
90,367
175,48
27,680
19,741
196,154
52,753
109,144
139,1
54,249
143,225
24,11
7,89
54,61
141,132
43,941
25,580
135,777
191,972
200,294
106,504
113,357
181,39
159,996
146,180
145,798
74,168
174,192
111,759
163,303
176,458
110,79
68,333
73,879
152,362
150,181
161,659
43,651
98,636
19,61
4,496
24,979
4,82
2,573
65,430
57,413
69,863
127,611
9,620
186,879
67,601
196,362
10,403
5,306
160,157
139,453
52,879
136,673
97,32
54,290
53,723
25,728
24,76
37,30
63,305
153,184
117,420
72,249
126,192
73,134
149,394
76,321
54,459
3,470
150,535
197,601
137,573
200,414
54,78
173,735
147,334
140,718
58,911
57,72
9,13
32,405
16,618
20,170
18,246
89,680
32,876
75,150
53,133
69,430
76,298
85,486
178,103
10,648
106,992
60,448
114,603
69,633
172,982
134,30
96,101
15,362
165,83
190,381
37,157
118,421
13,412
39,527
110,677
140,111
150,399
158,281
70,464
105,105
196,25
7,304
45,649
87,615
188,46
73,304
128,925
79,851
189,181
177,114
99,539
63,547
39,632
92,454
172,649
44,389
78,164
107,613
102,200
186,641
82,879
53,77
54,492
140,456
116,123
174,110
162,862
148,620
49,449
186,61
88,382
55,772
66,16
44,288
29,236
29,944
98,77
151,37
130,580
121,263
118,421
3,423
9,867
163,839
110,786
42,322
64,12
136,974
103,785
103,877
91,597
163,96
168,427
112,826
86,193
166,478
63,538
39,938
70,66
173,28
129,894
42,454
59,354
76,333
131,826
133,112
92,555
69,840
154,267
85,45
67,359
159,986
112,645
20,939
135,615
180,300
152,527
147,365
2,768
14,350
184,472
51,908
152,150
95,539
115,185
145,602
157,680
117,158
56,454
168,812
135,777
41,501
98,553
46,848
142,97
148,987
108,853
174,314
200,516
80,798
31,694
49,214
8,283
163,77
83,45
189,723
141,429
181,27
187,927
154,886
42,707
53,262
95,711
33,440
130,140
70,633
173,338
105,1000
22,930
139,241
1,952
104,521
2,205
159,516
110,67
191,534
82,488
94,535
49,680
102,991
7,319
7,516
80,575
52,467
70,921
7,85
2,337
189,956
3,937
50,398
16,453
34,988
37,993
47,861
57,542
129,964
106,257
83,458
63,534
14,277
171,488
154,493
58,839
37,440
11,642
71,949
179,819
137,68
88,20
185,852
161,993
124,778
156,474
88,25
192,677
52,182
91,149
47,544
79,493
69,192
153,758
64,913
110,847
188,42
188,598
170,30
62,213
75,520
113,835
175,205
157,199
106,508
156,645
70,218
112,556
1,562
69,515
93,811
20,645
17,155
32,167
190,343
166,785
100,269
103,46
169,221
168,907
54,872
152,716
147,272
184,485
172,53
157,392
118,22
45,695
164,36
84,500
198,244
6,925
186,149
26,806
136,232
157,396
182,537
41,608
5,260
155,880
95,147
35,651
84,426
41,298
58,528
136,32
195,29
42,444
194,65
123,974
43,526
190,960
22,182
181,169
192,114
178,235
167,911
41,136
12,633
172,39
74,559
22,799
85,32
113,561
133,785
42,964
89,470
7,729
190,418
37,307
14,183
134,739
111,27
184,233
101,446
124,894
95,415
119,881
184,394
107,382
97,144
186,671
198,833
125,890
80,174
70,387
137,403
21,667
57,608
85,217
153,208
127,898
171,720
165,962
58,375
91,484
35,624
43,451
22,557
141,132
194,168
15,242
100,210
91,605
145,732
188,714
140,809
187,997
177,522
22,846
42,942
179,662
5,937
183,457
32,754
136,486
85,853
21,888
78,480
24,770
152,154
109,71
9,149
127,663
135,346
196,769
151,795
176,723
19,796
160,295
127,208
123,279
63,457
169,986
49,470
102,759
2,905
193,100
12,864
5,901
56,233
62,575
11,89
147,36
94,694
16,661
36,222
30,342
181,714
70,294
63,695
131,720
192,609
73,931
99,437
176,25
73,497
146,508
129,668
18,269
38,447
112,184
92,276
6,351
53,228
132,515
122,700
60,949
29,622
24,811
46,765
149,963
20,722
53,988
13,173
192,318
166,577
75,303
20,575
19,308
36,214
12,731
61,573
49,778
61,552
45,497
70,691
36,950
30,433
198,308
181,988
114,387
77,782
64,498
193,633
55,174
10,762
174,556
73,490
116,394
122,908
33,806
64,997
98,59
63,749
179,676
31,932
6,62
12,719
110,401
47,570
10,904
117,744
26,696
115,45
18,553
183,372
30,918
163,794
152,799
30,807
172,499
72,5
45,232
17,737
11,333
174,166
148,743
62,149
27,722
92,490
186,868
44,334
61,288
148,257
93,833
141,6
101,14
56,814
82,808
104,583
176,889
128,632
93,169
8,127
179,366
92,4
165,226
111,214
26,390
178,857
82,451
47,669
58,817
103,760
37,913
195,919
154,737
134,623
61,369
102,846
60,427
152,704
114,239
42,149
87,160
144,262
93,172
149,116
79,823
197,619
162,799
39,957
87,680
134,953
62,224
126,631
11,676
190,931
14,620
147,629
190,617
65,400
121,668
95,289
1,694
150,772
43,725
132,939
183,954
156,290
114,678
131,445
16,130
168,292
190,564
194,777
154,785
154,896
35,783
29,540
127,973
175,153
25,497
39,58
173,516
132,385
48,657
2,603
41,726
95,725
171,847
149,957
132,282
67,516
120,167
94,189
159,460
123,381
133,914
195,614
92,157
116,573
26,420
36,218
193,158
1,606
15,52
88,402
134,376
4,354
189,628
121,957
115,845
140,292
23,934
6,240
103,687
154,815
155,218
88,409
75,120
133,919
197,337
131,49
67,655
123,281
180,847
164,964
182,404
27,960
186,238
125,547
154,441
131,862
11,814
79,644
194,748
151,360
181,902
186,329
123,924
67,778
144,318
198,657
177,608
170,42
33,722
23,591
44,594
48,883
179,485
184,994
158,641
41,564
133,817
74,796
114,477
75,544
154,578
122,703
75,806
42,156
61,242
129,88
66,525
1,538
133,512
111,791
93,376
79,642
93,218
146,357
124,214
108,300
138,514
163,262
63,884
42,465
162,857
8,737
143,53
29,40
60,496
39,764
164,949
78,147
151,586
200,598
100,606
190,669
110,203
11,147
68,801
68,520
59,954
103,112
156,815
62,400
87,553
71,787
182,156
152,129
133,268
72,644
123,520
195,904
171,544
83,55
167,608
32,30
30,402
85,409
145,528
69,813
21,720
194,20
50,760
195,43
171,905
77,70
69,302
64,878
15,311
10,995
21,925
98,438
59,398
73,755
82,608
197,772
165,930
36,734
150,966
183,701
63,205
81,324
79,521
2,725
10,221
144,738
164,556
123,504
155,987
137,641
99,756
190,631
61,963
67,100
95,466
15,253
64,449
49,561
176,940
166,806
174,327
8,685
137,772
68,915
95,377
94,281
163,176
46,87
184,98
97,132
130,617
41,21
161,808
2,766
15,885
169,749
180,202
92,61
37,223
62,557
55,346
186,376
89,118
128,404
116,854
85,206
52,847
73,509
147,247
110,1000
198,711
91,422
115,547
141,226
160,540
199,411
183,809
196,678
84,977
147,997
79,653
144,414
177,555
56,907
89,391
141,897
27,683
138,630
116,652
200,483
126,805
53,814
166,84
67,217
184,103
163,571
133,654
49,308
55,210
5,103
8,511
46,730
160,376
99,394
143,177
53,229
57,940
148,504
141,11
123,870
22,493
98,211
58,744
176,175
70,570
122,158
130,428
6,146
52,258
59,572
23,466
56,413
178,899
19,67
152,928
24,472
60,212
18,641
200,378
3,993
63,335
100,871
49,188
30,804
177,766
142,502
121,565
126,471
82,316
50,403
159,467
10,59
95,300
45,291
166,297
95,953
1,980
20,676
54,732
13,431
9,843
19,864
196,291
113,791
140,51
106,22
62,276
129,160
195,193
159,987
112,889
115,583
114,216
193,914
12,564
52,757
69,92
22,286
2,50
27,160
183,213
87,108
54,613
32,680
47,680
27,944
74,289
108,352
33,957
129,472
176,751
83,697
168,983
102,985
164,736
132,466
70,874
66,620
94,25
166,665
150,933
121,489
157,460
194,682
79,549
177,206
171,54
164,544
61,830
22,93
28,733
4,639
56,396
173,197
150,594
49,771
58,613
125,374
167,198
114,884
130,246
27,315
165,409
73,530
178,489
190,10
49,829
170,831
123,412
56,432
4,285
39,440
33,256
62,602
29,986
21,392
100,249
197,403
118,883
151,282
75,524
180,331
27,837
69,488
71,778
150,941
187,155
112,79
12,956
151,676
78,181
26,782
156,158
94,829
5,640
192,148
58,124
35,144
9,981
115,393
141,584
196,718
62,896
184,79
117,14
112,624
167,549
35,859
22,446
197,165
150,925
4,481
17,266
129,814
33,528
190,562
82,291
105,264
159,85
7,975
190,386
12,381
22,914
103,954
78,106
100,24
3,703
195,576
21,604
140,946
96,995
135,808
47,719
75,326
64,368
139,457
14,843
146,615
38,237
125,500
160,253
189,933
78,881
142,864
172,426
21,225
1,73
152,430
83,576
60,750
78,712
46,275
16,863
78,49
186,220
194,720
85,158
169,883
189,892
137,830
32,797
40,734
193,463
10,231
45,222
6,807
122,520
168,242
26,276
143,265
196,389
50,245
45,537
42,834
35,129
146,303
130,397
192,65
60,881
29,650
44,607
111,138
87,375
52,587
147,390
14,267
186,20
160,915
90,964
19,960
63,18
135,513
69,783
141,306
133,497
13,697
150,454
142,562
179,227
110,454
32,243
197,717
47,899
28,75
184,85
59,453
52,325
9,905
83,803
143,678
189,806
158,652
33,711
23,446
71,566
62,156
178,672
129,397
173,947
150,754
55,505
39,942
193,111
76,239
5,625
190,628
79,523
165,485
117,994
127,402
6,536
198,684
45,660
134,717
19,434
43,842
110,244
117,111
86,94
3,530
16,96
102,337
183,15
144,429
164,649
38,121
100,346
19,355
163,146
89,946
102,324
169,658
191,395
76,542
199,743
21,457
89,370
39,694
142,674
106,910
146,391
82,250
102,482
94,471
73,188
129,938
103,301
153,911
119,106
101,666
179,53
187,464
71,239
123,516
31,694
55,247
116,799
93,705
179,505
35,964
188,695
118,687
131,484
45,433
141,1000
9,367
151,278
88,150
144,782
2,634
83,260
179,229
44,554
47,752
81,174
143,575
167,493
198,111
132,215
154,888
32,55
32,31
36,138
44,48
21,880
70,938
109,138
199,151
98,723
175,649
5,340
43,281
26,217
60,613
102,168
73,735
81,71
5,700
147,893
76,936
140,593
13,436
98,504
160,14
140,545
51,796
182,894
45,705
100,370
51,498
45,371
12,576
51,949
200,262
80,181
161,622
3,93
161,922
61,535
142,937
120,384
195,664
65,870
134,615
117,673
150,264
169,738
165,656
93,454
187,948
196,154
67,122
103,164
118,88
152,141
101,3
126,471
50,2
147,702
75,65
157,635
183,328
191,91
92,326
125,518
121,217
146,39
64,989
100,566
112,808
197,956
172,840
81,203
122,131
145,341
161,428
76,381
121,547
159,935
16,76
89,167
131,604
78,274
128,554
111,924
170,472
166,917
36,216
22,631
185,443
59,27
34,545
105,926
85,306
155,459
66,728
60,176
112,603
74,69
61,45
43,275
63,686
174,738
198,54
68,684
158,133
56,961
22,539
14,917
14,516
114,773
149,487
46,670
122,946
9,147
129,333
75,506
104,696
92,764
61,393
42,90
121,128
29,958
152,579
192,718
34,806
120,93
197,729
196,889
190,569
86,807
45,477
38,418
168,255
20,421
50,521
16,996
112,650
45,723
45,323
57,9
124,417
159,791
30,115
37,753
105,708
14,481
10,526
138,83
84,38
55,881
77,83
44,884
34,1000
163,914
5,240
199,874
156,300
92,339
19,877
71,552
3,592
4,932
171,222
184,556
49,315
124,817
151,514
157,534
91,740
91,58
99,870
6,904
131,141
172,917
87,897
91,230
127,449
192,943
21,467
130,768
103,988
9,982
186,295
153,709
32,162
43,201
117,482
197,473
137,258
18,500
14,38
164,935
137,95
96,637
36,789
13,519
195,538
113,136
31,775
166,238
178,891
5,47
55,275
189,970
184,57
96,784
190,534
101,958
71,865
89,816
44,931
143,946
12,145
109,615
51,198
167,373
164,649
197,388
100,136
3,719
197,552
44,302
31,250
84,706
71,833
53,630
165,188
123,66
24,656
25,731
49,314
83,460
46,641
108,922
164,508
71,34
124,513
129,169
143,363
177,704
67,292
98,431
22,17
83,279
105,20
129,886
115,811
78,300
158,857
182,893
93,646
5,376
145,62
165,637
49,247
31,276
8,915
19,637
189,938
90,277
85,51
65,991
185,263
46,666
138,846
133,687
156,508
1,425
195,575
162,35
59,629
6,9
53,722
183,138
133,469
183,880
87,335
99,366
153,922
175,721
147,164
85,979
21,212
103,882
79,183
43,494
165,25
180,428
82,793
151,278
7,859
114,823
61,555
197,473
197,578
39,748
157,123
62,748
115,938
55,290
136,227
134,247
185,337
91,401
47,205
199,212
191,753
198,517
21,155
149,33
128,242
104,781
7,866
111,740
91,874
191,569
9,300
57,313
35,933
88,279
191,650
197,266
142,296
198,612
49,778
125,921
180,826
2,452
165,154
12,959
167,975
156,938
163,145
135,115
100,349
81,476
163,187
193,982
1,466
193,391
110,730
200,696
146,159
131,560
15,725
171,48
40,550
29,814
56,137
1,625
176,917
34,736
17,227
41,851
18,231
194,137
71,194
173,536
96,769
188,184
47,19
38,292
140,579
82,497
2,623
74,245
3,305
31,27
12,650
101,605
3,878
33,748
119,320
108,533
32,313
134,94
5,473
151,908
103,429
55,657
190,629
150,846
186,974
104,879
166,780
5,390
13,261
190,840
72,892
149,211
47,378
46,858
73,176
42,452
42,249
96,726
95,393
35,827
86,41
64,502
184,556
150,153
46,795
17,153
133,726
124,67
40,43
25,969
37,28
184,831
28,981
96,216
17,701
66,741
177,314
94,653
120,810
144,739
77,520
119,873
120,756
31,432
15,282
170,561
79,291
164,898
45,258
150,905
128,333
198,540
180,734
29,848
33,409
22,367
55,187
167,796
111,73
146,640
184,683
45,818
132,735
86,959
137,673
90,929
90,990
83,827
175,937
138,892
90,52
147,292
126,397
194,933
41,925
179,604
177,41
63,764
36,138
137,108
184,258
92,572
71,220
85,865
107,669
131,932
84,858
49,25
54,978
144,776
102,641
99,351
167,117
182,723
61,240
63,985
106,60
56,895
41,463
85,172
31,849
114,905
93,86
65,366
40,479
5,554
56,527
168,642
123,526
3,650
6,52
44,146
132,560
186,196
60,580
61,140
127,485
85,611
123,806
126,72
171,33
69,272
67,439
126,953
79,270
111,436
156,923
122,490
195,372
182,881
114,53
171,803
67,618
113,980
126,75
38,288
32,475
45,342
187,964
2,983
149,743
53,576
166,552
6,719
147,316
96,584
98,375
60,112
176,750
188,882
24,99
100,955
26,165
110,698
128,921
190,421
197,553
28,254
11,138
72,997
128,865
61,187
145,599
137,191
134,235
100,859
103,371
95,297
115,645
197,184
116,266
195,83
107,520
97,635
157,451
172,889
72,872
140,979
116,992
152,301
68,895
195,207
122,153
178,937
30,65
151,975
24,504
44,159
62,731
195,897
140,59
196,566
152,723
16,541
6,104
73,243
38,5
82,373
103,600
55,212
128,132
136,942
182,331
200,211
79,828
111,153
32,78
148,842
102,394
178,42
137,697
40,792
171,416
6,7
100,237
47,324
71,113
161,112
86,601
104,967
22,662
52,47
171,880
161,597
71,466
109,999
112,744
29,353
87,612
161,43
73,172
92,871
47,333
103,291
188,517
64,488
195,58
167,686
64,988
93,298
79,421
183,638
36,591
155,926
4,355
20,954
24,943
104,206
40,287
116,969
52,40
23,192
131,134
62,57
147,269
5,877
14,955
179,378
183,306
150,87
156,823
58,264
199,212
141,857
27,285
26,405
62,225
115,713
159,850
188,346
89,329
51,357
42,615
173,224
115,562
62,745
178,777
18,601
62,472
197,571
192,553
10,676
193,771
28,865
89,688
136,736
106,657
122,135
3,580
167,251
120,891
140,342
67,801
81,411
2,861
74,28
194,358
154,679
127,675
91,83
165,221
101,936
49,139
23,322
125,743
44,778
25,337
78,84
69,787
123,78
90,948
119,568
119,594
43,247
20,280
29,57
104,290
199,457
77,415
84,118
101,436
44,936
50,290
40,73
118,704
117,499
140,797
98,903
21,528
119,224
15,356
164,642
199,160
98,819
105,198
162,616
25,103
77,330
23,753
183,662
103,66
133,845
179,194
151,706
154,387
185,83
185,925
49,322
96,600
102,114
19,305
77,893
90,934
31,291
52,811
151,657
76,663
27,826
154,143
132,960
155,252
44,519
130,39
102,769
158,991
26,946
112,958
17,125
83,618
85,893
70,572
15,243
107,394
146,424
103,855
75,580
189,244
63,994
55,838
92,293
183,161
179,4
84,434
167,35
188,450
133,6
182,462
38,674
125,904
126,393
127,45
160,385
31,421
69,351
118,381
60,519
5,199
125,212
199,846
74,470
153,737
75,904
99,533
31,579
29,185
107,183
154,304
24,414
147,975
101,735
172,797
11,763
182,272
74,138
91,418
15,724
1,630
14,911
45,687
51,173
93,74
104,203
16,120
115,74
35,85
40,303
139,459
106,115
111,109
32,911
87,51
185,567
12,148
12,815
24,516
46,481
37,647
97,392
87,358
45,272
18,642
148,407
103,352
109,375
53,698
121,593
35,666
131,951
143,872
109,634
112,212
133,79
55,765
87,330
58,381
99,884
52,144
146,325
42,202
17,904
82,576
68,651
155,771
90,321
115,793
97,602
140,982
117,942
133,39
125,346
32,539
179,876
96,188
127,798
190,559
42,861
127,936
4,430
39,548
10,844
9,590
118,853
178,776
115,295
187,1000
80,999
17,503
107,406
141,996
47,65
154,445
195,953
169,584
193,815
104,375
25,866
104,949
158,516
76,201
106,908
14,820
146,783
175,212
84,145
50,605
131,170
44,661
199,472
6,786
191,533
178,145
18,293
129,485
87,520
185,136
160,38
20,91
13,243
176,293
57,126
19,415
82,435
26,787
170,908
178,812
148,693
95,924
83,491
21,425
66,631
48,338
80,214
85,975
7,405
39,396
146,221
187,587
138,140
29,72
102,192
175,571
160,906
59,622
147,773
118,161
93,517
148,729
77,947
146,250
163,707
83,426
150,155
8,222
28,670
109,569
163,142
200,597
147,480
99,545
15,906
142,146
28,452
150,737
169,13
38,4
159,34
4,734
148,563
49,257
129,902
192,952
149,244
36,660
170,551
96,169
151,948
6,483
153,264
59,528
81,297
44,440
144,738
195,389
16,783
71,855
89,124
9,950
180,997
154,444
21,25
63,224
115,454
169,252
184,842
167,598
114,91
62,926
6,130
55,449
50,188
114,995
85,785
98,424
123,963
197,137
150,40
118,879
127,104
11,37
150,1000
66,727
25,136
157,316
161,492
27,598
169,812
167,381
168,5
114,641
193,381
134,691
83,42
135,45
192,39
35,661
66,140
67,306
61,96
183,755
94,660
157,981
71,323
63,651
49,912
156,502
197,912
32,833
26,483
10,921
14,715
163,885
117,157
195,473
180,191
16,491
176,724
9,150
44,671
78,181
10,745
200,420
92,411
92,931
78,305
111,986
200,459
12,130
122,667
136,767
51,15
94,309
6,886
156,318
168,525
121,938
135,115
182,888
142,184
55,625
54,907
148,383
159,571
133,873
166,199
26,809
91,974
179,387
84,39
104,984
134,479
90,270
114,812
70,25
111,938
113,88
112,272
16,528
167,593
180,401
105,175
82,887
174,408
32,678
53,671
31,515
1,678
174,973
132,776
165,428
80,231
114,499
53,131
170,721
200,279
16,409
133,395
94,114
7,908
119,343
71,70
161,762
59,233
176,816
91,925
121,494
57,669
135,70
23,816
55,659
199,420
147,867
40,608
188,925
67,429
83,205
97,5
168,724
2,30
55,85
98,58
44,808
48,647
36,280
2,738
67,893
12,923
35,400
157,297
112,659
192,845
92,262
143,250
13,507
101,847
44,293
161,221
64,689
123,290
1,596
43,754
80,892
19,982
93,374
72,825
21,969
183,715
172,406
1,451
109,665
179,537
74,954
42,624
50,171
167,243
82,717
85,741
104,236
111,868
94,303
57,272
167,322
22,14
29,702
193,935
111,392
22,271
133,262
61,948
149,390
142,816
169,403
114,502
115,645
62,350
52,341
167,760
132,85
157,849
188,717
102,873
95,579
94,540
105,70
131,95
60,459
33,338
139,10
139,542
158,252
137,654
67,687
14,125
132,504
185,840
179,604
147,12
34,399
19,626
181,3
84,975
130,813
9,148
137,734
190,617
76,448
115,180
19,696
19,547
104,640
164,886
197,280
172,598
199,981
124,776
137,258
34,847
181,784
109,530
116,961
5,71
124,736
91,645
143,354
79,166
15,673
153,624
18,717
84,294
151,588
183,989
167,626
36,608
58,953
160,393
138,942
171,436
33,486
191,199
72,123
165,246
56,778
16,318
94,453
32,607
99,483
155,689
70,415
102,517
14,722
181,541
65,414
149,589
42,985
19,671
37,399
136,489
144,781
34,440
39,71
172,884
39,713
84,17
97,839
196,791
175,443
100,824
136,353
193,334
133,802
82,793
90,48
123,813
3,588
131,159
186,905
17,502
14,578
161,430
14,236
31,260
92,625
41,681
64,368
188,675
175,588
56,856
181,753
146,846
173,898
103,365
170,466
174,244
73,121
195,130
105,510
32,166
166,83
164,142
86,322
29,612
176,589
134,921
9,317
159,800
48,173
169,337
186,988
139,149
49,19
83,468
114,718
23,819
21,157
27,251
131,530
180,91
77,624
124,412
106,271
138,14
139,108
61,895
188,859
80,378
80,298
199,127
98,331
88,374
46,731
169,567
2,634
66,737
176,638
29,43
78,255
165,744
143,281
181,723
185,864
48,985
126,297
163,510
6,986
16,987
31,838
88,200
95,70
154,326
75,76
64,908
146,656
24,494
78,667
167,92
83,502
13,183
105,144
151,392
83,204
109,78
181,910
15,931
141,329
200,632
22,711
160,388
59,112
90,742
40,210
44,177
59,474
98,937
126,308
103,608
141,433
89,890
60,93
75,544
90,551
16,306
26,524
195,439
38,581
178,194
56,842
183,248
170,64
182,875
12,662
148,205
41,238
3,261
34,589
104,277
54,151
29,148
51,357
48,301
1,667
179,903
70,396
115,539
199,357
155,741
28,770
79,488
46,110
66,814
140,202
107,789
89,435
76,363
57,802
75,239
139,379
72,516
102,986
165,683
193,508
165,394
30,138
33,274
10,726
34,68
109,678
109,464
125,955
141,484
78,129
51,134
165,792
87,679
121,970
85,86
150,837
4,312
166,891
17,736
15,12
195,133
71,626
54,593
116,449
164,897
102,233
115,192
182,834
9,409
101,600
173,712
97,82
38,318
77,239
129,915
126,711
166,61
198,82
65,874
142,981
35,62
66,994
100,262
92,717
114,112
93,585
92,129
157,135
138,910
103,282
195,549
164,268
149,156
4,140
169,610
8,409
47,574
48,361
38,581
78,801
27,874
182,899
7,467
195,619
133,79
162,419
88,587
164,502
148,730
101,440
119,193
14,867
66,920
56,731
52,443
83,29
76,479
45,77
184,514
79,564
176,792
194,273
157,69
16,255
5,865
102,239
142,541
109,879
188,829
43,844
133,34
115,834
125,592
139,45
113,903
177,207
147,535
102,424
187,628
157,359
87,805
193,982
190,112
131,194
86,246
134,514
177,124
121,99
4,463
193,805
127,904
191,365
171,437
49,915
109,740
63,133
156,244
36,667
3,98
109,418
144,270
90,273
103,486
1,999
168,707
102,388
82,945
81,969
160,420
56,280
183,946
179,661
177,850
150,273
11,756
30,701
149,710
122,314
31,236
108,285
132,729
128,535
36,888
136,475
3,129
93,867
83,157
59,88
125,224
126,430
160,371
117,57
77,240
51,899
54,997
88,569
99,356
102,706
124,336
61,155
163,475
120,914
22,628
4,109
187,48
47,327
56,179
14,627
159,671
14,588
76,641
111,124
165,903
100,572
126,601
19,441
90,2
28,710
86,909
50,50
17,497
19,466
14,941
22,771
105,264
28,746
86,497
191,475
98,326
18,430
85,671
57,913
93,715
149,370
163,595
145,297
149,764
79,780
48,308
45,728
173,537
84,571
99,907
161,112
93,107
198,408
54,436
46,891
198,550
172,946
117,242
65,788
95,782
198,211
120,646
52,787
52,810
125,474
65,744
169,145
57,189
31,282
28,728
75,830
12,716
196,613
11,276
125,22
172,405
200,836
20,235
54,114
52,661
2,412
118,878
123,380
148,559
147,19
160,517
82,551
68,656
143,25
36,186
174,213
64,382
160,577
173,297
114,552
175,761
70,835
180,627
193,462
200,501
160,241
105,229
28,196
162,101
153,84
180,873
119,455
171,942
184,863
85,832
48,37
20,12
69,814
65,846
124,220
117,385
5,660
81,902
124,538
34,381
81,168
163,271
194,679
53,299
39,150
187,88
176,502
191,335
200,154
91,533
24,239
35,951
50,336
46,889
143,42
200,126
45,337
174,646
24,609
6,821
106,405
146,787
95,580
162,514
136,477
69,416
157,607
193,846
27,166
189,821
168,39
28,752
60,261
29,789
20,498
191,311
171,62
12,667
68,42
59,348
79,944
132,220
9,407
165,67
127,87
136,519
181,761
100,560
21,225
55,890
38,336
110,701
66,674
21,317
112,151
162,924
78,115
59,727
136,507
192,598
38,660
31,239
172,571
52,973
184,513
164,426
8,297
34,498
117,482
140,460
30,976
103,840
77,475
84,601
156,106
41,814
5,134
53,977
91,807
26,648
198,925
159,448
31,802
180,101
191,925
22,290
67,542
88,366
156,14
187,876
24,884
16,8
24,591
86,947
7,728
85,211
71,940
8,542
117,308
181,738
53,788
95,349
23,114
169,46
34,915
197,998
22,721
83,162
106,335
83,484
27,979
39,483
101,100
139,794
122,163
174,167
147,139
85,70
34,228
67,182
75,293
35,454
106,334
14,508
70,470
191,983
120,186
178,857
72,520
60,406
33,904
99,429
115,510
13,748
104,20
158,98
23,467
82,982
137,129
53,895
24,351
146,400
40,109
81,769
74,795
150,115
178,885
86,133
83,535
126,478
112,621
44,99
185,847
58,816
14,392
98,684
151,995
145,940
161,406
13,640
89,558
32,825
77,473
170,647
90,667
135,295
119,795
43,11
187,497
182,685
171,494
159,529
79,735
54,728
185,115
19,744
46,283
171,891
6,146
60,682
113,105
86,73
148,518
79,975
55,318
156,961
157,770
163,643
178,792
33,873
51,371
80,425
157,562
104,157
37,905
116,636
183,9
64,59
176,271
163,90
5,100
35,435
200,844
156,726
51,774
42,606
11,179
166,813
130,388
32,515
4,398
155,204
139,594
124,191
18,430
5,578
65,605
194,130
81,212
87,210
128,974
163,213
193,126
110,581
164,488
14,679
200,398
94,348
75,616
5,507
45,934
63,236
167,103
112,841
162,781
109,554
112,402
178,876
136,654
197,59
91,822
141,60
23,101
48,550
6,816
92,868
193,504
44,418
5,662
182,738
182,744
52,574
4,108
58,631
130,57
178,967
95,859
70,779
116,222
33,84
128,536
63,200
183,979
10,519
25,524
47,388
110,202
98,140
171,395
67,358
143,664
70,233
28,996
37,495
25,11
35,241
31,140
27,351
78,54
165,13
47,852
135,41
74,448
75,639
75,866
158,403
7,63
130,32
161,519
14,334
39,719
68,308
186,15
119,543
102,909
7,711
54,490
93,977
2,18
182,560
116,225
71,17
188,403
18,708
49,258
48,718
163,416
147,17
90,199
42,760
171,87
60,68
116,44
134,987
114,667
44,459
100,722
54,100
198,35
9,976
161,886
95,492
120,626
2,916
146,950
111,793
1,285
162,783
111,596
168,892
159,489
8,175
69,114
32,197
82,383
179,638
38,90
158,854
146,683
47,519
148,287
186,405
55,798
5,389
47,91
159,847
8,558
113,43
95,226
104,699
167,925
84,229
166,812
114,85
182,64
27,964
180,847
186,841
136,764
87,836
50,231
41,661
152,201
73,174
125,927
6,807
81,482
112,530
117,680
71,902
36,133
108,897
197,743
106,158
68,107
193,821
54,197
45,210
140,498
71,86
105,357
143,815
105,569
190,929
5,961
38,771
147,491
22,160
26,569
39,639
26,15
191,124
44,311
27,638
139,842
13,505
162,289
138,189
174,99
75,389
196,512
106,87
191,95
16,223
111,362
69,748
149,697
119,900
137,944
98,388
135,949
164,165
112,696
83,650
11,90
195,490
105,118
7,699
179,134
8,622
119,837
139,189
99,958
80,867
45,375
153,126
172,640
31,819
95,344
186,621
142,201
170,746
5,244
95,438
128,255
169,964
186,746
197,817
38,96
62,338
30,893
118,920
3,316
3,483
192,725
54,955
76,314
167,484
93,752
66,262
47,5
150,699
139,541
100,754
165,973
108,753
84,643
186,965
148,908
200,970
121,844
64,58
171,328
177,208
147,93
101,842
81,606
100,508
5,121
165,716
89,149
66,914
26,948
138,504
191,453
167,973
196,864
101,804
7,148
183,965
66,29
140,707
60,315
190,12
123,544
18,991
196,602
82,52
136,154
156,531
100,883
191,540
199,241
115,195
135,388
92,885
53,561
21,908
60,429
6,21
17,960
187,436
36,657
119,836
115,36
153,467
53,329
26,227
34,359
30,864
20,328
140,864
46,702
52,875
50,386
118,990
2,471
134,433
53,602
60,181
101,27
200,937
149,230
118,735
162,161
173,529
108,506
117,426
185,765
171,407
18,768
171,208
158,518
156,54
96,278
43,260
161,279
92,42
58,791
76,139
69,287
150,283
53,907
4,203
160,361
163,325
115,708
194,798
148,753
45,914
48,573
150,179
192,776
25,853
65,287
196,485
142,83
198,708
32,666
192,629
174,710
160,377
166,337
76,342
145,104
128,227
132,499
92,744
138,62
148,264
58,392
57,754
34,546
125,275
36,804
126,717
176,600
48,822
43,888
147,301
111,344
111,976
122,785
155,620
153,874
116,944
9,364
37,265
151,188
198,499
159,856
197,693
29,667
11,43
132,131
34,502
185,664
52,263
176,701
56,27
128,77
140,405
62,877
169,442
96,470
92,32
76,692
51,539
15,446
99,296
169,486
200,710
24,446
12,459
74,594
91,725
178,660
116,446
65,799
183,340
122,487
70,595
85,762
82,610
23,643
168,849
28,971
158,858
194,47
116,230
186,554
40,516
164,650
167,746
100,564
24,167
80,717
191,945
65,900
82,594
152,951
97,31
159,234
31,824
92,238
36,646
57,160
117,797
107,890
66,179
195,535
92,205
124,56
66,955
12,831
124,318
74,390
97,743
52,37
37,268
174,129
189,455
20,41
115,120
56,574
130,995
132,222
86,177
200,758
125,137
15,822
35,746
20,106
64,105
36,203
24,162
94,47
195,118
27,980
180,801
68,176
166,965
191,13
180,809
31,659
45,46
45,92
157,105
72,872
142,788
45,5
80,101
100,842
48,77
152,126
199,671
159,101
33,312
174,751
82,841
158,677
104,762
126,661
85,49
85,295
167,694
84,99
160,343
29,681
53,463
87,990
31,137
198,127
45,246
134,533
180,464
120,775
83,154
79,153
193,232
200,352
198,747
183,798
147,71
160,342
32,732
89,585
22,445
69,475
14,627
143,676
189,316
72,709
12,274
99,477
197,875
3,919
29,102
189,405
164,301
73,988
37,758
60,340
36,57
3,197
128,776
43,196
89,673
24,874
108,945
198,925
119,627
79,514
186,222
189,745
141,655
198,737
128,941
65,242
85,474
198,580
181,231
42,970
91,332
97,638
96,711
7,899
152,920
43,765
20,133
152,904
116,936
78,593
76,443
103,128
124,211
197,33
34,731
36,881
179,406
6,740
148,820
160,194
72,904
173,520
9,571
111,372
55,376
145,800
36,248
85,938
28,733
63,753
105,893
147,380
46,491
66,988
42,247
69,962
191,294
141,813
154,678
137,108
87,761
191,730
187,540
196,814
167,759
113,169
119,68
116,889
155,92
25,86
77,653
18,708
86,698
57,813
133,317
45,964
150,68
123,201
14,190
104,779
65,966
71,275
2,809
132,781
107,380
63,644
151,491
9,101
93,32
28,461
77,47
42,335
72,806
146,131
9,638
59,59
90,940
74,692
129,967
71,285
114,977
48,127
12,850
17,139
71,79
9,415
77,229
46,32
121,346
150,348
135,580
178,123
102,200
45,392
68,616
59,52
5,440
111,588
167,174
93,781
163,716
92,430
163,916
174,393
112,461
115,165
93,908
155,929
45,98
170,902
171,522
60,992
15,55
160,97
46,771
9,45
146,902
155,953
142,593
88,215
133,313
121,162
10,422
68,766
105,134
63,641
157,829
63,916
19,968
13,832
45,975
58,976
51,429
72,171
133,656
135,223
167,448
86,384
175,979
9,325
77,285
159,728
155,921
96,96
180,118
84,899
18,557
199,462
32,571
182,869
77,343
93,445
96,998
142,375
115,638
190,574
138,469
125,687
135,109
14,99
22,250
102,269
136,851
90,731
106,877
117,434
113,548
135,295
98,482
119,197
131,99
15,554
19,96
192,33
41,966
81,453
162,437
198,117
185,466
46,93
109,841
78,196
176,783
34,413
71,821
151,337
167,662
160,560
13,456
194,50
32,127
76,263
22,472
197,671
157,733
181,449
104,340
69,125
146,819
155,774
115,245
68,123
119,629
110,528
94,40
143,159
73,291
70,656
195,117
67,302
181,704
71,270
54,89
104,462
181,423
4,581
77,364
81,51
19,769
197,113
91,823
151,508
53,33
32,532
114,936
137,253
60,587
46,926
96,41
104,695
158,656
184,493
45,290
63,737
145,955
160,74
60,844
187,468
91,851
52,240
164,226
48,739
132,514
77,600
195,294
122,371
38,672
128,58
64,783
22,373
97,977
137,973
50,531
175,732
43,507
143,187
37,208
96,26
156,759
165,426
190,762
13,606
123,125
34,853
5,128
111,286
133,415
41,838
29,958
142,360
44,110
96,27
39,151
110,748
110,896
162,331
135,569
45,443
150,178
26,994
73,807
54,329
19,221
96,3
74,388
39,352
139,195
79,484
104,966
72,17
45,647
64,36
89,79
200,878
38,386
44,535
184,808
47,197
27,233
189,309
61,966
7,925
132,974
180,374
61,898
179,448
148,593
21,644
31,947
12,745
70,60
50,817
31,482
2,567
176,140
11,401
197,886
88,286
89,616
142,774
100,311
27,14
90,552
153,417
45,690
162,866
140,25
101,744
153,404
43,12
45,289
167,495
118,403
176,171
118,917
150,754
43,272
178,376
162,502
19,499
173,896
43,159
34,281
181,440
72,833
156,21
176,975
183,602
50,567
9,826
168,244
72,416
144,970
105,497
18,852
135,99
131,536
166,431
19,974
97,827
190,356
101,717
178,800
120,310
103,128
159,706
75,225
27,419
31,118
181,156
150,57
144,444
121,388
195,181
115,209
142,393
107,202
87,870
17,628
145,661
129,884
5,976
36,761
110,280
58,787
60,937
149,338
102,815
90,467
98,279
198,566
20,149
107,455
152,990
191,848
114,764
131,90
5,213
1,791
200,877
46,129
28,117
199,350
121,704
47,822
89,103
54,468
46,981
1,144
129,900
65,866
66,405
156,890
51,466
29,604
190,728
80,836
99,184
189,781
58,994
76,454
114,572
11,692
88,370
23,216
162,523
31,636
81,433
83,678
87,653
123,573
187,388
192,152
66,16
155,498
131,598
64,349
66,146
156,987
115,735
112,750
4,303
125,502
10,766
83,876
22,302
159,832
150,843
13,870
174,606
169,456
104,945
10,543
158,162
146,626
118,672
181,468
150,495
99,58
17,736
43,251
103,30
57,460
54,270
94,529
189,47
149,876
26,676
94,376
62,469
185,701
200,260
124,360
8,958
124,322
81,931
160,61
196,257
125,695
172,498
53,534
189,83
114,440
49,815
148,187
78,600
9,590
28,595
126,903
38,582
15,986
24,824
21,444
72,984
57,296
169,385
29,516
100,250
155,378
94,124
115,892
92,459
122,783
49,649
111,513
181,836
80,34
77,118
127,58
116,245
104,854
59,643
167,417
21,699
168,173
136,84
32,63
62,356
52,788
22,579
190,867
159,782
49,534
94,417
28,326
76,529
9,534
174,439
106,246
111,917
19,707
5,502
52,310
145,753
59,890
117,482
72,11
49,239
23,67
148,853
194,472
35,108
46,428
181,914
88,205
143,694
19,35
9,927
198,193
199,537
11,509
135,760
19,893
88,198
45,391
98,327
79,637
8,136
34,991
35,129
38,921
72,617
67,157
48,369
150,420
125,525
4,237
153,837
170,679
81,104
152,464
37,767
186,147
14,104
21,652
78,202
89,343
24,300
173,162
108,5
44,545
45,700
182,414
37,86
140,332
17,891
106,499
53,485
95,824
6,863
110,220
102,770
95,179
29,609
183,384
178,386
177,928
195,217
93,77
58,863
162,713
31,27
141,121
126,141
188,38
136,744
186,442
124,736
150,711
42,566
138,23
111,343
102,371
84,291
166,867
109,22
51,398
53,746
14,910
23,245
101,662
174,121
13,867
6,606
78,301
100,806
131,125
30,660
42,520
79,626
95,997
113,997
63,33
108,597
139,463
14,577
14,248
149,892
163,915
118,834
7,62
18,370
17,463
106,142
36,575
180,925
133,580
41,600
159,28
138,771
50,711
17,478
17,942
83,530
176,503
96,902
152,294
29,889
186,339
108,868
95,530
80,60
19,159
51,345
176,743
194,148
167,115
49,952
58,205
20,433
152,565
48,339
117,772
114,714
13,951
60,73
87,986
125,324
156,23
45,167
72,386
163,310
43,370
54,267
22,5
150,682
59,173
180,430
8,109
64,799
153,666
179,846
99,202
135,593
133,529
74,701
62,232
189,556
6,526
192,271
96,74
190,149
103,958
59,681
123,587
26,948
88,675
12,291
139,487
184,255
175,623
36,661
99,417
91,578
121,21
177,115
146,866
123,56
54,369
113,878
194,610
118,378
59,502
170,898
148,111
120,197
168,772
108,672
38,737
10,249
38,456
107,851
174,329
78,663
131,44
125,523
156,110
129,846
76,370
77,656
90,117
75,601
167,423
84,739
193,129
66,175
113,646
50,777
129,597
155,653
187,966
63,964
63,544
21,118
20,223
186,605
169,54
199,388
2,339
169,194
21,516
36,363
131,60
80,757
58,894
107,98
130,118
130,306
122,536
157,477
104,14
117,691
63,639
9,807
39,960
5,271
17,128
167,368
55,991
167,996
189,567
157,656
99,320
138,181
86,108
32,622
101,254
121,894
178,841
117,831
146,696
73,251
191,628
115,250
85,735
139,689
41,596
148,394
76,639
14,964
126,289
20,949
163,880
48,961
82,98
86,432
59,240
39,659
190,534
61,860
35,164
83,177
188,973
48,904
106,941
175,467
177,840
39,447
169,138
194,875
112,568
65,182
2,854
77,816
15,513
151,39
145,808
72,209
189,181
63,777
158,633
75,872
68,536
176,706
36,609
39,250
164,841
2,590
77,172
52,539
65,303
40,685
157,985
75,888
198,435
83,279
169,222
157,450
165,157
85,392
70,339
155,107
199,393
20,116
129,148
134,560
191,465
77,204
73,54
169,118
112,736
104,932
85,577
126,970
9,950
123,18
69,309
73,392
49,396
50,302
38,748
129,799
39,54
11,777
39,945
180,862
95,500
39,961
147,873
56,781
184,770
104,712
142,653
180,953
179,475
57,191
129,245
104,40
143,826
8,657
109,620
60,954
99,623
39,518
4,592
182,663
170,101
38,628
43,10
185,466
34,847
122,488
168,822
80,763
44,152
68,281
112,190
107,531
87,444
106,824
93,384
161,699
172,380
128,668
57,698
195,690
95,984
127,378
157,257
38,667
33,772
26,855
120,596
56,670
104,788
146,847
120,783
60,948
112,600
151,8
10,895
32,832
161,766
113,34
55,720
128,481
82,690
110,648
111,734
57,476
48,561
176,505
190,550
197,936
131,833
132,634
76,772
173,288
124,506
48,549
197,410
117,657
151,323
140,54
19,270
92,267
122,994
53,370
69,384
176,479
87,852
136,517
191,69
101,460
7,198
118,315
23,627
125,117
9,440
187,881
110,122
170,711
3,496
183,759
186,622
103,432
37,710
75,874
78,752
67,25
148,66
65,302
113,874
40,67
172,306
43,203
74,160
150,188
67,883
157,299
158,949
34,257
190,715
188,74
42,144
32,126
185,759
168,655
85,46
142,384
3,67
76,738
190,907
174,107
54,628
199,272
120,585
30,65
142,802
5,849
84,451
171,171
104,132
83,362
152,199
7,862
91,146
75,69
46,379
105,808
185,860
115,833
174,739
169,345
192,967
128,832
169,60
137,355
100,603
180,60
4,121
11,467
39,438
146,250
107,692
35,142
139,248
134,218
137,28
100,273
140,998
183,84
19,309
30,578
99,218
13,339
72,325
99,136
72,601
64,711
76,667
185,31
195,127
68,647
138,593
197,489
146,818
139,227
7,146
189,202
47,480
146,589
169,229
191,274
20,124
150,383
178,405
21,410
178,565
146,536
173,442
62,478
101,772
97,703
101,789
26,991
68,688
92,428
180,487
156,935
31,124
78,642
194,458
10,677
192,417
198,648
68,464
66,137
184,339
110,180
75,186
28,594
133,349
167,980
156,829
195,657
44,449
91,456
35,917
124,336
140,558
42,458
150,205
77,72
187,198
42,558
143,753
1,54
109,900
15,739
60,417
119,590
121,28
60,249
78,682
15,238
40,279
73,260
50,90
166,548
150,259
62,436
155,859
140,569
167,634
16,770
26,549
57,644
182,982
39,296
137,619
6,655
46,991
191,506
125,108
139,153
47,609
160,554
8,381
94,878
117,579
72,178
1,902
136,589
52,340
41,126
127,294
163,535
83,628
180,619
64,984
186,990
174,252
93,533
176,932
170,296
146,627
73,191
138,345
112,897
23,779
182,958
156,266
199,713
147,947
132,25
167,172
26,92
74,532
15,289
74,476
5,644
145,794
35,124
155,179
83,840
123,999
125,167
129,204
126,7
98,406
126,225
198,536
118,224
55,457
165,474
142,848
158,675
23,545
92,88
27,859
138,591
142,908
7,917
52,883
143,754
189,634
6,575
158,110
11,604
92,919
176,721
143,853
88,597
135,74
77,683
157,80
101,472
81,379
160,597
190,780
57,130
56,632
100,922
71,727
135,151
14,983
174,74
196,456
93,760
135,552
94,126
168,712
141,81
193,707
64,296
103,435
173,974
148,296
183,304
62,711
23,473
77,834
3,643
112,439
174,454
42,443
41,889
151,787
23,984
179,22
89,613
113,396
132,122
52,939
77,488
149,602
1,902
82,634
81,610
188,68
93,588
36,137
154,681
59,580
111,421
199,418
185,577
173,578
136,76
45,92
130,406
141,608
15,524
101,931
168,412
54,958
133,823
94,899
44,587
168,824
187,119
58,25
139,943
2,496
105,136
27,289
185,642
25,240
188,598
187,249
59,416
79,642
152,658
120,22
73,573
73,827
86,27
92,251
122,469
70,886
185,83
171,281
32,23
4,328
68,694
54,254
141,206
179,148
94,887
57,498
191,115
186,69
65,386
118,727
8,734
40,556
68,990
2,848
114,339
80,310
52,982
35,281
165,526
94,697
192,60
68,810
45,167
141,486
95,323
68,691
164,764
82,241
161,435
195,329
157,461
96,774
191,863
139,962
4,464
65,940
37,878
156,339
160,119
154,494
110,794
122,129
162,308
191,537
189,678
126,687
30,182
31,124
132,960
90,155
190,436
160,594
27,500
117,379
107,599
138,990
41,331
7,304
31,598
141,663
57,365
65,339
83,85
21,561
84,385
14,94
194,219
9,725
72,573
13,163
155,991
29,622
112,51
90,497
180,143
28,920
71,9
11,715
187,174
163,326
6,846
20,360
54,157
56,772
69,85
42,405
79,120
66,790
126,193
181,768
49,200
46,972
81,451
104,341
9,462
18,819
69,600
74,990
197,210
111,267
1,468
188,704
94,592
43,733
102,476
180,953
59,748
26,487
124,772
152,437
102,419
93,503
124,452
167,789
168,553
56,446
7,733
170,167
92,24
60,943
119,920
177,667
140,230
46,428
152,492
43,543
72,637
137,223
141,138
61,303
151,387
53,152
142,651
84,604
97,716
174,267
194,895
84,729
100,180
196,128
114,157
183,139
3,112
177,491
181,304
45,773
173,391
22,640
49,868
122,254
157,286
79,336
38,251
45,72
35,824
70,926
85,152
89,647
188,489
24,293
109,973
112,362
124,287
72,809
177,298
151,787
165,833
1,361
121,288
157,358
29,15
171,572
116,207
128,406
179,790
72,952
117,147
66,453
15,893
119,5
172,224
111,45
54,44
60,370
148,189
199,391
65,638
79,979
167,945
40,200
56,882
28,851
65,838
139,919
66,584
82,285
179,997
11,846
150,367
90,847
38,670
4,138
74,11
198,51
89,309
18,428
157,154
7,105
155,421
176,995
15,73
118,71
111,702
119,327
92,585
140,469
124,826
21,252
169,981
45,360
120,424
62,452
171,11
149,576
183,52
17,75
53,551
197,80
192,860
50,706
24,514
141,929
114,554
153,570
9,336
20,218
55,437
3,472
9,334
85,849
91,362
109,511
60,819
13,245
132,259
94,63
22,183
69,41
69,910
82,568
172,170
174,533
5,156
32,928
181,55
82,784
112,563
25,870
134,989
167,815
169,418
61,796
159,241
90,709
110,26
27,100
165,550
148,759
25,931
155,209
175,765
17,517
83,394
82,867
31,607
18,408
120,644
104,836
176,335
178,863
200,654
10,194
47,492
14,527
19,863
10,724
84,927
191,563
150,624
50,681
18,625
114,952
98,642
63,247
14,961
60,353
56,392
98,379
89,20
37,462
80,366
76,861
183,922
138,674
46,508
92,194
88,789
99,121
151,826
127,827
48,945
96,102
113,846
136,85
197,226
25,145
122,781
184,88
78,283
41,793
177,358
60,225
197,902
192,508
144,898
23,924
170,199
193,317
60,658
146,147
133,337
89,823
131,872
40,321
23,353
89,86
139,252
47,447
123,65
126,102
154,528
138,858
47,172
187,12
1,162
180,487
43,626
105,322
93,378
133,563
177,721
172,347
62,691
4,366
91,419
142,811
165,984
179,844
122,698
88,256
79,204
39,727
125,292
194,89
98,841
180,770
194,33
194,364
170,18
58,390
171,14
140,829
65,635
3,259
195,399
170,607
170,85
192,628
198,675
142,955
21,795
85,98
178,848
63,906
115,524
14,164
113,819
196,239
99,561
38,726
194,668
126,965
54,231
129,319
78,982
18,183
123,850
115,172
117,797
59,928
171,246
79,310
86,597
186,984
60,397
120,748
136,738
43,191
86,116
19,493
53,628
135,210
145,741
137,558
109,397
72,497
119,181
45,783
181,303
14,172
173,255
96,382
165,657
155,463
64,93
30,427
118,772
177,317
163,571
73,287
7,159
107,987
137,486
47,235
183,579
180,5
45,488
54,18
23,444
73,528
167,941
27,851
79,889
85,168
195,150
90,792
117,759
20,835
111,917
105,435
110,560
74,731
66,725
61,227
7,623
186,144
138,716
68,977
79,823
23,255
153,724
142,156
191,982
144,917
183,672
5,458
71,682
200,577
24,493
115,280
4,414
4,539
10,228
8,78
84,488
153,10
159,578
165,801
71,342
89,430
27,7
77,150
155,300
165,146
146,869
88,987
92,804
172,671
103,143
92,384
9,682
199,613
135,414
150,547
193,530
45,810
46,231
16,124
108,320
137,153
53,565
125,675
122,769
181,521
148,675
176,820
181,484
9,871
80,486
170,175
128,598
80,277
171,955
69,193
129,146
30,38
35,255
182,728
121,140
110,587
4,143
172,957
16,85
96,160
110,623
158,492
164,894
99,588
133,747
125,559
84,709
15,612
89,230
184,309
126,578
67,273
10,92
195,495
86,396
137,400
123,327
43,226
96,871
116,924
44,514
18,115
134,158
108,322
149,45
24,109
29,72
74,514
25,455
89,800
28,157
140,760
106,806
191,836
64,182
142,291
64,888
34,808
98,351
6,252
10,903
50,307
111,467
198,944
69,809
100,752
131,441
161,10
39,516
102,724
3,998
77,38
31,398
95,448
161,294
98,607
182,369
101,186
107,458
73,420
164,630
200,802
177,618
114,603
60,736
86,211
117,586
138,854
155,930
79,135
130,459
50,788
21,389
164,130
41,325
125,552
61,336
86,55
145,442
148,123
23,914
51,715
69,896
121,37
190,136
147,699
26,723
174,947
42,584
87,260
167,268
125,921
14,231
168,32
73,412
55,221
15,164
156,153
68,196
127,673
1,822
170,723
15,557
189,149
172,989
72,236
119,956
93,63
90,746
167,263
73,476
153,283
197,521
125,158
13,415
36,618
195,965
192,112
20,850
97,129
30,764
144,824
186,648
7,393
157,884
176,279
100,220
115,594
103,641
70,403
114,235
138,839
114,886
81,383
178,299
105,201
105,383
134,335
84,416
47,876
180,194
194,970
175,358
26,381
29,267
64,113
31,6
31,237
81,15
58,149
123,606
115,669
56,409
189,474
71,729
183,882
184,671
197,249
78,51
68,775
136,336
179,781
106,287
172,584
57,985
184,134
1,942
122,114
182,751
1,602
34,865
196,938
175,278
5,961
57,575
158,766
161,705
51,854
177,495
144,950
139,274
82,986
87,637
118,357
200,109
86,254
169,164
36,840
166,334
5,671
94,209
64,226
163,458
134,171
79,701
11,975
83,419
38,740
56,486
13,325
29,399
137,658
92,997
33,609
27,802
60,42
106,908
122,755
165,584
88,245
35,969
101,125
26,938
100,684
76,278
158,595
4,969
15,622
116,429
84,872
87,131
42,8
133,491
171,934
77,564
100,398
115,53
58,465
29,766
160,421
119,372
30,701
145,234
52,725
89,637
168,951
9,918
92,227
82,555
114,379
195,583
109,85
44,258
43,711
111,263
64,634
127,496
98,250
41,749
180,919
178,55
39,661
56,917
22,454
169,9
58,867
64,905
165,581
173,265
156,518
137,870
87,561
10,740
71,255
110,330
179,156
181,42
93,404
119,826
108,227
62,280
34,732
32,734
175,909
115,932
137,485
63,217
22,50
154,657
111,153
113,808
197,547
21,950
30,871
159,171
110,644
66,970
38,485
76,53
87,152
184,359
150,312
194,997
165,66
27,763
91,702
94,878
13,683
191,298
129,452
110,680
93,917
141,489
100,155
134,931
97,28
57,56
98,5
146,668
175,831
24,833
67,877
148,737
114,878
78,358
73,990
131,421
167,34
195,653
52,164
147,628
200,17
31,832
3,102
40,762
119,938
112,760
87,355
4,773
103,144
59,410
19,710
147,163
184,914
197,858
119,911
113,855
190,613
33,230
51,168
14,683
74,622
32,786
177,291
150,816
11,596
174,891
177,853
199,973
171,202
69,962
177,582
154,429
152,951
25,472
64,80
115,587
112,251
19,952
127,224
34,268
25,545
31,829
141,271
82,956
129,642
57,329
3,316
72,21
139,358
24,388
72,823
181,840
155,285
177,389
4,978
48,226
32,121
113,518
95,421
155,269
47,594
60,586
5,166
96,458
90,838
98,337
173,481
134,807
36,430
35,858
37,881
190,928
17,837
178,497
114,868
75,570
1,178
72,11
54,782
1,661
148,178
67,233
88,88
155,886
109,680
84,345
190,906
142,438
136,494
156,18
140,260
38,228
77,835
123,98
47,483
144,892
23,196
106,216
130,521
106,790
49,180
172,755
200,94
136,924
121,440
77,55
128,845
54,217
89,811
82,319
193,909
2,897
175,719
141,523
69,831
131,899
18,510
62,84
103,454
118,727
194,468
26,17
13,752
125,287
117,690
9,354
147,520
98,952
164,648
151,209
91,369
192,299
46,204
92,404
174,320
1,219
178,921
148,200
118,883
198,125
36,793
83,330
12,611
126,597
69,693
160,506
68,108
3,344
139,269
85,8
58,686
119,92
149,722
121,573
101,926
7,152
172,963
129,305
134,475
138,1000
14,979
12,544
78,706
42,197
101,675
113,568
157,168
104,352
101,347
29,698
116,324
116,921
145,782
105,628
77,163
43,401
112,201
188,728
69,8
28,800
155,363
87,205
182,981
47,352
132,81
26,703
133,898
127,785
50,39
9,449
197,376
48,431
53,797
154,268
106,142
139,766
169,240
9,977
121,248
43,541
173,934
165,9
39,312
12,24
33,914
43,361
112,490
115,369
112,312
4,154
34,525
129,767
21,460
68,962
49,953
12,95
28,327
27,250
139,146
131,427
117,956
99,439
61,170
154,156
72,530
64,819
59,609
3,140
152,534
115,623
149,46
71,501
129,227
126,124
63,769
101,397
69,544
139,734
197,281
198,353
74,45
164,349
68,55
97,471
81,84
37,838
158,901
42,567
94,849
130,848
119,349
55,690
42,705
130,811
169,190
138,658
169,211
50,841
10,390
183,504
112,413
120,346
122,756
58,728
56,650
16,268
114,440
56,765
35,29
3,776
3,238
161,213
27,420
68,133
53,456
16,140
142,531
135,79
72,781
200,481
95,10
81,733
172,268
147,547
44,667
164,562
93,919
104,23
114,632
101,421
66,900
17,121
157,838
177,743
129,690
2,782
112,229
145,505
117,235
38,684
64,681
187,499
172,937
53,985
65,34
67,110
127,631
148,459
83,698
147,791
42,637
180,95
118,769
133,93
139,988
179,915
83,192
69,983
7,60
145,838
66,127
50,269
129,425
156,691
153,531
27,918
90,451
108,256
44,642
3,816
146,986
49,697
90,744
78,98
176,909
53,763
68,66
53,662
97,960
7,54
16,135
102,275
76,555
53,627
29,965
78,470
140,452
88,692
182,82
191,752
68,627
181,154
198,698
89,652
11,970
142,314
163,875
63,404
96,203
1,483
106,593
152,42
26,334
57,592
198,70
90,943
58,705
127,101
110,589
136,158
48,387
132,788
107,312
20,49
30,365
2,569
51,98
8,181
27,512
36,463
68,179
184,548
70,108
15,699
108,16
6,879
115,167
170,671
27,602
71,490
48,227
123,7
197,288
151,697
40,634
148,742
138,423
190,67
80,380
80,53
168,57
200,770
18,601
180,773
65,743
72,922
103,129
155,444
152,665
126,37
128,367
168,760
23,642
120,287
60,868
165,629
185,279
161,821
46,736
51,624
177,610
176,754
132,506
131,806
152,495
37,431
115,725
40,390
39,268
70,643
108,550
40,81
177,759
176,844
120,956
70,45
80,419
36,530
64,277
30,824
133,216
58,477
54,294
185,313
118,948
112,650
135,896
59,59
120,609
79,970
27,434
74,689
68,255
95,43
150,360
131,266
89,474
140,494
135,29
108,263
28,358
85,409
55,981
159,76
160,822
25,619
48,977
95,659
33,370
103,579
177,336
164,355
106,342
122,766
56,333
98,280
131,601
89,296
166,883
101,439
107,173
83,911
198,307
100,662
108,993
47,928
95,91
129,190
97,278
124,14
134,801
7,361
29,404
65,820
99,217
63,517
120,916
102,30
135,732
186,666
3,784
116,373
69,633
75,119
162,475
148,35
186,111
121,150
18,903
118,983
44,77
181,580
189,748
72,436
151,830
110,624
133,322
178,121
92,967
164,462
79,937
175,338
194,577
6,984
125,368
110,430
119,204
38,28
3,623
90,383
169,337
13,447
137,762
128,522
119,685
87,401
48,94
13,285
5,320
49,427
21,669
100,598
40,778
19,947
45,791
49,172
172,451
121,467
166,658
57,181
45,793
5,19
132,971
190,372
121,49
177,582
162,976
64,717
90,878
51,323
190,116
181,852
65,980
5,715
99,151
54,879
88,313
52,251
107,511
126,103
88,676
141,161
187,267
150,679
126,871
78,999
140,190
193,172
30,666
26,371
70,65
29,984
86,133
142,435
53,419
174,893
93,907
100,552
74,562
68,394
96,185
48,93
79,708
184,544
163,424
193,257
47,599
40,429
69,14
188,831
163,514
112,888
48,150
55,362
184,766
112,187
166,259
124,636
150,129
25,313
47,301
60,510
2,373
95,712
21,222
28,799
122,486
35,272
86,637
5,740
18,63
140,890
174,718
29,288
124,46
151,315
195,267
14,966
164,143
187,742
165,255
53,48
165,352
58,909
78,657
43,499
136,604
132,534
11,974
4,904
129,794
140,905
104,293
13,351
172,924
46,648
75,532
37,337
142,993
71,894
85,1
88,158
165,755
195,881
148,57
145,380
176,279
110,584
41,734
12,180
156,898
128,913
143,25
145,698
32,451
83,992
114,810
16,956
161,61
49,993
149,821
133,781
185,579
131,538
168,624
14,945
164,675
168,41
170,279
9,630
118,525
51,434
195,287
129,883
178,128
139,549
5,580
25,863
7,576
50,501
200,279
180,407
10,82
173,689
142,698
13,961
84,957
161,735
92,404
145,253
196,363
167,217
27,47
71,581
3,952
155,528
187,986
68,446
154,311
33,618
148,390
162,817
196,196
182,224
29,725
164,950
45,941
39,90
65,708
148,205
99,59
16,864
142,452
127,863
101,134
103,194
183,740
199,446
94,436
55,238
132,117
172,531
177,957
153,517
5,551
173,289
87,197
14,627
53,224
186,625
98,229
110,346
27,985
163,931
104,498
173,57
122,352
15,644
172,260
87,592
90,844
165,81
144,441
198,637
196,211
181,425
99,646
37,735
30,673
52,375
176,714
57,212
29,605
187,62
78,548
136,634
198,372
15,632
24,445
78,533
186,698
36,937
92,567
147,14
175,448
70,259
71,717
64,505
58,652
133,370
172,794
126,420
17,703
166,736
31,48
192,814
150,715
31,693
127,366
198,887
30,279
94,521
55,781
146,898
20,282
47,315
76,72
178,73
123,781
128,910
100,779
6,673
50,534
118,886
191,389
153,708
46,899
175,180
87,548
24,445
12,725
183,764
159,467
188,127
108,711
94,239
161,709
109,584
2,9
66,497
58,156
149,223
185,575
38,296
12,229
92,552
124,297
149,101
122,21
39,580
190,356
150,811
138,434
156,709
83,863
46,96
16,449
105,369
111,365
77,419
36,905
88,856
157,932
45,388
75,611
21,329
37,805
72,275
120,19
26,432
98,780
120,873
93,378
56,862
124,601
194,751
154,497
51,816
156,411
170,382
13,283
124,838
137,256
126,628
159,196
97,313
73,257
11,137
77,957
41,915
167,954
177,137
124,815
32,617
67,340
76,824
38,882
59,547
38,100
146,294
143,285
126,326
129,513
154,527
181,261
60,846
155,254
193,233
11,837
29,133
71,562
195,173
116,229
15,758
176,739
162,769
117,196
54,88
175,900
164,834
107,53
138,441
187,939
10,384
41,278
34,49
90,425
168,65
9,733
158,836
157,790
38,610
135,813
165,753
119,659
23,953
153,61
58,209
16,914
59,930
156,411
90,64
46,691
167,324
90,182
121,262
150,241
95,204
67,542
29,966
173,923
28,897
34,818
11,603
169,870
173,830
96,470
141,999
59,136
156,894
123,378
154,830
157,410
11,399
117,802
27,423
180,990
44,874
47,205
113,48
127,558
136,286
45,265
147,984
184,931
116,708
131,724
51,431
184,299
191,571
5,128
33,168
119,956
166,584
104,514
130,490
19,138
143,210
82,58
158,871
177,101
183,538
83,629
94,128
62,183
28,762
164,708
39,734
14,167
134,542
34,743
68,993
171,333
50,839
186,176
38,340
11,628
29,417
90,781
6,96
151,308
94,250
64,77
158,761
192,637
153,947
24,328
180,656
133,588
198,514
175,292
126,107
18,66
144,251
195,712
36,520
111,284
172,526
49,812
149,941
191,445
169,442
46,123
119,933
57,426
25,266
16,664
144,785
21,964
140,271
45,309
17,126
118,981
179,545
175,374
194,228
59,910
172,859
63,267
98,973
78,675
142,149
55,855
33,555
11,769
92,389
78,981
63,712
73,460
28,929
31,338
162,355
179,444
12,170
12,465
158,882
7,53
24,526
159,930
147,552
93,862
40,179
95,960
108,840
122,33
64,928
143,663
179,161
14,650
159,559
124,589
56,190
75,620
141,807
164,216
199,368
154,471
199,654
120,260
143,799
45,894
137,577
18,730
122,290
106,586
183,439
92,927
161,660
99,646
152,613
168,353
15,284
94,471
70,487
183,146
122,19
160,642
10,798
134,380
154,108
158,180
123,403
90,958
37,92
158,448
22,152
15,132
167,575
114,212
56,748
156,21
112,698
109,663
138,452
56,493
29,244
5,276
69,767
60,867
95,503
22,968
7,343
82,307
153,350
192,515
17,419
21,268
187,426
196,870
70,475
143,663
144,561
158,322
59,369
16,574
99,461
49,457
113,662
130,952
120,681
43,230
34,123
51,229
21,560
139,28
77,697
194,238
181,519
82,38
44,829
96,342
50,890
123,890
8,417
57,497
74,941
121,649
116,11
196,25
144,925
146,166
2,895
11,960
126,862
135,855
61,607
65,741
145,928
36,921
50,586
196,634
181,740
41,918
103,878
49,263
124,167
68,56
33,749
75,85
18,957
53,536
157,840
32,513
172,493
143,959
150,559
170,408
176,611
182,768
96,664
104,68
140,996
148,317
130,854
115,424
133,573
46,336
48,261
86,700
179,879
71,151
169,238
161,148
16,216
40,757
131,212
5,770
84,447
74,171
159,808
23,278
67,387
110,182
182,189
30,811
173,947
186,828
111,721
110,882
86,307
6,373
125,817
90,258
69,940
182,309
132,5
10,79
180,878
66,730
186,961
17,46
47,379
5,9
108,640
178,633
105,648
129,341
166,346
41,832
68,51
75,32
113,220
162,33
159,96
10,769
89,672
49,723
92,394
105,274
32,117
116,546
64,32
186,475
61,176
119,335
69,816
104,605
138,88
135,478
153,437
181,507
6,753
147,714
186,811
156,346
71,454
60,491
67,405
5,212
77,102
126,52
130,692
143,704
93,971
150,1000
76,346
172,827
6,140
122,621
142,125
11,590
169,427
116,521
103,40
100,373
30,410
173,359
159,502
93,34
160,294
84,368
81,324
99,939
50,410
3,125
192,554
189,348
51,117
96,681
118,915
28,128
141,104
195,654
9,683
81,478
67,788
188,495
76,136
99,231
7,172
172,199
74,143
46,724
89,10
177,613
187,764
127,352
21,959
159,994
113,153
108,983
83,652
91,600
162,150
116,77
28,315
30,251
43,60
131,571
40,391
149,719
191,574
112,99
62,437
67,732
132,271
111,567
58,962
188,869
60,996
190,286
123,796
84,537
182,892
9,344
175,46
173,436
190,612
80,113
15,840
122,648
61,877
195,635
20,70
19,501
15,340
64,993
17,889
93,307
17,589
53,579
78,314
19,576
192,10
76,995
130,940
200,815
156,249
130,919
96,565
100,958
122,822
150,332
186,664
81,139
132,476
139,217
151,434
78,235
85,168
200,658
127,765
6,698
120,13
3,881
23,631
179,922
39,79
124,488
113,157
6,659
47,566
152,930
190,436
61,80
175,226
114,558
73,375
22,647
8,14
30,411
54,19
45,368
112,654
59,347
5,485
138,467
124,775
176,215
56,528
41,590
92,724
146,209
134,495
63,648
88,4
99,682
43,959
65,519
103,989
83,480
13,364
194,147
162,82
190,742
133,334
190,506
16,177
113,735
107,998
172,277
112,903
137,237
83,448
26,988
85,302
26,433
10,666
78,728
50,680
198,989
93,947
162,817
163,412
34,688
189,290
64,838
165,710
83,354
116,720
21,14
151,450
98,894
180,818
59,71
61,767
70,395
183,855
68,26
45,151
183,836
6,52
78,448
152,560
159,152
141,15
183,68
83,487
138,668
118,195
145,793
59,769
179,734
174,805
137,950
3,531
92,993
149,148
192,809
30,974
32,64
15,205
193,179
31,586
112,640
64,431
47,104
65,728
78,696
31,568
152,252
56,694
69,338
46,155
78,201
30,250
166,953
87,945
13,815
101,955
111,269
145,328
135,967
163,494
3,605
188,255
164,672
3,664
156,483
200,236
155,130
171,528
121,709
137,710
23,611
7,842
183,770
58,588
8,499
160,221
88,937
127,91
170,530
169,66
86,937
98,882
83,784
85,903
91,5
170,890
59,986
16,675
76,363
18,705
83,357
67,111
134,313
100,51
132,690
99,448
127,485
38,452
137,259
113,699
131,663
150,398
158,677
46,338
153,351
113,909
173,849
184,368
124,553
175,67
200,257
113,819
8,847
121,778
47,780
115,631
84,118
44,556
162,177
109,47
78,476
82,236
167,775
93,70
116,489
150,144
178,65
162,288
172,958
82,572
23,415
131,621
70,67
64,712
33,25
38,960
23,531
148,722
171,153
36,153
16,258
157,953
129,27
41,601
143,541
103,963
22,22
155,390
143,121
174,771
129,405
106,141
96,685
60,925
169,517
65,536
158,146
197,763
133,749
183,333
52,708
115,782
44,182
4,778
200,380
16,965
96,272
183,590
147,649
97,294
52,987
43,112
180,605
148,579
22,597
165,932
30,454
53,759
194,451
76,393
177,156
9,233
184,385
38,912
111,786
184,392
44,102
64,412
158,965
110,105
195,989
15,618
124,878
32,801
124,444
170,861
8,174
174,919
190,727
26,194
167,145
10,46
22,620
109,890
189,565
113,292
139,34
52,439
78,540
103,264
49,863
69,781
177,141
83,883
27,252
36,283
108,174
7,759
105,836
33,561
7,564
20,759
63,68
154,8
80,924
6,459
187,606
40,257
37,977
133,224
36,441
9,527
22,739
127,84
140,823
171,839
116,399
183,742
40,184
136,341
133,695
167,496
192,300
137,401
104,377
153,565
174,985
71,286
28,198
82,92
62,801
190,793
137,695
46,231
181,705
73,536
81,2
35,580
1,203
112,296
139,345
195,581
100,120
96,529
108,234
158,790
86,623
60,778
193,409
46,566
61,668
162,689
45,828
77,428
40,557
76,617
29,199
102,560
52,591
99,168
63,268
70,797
92,270
56,639
42,95
32,193
61,335
200,289
155,221
23,738
10,668
73,553
160,229
165,635
77,702
39,404
45,553
162,160
112,268
53,26
127,936
110,787
132,939
156,375
170,649
59,485
101,467
43,326
130,160
121,790
147,985
175,696
190,568
9,434
113,306
29,499
31,897
188,246
159,993
172,124
77,295
171,838
55,684
157,309
111,996
7,374
94,472
126,685
120,819
57,10
9,270
11,230
90,722
1,291
47,894
159,467
108,20
195,621
96,160
149,317
108,805
186,736
105,216
24,770
152,776
187,397
37,142
195,270
45,858
101,607
105,429
159,845
95,314
90,449
37,50
121,522
53,152
134,996
47,526
94,28
30,424
140,893
44,788
115,132
176,114
102,835
106,360
1,564
172,402
134,214
52,625
143,817
96,601
7,125
3,814
161,723
165,120
89,140
13,695
16,397
53,987
167,526
191,240
87,742
53,466
9,853
65,673
173,752
178,11
73,535
137,148
31,838
80,199
176,103
159,393
82,675
62,682
32,959
70,247
144,363
1,100
64,225
126,717
134,208
196,939
152,220
48,1
187,186
146,1
15,267
135,148
152,397
84,992
141,888
82,222
79,23
3,718
172,942
100,950
9,99
103,984
49,338
34,192
154,388
136,466
112,759
18,90
106,390
20,486
111,795
87,811
182,401
110,955
154,643
14,566
46,481
192,285
17,155
1,913
97,120
137,817
160,680
114,63
183,350
7,672
143,503
107,329
147,773
60,658
102,751
64,504
82,993
107,567
57,264
8,233
186,362
113,570
9,783
42,793
114,198
151,662
200,276
154,311
11,15
107,754
138,626
93,853
69,65
127,668
102,992
165,889
138,78
26,663
147,175
99,155
76,219
138,373
163,672
152,798
185,375
5,170
72,986
55,978
195,435
65,385
144,197
163,373
174,287
17,235
9,23
126,11
144,456
73,532
185,392
164,772
134,609
157,651
183,677
35,172
1,985
130,200
186,4
22,40
164,31
163,403
15,854
118,880
157,242
139,619
36,998
114,7
133,542
100,216
73,943
108,79
200,292
109,619
169,923
23,735
173,500
187,68
2,339
149,979
100,488
41,901
89,509
18,502
174,658
62,593
185,75
67,781
196,53
100,895
112,160
16,643
173,264
151,242
160,314
17,788
26,143
101,973
110,85
154,859
195,797
96,379
82,399
78,45
150,754
108,46
45,359
132,230
28,463
70,115
42,104
175,126
79,509
158,926
90,140
55,773
177,239
121,454
75,244
86,34
54,693
39,268
193,29
187,396
26,588
32,481
99,341
89,593
5,764
193,543
103,926
65,422
146,600
178,304
77,917
96,80
78,797
94,770
148,141
53,780
40,116
79,178
182,931
145,959
183,561
128,179
88,704
166,686
94,770
19,604
142,677
39,173
51,906
68,963
125,139
177,272
85,559
22,6
175,341
106,541
25,107
119,172
168,499
66,507
117,740
183,130
143,503
184,472
114,267
175,670
53,360
150,66
67,222
129,576
73,716
40,237
190,788
66,982
127,698
25,893
189,589
60,733
154,232
31,82
36,298
73,967
40,217
62,736
110,767
144,507
70,686
76,375
120,546
131,972
66,332
8,366
138,851
133,17
160,319
185,116
76,839
89,624
46,754
55,6
154,405
41,422
140,85
107,205
27,779
25,936
112,889
90,913
77,289
138,694
128,287
37,606
193,858
74,388
53,743
21,400
107,497
158,317
136,81
135,389
19,602
176,206
35,699
21,591
60,189
46,181
111,331
60,611
168,131
121,778
111,239
62,778
121,685
136,400
58,107
60,934
182,493
41,182
196,630
67,169
32,848
61,562
113,90
162,214
113,541
179,495
92,852
200,391
191,427
142,515
120,54
177,92
172,91
37,128
83,732
122,991
178,221
42,135
136,232
200,549
14,365
179,3
192,867
190,522
140,313
51,258
140,169
47,248
85,941
174,833
138,46
9,687
182,805
113,99
189,213
199,190
108,671
7,86
139,474
87,189
199,152
91,202
173,366
140,528
2,529
183,876
190,414
3,359
155,810
3,333
155,842
70,544
91,568
15,485
71,926
105,377
161,391
68,496
14,906
98,284
182,227
184,5
125,803
169,269
98,399
145,807
43,933
115,720
97,162
188,399
91,775
179,32
175,56
167,159
54,284
196,877
103,633
179,67
193,758
148,892
42,221
119,982
93,501
2,99
35,602
165,922
154,409
43,144
10,459
35,522
199,776
194,948
40,897
3,777
107,2
101,455
94,671
81,74
76,201
1,429
27,12
133,826
194,757
149,239
71,897
57,633
169,797
54,704
102,55
113,311
120,335
180,271
130,489
200,140
161,600
78,939
125,568
62,216
82,770
171,909
78,405
191,959
46,937
40,266
151,512
130,478
22,798
128,906
67,932
14,592
75,901
77,177
91,155
29,750
15,85
50,464
162,320
73,86
52,441
78,734
77,17
96,78
30,818
75,815
120,490
180,31
69,833
124,812
54,320
92,576
189,249
135,310
135,743
125,615
6,504
163,832
11,75
63,275
106,203
186,557
77,221
200,307
61,308
122,400
57,407
52,473
116,853
72,668
134,285
67,574
1,660
53,422
123,333
154,751
30,981
173,192
102,38
105,423
3,255
128,369
115,589
166,140
3,78
134,476
98,297
125,293
38,518
146,402
85,808
49,190
87,768
124,160
152,940
189,21
103,476
155,254
91,382
80,87
155,195
11,290
131,392
133,67
3,149
36,646
7,919
119,403
100,157
57,465
166,621
121,372
168,611
116,522
18,852
140,305
116,382
100,10
122,466
129,52
148,823
84,666
64,166
106,964
173,163
33,886
106,757
112,716
137,630
90,249
186,495
63,651
116,65
191,129
5,647
80,140
88,519
22,858
180,484
193,147
176,245
27,957
180,80
188,618
138,792
118,885
133,22
59,371
170,849
22,58
197,295
149,755
146,67
126,706
125,305
50,806
38,313
179,874
107,291
2,284
7,541
115,887
123,167
23,540
110,260
127,503
200,513
113,615
86,167
3,165
36,802
100,235
4,251
85,437
47,842
38,932
194,245
34,224
40,320
179,701
119,277
143,925
99,666
105,307
44,512
55,513
77,947
164,505
96,781
132,44
187,904
51,6
91,328
86,974
125,549
126,718
151,302
86,632
90,666
101,46
185,458
181,995
157,139
111,842
155,562
198,495
166,9
193,963
100,177
178,72
185,979
188,618
190,837
193,698
25,261
87,646
8,17
33,308
5,771
106,260
93,496
50,832
95,316
71,371
161,364
177,54
120,713
118,696
83,711
54,624
110,286
30,198
197,498
103,98
73,27
175,769
80,412
104,191
70,470
37,398
175,315
63,83
147,290
197,850
58,971
116,160
151,834
81,833
131,626
175,165
175,193
8,647
167,888
94,478
12,265
190,696
76,449
170,216
119,358
115,222
25,368
6,309
55,675
70,891
199,168
85,481
81,639
155,631
78,141
28,458
136,610
18,663
123,794
109,59
39,614
116,247
24,858
114,13
176,436
178,340
102,921
144,82
154,648
194,221
177,242
62,362
60,966
89,924
153,948
165,278
67,786
39,342
96,430
164,774
51,777
104,164
113,873
175,783
105,423
138,68
148,559
80,378
126,669
172,597
146,591
56,572
118,481
158,765
87,514
84,8
189,202
113,256
141,401
47,795
28,219
194,498
190,41
160,726
32,818
177,918
101,384
191,677
100,132
99,125
101,340
130,646
115,558
172,408
113,127
178,141
140,644
102,683
26,455
161,549
169,793
148,93
18,241
165,485
141,352
200,469
138,248
174,754
165,261
183,761
173,959
17,824
42,80
123,777
21,743
47,414
197,862
166,303
60,603
71,193
196,315
107,974
152,755
161,738
70,138
97,581
117,917
74,237
17,504
181,294
145,523
96,576
157,201
145,585
173,196
32,268
156,45
51,504
62,873
144,163
153,378
85,622
103,865
191,73
164,823
18,875
27,997
46,970
3,228
19,552
30,595
180,377
136,669
32,72
80,824
70,547
91,300
176,432
121,157
58,464
81,210
184,892
196,575
181,307
38,691
3,19
133,951
13,493
163,549
39,499
77,636
186,462
11,76
117,723
122,527
32,97
141,795
195,955
98,654
6,478
154,422
48,874
96,644
118,306
140,440
65,802
200,179
60,349
182,706
30,649
66,487
112,578
90,45
133,565
192,198
4,248
97,603
48,356
23,875
169,23
4,945
39,235
199,238
164,606
44,1000
169,880
39,695
59,550
157,406
113,109
115,393
33,456
92,39
105,287
72,755
54,522
35,861
114,829
165,773
34,711
123,105
166,93
30,601
152,841
93,374
10,913
51,620
185,922
144,370
114,960
150,173
1,908
22,925
9,771
130,411
76,258
109,513
165,992
178,797
71,936
77,651
49,877
158,533
135,214
101,229
157,469
151,929
52,774
150,253
169,361
164,811
129,298
140,666
107,548
59,294
109,858
162,252
123,255
150,577
74,705
145,978
169,33
159,651
58,81
69,806
110,241
137,981
173,637
192,676
55,405
136,90
19,293
25,275
48,368
12,337
123,772
94,829
153,800
24,815
194,112
147,1000
191,385
56,104
100,250
89,246
156,672
49,868
4,74
147,466
123,47
85,425
52,911
192,764
149,19
4,351
44,930
143,989
191,277
75,641
23,634
148,852
142,362
175,155
117,211
102,459
120,841
67,874
27,542
24,524
68,906
187,942
121,640
172,8
80,244
167,654
173,215
175,513
143,655
117,427
81,170
148,554
20,707
52,961
171,484
132,755
185,930
195,698
171,751
13,506
40,449
37,654
93,907
33,135
13,942
190,69
44,656
152,111
146,453
83,973
197,51
85,747
10,285
72,401
34,844
178,17
100,214
158,262
146,627
48,273
123,94
119,487
35,394
117,362
176,280
86,871
55,846
49,758
76,113
125,45
42,216
33,286
144,454
88,351
190,312
188,961
102,970
84,302
163,227
186,157
105,611
83,266
85,179
116,273
151,331
79,426
60,220
89,342
124,679
36,462
79,230
57,349
16,456
24,638
65,591
129,808
196,274
99,380
97,245
37,360
64,617
72,128
184,119
192,246
82,938
168,515
149,502
80,556
175,677
119,345
83,157
79,145
83,381
80,530
174,33
100,65
138,513
7,681
71,151
29,955
96,840
66,17
151,13
175,898
121,466
75,746
171,31
177,696
98,769
135,474
165,267
183,643
160,369
99,107
84,389
57,593
160,858
43,493
87,341
110,96
182,209
186,252
2,503
54,95
74,857
30,798
140,517
166,539
88,543
115,952
23,670
141,475
199,419
66,881
73,568
78,67
194,905
192,798
91,118
22,148
135,441
42,516
99,460
146,664
68,948
120,420
67,5
183,895
91,877
158,874
83,557
6,643
30,649
5,508
159,81
87,61
144,614
177,941
73,317
45,367
6,574
187,344
172,705
149,792
126,83
150,390
144,358
101,516
91,917
15,335
200,89
199,274
157,16
166,291
189,89
6,585
13,456
83,662
151,73
116,495
121,895
139,565
59,719
21,80
8,475
24,144
167,649
99,279
110,653
97,438
45,628
52,745
175,382
45,693
36,376
95,641
86,725
42,900
63,874
52,238
53,381
99,203
128,977
20,393
58,324
64,419
60,643
145,833
12,814
173,907
65,712
132,959
24,974
197,424
60,823
7,459
190,849
161,864
3,738
94,500
117,428
2,179
154,456
62,852
39,391
152,802
16,753
66,324
97,602
190,90
58,98
170,519
150,718
81,144
59,977
176,1000
3,811
122,667
15,666
158,251
161,840
130,501
177,280
137,181
21,662
153,196
151,205
119,36
14,48
79,377
16,704
33,557
77,173
192,520
163,748
70,561
39,348
34,858
141,581
157,937
28,97
164,163
65,7
149,652
128,742
52,229
171,301
144,121
189,158
152,30
152,182
9,709
178,51
89,250
93,11
81,264
84,652
129,328
182,955
119,343
159,106
134,907
53,304
166,140
108,940
80,934
158,962
172,909
17,218
187,578
64,527
1,845
102,647
127,127
25,495
76,98
72,923
19,55
102,139
163,863
64,137
177,305
37,682
104,85
161,459
17,797
197,141
86,28
87,554
129,330
99,830
42,374
166,773
40,502
189,381
199,656
196,863
155,138
88,116
101,865
166,950
192,285
141,761
157,106
158,738
74,104
155,701
87,407
54,552
125,949
125,171
165,716
155,166
157,626
134,828
124,175
44,529
103,429
61,993
40,18
190,152
90,894
21,271
70,679
47,358
75,407
144,382
46,406
128,464
26,30
63,377
137,410
41,726
136,595
21,773
161,932
97,837
113,592
176,801
198,36
169,463
119,754
146,827
111,222
93,986
194,447
33,499
94,420
166,768
188,45
93,630
173,590
52,677
162,694
51,875
101,361
99,178
73,956
99,1000
149,409
35,703
68,220
83,741
101,488
1,284
134,859
86,979
184,971
13,145
12,906
184,89
58,639
67,105
116,349
154,892
157,536
89,923
115,864
151,210
18,66
62,921
5,426
141,886
55,807
32,329
79,304
195,487
79,671
4,202
14,905
31,243
140,751
173,162
183,76
185,44
62,976
61,930
29,681
177,331
35,619
198,755
176,696
199,304
178,915
131,838
199,968
135,904
58,540
131,65
176,94
56,345
120,967
122,332
58,151
17,961
94,42
145,764
188,278
21,853
164,362
197,377
117,687
166,237
37,960
54,667
3,324
153,105
49,775
37,927
79,679
113,156
173,616
100,484
76,928
179,219
168,445
176,878
64,263
73,432
148,88
159,533
162,975
101,220
70,499
170,135
121,106
114,704
68,627
44,966
134,918
47,800
85,702
129,734
175,959
10,159
161,911
199,694
7,497
70,458
108,98
56,289
6,56
16,178
114,332
21,100
192,486
15,415
156,465
143,913
68,93
15,71
196,382
80,996
31,954
152,272
148,53
140,271
127,793
195,370
145,118
127,751
190,328
95,640
173,975
39,14
185,10
153,319
93,576
97,929
56,628
118,822
99,678
136,746
186,646
22,164
121,753
122,579
3,915
67,806
27,842
197,58
101,363
3,242
116,333
180,399
121,612
86,32
160,653
78,607
106,721
40,493
22,229
28,24
8,463
185,733
30,475
155,436
181,831
94,841
134,874
75,872
115,744
110,13
88,96
18,795
113,592
112,427
32,224
165,516
31,112
87,374
164,934
53,932
170,140
64,776
143,192
188,516
133,339
38,507
197,231
59,262
159,270
21,157
162,306
127,245
197,629
2,578
79,126
84,111
161,243
54,351
147,250
32,909
165,907
137,100
74,634
9,585
96,539
112,801
50,661
101,845
178,715
161,302
195,242
68,352
183,757
178,516
27,19
11,947
79,308
68,516
84,467
151,978
62,609
101,722
116,742
181,103
40,911
138,212
85,330
147,20
122,754
81,298
74,809
48,714
83,147
195,172
170,451
188,158
87,842
171,131
182,809
99,931
120,787
100,352
64,248
27,869
153,378
59,320
83,261
47,26
125,978
144,986
92,509
145,28
117,395
72,229
119,650
33,607
109,395
116,764
178,229
145,752
159,759
195,57
49,596
114,686
192,582
22,42
78,421
123,10
114,275
67,869
33,97
37,916
135,518
26,670
62,783
194,895
200,179
199,182
105,881
2,529
89,388
151,853
15,834
33,784
188,217
137,859
78,68
19,300
129,965
141,760
142,213
82,79
168,689
79,174
20,275
114,748
199,60
23,492
50,240
54,230
46,877
175,264
144,366
69,473
127,310
28,466
33,76
172,484
175,291
16,680
2,509
45,399
180,281
22,887
200,281
192,233
104,427
115,326
113,985
26,21
9,830
106,422
75,538
111,36
19,115
136,558
22,687
102,146
45,741
104,786
123,657
162,802
4,873
53,579
182,147
197,496
9,603
116,906
183,665
148,418
38,168
21,24
163,25
167,868
30,374
42,741
195,605
66,528
150,440
32,427
12,452
146,214
137,78
26,146
52,375
21,419
102,629
180,627
62,378
188,3
121,593
182,674
129,330
50,300
80,463
194,945
173,148
113,582
2,311
179,422
65,742
115,565
41,659
73,176
31,152
137,199
141,576
146,351
29,524
174,231
170,105
63,210
47,947
184,305
58,866
38,325
169,215
92,233
121,626
2,862
97,252
179,494
192,294
93,440
35,482
86,229
63,633
127,466
195,560
12,606
147,240
113,492
31,447
10,958
11,274
159,932
164,799
76,850
197,809
94,393
200,668
91,946
21,526
56,218
170,498
105,804
87,242
95,774
128,445
136,220
60,666
199,103
98,399
141,639
132,558
164,735
62,398
138,154
131,608
157,959
149,175
32,522
106,15
84,661
180,156
14,456
76,73
160,314
40,636
79,540
141,33
86,416
113,504
97,47
91,189
154,338
93,860
176,377
9,484
127,82
191,947
129,677
10,958
47,489
40,599
136,802
18,941
96,597
86,780
191,516
167,591
163,44
47,930
146,77
19,686
152,242
41,858
199,330
157,1
105,427
72,51
159,510
101,131
79,365
160,708
166,774
57,173
192,220
78,933
156,54
117,594
134,155
136,872
85,281
158,789
183,842
112,363
31,142
25,368
154,209
37,245
127,495
85,57
199,598
83,109
14,88
159,264
51,628
77,882
112,821
35,681
178,220
160,169
151,447
65,999
70,695
99,803
30,316
6,964
77,47
172,46
160,294
38,534
12,787
32,753
39,439
152,238
100,32
109,664
47,679
159,85
36,902
97,466
96,140
57,3
84,53
15,81
32,4
137,203
95,35
8,935
27,473
77,381
36,738
1,858
9,953
38,353
70,510
56,744
133,646
161,689
49,173
189,674
123,394
46,460
44,922
77,36
26,559
44,308
174,551
124,224
135,61
104,548
136,504
192,666
95,213
34,68
18,734
96,372
188,913
24,128
130,503
23,261
57,711
162,333
93,313
141,900
5,104
25,339
25,55
29,727
104,536
136,739
4,931
96,374
93,392
135,986
19,333
154,516
114,629
43,277
157,234
62,587
118,478
103,951
92,253
10,183
11,564
92,193
4,415
140,967
157,688
108,861
91,493
123,272
10,993
59,651
193,485
110,993
36,914
121,180
188,368
33,264
66,233
187,689
175,220
95,260
161,583
140,994
174,863
7,879
157,11
77,565
108,567
100,996
118,729
53,113
131,634
139,1000
153,954
23,39
73,943
126,923
15,433
161,648
177,490
119,509
31,884
81,957
17,848
163,513
76,384
37,505
146,655
12,935
165,69
158,566
175,9
78,775
67,420
47,798
60,315
143,547
171,473
77,488
53,418
171,861
104,372
172,429
184,156
19,856
57,557
24,447
193,174
35,380
61,591
198,989
149,151
129,898
16,914
154,541
56,959
105,75
2,517
182,698
131,425
15,360
80,830
50,585
31,435
143,225
174,831
26,739
178,998
44,634
84,404
2,542
5,397
184,753
167,160
85,233
25,219
10,384
162,840
14,641
151,210
118,928
28,534
13,746
50,542
164,213
90,974
14,355
33,975
75,445
172,280
17,221
98,824
191,264
1,194
150,563
111,640
127,942
192,760
78,27
96,230
9,725
153,385
163,486
104,370
16,662
71,332
25,638
140,583
95,545
66,335
27,104
8,274
114,154
130,13
149,3
168,447
134,470
59,504
26,339
21,119
21,508
188,264
189,933
30,908
95,320
58,637
21,86
163,813
88,905
181,531
93,661
20,724
96,64
153,577
19,120
62,479
13,278
100,554
84,608
41,351
56,655
108,144
124,517
12,687
68,592
25,602
189,365
51,691
142,719
145,639
182,172
131,530
177,703
78,554
67,866
139,573
130,726
75,324
150,854
156,738
11,302
3,812
10,620
200,221
182,630
35,117
66,850
12,644
146,824
59,76
96,301
112,137
37,321
124,952
79,36
126,142
185,973
200,798
25,228
23,621
40,641
139,492
19,703
111,218
6,992
65,31
89,503
148,95
20,379
52,538
73,310
86,764
89,673
53,804
152,948
129,632
199,651
109,511
148,75
167,334
23,11
25,435
54,468
15,724
142,320
164,11
19,837
144,44
95,752
161,5
79,617
176,99
162,304
17,944
133,394
17,946
64,511
151,343
35,580
102,534
189,679
4,838
157,687
137,690
20,625
76,835
31,452
178,712
9,302
121,687
126,959
160,452
169,715
109,825
27,856
156,738
42,446
139,726
142,404
135,486
179,514
117,733
160,242
80,23
171,418
127,684
98,560
168,999
26,25
51,859
49,160
117,789
43,329
44,387
150,232
198,779
140,896
78,606
127,135
153,904
61,64
2,510
148,447
130,981
48,231
149,370
194,50
151,915
15,127
175,71
104,935
17,349
192,550
67,288
123,108
63,40
16,92
80,780
155,534
172,266
126,771
138,480
74,30
84,769
178,650
100,196
79,646
198,714
181,897
36,399
75,259
90,528
157,596
65,138
92,821
88,760
185,717
130,705
154,613
14,594
143,516
82,985
131,564
92,907
117,575
118,207
61,12
156,616
126,562
91,394
96,608
165,941
5,204
189,800
54,948
17,940
155,426
143,847
189,166
86,269
163,508
37,644
200,429
50,813
179,224
143,840
106,649
80,402
59,973
64,567
199,610
81,910
40,970
62,537
10,230
113,537
39,379
154,764
113,797
130,307
185,565
183,86
85,768
159,900
118,408
90,826
86,533
29,438
167,846
137,760
187,238
13,315
40,625
135,339
134,556
75,937
144,210
158,29
162,280
110,663
180,621
193,156
46,359
189,518
36,18
100,613
121,53
2,129
90,731
27,138
65,105
160,659
93,739
172,343
14,106
34,671
115,848
56,165
77,330
197,227
28,827
200,510
89,422
36,867
52,432
185,214
142,721
101,17
44,544
33,500
35,164
161,822
187,326
116,693
35,293
158,789
117,559
75,980
70,299
56,744
138,652
113,391
142,723
35,578
165,428
2,583
159,349
10,916
144,244
180,865
143,174
57,385
134,549
160,147
167,167
60,988
199,939
69,674
23,967
44,577
67,664
128,775
161,716
30,184
98,245
1,662
93,373
159,275
199,356
20,766
185,217
114,522
20,462
124,82
177,823
61,932
14,339
44,695
23,519
60,319
144,806
140,830
119,621
81,320
12,857
31,873
23,696
92,356
49,837
182,132
109,60
68,970
190,491
152,114
46,821
119,757
142,192
11,899
115,973
157,435
171,777
116,671
179,272
140,198
162,605
76,717
93,732
165,518
89,472
179,763
41,171
187,627
53,214
140,199
26,782
138,935
26,784
152,19
98,724
199,483
158,503
12,560
72,950
32,105
92,163
167,399
184,715
197,979
19,377
46,96
183,993
124,974
153,764
21,532
107,905
175,126
139,964
6,879
70,35
43,830
64,180
46,551
61,618
192,92
64,979
67,800
106,860
159,191
47,549
116,378
146,18
78,673
53,3
62,731
144,498
125,747
111,539
68,604
26,233
123,698
86,772
160,85
104,931
126,873
136,798
83,948
128,280
42,678
12,639
123,760
100,88
160,783
166,563
29,71
1,498
136,177
166,782
196,242
49,122
167,133
194,737
93,417
24,981
124,974
99,459
44,53
21,447
126,796
71,599
119,399
167,31
14,774
108,771
142,7
77,336
89,458
184,711
200,275
81,111
118,799
148,308
136,369
2,379
39,948
69,73
152,881
5,353
169,565
179,201
183,451
190,547
47,621
131,624
57,16
166,593
142,61
113,39
136,545
77,678
92,629
167,311
8,899
34,783
97,951
161,396
151,837
47,22
98,5
75,611
45,338
198,824
45,176
132,90
29,212
74,720
79,176
57,259
111,322
9,269
170,939
81,822
64,64
181,415
128,339
22,107
102,401
31,174
97,22
166,600
199,360
97,930
148,743
70,967
42,546
178,884
17,206
93,859
110,794
39,53
9,554
26,206
142,198
2,410
141,38
35,412
132,593
183,48
192,396
172,136
22,76
171,594
110,950
31,201
183,39
37,122
112,867
12,437
77,889
124,729
144,125
158,103
55,519
164,373
47,38
39,741
124,915
196,402
162,589
101,122
198,213
153,870
109,109
92,236
83,951
40,112
186,798
114,274
21,104
105,212
92,790
150,536
156,441
79,598
161,147
114,203
196,539
80,565
99,347
191,262
75,279
92,102
5,351
16,278
61,945
111,699
194,91
183,906
28,295
60,399
142,894
137,40
169,348
124,379
31,684
24,316
98,763
29,540
164,563
37,949
86,154
65,578
156,124
95,157
164,812
4,98
113,53
108,61
191,189
76,707
185,245
26,764
48,102
47,670
89,655
85,303
2,466
10,634
150,325
8,829
112,448
108,54
198,199
93,511
148,618
5,185
85,317
68,606
170,301
85,206
77,256
197,676
2,384
199,546
63,483
177,673
22,28
40,850
99,703
62,144
192,381
35,987
157,553
170,385
107,32
72,711
116,997
84,695
125,404
139,826
25,856
69,175
186,648
67,900
192,40
16,37
84,632
14,252
15,755
37,225
163,797
135,567
113,938
39,983
129,697
176,556
170,140
145,636
133,926
151,272
53,227
197,430
64,767
160,75
146,430
125,937
65,122
28,937
23,241
31,225
132,184
169,928
101,55
148,993
31,934
144,45
5,170
7,110
162,111
87,709
64,742
31,796
26,33
50,133
44,429
17,435
114,389
57,945
138,172
200,649
9,983
49,992
111,375
44,836
50,8
131,104
90,586
39,897
31,34
152,924
72,142
190,543
128,83
76,322
152,203
185,395
88,245
43,258
153,773
103,199
92,660
19,931
45,985
108,885
129,573
45,584
70,3
43,14
162,631
66,225
158,362
55,805
155,443
103,578
170,325
131,577
197,395
126,319
192,215
156,860
118,704
175,145
187,63
3,803
102,795
34,50
189,610
59,590
154,609
121,866
141,187
11,270
35,339
140,194
7,432
126,936
15,772
1,478
33,41
138,870
175,920
128,527
84,137
42,389
179,671
23,831
149,717
14,779
112,582
123,917
55,441
115,176
195,761
104,855
49,735
39,40
30,897
29,615
72,962
128,468
11,673
135,741
194,465
179,965
44,94
116,331
82,765
36,464
23,189
184,795
76,55
172,659
34,878
199,387
80,354
67,458
39,579
95,434
106,465
179,570
126,2
148,927
97,652
23,300
120,155
49,919
166,375
94,433
71,766
122,560
109,634
28,284
149,858
74,15
179,537
37,712
48,628
72,770
78,210
193,515
97,910
90,780
163,561
87,710
87,58
150,75
92,405
196,239
26,778
131,35
181,441
92,476
42,337
141,997
18,64
160,943
191,379
61,468
82,996
104,648
190,455
68,939
24,835
181,332
39,794
128,644
46,34
26,101
100,612
91,918
57,116
108,521
173,453
190,660
23,296
12,338
111,94
99,363
81,724
81,167
136,604
180,645
14,87
147,41
180,643
134,500
177,568
20,564
181,747
90,700
6,601
61,417
97,713
120,535
69,278
130,196
29,698
86,208
154,817
1,520
44,894
131,859
178,646
154,199
98,479
176,479
3,19
17,568
131,47
86,997
199,815
68,133
61,383
174,266
95,811
177,473
128,289
107,181
153,260
69,561
81,546
159,335
131,926
129,299
67,978
81,408
91,481
176,605
183,406
88,195
163,40
91,699
2,246
6,294
45,862
135,831
87,854
100,48
159,96
191,873
30,375
16,733
33,417
174,506
154,478
88,19
147,642
64,193
62,78
88,902
155,661
155,876
28,296
24,220
151,555
159,913
114,919
141,414
34,548
18,699
180,231
29,838
101,82
164,844
69,411
187,589
114,788
12,168
13,558
182,657
158,409
149,312
20,560
171,187
50,276
113,596
19,996
85,620
180,318
49,318
146,512
39,928
152,369
48,761
83,762
129,321
105,543
163,494
96,767
29,775
22,86
52,54
163,875
176,128
50,258
120,188
134,868
49,905
133,334
47,667
191,5
145,454
91,447
80,153
100,837
59,27
98,787
144,718
109,699
127,161
13,521
76,175
178,545
100,470
133,889
104,559
106,620
162,742
138,11
95,969
95,934
41,197
145,554
182,321
58,883
32,525
197,313
68,24
101,820
148,511
118,227
195,484
197,846
164,483
170,95
88,880
190,252
7,190
160,938
45,707
1,72
178,997
72,33
80,691
87,850
109,922
74,661
43,369
13,950
114,678
88,133
180,875
19,401
82,915
51,39
88,293
61,987
28,93
38,241
81,195
81,162
125,234
42,447
69,668
71,803
41,26
176,408
99,67
197,635
77,452
174,340
157,523
131,542
48,149
174,103
177,168
86,997
189,94
61,952
10,921
198,13
182,232
159,897
139,504
96,851
27,838
105,965
91,394
154,401
117,25
89,951
134,201
90,33
92,815
194,717
110,257
100,438
192,474
121,587
190,372
12,836
168,699
55,201
6,786
126,727
149,21
63,113
46,230
26,787
149,89
22,666
71,7
181,827
111,853
8,691
34,379
58,762
130,325
122,182
138,291
94,963
88,392
13,622
140,989
172,804
185,861
186,438
136,674
173,661
183,925
92,379
76,43
159,290
167,542
47,389
184,959
139,61
184,256
46,532
145,785
40,167
200,267
76,696
77,40
177,217
123,423
177,710
53,154
161,522
65,716
12,740
194,628
46,2
51,131
130,732
14,839
123,649
118,736
88,594
142,520
141,98
118,541
33,891
146,604
78,758
92,766
3,395
100,123
16,287
4,59
2,132
77,488
16,605
78,153
150,142
165,731
56,358
30,886
183,925
192,724
129,500
159,80
118,14
109,71
22,202
46,292
5,166
137,705
164,64
112,352
172,238
147,402
129,978
116,743
79,6
187,317
193,666
30,128
12,479
192,754
142,494
125,244
73,870
93,288
78,730
80,393
26,266
6,187
28,460
13,63
79,888
50,478
7,683
148,861
118,134
22,629
61,876
27,947
193,434
52,35
137,569
43,677
41,194
45,292
56,816
189,383
165,870
23,324
195,7
28,326
101,381
31,297
78,107
91,571
27,146
50,303
108,516
24,501
136,575
200,785
129,674
156,312
183,104
115,66
184,159
195,448
56,706
12,800
31,640
93,412
112,984
141,850
155,472
1,839
6,530
101,920
99,223
4,830
109,968
36,991
88,407
63,947
59,490
1,12
187,828
107,441
88,463
180,306
55,347
150,413
32,282
15,975
191,381
10,725
185,841
149,897
29,936
122,519
9,593
33,940
71,86
90,615
168,233
123,860
177,875
159,165
121,740
37,902
17,478
4,593
121,400
35,778
185,809
89,13
141,844
188,607
128,124
108,725
161,933
76,622
52,813
186,863
96,591
76,377
24,641
8,459
130,297
168,587
161,988
18,974
108,915
78,661
138,586
39,879
65,952
74,284
80,306
112,619
151,194
15,251
117,374
73,611
39,671
100,149
115,808
123,354
88,718
170,524
39,250
160,559
187,847
139,550
65,706
103,9
58,94
71,913
114,499
131,395
130,453
56,465
149,89
106,787
87,886
65,339
28,506
145,215
15,847
51,348
169,188
118,18
95,732
150,184
139,61
8,978
86,683
119,424
30,968
71,316
130,165
151,9
55,39
10,112
180,949
103,300
155,288
80,260
186,24
91,536
158,520
143,906
135,617
154,641
64,557
85,30
173,42
192,882
86,104
94,585
23,928
197,938
38,747
134,66
194,883
111,810
22,610
145,366
34,104
165,964
67,828
168,233
29,332
109,698
150,360
181,885
153,714
89,486
115,92
32,514
26,806
45,256
151,308
163,825
26,777
123,612
122,169
95,262
25,753
141,687
123,382
30,43
54,551
189,758
54,662
81,652
114,735
84,780
150,293
19,175
142,503
120,944
131,87
117,107
168,183
17,746
20,591
84,532
45,90
145,178
70,337
46,3
78,323
194,923
189,441
144,782
177,713
150,709
27,62
175,577
175,999
137,52
23,965
117,77
76,901
155,759
59,511
42,591
93,746
18,383
24,633
192,936
180,798
163,949
170,495
18,960
129,493
49,410
40,610
185,610
46,799
111,33
177,217
141,230
156,35
100,760
139,230
158,293
51,872
134,876
171,327
82,345
79,501
187,133
166,596
151,828
120,35
179,164
191,381
128,163
186,540
52,365
47,128
57,145
161,834
190,309
94,741
102,10
179,4
179,958
108,921
36,497
78,456
80,920
88,312
127,741
184,941
192,680
95,769
100,477
176,579
197,303
70,341
5,914
47,468
32,489
80,843
104,287
64,59
165,537
33,264
84,971
195,665
112,958
163,488
160,796
7,888
68,129
186,804
159,348
99,802
134,973
34,551
19,313
87,843
12,867
152,437
83,256
191,578
80,485
163,703
37,309
161,514
144,974
103,24
141,368
116,954
131,824
45,222
185,586
154,908
95,751
192,699
138,180
48,227
22,629
25,18
143,363
99,916
182,975
38,184
44,495
37,19
118,178
109,27
67,992
182,280
43,63
63,597
115,122
180,431
32,481
8,981
178,647
128,773
178,476
90,579
48,461
66,562
181,738
54,613
134,73
94,330
36,981
89,741
189,159
76,532
134,883
91,980
41,805
96,140
41,949
14,476
5,801
103,713
12,392
57,372
4,681
156,291
17,323
151,193
84,688
114,953
91,971
120,185
10,995
73,424
62,487
19,701
24,779
77,972
96,706
169,2
90,251
30,821
21,30
134,266
163,125
141,950
157,789
29,57
136,325
151,179
20,749
103,240
4,869
167,7
199,837
50,891
58,739
191,154
137,548
52,944
154,531
179,703
31,632
196,216
140,532
126,797
104,820
51,118
126,483
118,854
88,697
143,384
65,950
193,733
29,948
48,477
109,518
67,139
33,590
152,988
127,318
46,787
81,4
147,555
55,56
35,638
167,771
44,14
35,90
147,957
80,41
108,906
57,79
98,370
147,365
30,686
36,891
19,842
35,828
160,844
158,984
13,455
58,476
95,380
138,358
26,958
12,284
14,473
145,357
167,357
68,669
164,852
38,694
42,811
83,420
186,257
151,847
188,290
165,704
14,376
184,922
98,284
123,485
121,376
57,419
59,783
114,396
155,766
89,901
80,427
121,126
99,173
200,478
147,439
61,798
34,446
64,606
90,623
170,674
26,575
99,584
78,920
144,25
124,355
66,518
130,311
138,970
98,17
33,255
142,525
13,944
146,338
156,735
55,720
130,166
120,195
81,68
48,459
48,936
95,213
69,981
52,879
133,542
41,894
31,398
122,640
103,660
129,319
187,613
149,339
112,375
126,257
16,728
175,176
71,683
116,978
190,23
1,546
97,742
163,92
131,793
113,756
139,821
194,676
6,120
171,264
129,535
174,738
2,466
70,304
21,108
127,31
136,544
121,346
11,230
87,2
90,759
184,227
105,574
85,409
184,741
179,522
156,265
96,252
82,827
116,870
190,488
195,681
189,461
131,761
140,63
150,422
183,598
63,854
89,770
152,144
164,239
185,330
139,567
86,11
29,399
166,463
40,56
124,317
97,588
144,593
153,766
159,586
31,207
6,822
30,833
185,605
181,218
30,812
149,252
155,553
152,987
39,441
160,504
178,375
100,658
82,80
164,889
139,603
194,845
148,929
169,342
72,506
89,62
3,927
147,739
34,289
70,427
38,19
36,984
157,374
75,736
97,806
52,695
148,632
97,242
124,196
126,280
46,449
175,689
5,887
82,100
162,594
198,822
127,359
188,695
165,198
76,648
38,898
85,346
191,628
16,420
121,728
137,528
99,27
27,679
5,311
22,428
103,711
174,314
180,357
104,412
109,634
185,760
30,700
99,722
104,961
78,313
66,916
23,896
187,710
146,441
33,982
183,187
169,106
93,258
192,425
44,355
8,491
104,684
8,413
61,37
31,972
104,737
140,230
163,402
124,976
23,636
118,812
166,630
74,495
96,593
65,675
46,187
119,42
130,549
7,882
112,891
14,214
78,651
18,865
117,16
170,726
138,472
104,602
11,752
55,628
97,858
85,691
125,910
68,613
43,573
147,582
108,422
90,520
111,242
115,447
155,869
166,244
9,431
75,793
92,242
166,17
177,713
20,196
128,261
30,563
102,75
98,860
109,830
101,844
89,656
127,996
7,923
33,287
117,193
163,374
176,528
48,485
200,867
45,834
24,137
114,989
86,523
78,11
190,600
199,900
68,751
11,384
17,215
127,745
180,650
73,113
170,637
6,929
41,690
92,643
80,627
151,994
3,940
80,395
55,219
111,768
80,971
143,613
90,67
188,514
60,888
136,510
126,286
11,667
69,145
122,733
65,777
24,434
61,39
104,681
44,803
157,566
196,395
3,681
24,268
113,45
104,649
27,832
198,691
143,878
116,979
29,873
101,347
107,373
30,560
140,546
117,464
159,850
199,5
181,18
177,47
159,801
120,971
167,656
65,195
113,477
8,115
172,812
15,113
138,602
64,10
56,117
95,900
168,840
136,947
45,876
88,546
195,614
91,670
105,902
34,517
70,956
188,767
193,739
176,208
194,548
113,317
195,468
105,262
47,447
180,284
82,80
32,963
158,346
54,420
157,937
32,638
81,471
76,904
121,509
117,76
15,848
12,97
128,320
167,548
165,319
44,769
51,458
56,526
114,743
56,610
98,401
90,632
95,708
127,777
24,111
118,691
96,973
96,698
186,742
158,950
30,439
40,256
28,19
67,580
20,907
150,131
11,792
107,159
70,818
107,363
99,291
44,216
197,524
165,394
109,674
149,448
165,530
92,590
21,946
63,247
111,277
22,280
147,256
30,265
63,271
180,133
117,982
23,231
111,382
48,492
122,462
155,592
73,471
116,584
189,84
122,988
82,601
145,863
77,372
49,659
107,20
71,549
114,892
123,489
24,890
127,81
64,160
32,989
79,992
31,770
101,48
105,356
178,850
7,833
97,869
104,941
177,266
104,556
25,554
72,810
110,485
156,306
123,48
118,333
197,733
32,843
193,567
194,762
64,430
24,349
55,954
7,357
157,998
96,185
102,398
188,310
61,424
91,337
86,304
12,60
117,414
153,437
196,856
78,824
82,842
128,891
136,606
165,983
94,997
169,926
187,449
127,246
16,563
79,428
16,300
143,779
180,958
176,278
42,441
65,697
120,947
4,611
18,357
110,707
119,979
11,339
162,936
164,746
55,850
27,256
156,657
146,344
1,816
166,977
57,598
1,905
7,868
116,970
154,679
93,162
92,330
52,762
62,392
189,473
155,679
135,868
5,208
68,497
38,395
84,606
61,305
33,799
132,514
159,965
96,699
141,588
166,826
158,328
56,452
130,295
76,267
139,602
166,833
103,27
8,698
52,811
1,744
174,289
81,992
108,568
173,827
2,420
118,552
181,327
43,191
19,93
112,197
91,785
22,84
85,738
198,842
40,767
112,413
86,893
14,538
73,9
171,511
88,389
141,833
22,170
184,90
17,561
61,930
64,135
170,39
122,213
177,986
30,358
45,711
70,639
181,932
134,819
28,417
185,758
154,426
68,323
101,559
66,904
69,935
15,883
153,413
196,99
43,258
146,862
19,143
187,306
109,615
16,365
94,153
96,743
133,876
19,240
29,819
139,525
186,170
196,657
167,203
180,216
166,487
129,222
193,963
34,339
158,325
33,614
14,396
50,694
74,185
176,99
79,23
48,74
25,489
161,819
57,893
172,285
2,304
199,582
186,178
164,104
31,54
10,902
65,262
83,163
12,797
143,622
195,95
165,165
161,524
146,503
71,524
89,21
181,298
158,943
54,542
75,586
66,17
70,141
18,563
43,194
53,204
28,929
7,661
50,746
89,605
3,849
182,444
57,34
64,23
198,759
12,981
34,412
68,494
56,938
35,3
41,163
130,59
117,193
84,497
36,568
150,894
114,158
105,282
18,840
159,57
154,767
9,257
49,827
27,371
76,460
156,205
77,277
71,284
30,56
73,455
103,703
168,588
161,846
43,43
169,844
130,122
26,453
117,208
174,856
128,542
135,661
83,98
59,105
131,763
117,16
186,368
198,838
143,928
179,12
114,974
185,799
112,136
192,551
184,806
166,673
83,9
27,758
49,840
117,681
100,536
90,265
80,648
174,861
127,370
151,421
169,906
170,56
10,934
152,579
159,375
130,368
165,801
142,216
65,964
144,509
32,99
20,380
105,920
36,298
162,915
196,511
80,147
90,205
170,683
138,758
123,515
177,802
158,674
141,877
67,51
21,53
115,684
196,897
7,230
31,42
142,137
157,529
117,973
34,908
169,360
137,26
130,209
78,260
185,923
83,858
72,920
70,247
8,448
78,9
173,153
109,839
92,669
117,926
19,592
95,249
9,685
118,362
120,790
12,642
171,553
95,638
169,163
151,290
172,204
92,632
2,292
115,571
69,860
102,260
183,295
143,74
82,495
156,746
22,743
117,924
165,660
8,726
195,449
82,455
134,286
61,808
105,757
37,791
78,299
79,163
159,347
8,789
186,905
86,37
102,861
151,323
134,796
92,32
198,516
168,527
32,455
189,181
74,724
14,934
164,233
93,610
170,177
194,258
124,511
123,384
132,857
43,620
1,934
98,378
170,437
29,795
154,236
112,81
76,61
6,522
37,742
54,520
44,302
38,93
83,848
103,284
7,229
198,764
1,154
10,966
106,252
107,141
104,856
115,743
53,844
192,401
192,672
135,770
27,525
40,553
151,828
107,654
119,771
138,593
97,126
176,596
69,598
198,531
31,667
21,135
1,222
113,772
112,56
102,726
174,267
37,653
36,727
15,321
143,270
161,758
179,471
15,760
29,544
55,655
43,695
140,120
9,447
132,551
1,180
196,742
55,653
145,794
146,401
128,114
78,707
173,934
130,562
44,849
168,859
111,667
70,565
148,879
124,363
25,588
19,657
52,263
124,848
77,969
38,340
43,777
198,877
188,685
197,194
141,634
27,951
110,586
72,797
183,64
120,941
125,558
3,389
184,615
131,252
166,189
177,910
2,641
194,626
54,941
139,513
130,138
156,236
131,376
105,30
54,908
176,166
179,401
24,18
172,999
122,523
180,212
32,670
15,33
114,341
158,111
149,104
192,489
183,379
112,534
42,885
26,710
138,753
90,765
40,133
167,432
5,145
182,943
181,334
143,988
38,244
82,644
178,516
171,946
52,323
47,169
62,59
10,8
87,182
131,991
28,348
118,811
194,115
181,631
136,638
191,71
16,740
173,879
107,436
143,200
160,296
199,954
89,393
82,470
37,241
175,814
59,593
183,226
13,946
109,793
45,931
184,336
164,362
147,618
104,624
82,809
45,505
195,430
86,297
179,551
161,450
48,404
73,861
168,678
39,34
30,747
131,491
40,155
180,657
126,246
139,806
185,677
45,247
21,18
70,313
104,821
19,849
119,207
154,654
186,679
33,761
56,751
158,418
147,566
1,92
192,185
148,160
55,925
26,398
50,670
135,693
161,176
140,135
101,905
173,92
177,984
161,483
187,816
135,21
68,551
119,455
68,583
121,923
85,494
142,548
172,350
98,189
17,626
47,697
104,778
48,974
18,139
189,810
75,571
62,48
73,483
2,791
36,980
165,415
66,832
139,566
33,176
191,829
50,30
54,929
148,483
182,534
175,402
89,779
5,391
126,337
31,808
76,653
100,413
3,646
22,746
5,120
42,239
46,760
76,799
140,501
103,750
181,931
119,659
50,644
168,908
114,846
199,394
173,566
82,545
181,865
187,630
3,116
143,796
198,987
170,4
22,910
113,625
194,520
79,68
15,479
191,806
152,511
107,997
66,873
160,585
99,104
49,449
35,413
187,331
20,562
86,871
121,635
54,73
84,556
116,614
94,119
168,101
140,349
93,149
149,388
25,718
135,932
85,21
145,721
86,869
121,558
156,334
2,842
100,753
171,868
174,992
73,785
192,532
163,736
72,430
77,890
45,72
183,394
176,255
183,439
69,210
21,740
162,863
103,385
122,834
139,78
128,996
165,958
9,146
27,261
137,953
14,15
106,169
1,728
86,879
96,114
15,625
193,948
110,177
88,991
35,168
45,367
8,282
12,453
156,88
105,926
23,839
46,70
155,562
4,531
115,930
103,34
100,910
121,922
18,371
199,515
105,566
109,333
198,659
63,619
37,225
109,821
121,433
126,667
65,374
104,84
123,310
89,509
61,996
86,624
84,265
164,930
123,992
48,394
162,38
47,119
75,908
121,357
9,915
101,57
54,620
95,146
50,460
178,421
30,479
124,522
82,539
61,109
54,352
111,595
10,822
57,314
57,164
68,263
75,698
5,662
152,618
76,876
72,903
184,278
188,539
107,377
194,722
102,707
158,318
21,756
183,19
119,135
81,206
143,138
100,376
127,829
192,13
135,752
118,371
83,172
27,591
103,768
40,334
198,393
194,269
74,557
86,749
187,341
178,760
141,53
90,713
86,818
41,103
187,70
98,2
189,745
147,928
141,961
174,872
26,999
122,513
160,979
195,410
55,463
102,60
137,149
54,811
179,224
58,175
200,415
130,947
55,168
114,87
153,312
171,242
37,395
174,695
91,125
100,885
96,716
47,751
121,966
165,784
157,726
101,630
167,546
141,900
71,311
100,53
116,783
26,600
81,18
130,138
66,559
110,576
114,72
72,835
113,58
78,434
36,855
192,377
197,741
17,48
48,160
152,697
120,844
98,250
69,754
54,131
15,178
63,460
174,437
95,516
46,395
143,676
24,622
84,377
191,806
166,322
100,662
59,697
81,37
191,862
92,53
55,93
144,470
93,660
54,817
144,15
120,269
57,587
75,444
168,943
174,845
64,323
102,811
76,612
133,518
168,101
191,829
157,348
129,695
24,760
80,84
15,818
113,28
136,576
130,907
147,74
39,441
108,421
186,628
105,967
146,309
139,498
145,422
195,121
129,942
61,248
17,821
187,304
128,172
92,492
197,29
117,914
129,478
160,167
122,61
180,616
71,396
117,178
16,183
92,966
149,589
56,388
199,505
134,693
141,514
63,704
183,981
60,40
99,761
1,913
61,827
92,705
103,662
150,214
55,206
103,520
20,31
13,350
184,752
188,630
40,32
33,885
153,126
148,156
88,925
146,575
121,818
192,371
13,377
158,864
44,407
134,441
128,823
181,754
147,414
169,60
107,623
17,603
160,515
12,754
73,789
114,312
152,193
134,521
2,450
150,926
37,620
106,253
102,212
89,318
42,541
56,990
23,467
177,185
30,140
55,926
108,688
179,572
96,242
181,795
165,427
105,109
162,719
199,533
36,372
139,129
135,133
187,340
102,899
75,541
95,862
118,76
86,349
57,720
45,909
27,171
166,847
120,391
62,354
198,930
167,441
78,455
193,496
112,478
151,885
115,916
46,90
30,582
66,678
96,513
35,920
44,516
18,131
129,346
104,728
108,536
188,316
28,493
66,667
99,917
58,532
121,803
141,213
66,37
128,834
34,181
197,402
46,906
99,956
127,26
88,408
185,429
160,368
101,199
5,888
80,663
15,797
197,350
92,512
165,194
14,756
84,724
121,433
84,939
50,496
131,97
16,108
63,269
28,424
46,580
65,489
55,131
100,928
90,240
140,55
17,429
167,720
112,270
195,974
93,487
176,694
177,584
146,412
20,565
195,786
130,330
177,323
75,305
56,980
22,140
155,443
171,655
62,926
186,991
59,808
19,453
164,847
45,248
144,259
188,365
174,77
182,842
152,987
160,867
45,776
28,446
165,723
13,909
88,327
18,150
173,371
116,991
193,94
126,846
129,825
94,943
22,450
80,693
15,17
73,780
104,789
110,373
117,947
161,701
53,55
19,154
27,985
4,353
155,625
111,913
34,767
154,174
156,650
87,855
197,596
100,980
85,987
170,92
169,870
37,943
58,111
100,851
181,744
32,931
17,919
23,824
58,58
34,990
136,963
3,770
147,210
10,397
115,33
47,368
176,630
77,181
18,280
92,805
157,52
111,406
36,511
2,115
108,55
130,437
17,853
85,888
120,578
122,272
26,471
31,717
54,302
92,352
125,792
143,873
53,218
99,507
136,199
132,112
4,334
127,608
105,513
89,810
111,510
100,115
195,158
35,514
25,562
161,202
130,831
112,938
28,265
88,320
137,256
52,110
99,493
45,552
5,908
19,876
55,988
94,75
49,485
53,339
116,597
168,16
44,177
154,892
82,710
178,644
75,482
110,177
168,336
108,100
126,354
141,305
125,275
163,612
109,715
24,423
25,662
132,534
145,207
160,282
23,580
17,894
195,790
197,196
141,86
77,706
139,663
69,6
154,172
8,385
91,619
8,321
32,699
88,599
160,899
120,211
181,42
166,947
116,506
149,737
155,976
130,285
116,785
88,56
193,130
174,41
23,411
6,57
69,650
88,926
174,702
196,118
121,735
163,976
27,818
83,509
82,783
78,225
162,326
60,85
3,797
144,156
200,940
99,543
77,123
195,460
85,865
57,706
197,139
70,695
49,672
45,886
37,799
121,622
127,456
170,479
30,365
33,843
112,676
32,905
83,394
192,585
94,426
26,629
86,156
133,75
150,264
95,372
162,132
56,988
154,400
73,611
134,21
173,37
176,652
75,191
111,82
77,631
15,846
105,149
39,102
90,115
16,29
121,243
185,397
33,687
89,418
117,751
80,543
95,611
103,325
110,896
55,828
64,309
196,226
129,94
122,700
94,90
160,134
35,481
108,587
132,641
154,103
78,59
81,668
161,466
58,324
66,864
13,203
55,481
123,629
22,31
89,381
146,55
31,578
43,197
161,151
23,781
13,866
55,444
186,329
144,109
81,10
6,384
45,384
5,423
51,33
95,484
133,405
67,873
45,341
1,145
72,530
142,567
184,303
167,546
177,147
89,697
95,9
107,246
145,951
78,289
103,934
106,99
34,322
140,429
39,851
68,95
111,999
11,162
153,937
13,249
196,605
160,110
6,978
97,414
28,550
78,855
103,600
105,698
144,516
168,337
105,141
79,180
13,624
15,415
10,172
184,59
88,568
83,536
88,171
53,315
58,450
33,810
100,829
176,625
70,703
190,680
102,322
42,74
92,79
53,88
183,18
164,135
85,478
187,538
154,402
198,546
18,96
18,695
10,746
71,182
155,361
26,495
138,899
162,62
110,713
183,163
157,441
8,131
129,229
101,443
163,561
132,43
150,847
80,877
161,892
79,935
60,40
175,733
4,947
174,521
69,328
180,188
25,544
66,468
144,367
147,65
190,858
163,581
111,412
94,313
116,688
123,141
198,155
168,766
129,783
74,979
47,307
120,421
168,647
22,516
37,913
193,904
130,841
120,552
153,983
28,560
14,189
32,488
153,601
64,68
5,676
54,480
47,732
9,339
174,292
46,678
194,86
13,998
200,643
140,385
173,174
157,484
164,726
86,688
53,29
93,56
167,940
168,135
167,838
73,433
73,630
23,106
110,122
97,464
77,468
90,450
7,25
94,144
28,253
97,416
47,988
13,672
101,992
7,263
123,692
61,893
100,643
164,863
141,503
168,222
163,357
133,853
185,109
23,67
53,327
155,644
14,972
179,599
115,947
75,291
169,622
138,633
31,148
169,11
190,163
134,394
6,171
28,415
190,263
112,122
129,838
100,759
61,7
182,4
35,945
49,810
89,635
127,415
193,523
1,849
159,668
73,839
25,486
189,860
13,936
41,53
75,952
196,632
192,870
34,856
102,368
19,68
101,464
195,701
143,576
167,643
94,163
36,2
128,613
132,236
88,476
170,479
188,908
149,8
149,512
112,943
78,485
75,163
159,833
194,192
142,102
11,613
33,802
38,234
197,51
121,244
14,803
52,751
12,660
189,709
81,155
53,445
121,289
113,25
7,756
158,782
69,801
28,141
112,121
192,545
200,646
182,428
51,263
45,975
9,790
116,333
141,958
138,499
172,124
41,475
117,907
14,746
77,972
87,298
181,231
100,194
132,525
112,212
129,624
164,667
145,717
4,296
7,628
43,966
100,531
122,142
130,723
106,222
155,65
8,99
36,587
76,55
179,390
8,121
3,657
92,545
152,196
104,179
29,244
111,336
92,919
152,774
193,836
44,897
64,995
198,761
89,267
188,780
31,587
77,526
82,374
139,726
163,587
78,720
177,164
12,532
141,353
4,393
183,939
152,128
111,659
131,161
183,905
76,105
33,236
131,34
85,282
85,942
33,149
94,251
106,408
60,863
156,626
131,758
18,315
22,572
151,329
138,834
52,640
42,511
33,864
139,56
16,624
50,836
50,763
6,149
138,811
115,587
19,393
84,931
155,694
143,491
199,40
180,257
8,864
14,830
3,639
190,77
151,695
182,27
34,145
40,116
119,313
77,32
143,620
16,519
88,278
159,793
76,473
15,468
78,162
145,65
52,784
16,337
143,858
157,959
20,24
47,212
194,202
54,956
12,846
98,671
189,774
141,236
154,661
118,225
71,692
177,210
37,497
91,607
148,322
18,202
78,834
66,694
155,986
143,88
60,506
27,335
160,325
171,101
17,336
172,51
86,23
150,143
62,157
8,156
81,16
125,682
105,27
169,919
136,262
133,723
24,949
164,488
195,234
121,319
38,611
130,147
140,728
175,263
79,306
19,126
91,624
156,631
178,567
15,577
92,986
104,76
109,456
192,437
193,433
28,909
191,521
29,482
181,657
183,924
27,512
69,59
68,240
198,42
91,698
80,821
53,301
29,83
154,21
75,801
98,43
29,239
182,537
109,959
97,455
43,63
129,392
142,29
160,297
164,774
106,397
71,297
130,25
62,401
164,71
172,779
34,169
17,281
192,55
38,94
22,300
181,788
19,899
187,37
106,829
98,340
65,81
128,436
84,764
31,857
47,438
86,875
93,853
116,143
171,340
175,713
108,630
139,224
149,80
50,573
156,411
64,623
103,895
72,309
195,767
199,677
88,967
39,811
151,943
27,225
184,252
103,372
78,759
91,817
18,822
161,264
33,188
151,203
183,401
31,398
88,337
72,15
156,926
70,70
168,10
47,802
44,594
167,973
148,18
54,655
151,285
131,726
11,431
124,597
97,267
87,522
6,540
187,950
64,522
38,157
129,476
144,404
170,276
177,193
62,816
124,697
174,599
112,204
157,601
125,258
14,425
82,249
197,390
97,264
22,650
108,185
186,411
29,490
12,922
76,183
79,455
179,120
147,20
159,160
43,378
173,361
53,21
103,180
145,111
81,320
198,93
199,619
44,735
189,561
192,948
48,684
132,728
74,678
16,700
191,131
170,315
96,832
167,441
135,545
187,567
80,378
119,801
181,713
154,409
36,946
36,747
132,661
189,307
18,338
88,63
67,838
132,951
75,415
125,546
193,68
85,316
150,594
3,150
40,647
111,563
144,740
7,149
156,10
21,95
160,135
172,557
107,703
44,938
29,460
191,48
52,783
51,67
156,946
126,683
163,501
192,132
38,767
19,878
132,801
100,231
161,271
125,767
92,233
52,306
69,858
159,301
67,536
163,695
32,458
61,497
136,343
190,477
42,944
144,628
164,482
184,68
116,223
144,889
66,377
62,744
168,872
142,485
183,266
134,545
104,685
14,942
171,710
160,711
22,619
53,174
59,15
125,786
145,923
45,912
35,252
44,91
103,449
192,682
175,83
169,695
197,873
124,102
124,690
42,839
100,722
167,398
126,260
193,48
190,703
160,809
99,174
112,901
43,221
18,147
149,262
28,671
164,139
137,604
194,949
122,114
158,159
13,981
83,448
134,749
92,985
181,802
168,910
43,771
14,26
2,938
151,519
163,919
58,767
187,247
107,324
122,539
104,542
18,15
177,382
24,568
134,46
110,835
149,28
158,571
100,652
28,268
20,574
82,965
137,268
7,620
81,419
146,606
191,857
102,390
198,621
164,607
121,957
37,978
145,117
101,755
104,285
159,581
12,82
78,194
12,62
167,207
55,193
99,338
146,929
139,357
114,503
139,440
128,889
128,123
49,725
167,273
180,594
193,694
92,10
127,188
103,91
175,211
10,539
107,370
60,204
139,768
33,889
29,555
196,614
140,937
96,556
161,988
33,297
195,799
132,144
60,638
96,517
163,495
41,213
138,240
37,937
5,481
106,806
118,893
116,550
77,939
71,404
52,775
17,593
196,674
185,817
1,131
80,621
195,661
17,538
198,405
5,626
113,568
37,849
51,27
131,595
11,781
107,511
125,403
55,8
83,862
24,550
68,606
24,648
92,585
120,864
49,14
96,69
72,222
190,394
48,233
112,619
194,463
109,933
45,580
118,965
26,197
7,604
10,43
78,744
157,537
18,963
138,943
34,972
7,17
116,140
31,152
11,801
198,243
25,550
71,791
102,906
73,316
124,41
3,227
166,929
78,345
75,883
143,277
65,786
5,515
47,448
126,681
6,261
75,923
200,825
167,494
97,536
185,712
188,106
160,120
199,698
85,133
26,193
159,314
185,92
146,193
135,307
191,859
143,396
124,749
83,412
167,833
188,327
11,430
63,274
82,12
21,547
100,796
103,713
194,701
48,888
197,382
109,491
140,303
183,371
35,478
111,842
106,293
127,447
78,731
50,236
51,872
107,565
134,564
135,313
7,470
1,311
176,739
9,558
75,606
7,502
189,895
5,356
108,272
164,157
196,524
1,66
79,420
13,627
40,457
22,253
10,758
155,358
134,362
158,165
58,592
63,309
23,477
40,616
177,456
171,786
68,334
14,418
86,246
118,456
109,344
181,484
100,839
100,238
158,770
38,303
123,660
63,673
92,320
179,493
76,711
136,8
120,489
28,762
80,394
162,930
183,131
18,89
95,142
57,356
92,733
28,360
188,904
78,31
24,823
155,567
24,178
5,796
148,237
55,836
46,677
107,828
104,557
169,963
139,616
70,736
190,83
162,161
179,343
179,849
143,468
152,427
48,571
20,392
139,562
136,579
18,676
196,646
10,570
191,376
137,779
6,664
165,438
50,313
112,951
159,184
111,904
197,868
58,484
181,654
146,601
2,720
128,982
134,651
144,338
41,952
194,132
162,743
115,532
117,803
120,149
166,370
140,768
46,658
170,479
64,907
44,482
162,467
155,532
64,374
172,24
76,246
175,4
50,359
18,890
128,95
191,336
49,770
14,68
84,316
10,755
157,290
170,249
154,512
105,866
22,294
166,257
86,917
84,168
108,543
39,6
9,381
64,361
147,991
142,409
54,993
195,794
116,257
154,110
174,691
190,2
40,134
193,717
130,603
90,579
167,460
62,763
112,724
180,293
96,766
187,670
180,607
131,912
151,727
176,597
113,265
126,647
194,713
195,221
141,118
97,304
148,20
50,459
133,704
112,657
44,44
68,338
200,356
182,648
144,202
69,534
13,316
154,217
51,733
31,715
63,23
29,958
18,73
64,606
112,518
115,766
160,580
119,920
120,518
192,993
60,618
91,12
159,690
21,79
90,235
120,316
170,330
193,573
96,204
116,493
60,195
58,247
45,104
109,735
40,649
22,456
19,514
156,261
69,23
149,710
151,377
67,939
120,874
55,534
68,568
129,418
97,930
192,604
148,877
121,119
57,647
116,405
24,609
181,733
181,595
17,571
165,524
18,653
115,33
72,371
15,390
178,445
51,317
36,230
51,31
126,848
35,843
59,284
167,837
9,600
197,531
189,554
28,17
71,140
130,722
88,669
175,466
117,804
139,309
141,499
38,702
137,310
196,212
10,97
113,10
32,464
75,129
166,45
149,50
10,731
114,203
26,943
52,612
80,845
93,793
129,555
3,280
89,904
188,178
2,293
120,88
121,533
27,909
185,813
92,921
17,630
86,48
82,671
114,823
13,933
98,449
5,920
30,25
149,211
156,416
133,265
49,311
110,695
14,371
41,664
40,952
88,550
161,22
16,684
119,589
198,68
43,171
170,57
139,235
43,499
58,631
82,507
178,75
69,715
173,569
25,384
96,518
110,279
163,551
51,399
97,896
101,12
134,427
163,72
63,64
26,778
1,238
39,433
13,67
163,7
179,119
151,154
32,710
30,735
160,93
20,866
18,284
93,549
60,662
111,854
27,681
100,454
75,218
137,298
172,563
13,150
50,682
12,649
93,630
25,978
122,531
184,924
153,490
168,402
120,356
43,713
173,156
178,870
165,791
46,78
173,7
192,480
76,950
46,640
131,118
39,823
110,702
90,577
107,263
12,772
135,197
14,622
53,232
48,293
184,303
68,291
125,919
34,704
148,328
71,194
179,512
28,834
39,657
117,906
26,310
1,192
160,58
13,67
38,407
59,640
159,125
13,862
71,82
125,783
72,75
193,621
124,903
200,668
45,466
160,467
153,976
187,964
73,931
27,841
172,758
45,900
105,586
121,315
158,569
98,720
174,114
77,579
141,229
136,718
39,454
31,428
180,928
66,343
170,57
176,910
10,520
10,92
198,125
57,557
119,530
148,412
70,428
43,939
138,799
109,157
155,644
123,771
111,774
46,248
74,864
77,143
139,737
14,71
185,490
196,332
53,761
196,532
15,921
124,378
85,870
74,797
162,999
92,201
50,928
5,361
80,706
166,94
167,91
71,55
73,257
55,507
21,501
130,141
178,607
61,217
71,958
36,51
122,796
166,658
54,859
43,697
186,923
123,97
175,757
1,808
36,167
197,369
132,636
150,969
144,484
48,758
98,78
132,324
71,461
61,859
119,455
24,303
81,89
73,295
76,776
84,153
20,205
26,66
88,821
154,82
143,644
190,194
109,747
21,818
31,714
36,546
16,301
42,362
1,576
194,716
183,965
60,870
123,329
142,264
56,654
54,627
108,253
24,290
104,21
75,879
179,446
104,371
125,591
117,263
11,853
120,327
152,170
194,181
21,166
10,528
159,603
197,225
43,198
28,958
65,265
83,159
82,626
154,295
13,940
83,12
38,948
64,648
147,920
141,13
119,548
58,296
43,573
11,595
103,868
12,299
180,103
158,533
186,44
14,867
40,510
18,43
94,705
154,418
17,103
164,682
98,519
174,547
159,282
27,100
23,266
181,572
184,915
169,486
13,607
34,311
49,48
191,981
52,66
86,843
60,885
5,561
26,547
173,686
115,595
49,50
48,254
64,790
30,247
29,839
69,742
65,88
173,182
137,741
150,127
78,443
175,302
97,503
140,669
181,599
108,955
67,87
186,291
33,419
34,662
33,488
30,302
187,54
25,45
25,247
109,877
42,463
57,885
127,604
153,253
101,116
119,93
15,250
96,781
124,237
188,12
165,47
142,361
64,144
76,481
174,653
120,534
26,283
131,380
176,156
199,160
143,468
6,213
188,783
110,920
47,665
153,971
199,882
3,624
26,878
105,811
96,841
58,567
114,87
176,697
55,134
90,706
52,234
160,896
56,398
54,849
4,526
143,851
111,316
86,48
28,931
69,597
144,858
15,337
187,497
30,513
111,993
108,854
51,715
117,649
143,494
140,932
98,152
94,130
23,44
195,568
40,377
111,627
106,335
43,460
34,378
180,407
113,77
68,400
103,406
188,165
106,882
84,187
53,768
87,526
148,298
69,888
152,586
3,996
89,886
173,343
164,244
140,45
123,156
195,610
92,500
182,728
138,321
177,779
7,29
85,263
17,967
2,230
143,6
42,373
49,949
185,595
94,235
125,137
93,286
62,744
44,678
40,475
149,719
120,887
185,449
151,194
110,297
52,570
54,329
192,24
70,417
169,143
6,153
183,189
169,966
197,316
123,513
45,115
169,863
155,339
25,211
81,599
134,348
29,131
150,328
56,536
50,916
101,745
58,46
143,235
86,532
179,707
85,840
96,931
189,260
168,180
116,615
165,541
4,724
13,198
57,201
174,9
41,537
147,110
85,567
22,828
171,845
97,773
17,845
92,190
45,511
74,247
179,277
89,301
161,510
198,203
63,430
145,26
142,644
107,850
132,239
52,326
132,648
169,701
156,149
9,818
191,909
186,956
106,344
80,366
200,90
15,70
69,658
110,596
72,413
187,871
82,156
103,161
124,966
26,290
45,273
10,555
172,593
142,992
76,432
77,181
77,395
146,34
111,344
33,286
63,974
162,157
71,759
28,209
60,816
67,13
194,508
171,298
118,706
42,683
147,218
132,948
163,167
66,303
29,85
147,600
43,293
42,593
97,120
175,960
97,873
141,367
90,224
90,260
110,546
200,16
140,142
107,759
63,772
106,955
114,608
107,435
91,56
23,739
88,120
97,324
59,298
71,380
103,597
69,558
81,491
90,668
64,18
119,106
36,305
80,951
27,48
25,537
49,730
168,175
77,147
17,710
196,147
126,926
106,437
59,354
87,179
92,513
71,623
189,974
190,158
88,297
32,265
145,82
21,672
57,524
58,571
95,570
51,589
25,861
32,138
184,348
198,425
60,111
106,409
20,165
163,301
105,80
92,261
125,636
139,400
48,66
69,429
164,435
44,536
81,759
141,857
6,924
180,966
11,820
139,273
185,888
118,519
69,713
172,293
96,83
107,199
93,346
157,554
168,126
179,434
145,442
40,873
1,376
179,425
134,689
3,434
176,940
91,935
3,484
68,776
139,270
178,491
110,175
106,592
5,726
106,170
111,502
45,196
192,780
171,334
136,373
77,673
42,535
39,804
32,203
58,93
124,385
175,958
20,207
150,101
175,520
26,843
18,613
122,452
18,194
143,248
125,94
161,646
23,703
181,126
34,134
167,109
104,469
192,423
81,696
22,427
9,989
1,691
197,60
55,222
30,584
107,727
75,276
84,897
18,296
131,893
102,127
49,834
5,960
188,325
197,725
9,291
57,571
100,816
110,329
175,444
146,802
43,913
135,11
39,72
98,902
123,255
184,780
24,606
104,912
73,718
28,819
180,624
42,940
31,60
5,351
153,448
97,249
48,361
196,635
9,455
154,154
147,319
24,653
85,122
179,686
185,526
86,585
91,748
51,252
150,88
107,659
176,896
53,202
120,253
129,721
163,942
15,454
176,943
45,96
66,44
166,34
111,268
24,419
90,379
177,489
131,71
25,654
122,200
70,89
49,622
65,30
84,448
179,27
15,767
105,289
101,335
21,149
152,77
95,175
31,661
146,210
31,691
17,859
122,39
96,504
92,547
83,728
125,982
109,941
61,338
183,696
69,749
95,732
69,271
135,849
164,35
33,705
141,6
166,733
32,845
140,77
87,222
56,406
95,856
175,732
198,44
196,416
115,244
158,951
20,153
63,733
56,256
110,328
16,252
7,897
159,584
88,172
86,206
195,628
129,363
119,164
171,131
31,954
72,634
83,574
55,358
21,956
63,77
150,710
16,318
58,634
34,934
153,204
61,596
153,408
58,469
150,215
68,331
151,653
189,9
122,298
96,274
118,372
140,420
170,217
21,250
11,19
87,290
149,641
71,944
105,402
189,799
125,28
63,74
61,44
32,427
134,288
70,615
168,390
118,968
164,147
35,596
159,167
193,115
163,371
185,603
119,599
125,514
82,107
90,462
47,852
159,659
32,992
26,941
123,791
193,844
50,65
68,979
99,179
121,392
94,798
138,308
90,729
170,890
94,495
164,133
162,579
100,882
26,25
146,727
101,443
80,339
126,636
67,454
7,642
94,405
25,82
180,548
76,119
78,604
174,192
127,425
6,994
21,11
104,81
181,502
94,377
132,408
185,837
16,473
182,382
57,945
187,344
26,114
187,172
162,856
197,326
15,299
146,610
81,186
51,168
19,476
69,637
27,165
11,147
31,516
29,423
128,148
147,29
64,514
108,418
151,802
185,417
143,834
140,137
173,331
63,999
180,18
51,91
74,311
166,304
26,719
117,582
184,258
149,830
104,354
177,62
65,500
6,491
38,334
46,649
30,741
174,928
182,628
111,426
136,336
81,295
140,320
192,606
45,853
135,323
182,220
113,817
59,982
75,99
54,534
180,260
126,10
42,890
63,386
97,911
193,761
13,74
173,566
144,14
85,94
41,465
137,914
33,501
114,974
189,193
176,339
198,731
188,417
112,756
22,244
127,939
68,635
115,589
3,128
103,791
131,166
34,940
74,144
115,22
67,830
113,757
188,75
123,267
22,820
90,66
114,163
148,594
158,365
189,363
58,632
36,602
61,270
67,180
106,314
192,730
29,144
197,728
180,376
118,336
77,725
105,697
104,396
36,975
2,325
32,316
108,315
183,853
119,543
196,896
38,914
30,439
27,515
122,94
182,117
94,292
25,988
91,548
171,29
22,669
12,434
124,782
137,836
75,475
10,36
108,726
199,399
149,996
38,188
129,263
14,847
188,914
112,702
134,684
39,695
193,239
123,171
23,647
48,406
55,119
53,442
174,900
24,250
149,620
178,787
101,4
96,56
44,521
130,306
197,298
8,825
27,795
117,16
57,994
61,588
107,931
45,274
154,482
162,996
183,610
148,170
16,403
88,1
65,944
48,929
2,438
62,918
131,760
33,595
44,474
103,240
12,895
189,799
15,990
176,398
185,874
89,379
134,409
134,690
94,826
6,157
53,417
76,404
37,707
126,649
77,72
76,204
114,72
183,790
47,602
117,395
122,33
38,730
43,236
101,921
28,780
21,928
78,550
72,849
184,735
88,108
60,396
102,980
133,592
178,122
49,531
124,650
52,210
111,605
64,836
106,463
1,261
13,876
142,67
172,564
93,379
146,639
80,580
13,260
154,761
28,911
168,112
136,859
197,211
143,194
98,602
151,619
164,276
165,114
84,277
156,516
50,458
32,70
113,213
154,632
2,12
18,675
76,617
185,722
80,806
26,79
12,372
190,10
54,459
137,384
153,336
100,526
5,42
91,476
88,13
60,247
73,31
30,85
42,112
167,875
108,472
67,218
104,574
138,241
98,458
139,556
16,852
103,246
123,506
133,957
20,99
123,941
172,981
189,772
112,905
86,217
178,502
23,536
114,328
70,833
11,604
192,101
26,440
176,204
175,401
38,678
145,442
44,627
109,387
95,601
155,472
18,157
158,736
5,137
189,130
14,726
129,915
167,557
78,544
137,754
159,18
31,838
146,750
86,745
76,425
195,733
194,693
164,354
189,142
133,683
147,929
93,744
118,539
30,161
175,801
185,258
118,407
125,760
126,676
1,177
48,603
195,666
51,44
53,965
95,701
4,138
21,469
174,497
165,311
30,802
36,278
195,377
196,461
145,326
166,877
49,93
16,266
35,545
199,223
133,183
117,424
167,151
73,520
35,386
15,55
4,31
29,273
67,777
44,606
162,607
66,138
56,749
41,448
50,917
17,960
71,496
61,802
117,471
196,286
56,866
2,143
94,43
83,683
176,451
100,885
133,825
73,218
71,601
180,508
149,50
32,611
199,639
187,746
96,732
168,973
195,23
172,853
4,690
97,105
103,462
64,137
92,72
177,869
74,115
28,232
28,436
55,960
198,542
16,386
200,522
64,460
199,77
122,68
120,723
15,609
164,945
34,866
135,636
92,690
54,967
143,80
114,847
129,418
135,817
12,159
131,416
150,280
1,491
71,200
189,236
103,846
141,199
156,371
59,144
176,192
12,489
73,148
152,788
118,893
195,695
157,61
140,171
25,367
52,646
68,946
51,128
150,948
84,390
199,447
1,22
53,213
180,58
114,865
184,579
88,583
6,112
11,724
6,381
104,866
142,639
195,556
177,389
49,131
80,648
130,188
15,513
185,963
54,734
198,701
185,868
104,795
58,988
35,158
99,19
110,10
191,376
102,766
187,98
2,679
108,967
82,698
64,549
40,917
200,279
119,591
59,493
58,290
83,868
120,593
105,706
184,919
115,313
150,150
187,781
172,511
117,786
188,145
38,105
106,465
161,682
16,165
69,405
75,765
65,489
195,966
68,911
95,931
159,791
148,476
126,866
48,342
33,330
56,331
94,759
26,977
27,995
101,507
82,102
155,324
89,235
39,88
131,930
58,845
3,955
111,291
176,704
118,530
31,440
194,781
65,423
147,948
101,502
51,83
92,108
161,222
147,306
44,53
159,495
21,818
50,214
84,61
1,315
110,36
177,982
137,565
13,679
42,40
57,838
113,558
81,178
148,137
4,550
187,197
97,982
31,86
54,875
134,970
175,437
57,648
191,128
135,277
126,521
193,762
173,359
91,849
89,967
53,706
124,578
122,409
194,318
155,757
192,756
152,171
28,332
188,239
71,944
157,719
68,132
39,63
38,408
50,534
57,234
176,182
181,362
16,761
47,827
189,84
124,143
79,682
2,838
189,866
99,938
67,464
66,753
90,395
107,970
6,771
193,583
18,418
157,876
69,722
171,48
152,541
120,149
46,624
174,759
193,223
106,923
181,180
6,10
183,817
134,313
4,802
89,922
104,178
103,877
100,351
154,6
162,600
48,459
175,298
133,813
44,574
32,973
53,395
159,100
47,88
88,892
59,867
182,503
41,63
169,622
128,408
107,60
112,844
146,165
39,459
26,838
60,37
84,310
128,717
65,949
91,149
138,156
68,265
66,688
111,896
35,532
195,73
18,930
37,432
14,825
45,87
158,631
32,296
5,141
138,899
107,929
24,362
73,200
181,488
100,709
62,964
18,625
192,995
197,411
54,225
11,679
116,78
189,167
56,811
159,137
198,671
181,997
40,586
95,153
106,218
55,647
85,832
176,282
67,772
136,469
159,549
43,793
111,322
153,653
30,248
182,569
66,750
104,65
84,194
11,742
68,918
107,197
79,258
169,433
45,713
102,503
19,77
31,411
94,920
96,767
66,785
116,577
163,775
198,190
188,839
58,145
1,468
126,532
115,357
187,579
84,417
145,735
110,906
37,83
101,303
191,639
45,950
85,23
82,769
5,634
126,232
132,147
130,295
165,252
184,186
10,981
26,83
52,180
197,356
40,251
66,55
42,360
105,384
41,776
84,754
25,476
70,944
72,166
118,790
44,425
21,342
111,212
5,678
165,204
65,602
23,55
106,367
103,181
14,70
173,50
126,596
112,580
115,267
174,520
104,270
106,777
59,320
103,394
14,80
171,909
173,382
147,172
39,296
63,71
76,517
105,79
26,868
24,938
69,352
54,436
23,706
112,488
39,761
172,408
109,601
87,178
34,319
144,14
92,64
58,168
24,833
26,838
128,718
91,242
105,455
3,632
194,959
112,121
117,43
187,645
162,83
73,647
37,82
188,984
65,281
104,305
164,803
127,644
58,737
160,984
134,383
116,352
129,983
194,574
94,257
97,845
81,36
102,193
186,334
84,883
65,968
77,531
104,206
109,497
46,44
194,231
55,469
183,437
5,628
66,550
85,346
51,904
126,513
43,599
14,340
43,433
145,315
59,441
121,573
117,54
101,371
194,180
157,773
131,72
70,501
119,713
90,732
69,105
190,777
52,315
193,79
49,13
197,334
37,639
19,610
187,548
147,465
30,226
72,134
75,813
196,480
56,396
35,399
82,928
46,565
5,879
163,860
85,913
101,399
136,725
128,680
2,791
185,170
87,388
86,914
162,798
43,334
7,235
107,594
135,965
58,600
46,283
191,256
158,716
133,486
165,483
76,60
128,657
44,575
200,553
153,128
124,201
151,731
115,453
124,86
103,653
127,453
65,667
49,234
173,675
143,522
30,608
34,107
42,75
97,736
24,475
21,444
35,191
27,697
85,200
31,273
111,82
128,475
39,92
32,182
65,362
78,587
160,185
196,432
189,686
82,13
68,412
39,362
22,80
165,909
23,696
115,269
104,27
21,25
194,50
109,842
53,636
43,834
18,695
115,708
54,716
174,140
48,597
106,259
148,693
113,440
13,644
22,624
128,604
170,963
150,200
146,931
121,952
185,597
17,674
83,15
62,327
125,741
168,90
74,581
33,838
33,709
182,829
82,43
115,904
91,335
155,361
112,309
55,898
94,210
44,187
79,50
140,847
48,835
88,854
152,812
59,427
200,641
27,313
49,393
166,729
162,905
150,263
80,398
29,501
15,171
44,564
60,305
12,346
26,99
113,832
129,621
145,948
78,64
126,234
179,154
69,33
96,342
41,721
128,110
8,544
92,526
62,577
152,785
17,318
6,606
27,395
197,440
173,48
64,434
175,364
15,692
167,913
70,311
9,992
75,706
133,764
198,705
109,202
21,928
32,718
31,912
115,52
80,58
132,259
200,648
195,589
11,943
139,727
49,170
145,686
97,78
146,542
123,719
175,75
56,503
35,818
148,252
104,614
61,342
29,812
16,110
27,34
120,278
178,315
172,359
150,544
95,968
76,513
177,792
128,329
91,318
11,162
22,649
123,79
28,109
142,824
90,72
94,369
11,843
132,250
193,946
18,387
80,118
63,25
99,172
122,275
53,439
17,961
41,657
76,279
41,97
102,232
63,81
55,866
84,215
152,780
148,273
47,794
37,874
106,227
27,609
57,733
47,106
58,131
51,467
117,172
158,40
182,119
179,402
58,787
152,561
161,975
87,282
115,631
6,464
99,375
9,64
67,392
151,352
190,70
105,981
65,865
76,329
192,299
102,620
142,10
143,323
20,653
167,968
25,173
172,404
189,103
40,988
156,417
120,95
152,803
184,297
126,289
99,946
47,676
61,465
32,773
189,31
70,45
43,328
15,606
154,876
121,80
122,123
15,763
159,839
154,670
101,632
101,299
67,989
50,204
19,167
87,890
64,632
174,762
194,903
40,453
118,858
143,684
196,391
187,786
80,90
110,848
142,353
9,915
61,232
123,410
52,741
133,294
87,644
2,806
14,177
191,166
152,830
32,602
149,722
1,555
36,353
155,300
189,106
33,479
175,289
106,457
38,411
122,534
131,985
182,900
153,701
24,466
2,750
26,18
88,16
23,223
186,658
56,169
90,581
36,353
183,951
62,40
137,140
90,927
130,956
123,529
21,393
198,818
111,675
129,653
151,763
125,975
128,523
96,155
165,398
167,420
148,907
62,977
83,904
50,567
66,568
117,835
191,791
163,618
166,269
26,22
135,551
83,125
196,284
105,318
55,282
175,108
127,384
108,681
137,641
105,405
142,227
179,975
59,695
2,357
155,386
87,598
45,470
97,329
8,281
4,968
82,696
103,62
89,83
78,910
122,262
38,470
156,244
189,996
6,460
189,810
58,544
11,928
183,229
125,147
132,536
173,969
45,546
31,305
130,594
135,932
136,470
56,439
85,869
67,7
93,624
114,337
139,376
24,619
123,12
94,422
173,241
111,211
65,730
94,162
134,989
55,626
143,928
94,292
141,879
80,88
32,812
187,908
148,224
138,931
53,626
185,120
200,348
124,749
1,507
9,966
120,924
90,790
77,314
55,385
152,105
108,651
179,848
26,842
199,198
34,745
169,729
138,477
180,259
62,188
80,537
9,599
121,442
125,686
196,887
43,131
58,898
144,666
8,520
63,616
42,213
183,658
25,377
161,381
120,471
153,293
60,734
65,436
86,242
168,325
4,330
45,386
121,677
103,655
101,198
17,543
46,714
38,883
144,650
159,592
163,214
157,260
194,93
83,216
150,195
185,39
104,455
191,284
186,309
48,523
124,446
44,732
137,395
158,152
38,427
25,674
47,549
165,742
71,54
26,682
14,965
157,708
64,174
148,630
144,171
195,801
58,228
136,341
181,382
70,977
183,759
153,549
192,214
105,521
56,12
54,55
76,589
59,495
199,815
49,16
158,511
9,411
4,745
34,205
148,692
9,167
74,186
135,337
126,164
122,32
155,898
191,301
76,512
94,7
166,482
160,184
23,46
199,232
139,681
63,114
161,646
21,640
145,99
47,496
101,457
29,389
85,812
54,694
43,162
85,405
195,649
23,728
45,256
151,981
192,394
129,126
41,560
193,450
20,214
161,696
168,42
100,515
176,394
142,193
77,890
134,450
94,941
45,796
16,120
4,726
140,825
192,42
121,729
25,959
12,853
99,972
57,920
63,329
11,627
185,890
137,614
62,397
84,466
131,230
78,63
163,458
99,942
125,494
59,864
182,883
134,412
172,603
18,380
139,392
167,596
36,896
41,724
104,141
148,744
190,375
136,140
137,879
102,1
193,513
144,398
129,704
91,468
4,824
115,212
71,861
15,175
136,279
68,521
47,87
4,570
113,588
167,498
94,980
13,69
123,921
96,917
66,330
29,730
30,160
129,406
51,245
31,946
7,615
152,48
37,791
15,693
123,682
35,865
62,208
94,628
7,339
142,384
125,515
42,749
71,35
37,712
15,768
15,621
130,223
144,111
18,580
175,783
83,658
112,169
101,659
184,620
154,189
57,498
91,471
41,581
200,662
82,700
200,384
41,575
119,296
166,280
171,453
166,904
183,569
84,274
135,172
155,96
50,307
148,111
87,622
91,626
120,139
153,481
33,261
172,119
168,109
74,833
50,793
97,624
38,858
101,546
152,167
36,530
153,285
127,902
67,899
108,15
49,404
49,246
56,376
46,839
44,348
5,669
189,789
155,930
71,483
93,587
82,776
176,553
183,779
27,638
178,466
185,94
181,85
91,206
18,150
51,381
169,745
107,790
171,635
98,891
169,612
86,984
109,771
87,407
17,445
187,61
60,54
140,443
141,45
128,893
28,882
88,239
14,523
46,300
151,590
72,588
84,803
51,102
179,896
61,912
99,872
194,857
103,802
87,878
141,478
179,475
20,687
36,991
83,963
61,521
185,230
37,390
148,772
29,312
93,450
106,227
200,72
110,747
169,567
133,686
31,158
134,260
32,862
154,366
177,114
118,957
125,895
165,358
142,994
75,691
143,47
140,635
5,62
91,952
141,878
192,570
165,303
162,378
37,692
188,636
70,214
172,774
196,735
139,919
147,655
125,672
118,902
40,63
51,243
149,422
178,300
16,768
82,81
41,727
18,966
149,31
21,41
98,497
17,727
64,663
63,970
59,452
116,256
84,92
32,341
142,423
73,29
64,989
150,768
26,545
14,677
21,912
157,124
23,673
129,8
45,907
113,855
139,214
71,687
118,327
168,139
107,725
49,961
74,866
20,150
140,690
192,53
98,64
139,892
57,483
149,749
108,530
61,342
120,814
151,34
174,664
8,634
179,408
94,656
87,309
77,516
196,326
186,748
110,311
151,712
183,614
72,52
188,497
76,674
14,691
97,823
174,726
112,664
189,18
65,133
169,63
130,211
200,193
49,647
198,110
18,645
177,200
11,738
27,522
88,410
153,831
196,535
74,678
84,735
80,899
114,975
7,897
200,53
191,970
147,44
158,952
4,700
16,974
110,890
117,529
84,487
154,729
170,375
129,212
25,931
169,829
180,945
21,667
146,227
26,272
158,344
153,420
195,835
93,951
116,373
51,731
55,911
176,387
8,909
194,816
161,266
65,86
124,785
79,673
92,706
80,722
166,587
82,648
85,790
171,457
193,308
37,115
106,567
173,802
76,673
99,671
154,621
18,995
169,416
46,604
182,115
165,149
188,946
28,260
150,642
97,732
124,566
117,932
5,244
169,278
145,236
126,248
96,100
134,21
168,310
107,261
159,242
184,524
164,88
65,740
59,764
165,239
143,215
49,504
119,345
38,221
164,489
185,740
114,204
75,329
72,198
45,347
198,728
71,600
6,861
126,767
136,788
165,78
167,482
52,711
94,466
115,323
12,219
126,499
169,573
123,103
131,938
177,712
88,262
113,245
139,432
153,452
196,954
104,295
169,551
118,918
32,779
110,152
110,272
62,923
50,666
89,234
39,417
174,639
47,872
190,373
133,583
128,257
91,385
128,324
182,673
56,38
92,848
194,941
139,724
8,19
156,423
55,183
120,991
169,541
197,762
151,79
34,694
146,228
109,948
191,474
172,981
40,552
45,907
48,694
38,295
155,555
123,912
127,180
147,279
110,917
171,881
61,71
119,150
133,396
127,83
46,636
73,892
83,776
149,484
189,874
42,392
102,645
66,37
84,131
130,193
57,157
85,12
147,654
107,246
143,317
175,994
154,518
37,145
21,111
107,559
87,945
57,38
124,582
107,819
186,953
166,620
192,96
190,924
120,645
96,59
133,479
73,649
147,804
163,772
127,674
173,76
16,443
157,776
21,635
16,569
150,205
172,126
111,891
38,24
188,652
178,296
5,438
43,569
74,748
116,277
78,6
22,843
34,74
99,245
124,905
136,903
18,911
88,513
31,5
69,172
134,828
110,73
54,329
94,538
193,632
16,619
136,526
41,952
192,349
133,442
46,768
162,298
178,506
31,195
133,433
11,740
194,327
8,697
60,213
75,813
79,514
100,777
109,112
166,409
58,416
4,819
42,265
65,378
118,849
110,955
51,919
155,948
116,623
22,133
33,510
117,120
3,730
185,784
2,771
174,804
87,485
26,605
129,507
148,515
101,518
101,446
179,281
141,578
177,359
199,684
120,271
8,793
104,395
71,349
192,422
12,780
111,601
127,96
6,393
97,967
69,362
30,354
53,825
18,547
64,378
68,986
193,486
39,246
35,908
128,333
115,788
19,277
38,765
184,753
156,283
98,937
183,362
22,171
52,91
16,619
134,128
184,399
104,833
3,809
103,607
84,366
116,754
15,882
123,596
177,750
85,573
175,106
21,398
85,738
193,76
51,385
67,939
47,366
39,308
38,909
94,4
143,726
174,239
20,477
122,136
164,260
177,688
92,221
103,318
142,668
126,479
176,3
110,154
110,303
71,995
155,275
177,980
136,404
10,330
172,779
100,765
81,795
141,110
198,625
153,851
105,514
145,994
129,663
120,597
170,503
74,340
43,258
82,434
125,55
147,174
197,254
181,943
76,914
88,273
4,240
17,339
136,60
43,249
177,985
7,759
157,397
132,984
182,735
167,543
105,174
52,594
46,585
190,592
99,318
102,202
14,196
1,133
118,270
113,817
10,174
192,292
88,626
137,472
195,397
61,124
189,141
99,545
21,16
115,634
186,817
182,62
200,596
48,137
103,70
199,419
195,342
114,150
21,684
66,662
116,331
192,302
168,410
25,969
165,579
116,108
28,362
30,350
196,267
110,296
88,410
25,705
82,909
76,694
144,208
172,890
97,63
189,96
49,135
116,421
20,407
109,522
167,239
189,579
81,473
168,842
3,371
149,340
15,992
71,994
70,727
180,646
25,617
132,548
171,297
105,889
23,868
59,240
32,914
22,18
3,753
135,732
179,8
180,771
116,667
6,238
166,379
74,16
28,78
14,768
47,739
119,308
15,323
101,81
165,732
14,25
142,228
148,248
199,801
24,909
1,248
134,998
92,132
109,282
69,914
22,877
136,199
43,284
18,230
116,985
56,522
146,990
7,105
155,929
191,414
88,779
111,605
175,177
74,23
180,66
181,169
43,957
116,787
167,941
46,157
115,499
114,439
84,431
58,879
96,896
75,962
139,917
161,171
164,227
159,526
93,144
189,288
165,863
43,636
7,881
48,929
146,757
41,656
127,896
40,867
134,339
33,525
97,3
70,101
109,127
184,921
73,354
108,746
75,617
134,589
65,467
178,41
127,308
129,669
107,644
143,565
127,63
21,370
124,7
132,949
140,912
175,826
180,959
86,846
91,621
149,447
73,34
62,335
12,991
103,396
11,591
141,94
25,976
31,671
100,514
130,18
34,36
25,48
64,517
179,855
194,712
101,526
24,42
93,513
156,264
62,340
9,382
132,702
98,997
103,959
60,68
196,478
115,897
163,124
93,711
1,627
111,716
118,88
20,790
173,309
49,670
90,655
90,321
147,3
63,749
45,431
112,526
90,276
37,688
180,547
27,665
122,992
83,168
46,948
86,792
163,597
137,513
87,962
49,187
15,100
70,588
21,526
9,754
124,387
37,696
150,939
31,86
149,603
16,632
183,696
26,982
196,161
40,241
172,549
122,904
39,240
111,73
144,887
123,106
185,958
150,372
120,687
185,954
182,562
40,38
67,328
35,671
114,775
23,319
170,774
168,368
133,925
4,111
147,782
51,1
175,42
162,145
104,228
156,38
57,282
53,554
74,528
93,199
54,405
111,130
200,192
43,322
104,67
156,939
191,160
82,48
28,926
8,593
191,512
43,811
131,169
186,130
76,227
104,978
47,295
193,724
53,518
20,824
151,481
51,34
165,588
159,702
123,164
145,937
141,969
50,396
130,446
126,936
94,200
147,202
163,528
163,9
71,171
48,81
14,763
143,709
107,198
194,342
83,235
114,506
154,334
104,93
129,490
149,829
5,808
152,255
32,683
97,964
175,237
18,107
52,166
119,293
183,343
122,270
3,486
118,16
161,281
65,837
78,262
152,870
41,26
143,395
170,549
53,238
35,168
32,630
196,133
193,850
140,239
118,947
29,188
189,74
72,727
152,979
87,605
1,445
65,398
24,637
112,679
39,247
69,605
125,600
141,334
12,68
12,396
94,649
116,856
137,895
16,645
138,473
183,156
118,120
7,973
138,277
149,687
107,42
31,451
154,519
52,461
68,501
15,948
58,651
101,620
143,410
120,230
22,160
190,587
172,775
124,822
124,366
169,955
82,672
43,140
56,5
1,719
142,878
184,412
177,73
176,69
30,933
133,377
148,437
160,354
141,215
53,142
36,796
128,586
51,580
96,1000
154,632
152,844
73,800
49,468
12,4
13,378
123,938
53,57
76,296
31,756
149,299
165,749
99,526
122,53
117,697
11,506
105,794
120,808
165,997
108,103
36,786
1,454
174,864
19,855
122,117
12,605
30,378
114,325
178,540
96,800
156,548
2,225
176,948
4,919
148,454
191,332
63,394
47,46
21,939
97,225
133,252
32,553
87,99
50,443
75,355
102,550
1,910
123,825
164,201
90,285
183,38
35,410
183,822
138,699
64,669
65,296
188,103
121,817
142,199
106,575
54,947
182,804
68,80
29,401
155,795
51,812
10,445
168,124
160,100
23,933
83,908
149,126
7,669
50,562
167,180
92,226
100,125
90,528
105,366
183,529
134,426
111,7
142,978
77,63
33,488
11,988
129,834
153,824
34,733
172,640
23,600
10,860
136,146
173,572
43,723
66,729
143,267
14,96
5,620
160,276
101,669
12,512
98,245
29,433
28,287
39,871
119,354
99,485
160,658
88,728
159,408
167,890
141,593
1,726
68,98
48,912
198,42
2,626
142,687
5,877
69,885
37,406
84,528
3,591
135,697
127,425
9,79
174,935
63,857
163,249
3,268
107,622
196,291
5,581
187,157
36,720
138,744
70,157
5,459
117,363
171,137
195,802
5,194
127,498
13,987
155,523
150,384
148,766
68,897
160,100
21,293
87,245
124,95
59,711
179,918
134,200
91,441
34,385
119,142
186,122
85,258
16,573
48,268
113,192
30,418
79,191
133,973
126,650
122,754
78,844
12,359
44,376
117,520
153,213
86,208
147,859
18,994
151,965
148,342
21,275
36,531
174,201
111,245
129,982
76,738
56,623
184,742
178,385
39,707
133,980
57,256
5,216
105,163
6,128
181,277
17,756
96,315
143,248
153,889
63,219
171,65
119,267
64,593
129,814
165,239
34,253
122,486
80,563
106,858
27,368
53,594
41,571
99,812
120,169
22,546
153,51
168,53
195,536
137,310
163,6
13,816
85,433
154,640
171,707
46,598
36,634
129,749
55,922
181,925
121,660
77,416
174,322
6,417
127,938
46,607
158,170
134,331
40,593
64,272
143,77
134,156
186,443
57,410
52,827
58,369
26,407
36,319
36,729
90,871
41,350
29,911
17,265
60,712
131,192
40,229
78,849
190,620
150,384
127,164
57,271
179,219
113,582
159,459
50,358
6,875
13,713
197,107
74,348
26,899
147,150
151,322
143,162
94,758
89,552
111,214
119,892
172,662
42,875
32,988
36,833
135,433
32,844
116,68
186,325
197,149
97,927
127,831
106,945
3,591
118,170
151,80
75,61
48,857
120,957
100,579
81,8
139,511
53,453
185,805
12,417
72,627
45,349
145,733
93,736
173,650
38,12
172,691
59,24
89,19
148,526
67,738
172,979
172,651
71,407
189,830
79,694
20,649
126,952
169,32
3,755
155,130
125,210
77,523
65,515
125,985
139,92
12,610
117,973
27,458
73,980
44,581
105,361
25,353
124,346
70,748
148,309
144,338
75,840
127,303
144,159
161,371
38,282
118,633
152,267
143,711
186,155
179,259
115,238
180,568
129,543
171,716
21,351
132,248
57,813
127,834
55,187
113,236
50,417
151,623
82,686
100,724
146,543
45,554
179,212
168,749
142,731
117,22
93,727
162,205
107,485
117,84
163,686
180,925
97,752
158,545
197,681
198,437
125,306
2,952
90,482
51,722
175,180
96,24
18,982
118,312
1,310
42,599
156,372
45,86
1,296
117,985
194,733
114,637
67,317
96,18
68,268
94,825
181,541
95,479
154,132
72,844
55,356
26,115
194,501
21,336
18,919
163,387
59,787
126,144
131,235
108,556
108,208
119,657
16,794
161,361
134,541
10,207
160,621
7,465
132,898
79,788
47,354
135,230
151,971
197,20
200,526
110,451
30,147
131,174
98,162
93,180
48,567
92,311
88,323
199,291
70,414
194,67
39,505
48,139
33,20
56,750
177,656
62,461
105,333
105,598
110,268
26,314
188,611
191,431
158,206
168,95
124,71
159,22
136,533
127,965
19,570
75,545
56,358
25,859
104,985
194,880
120,153
28,386
143,261
149,114
136,559
38,481
107,955
81,211
172,403
74,441
93,32
190,415
194,311
169,497
92,961
92,473
191,120
45,252
11,360
22,405
177,75
63,774
175,303
68,473
82,370
34,433
183,160
76,386
150,48
91,185
54,201
190,170
120,7
155,814
3,716
174,971
4,416
20,485
4,169
53,160
112,644
155,95
47,71
13,680
186,60
175,380
141,943
113,371
164,726
48,626
28,868
143,273
2,351
79,128
41,592
93,975
170,685
35,392
65,975
112,556
193,883
98,605
42,447
169,954
73,997
181,673
174,400
82,908
182,868
198,478
136,37
18,553
49,960
161,32
197,374
54,859
168,404
100,373
95,186
48,60
5,958
10,633
14,675
191,213
169,396
62,752
50,976
125,92
68,23
83,601
16,18
105,108
11,535
172,482
9,407
107,643
7,228
81,594
66,194
15,589
86,662
35,148
5,925
180,379
195,606
132,457
57,714
175,258
185,553
144,266
192,855
42,179
124,698
75,540
68,23
144,889
19,936
3,643
44,595
91,326
29,539
187,247
18,455
66,21
64,38
92,550
133,626
111,74
196,149
137,747
85,755
175,371
30,727
8,722
170,509
65,330
42,51
150,679
24,224
50,41
10,924
85,548
121,476
72,713
109,854
191,922
36,410
37,217
176,486
169,605
91,958
26,19
17,434
46,109
178,190
114,229
154,196
37,291
109,901
24,34
75,405
126,763
161,916
31,109
107,679
4,683
26,458
176,956
94,159
65,447
182,545
30,236
192,692
192,55
76,128
193,229
8,524
14,830
100,408
129,285
43,326
177,99
192,148
89,988
1,309
138,741
72,367
110,801
134,667
29,911
177,225
33,736
87,996
56,250
62,364
25,163
130,471
26,427
183,533
2,648
171,998
158,362
54,264
133,523
172,62
18,46
191,147
186,907
103,412
52,435
70,817
127,637
125,573
61,558
178,563
172,443
76,648
143,403
87,849
7,882
54,671
191,687
97,766
9,650
195,927
121,449
134,3
198,301
16,375
63,60
100,489
136,928
160,677
35,674
154,390
50,573
90,657
162,180
95,681
124,718
180,307
167,884
111,411
46,835
177,402
120,51
30,240
30,9
160,346
160,132
9,270
42,680
109,950
119,225
2,576
66,479
15,252
169,473
145,223
183,229
136,456
128,471
186,96
50,465
16,689
19,451
188,654
4,669
169,468
119,429
194,780
42,893
52,869
156,372
32,488
7,406
102,538
186,317
114,977
43,205
76,933
173,585
65,85
32,432
112,226
25,751
42,865
167,619
80,905
94,590
57,96
59,148
172,452
140,403
91,432
169,621
168,607
188,639
173,319
150,509
11,320
169,410
144,47
79,760
45,847
50,328
108,780
71,979
86,159
132,24
174,663
118,230
159,200
187,614
90,705
97,755
186,441
128,896
137,278
160,125
71,948
87,784
28,871
200,348
172,769
72,59
13,335
86,611
52,870
135,846
172,284
195,677
88,265
180,797
184,734
196,449
120,394
30,390
158,815
78,153
149,233
181,755
129,257
97,41
101,331
45,180
103,879
146,533
11,55
104,602
126,647
92,995
57,162
178,193
80,726
198,68
119,879
9,389
27,794
180,726
74,297
35,938
186,994
28,559
195,789
70,132
28,701
89,786
39,253
78,855
150,121
26,862
147,159
133,4
198,923
114,244
195,54
31,510
104,598
32,121
153,490
190,359
6,628
195,495
84,648
121,636
131,794
81,703
88,182
133,215
30,156
89,58
85,527
129,139
199,179
144,303
55,234
29,653
15,85
37,925
95,776
168,571
20,844
89,290
32,222
164,489
162,22
58,28
82,651
33,403
61,402
19,726
119,353
15,202
118,816
154,655
57,758
188,871
48,876
168,708
87,23
87,974
9,692
48,186
33,698
56,595
24,106
82,952
3,376
161,589
65,899
15,589
164,600
127,227
41,649
97,475
196,799
87,843
198,496
56,877
31,376
129,385
47,644
106,245
84,815
37,255
160,482
16,156
131,680
74,275
143,548
113,790
68,930
81,825
186,380
35,44
147,795
33,482
108,39
110,905
177,479
39,118
92,580
96,278
146,728
142,636
69,34
74,123
130,426
154,831
172,622
107,28
159,347
105,353
177,19
103,842
62,256
130,324
154,840
13,856
126,857
134,381
186,147
8,349
10,337
70,544
174,558
142,626
66,925
116,489
131,844
14,75
123,87
168,976
181,167
99,870
135,624
12,964
1,225
132,666
199,445
119,533
59,815
109,896
36,720
191,568
179,121
51,703
22,679
143,863
57,372
178,303
40,725
3,5
129,947
186,94
66,819
13,330
13,436
143,831
110,677
14,903
61,78
81,847
195,84
165,55
195,594
84,206
23,797
89,710
63,138
44,902
83,324
143,765
199,906
37,93
159,746
86,240
123,751
121,416
100,663
37,521
46,233
194,511
95,453
28,923
163,585
150,342
128,638
189,604
101,14
124,713
62,584
193,55
135,418
160,571
57,504
136,714
150,229
93,126
101,70
158,511
134,904
163,236
73,202
61,696
168,305
21,605
64,49
76,279
45,994
113,585
92,465
131,359
195,494
59,872
138,606
175,339
47,39
166,779
154,450
38,626
78,371
104,299
65,930
58,760
145,492
200,913
37,353
69,99
115,36
116,999
198,187
112,761
104,244
186,262
158,548
136,725
95,616
42,897
59,797
5,476
189,80
30,380
122,272
139,647
26,870
133,682
48,981
51,248
56,244
28,856
134,248
94,898
147,581
2,480
161,125
32,936
128,513
83,336
1,924
191,408
192,170
185,564
164,745
95,129
34,457
42,766
128,455
131,235
50,84
89,876
45,392
137,737
65,52
56,346
134,849
124,632
178,296
108,55
167,388
110,352
82,93
176,765
9,658
3,643
24,77
48,780
135,63
91,170
165,563
112,511
193,861
57,328
11,254
98,13
16,46
31,724
82,844
90,575
150,72
17,638
72,806
176,429
155,125
64,156
194,469
44,353
156,823
103,800
107,894
147,932
138,629
67,848
95,250
17,736
104,340
124,855
183,444
12,554
20,944
176,883
47,446
140,454
33,201
12,168
197,842
67,573
151,872
159,846
38,226
197,703
134,719
190,646
194,181
74,471
70,695
182,513
176,388
191,889
109,435
200,365
26,923
39,975
103,320
80,183
169,28
59,941
197,24
41,186
10,451
181,229
20,973
113,311
174,638
42,82
198,104
53,700
5,915
187,782
189,332
103,867
37,158
74,338
128,208
167,805
68,961
95,245
182,526
59,912
65,801
77,60
86,342
116,954
12,767
185,934
14,311
106,391
50,75
127,197
129,295
66,673
137,634
100,32
180,672
139,49
193,958
93,297
183,163
131,811
134,259
14,319
92,888
198,353
49,202
179,520
90,866
126,213
47,710
58,521
37,415
27,568
91,90
136,352
6,907
150,807
121,547
191,109
74,291
2,441
131,230
159,852
159,730
19,528
159,687
139,660
32,738
65,931
98,422
57,676
95,742
141,353
64,885
8,157
133,18
51,786
164,953
165,213
197,68
164,770
50,916
103,818
50,656
163,332
50,61
116,541
81,669
171,598
127,584
52,620
166,523
32,482
55,849
7,463
79,476
83,302
132,935
105,702
128,936
84,523
170,8
87,661
111,764
81,855
39,468
82,855
196,470
198,271
28,813
83,173
122,522
133,200
78,957
64,757
125,245
194,71
67,687
16,895
18,833
162,251
25,606
10,939
170,5
5,586
108,603
64,462
15,219
64,287
115,349
86,210
83,874
185,495
45,672
75,421
7,581
19,271
73,942
184,352
141,903
187,57
124,605
16,866
16,455
81,152
20,96
194,493
111,523
111,737
154,509
61,526
102,251
196,254
78,257
176,657
85,235
134,229
29,305
110,453
85,459
117,344
28,74
171,455
53,507
188,498
187,157
94,27
165,927
80,416
15,750
152,181
25,448
123,524
175,402
9,658
62,40
96,108
169,539
105,587
109,487
165,686
101,811
98,439
187,625
45,416
178,881
43,520
192,757
83,979
21,780
199,195
85,534
93,444
72,908
143,248
145,702
140,77
118,606
52,968
172,237
7,932
110,456
61,60
124,534
91,196
185,473
64,763
158,559
33,545
64,570
10,352
39,33
145,772
153,288
119,952
186,244
112,620
199,715
3,722
59,237
30,183
12,585
18,923
10,945
184,573
148,186
167,403
63,973
13,563
51,157
77,173
162,213
85,338
156,170
13,867
59,273
88,349
186,477
52,342
76,287
89,466
7,838
186,763
43,789
100,397
148,580
181,273
58,239
100,807
165,244
29,377
53,730
197,467
50,972
84,140
26,827
194,969
169,453
84,43
19,736
139,636
135,249
87,248
66,616
109,30
185,929
101,455
85,709
120,644
80,613
34,830
105,36
23,380
145,833
122,903
70,611
165,713
110,158
8,745
156,613
103,378
113,487
52,725
127,697
46,310
124,208
187,51
164,570
45,856
80,932
107,855
118,725
8,212
189,726
170,135
52,762
16,622
64,57
18,785
99,126
27,493
59,736
5,489
180,736
100,501
49,365
92,395
183,680
1,216
193,359
191,887
15,841
121,170
82,325
145,508
59,425
79,46
175,390
200,455
64,849
121,841
145,496
166,16
120,422
116,606
53,869
60,862
49,925
105,162
58,916
75,253
138,564
53,502
131,114
55,593
91,283
191,596
18,635
105,579
48,739
160,852
185,281
165,347
191,664
94,70
178,512
194,165
114,68
4,699
41,900
35,331
87,366
181,545
2,362
182,880
36,100
134,692
5,167
22,675
40,177
148,899
128,59
180,81
50,9
40,908
97,888
48,275
65,708
55,488
21,865
169,84
32,149
140,538
72,181
132,589
80,333
42,744
103,448
33,750
63,968
26,643
199,130
180,657
128,184
178,173
14,308
195,345
163,961
199,298
98,727
51,93
198,840
106,989
100,226
90,961
198,723
198,16
60,660
173,307
114,423
140,795
145,3
185,745
125,272
81,358
75,991
159,421
114,159
130,138
99,954
125,261
140,156
190,898
3,500
136,178
154,478
114,724
94,979
178,523
49,748
170,269
152,261
121,63
103,460
96,17
63,242
155,223
100,532
120,906
186,362
142,479
19,455
107,535
133,541
76,230
137,831
68,929
110,423
40,251
33,125
19,894
42,653
75,528
75,384
151,831
21,176
108,174
128,745
67,635
36,802
196,857
132,696
165,83
107,614
126,301
27,33
107,916
194,382
176,563
120,564
122,67
172,833
173,682
6,348
2,393
75,679
182,547
10,29
27,278
74,630
107,306
102,465
13,831
115,217
1,796
182,631
147,963
30,950
127,1
102,143
82,328
11,66
14,303
160,486
114,25
196,713
107,400
155,380
181,934
159,773
32,728
109,776
41,373
200,67
2,121
110,26
99,842
67,860
134,64
106,961
166,563
157,723
191,18
45,703
32,339
139,725
118,880
63,237
139,208
96,349
71,673
76,688
142,583
4,756
84,439
76,1
86,524
96,453
191,691
136,688
53,774
71,540
83,632
7,995
58,79
157,336
119,931
18,105
40,966
162,751
74,309
111,574
154,520
60,400
132,596
64,205
75,56
109,267
17,885
30,254
14,709
188,145
122,662
116,433
44,425
124,323
74,722
101,693
186,995
103,33
21,165
42,563
37,671
103,226
171,569
92,950
195,244
4,103
170,671
107,638
183,178
74,799
25,540
163,293
148,429
194,595
165,489
191,415
148,453
12,808
53,553
61,572
127,439
104,602
86,244
31,699
135,390
173,965
2,814
197,343
40,310
130,975
41,929
99,83
187,865
178,899
91,317
46,922
99,575
167,887
24,507
85,337
68,11
118,879
137,489
198,574
66,479
184,110
63,41
181,602
152,805
77,408
125,964
188,515
54,739
34,252
58,636
12,219
13,740
84,936
181,314
84,359
171,177
90,866
126,61
68,363
98,360
169,80
128,61
142,372
161,949
56,409
106,953
9,337
30,383
167,492
31,271
192,526
20,854
2,923
138,834
93,721
176,749
121,513
141,226
32,960
34,457
188,858
51,546
64,667
106,238
118,733
200,162
29,478
174,768
94,165
79,903
7,931
79,341
111,394
80,936
103,940
170,38
198,783
40,303
15,275
43,254
67,971
160,898
166,433
195,922
68,816
120,330
186,538
161,485
84,917
154,970
85,335
12,411
42,928
157,506
111,33
170,669
180,448
160,654
39,91
124,210
11,432
57,467
163,252
20,180
10,498
64,363
8,470
194,603
166,742
195,553
102,631
77,862
69,475
118,311
42,890
28,51
53,564
115,960
19,713
26,284
12,963
83,955
69,909
145,58
143,47
51,607
29,850
136,406
95,666
99,825
49,89
139,219
49,298
27,644
96,214
9,322
69,321
2,772
89,321
50,961
165,884
137,759
94,34
125,30
137,733
76,580
17,35
104,726
63,385
135,565
147,525
10,745
6,963
71,349
11,632
73,784
61,526
70,660
176,723
126,900
2,547
121,57
181,260
157,504
50,691
45,671
23,194
73,465
111,936
8,844
118,192
92,756
193,961
162,838
167,191
100,863
180,472
162,278
76,418
19,135
95,272
129,18
1,354
33,933
161,757
186,279
136,482
6,628
140,192
188,952
61,189
61,772
62,920
34,374
104,851
139,863
1,783
75,42
115,630
132,247
60,715
92,576
27,937
2,997
191,829
96,494
154,127
75,700
59,820
117,123
140,148
106,692
115,198
168,392
33,315
167,993
8,343
92,492
106,925
53,835
41,283
17,774
42,530
99,731
127,18
65,299
180,770
178,776
148,348
56,510
78,858
190,998
2,920
53,270
13,168
185,60
107,47
93,189
192,751
193,12
162,407
166,381
134,73
128,835
68,126
188,821
110,778
130,537
73,645
42,261
130,51
25,79
186,568
21,113
101,665
194,551
166,435
31,389
35,72
59,564
118,505
144,779
29,362
63,273
51,345
49,609
157,959
95,851
13,366
45,220
28,809
199,108
114,94
13,424
82,909
154,502
195,792
89,35
29,829
117,933
45,774
76,193
189,539
43,728
57,688
80,616
140,230
112,551
117,470
98,164
81,261
190,889
3,236
19,930
33,588
197,788
68,79
125,681
62,288
139,633
40,130
11,289
198,614
155,764
140,251
85,561
128,957
99,292
73,867
87,336
163,728
51,671
132,133
15,620
94,862
2,245
75,516
171,873
31,946
12,542
26,370
10,421
113,227
147,803
50,171
43,263
2,864
30,629
97,359
144,460
3,88
6,816
49,468
156,65
144,853
124,210
199,562
196,329
27,916
53,321
169,517
62,998
24,865
53,537
141,698
85,135
38,130
155,463
70,612
155,268
156,988
161,657
44,565
121,911
177,654
145,403
103,868
17,785
135,91
101,27
17,236
89,11
136,343
110,294
62,803
40,544
20,965
5,344
96,86
2,226
167,866
79,286
87,307
177,634
93,341
14,273
134,509
133,451
184,85
116,859
81,12
61,782
132,362
32,190
71,591
107,150
132,856
117,396
2,286
6,631
36,136
108,772
43,464
133,419
88,35
37,224
130,643
125,548
30,836
116,425
96,852
75,142
72,818
74,871
165,176
93,922
2,25
125,581
105,706
74,9
131,152
161,427
170,654
137,485
153,224
2,255
155,293
23,805
189,119
183,359
124,913
65,257
113,879
128,791
122,339
196,983
48,448
84,200
63,364
80,74
171,81
102,939
138,923
83,449
57,139
119,694
65,285
138,103
109,398
186,643
124,346
188,80
173,280
72,912
41,521
93,623
47,66
86,749
84,614
43,590
132,254
122,655
183,980
151,931
5,497
143,827
102,667
192,346
130,241
128,859
88,159
78,65
42,19
23,508
111,593
83,926
56,762
155,129
35,708
75,724
175,183
14,47
24,279
33,540
54,953
127,826
153,750
179,689
186,952
170,778
143,134
174,325
93,856
34,793
146,157
110,440
46,551
82,179
145,885
86,371
128,151
137,141
67,234
63,712
91,609
144,449
20,255
156,469
28,336
60,758
99,458
162,442
69,453
59,975
195,816
186,488
55,249
137,237
10,749
69,351
52,637
67,439
18,533
181,352
173,79
200,858
73,427
124,678
9,372
178,22
177,496
108,853
187,96
19,220
49,424
52,304
156,389
20,939
186,912
77,67
186,349
74,584
40,76
73,984
23,462
6,648
69,256
101,841
192,337
35,115
158,822
100,888
198,295
90,71
48,953
32,488
111,991
118,732
177,2
63,814
185,855
149,966
147,106
96,633
195,201
190,420
195,720
69,732
78,620
137,429
75,56
39,570
83,765
81,600
153,687
50,960
100,868
1,503
163,752
92,697
49,799
163,974
109,974
151,751
2,805
71,337
130,661
116,417
180,451
6,241
90,854
40,752
149,995
86,12
42,724
158,660
72,125
110,489
64,401
158,620
158,579
32,634
79,368
162,131
61,964
187,907
195,26
169,465
38,522
174,265
54,388
72,626
47,260
190,258
29,204
140,487
132,820
166,490
12,413
11,944
58,315
123,54
142,187
90,614
185,253
136,594
121,718
16,400
25,805
52,512
33,167
198,394
173,398
33,228
6,98
200,379
84,315
77,19
83,479
95,351
182,449
67,831
126,511
107,135
159,315
38,102
42,765
180,220
103,772
80,707
194,441
26,402
139,482
78,22
88,251
132,81
43,518
137,486
173,243
112,394
94,269
188,567
95,483
142,872
194,269
182,315
109,175
186,709
114,904
167,309
25,157
105,531
1,270
177,875
195,75
92,409
33,208
160,716
97,908
60,2
15,132
168,561
72,599
122,861
126,829
62,638
25,894
123,942
56,40
128,705
17,868
136,339
80,10
1,77
144,392
104,182
139,76
135,133
58,495
26,168
1,136
117,860
106,525
65,884
142,976
162,186
66,600
146,690
27,16
48,533
185,970
23,603
175,485
68,640
101,110
75,685
36,780
118,101
116,736
147,308
79,336
151,627
10,181
51,22
142,309
161,442
19,71
24,740
184,78
71,104
112,632
13,153
44,907
110,453
172,558
43,281
39,740
192,530
50,361
129,769
87,633
124,328
72,641
63,103
91,294
34,484
51,850
101,897
103,589
30,256
76,922
124,565
43,663
178,56
89,127
118,598
94,228
53,103
89,47
174,101
95,677
75,194
168,671
99,668
195,237
22,691
141,258
26,662
90,732
96,581
7,234
110,957
173,744
59,950
5,463
71,547
148,262
53,981
29,118
47,449
136,389
8,986
174,30
19,169
188,99
50,139
161,993
148,871
130,791
163,431
56,29
123,475
190,377
199,634
141,437
179,820
73,312
163,977
26,919
74,234
117,238
188,495
92,377
154,646
13,243
42,833
135,129
195,660
112,719
170,84
33,870
179,653
181,112
27,601
190,162
172,309
9,417
141,958
51,56
136,966
76,692
42,949
98,33
76,198
154,920
15,801
121,169
3,713
82,616
122,917
171,366
5,415
45,216
110,878
103,758
173,577
136,984
84,129
118,98
82,336
94,273
128,881
198,637
102,494
197,764
53,460
185,857
17,714
14,472
175,336
61,150
11,399
120,549
66,241
195,660
134,582
84,391
148,205
104,73
126,855
145,480
125,518
119,812
98,929
43,458
69,429
140,732
44,452
195,234
125,504
160,529
10,68
112,367
184,264
78,492
75,214
129,482
88,184
121,189
52,676
12,176
33,913
42,664
11,373
112,458
58,701
127,533
183,77
93,301
86,54
189,923
13,313
63,883
162,60
151,11
31,930
140,231
66,859
132,370
11,148
4,309
17,310
5,722
173,473
7,964
25,532
21,604
85,546
198,417
50,282
109,95
194,721
104,702
129,794
32,585
87,243
196,888
11,910
15,546
43,228
82,862
115,84
84,447
193,307
195,374
124,923
141,863
171,971
114,953
98,590
101,32
74,574
93,336
28,956
93,879
199,869
151,79
103,622
87,742
44,429
47,581
20,246
93,433
102,446
182,853
38,178
50,167
19,509
37,510
24,83
100,294
69,642
163,489
67,121
18,935
176,874
59,460
148,830
69,716
103,88
174,266
81,943
83,416
46,105
131,430
194,545
188,925
136,572
29,717
40,357
155,707
102,316
42,14
175,344
52,941
82,499
133,134
189,750
17,448
31,230
29,282
83,991
182,335
86,597
173,464
101,535
192,323
144,51
98,166
112,651
92,267
50,306
104,903
187,781
181,954
157,102
187,796
45,315
54,155
150,224
92,248
28,621
23,159
7,949
194,157
20,218
60,504
5,47
179,533
103,189
197,889
130,338
98,319
91,24
67,120
193,626
156,898
163,986
21,873
163,259
183,59
177,459
163,347
33,402
118,616
160,110
182,516
105,370
150,448
193,357
165,68
63,889
93,32
51,531
178,735
177,861
167,736
124,206
33,903
146,416
179,908
183,431
105,526
64,357
130,933
93,304
89,869
164,112
29,593
184,268
90,157
62,368
150,713
111,320
13,671
161,681
22,225
99,746
178,384
63,717
129,98
120,917
146,704
150,841
179,692
127,8
110,859
36,123
182,953
12,229
83,344
177,109
25,108
90,887
146,435
67,266
116,658
195,618
150,37
182,567
183,446
127,88
107,945
182,364
99,974
172,992
138,731
169,799
103,729
159,600
14,904
17,978
10,701
77,866
12,562
38,739
41,637
155,855
62,315
49,408
100,641
114,724
16,666
161,205
19,422
4,5
69,304
160,311
190,429
22,701
178,15
175,614
107,493
183,136
98,499
133,283
121,165
191,242
136,782
17,643
95,815
84,293
178,93
132,504
77,48
7,258
153,28
178,117
149,223
142,764
106,608
136,881
117,601
134,650
10,262
13,932
12,194
80,608
174,413
103,94
171,657
109,238
91,344
112,945
155,514
24,43
149,388
12,407
188,455
121,302
176,233
105,715
161,584
51,86
19,903
165,993
26,235
23,659
34,668
176,571
102,4
45,452
16,916
61,757
93,307
194,397
176,474
74,38
157,777
174,123
53,527
101,456
49,165
176,834
161,963
12,628
106,71
18,643
52,764
120,309
6,950
53,649
60,850
68,630
64,776
185,341
41,312
99,200
15,579
20,611
134,456
174,126
150,384
54,815
60,120
116,246
44,563
28,176
135,60
15,586
108,967
86,507
113,224
59,922
172,626
100,298
32,193
17,17
125,314
176,783
156,859
66,314
117,234
162,720
174,988
142,448
160,768
196,255
54,136
188,111
26,750
24,546
68,369
91,907
21,585
161,144
48,35
8,619
192,87
94,785
197,350
6,864
123,825
51,442
20,454
118,497
35,746
21,601
185,915
133,880
32,853
57,242
96,581
96,937
85,696
94,834
163,312
7,858
127,246
151,23
7,52
154,943
166,264
79,823
51,563
198,417
26,808
169,864
118,501
7,539
123,414
146,296
91,294
188,625
90,725
41,272
15,177
101,504
157,314
135,17
8,378
170,606
106,483
90,757
53,670
28,886
178,480
8,839
151,447
103,403
42,14
58,6
78,278
133,123
200,982
200,298
156,862
1,837
130,856
180,112
123,553
188,407
125,407
17,78
89,403
185,389
148,466
165,211
195,874
150,302
179,390
10,210
141,943
112,675
140,492
116,35
33,214
110,552
149,703
197,44
81,786
127,858
188,501
46,750
196,834
125,139
59,52
139,977
62,405
132,900
99,399
85,460
82,564
140,920
159,525
54,588
198,748
118,660
88,72
106,191
160,263
176,399
1,153
72,460
14,824
11,554
84,924
173,450
117,456
58,633
149,610
174,322
14,682
197,972
124,416
47,119
166,821
18,582
12,165
67,370
57,562
150,165
33,807
42,797
68,491
33,504
87,108
193,770
122,892
33,318
63,219
21,351
103,477
53,667
10,254
140,206
178,766
93,428
30,781
41,704
102,73
83,83
120,622
109,915
104,708
158,213
189,760
30,721
58,172
67,994
101,712
51,198
122,478
57,922
70,549
129,434
126,947
84,739
127,103
192,583
14,271
5,117
165,698
62,49
60,915
99,372
65,241
190,385
166,799
155,346
10,884
86,283
160,571
54,419
184,695
33,923
153,751
19,143
134,917
9,329
138,680
5,371
70,341
198,303
181,131
62,755
190,891
178,109
123,948
127,510
176,258
110,220
122,948
28,292
7,765
76,489
156,818
194,400
86,511
44,293
123,169
109,456
55,855
51,517
25,537
85,442
11,226
87,987
117,849
161,905
40,941
144,223
107,205
132,27
182,326
142,57
182,20
184,693
118,144
54,347
8,72
193,254
154,233
133,498
83,264
193,875
112,142
74,362
92,174
27,982
23,681
187,899
139,313
8,584
105,363
45,401
85,597
177,977
82,554
88,145
129,608
45,830
97,510
147,475
76,845
45,914
85,414
200,746
154,855
56,724
191,175
158,706
190,313
84,256
103,716
136,239
195,31
23,846
140,774
13,134
64,494
35,512
3,899
175,967
146,155
118,754
144,730
50,485
38,948
28,353
95,269
155,977
50,840
161,271
5,50
39,313
32,148
116,173
44,905
22,623
78,254
187,764
199,511
111,564
131,228
186,984
179,572
3,675
1,312
24,722
15,516
175,173
36,529
7,573
144,69
61,596
136,989
94,134
54,650
26,787
136,587
37,81
38,161
74,783
120,174
19,388
157,737
42,661
86,19
23,694
41,68
67,701
3,259
139,395
171,378
16,710
101,693
9,427
145,924
84,883
62,831
47,388
137,821
200,905
26,790
52,594
71,188
27,864
14,92
41,238
97,481
126,733
53,387
45,348
152,828
79,336
84,450
74,957
62,293
132,981
101,9
192,300
12,707
121,264
189,415
116,630
18,559
21,144
136,446
66,190
91,46
151,776
75,23
136,59
21,183
68,476
22,695
90,675
77,258
84,952
33,353
93,754
9,380
109,857
191,418
8,177
40,485
92,218
27,120
13,847
39,156
45,714
155,27
152,465
44,437
174,799
80,603
130,544
6,299
151,856
189,648
140,150
168,239
6,311
173,644
65,905
80,635
85,190
164,641
156,282
192,195
100,211
48,460
42,996
198,545
197,703
55,723
146,652
48,603
140,342
142,469
40,128
90,812
173,785
186,972
141,151
12,405
170,979
78,592
115,305
177,269
176,89
190,465
36,576
104,976
180,950
111,430
131,864
194,324
91,829
5,357
132,528
16,859
128,819
167,974
51,788
176,160
68,653
155,442
17,124
139,168
122,10
148,460
32,802
149,247
189,663
65,753
33,312
93,981
170,260
166,407
47,572
153,884
46,972
112,45
37,947
44,758
146,916
78,250
124,59
131,583
106,588
21,316
117,441
125,533
22,539
93,931
73,106
72,370
171,461
3,645
96,762
139,784
30,873
109,290
40,749
91,250
10,948
26,822
136,637
153,953
162,379
65,956
108,503
73,45
184,938
194,159
60,927
148,126
87,730
19,127
179,189
13,179
1,973
3,486
66,245
89,750
177,967
7,418
59,624
123,933
172,744
83,450
78,179
142,775
48,988
36,900
189,749
141,951
6,99
140,568
196,846
165,462
166,356
100,878
26,687
146,635
118,260
128,475
111,974
199,279
32,510
5,730
83,27
197,265
147,250
95,87
31,123
72,942
197,547
11,537
73,935
6,839
74,368
185,53
140,328
115,579
154,719
96,272
149,976
165,233
174,88
136,705
74,286
86,530
173,807
62,107
164,679
38,391
109,317
49,330
134,637
3,930
5,285
169,356
107,304
127,206
152,230
177,451
175,496
5,894
162,805
74,968
56,126
93,211
176,968
87,233
179,977
195,171
10,965
130,425
132,658
53,160
110,294
65,467
10,743
93,596
176,353
191,358
21,303
32,755
21,999
148,897
117,446
180,390
48,74
192,119
80,177
73,586
100,141
23,170
88,191
95,732
14,868
179,93
113,593
155,64
190,389
187,362
78,931
194,816
161,340
72,72
162,90
61,696
37,761
110,292
125,711
12,587
163,379
109,521
140,511
185,450
53,993
158,984
173,698
57,48
134,452
95,582
128,626
55,514
42,307
12,763
9,189
31,204
11,403
132,518
140,572
115,560
140,659
195,697
71,701
163,88
113,312
5,44
91,621
161,375
44,461
73,460
62,178
6,131
145,52
137,62
17,821
155,329
180,181
19,636
97,977
141,164
34,861
91,834
24,464
34,579
113,264
154,820
35,590
27,709
59,439
185,81
53,413
130,860
167,144
58,626
41,432
189,963
146,420
17,813
100,835
5,813
146,94
196,747
124,274
57,334
14,43
98,91
196,665
89,514
47,121
167,968
66,227
36,294
79,948
92,965
65,63
52,535
160,454
149,527
72,272
69,892
187,152
81,941
83,225
11,448
12,169
103,827
151,355
73,480
97,673
184,339
47,369
164,164
82,85
118,892
121,59
139,724
165,131
19,249
80,271
10,350
152,827
161,366
96,501
118,14
187,172
147,846
198,855
93,318
140,459
3,478
190,795
28,633
101,516
10,67
77,508
29,56
200,227
176,767
125,93
179,736
134,585
39,962
28,654
116,872
99,145
138,303
118,29
23,308
101,513
89,65
9,940
144,162
73,719
40,779
162,792
61,162
42,989
162,889
163,412
165,472
90,764
54,523
37,425
22,696
126,27
105,432
93,415
131,32
146,727
142,672
157,753
139,711
16,809
35,631
102,213
34,914
29,293
104,701
90,486
186,948
187,144
157,524
41,816
196,406
141,174
52,392
134,232
18,977
107,445
179,265
163,507
15,477
42,353
159,76
200,702
3,900
86,468
145,276
15,22
37,900
160,136
127,475
68,276
180,627
187,623
196,375
72,296
191,121
187,264
13,509
68,652
18,389
30,363
76,81
132,853
151,286
16,556
96,511
126,53
84,813
54,328
159,602
148,967
90,652
5,883
63,154
138,725
172,981
86,521
65,582
2,951
10,788
55,84
20,38
155,290
134,68
41,53
93,837
98,161
114,9
26,196
134,828
66,194
51,379
88,903
114,343
127,725
9,785
62,155
13,510
69,785
148,905
149,255
171,528
177,579
176,752
103,383
166,286
155,817
136,856
171,335
103,293
77,501
172,955
99,200
117,476
5,777
128,808
13,70
195,819
74,256
118,309
129,116
167,827
61,820
102,847
6,758
25,208
125,812
5,658
99,523
149,20
98,857
86,375
34,749
198,806
123,195
75,574
76,733
103,473
36,762
44,20
22,766
131,258
168,966
182,607
58,674
54,56
4,192
25,406
15,492
16,236
158,204
64,916
160,93
55,921
145,614
15,758
132,981
78,973
20,582
127,45
117,5
28,195
153,312
73,52
65,124
67,173
11,986
116,346
92,622
170,717
130,487
43,282
105,691
71,873
74,567
187,975
125,189
67,834
1,480
90,651
139,913
57,739
8,294
66,192
150,155
71,682
152,670
53,712
54,136
45,512
102,323
30,606
83,88
135,57
28,710
152,259
135,874
184,422
93,859
97,306
42,271
171,773
112,635
186,256
18,181
60,493
54,491
133,429
67,759
29,679
152,319
72,144
134,525
37,977
96,4
147,283
64,834
44,192
195,86
70,466
104,597
180,954
138,850
100,939
180,91
54,445
91,127
183,54
176,566
34,87
94,426
10,679
141,933
111,124
107,164
59,320
85,140
25,796
82,546
112,952
199,938
107,298
145,60
100,297
23,388
179,622
150,523
148,865
67,558
95,492
169,667
21,624
182,824
149,587
11,680
84,429
99,526
15,704
187,531
113,747
14,260
110,331
173,123
59,615
3,545
168,587
153,21
192,807
184,244
123,216
104,347
23,694
13,869
35,888
50,472
42,436
131,685
178,7
8,63
200,502
121,788
29,925
127,444
105,389
137,579
196,197
42,328
22,206
92,448
39,224
105,992
33,752
67,522
79,834
156,349
141,913
35,553
180,603
144,412
185,926
5,954
78,911
123,88
175,895
88,918
141,866
17,544
38,291
107,15
188,897
99,505
183,490
11,305
97,160
137,581
40,302
105,950
145,351
100,848
184,538
21,27
178,374
109,682
105,495
188,787
126,880
189,574
69,507
48,846
74,364
33,122
55,95
157,409
58,339
41,71
42,242
30,644
191,143
67,523
196,384
61,529
81,394
174,477
72,787
137,762
154,690
90,370
185,215
158,698
41,270
16,45
195,541
93,740
68,157
94,471
77,1
10,260
28,645
193,348
15,207
16,907
130,12
72,914
1,388
7,300
186,717
78,944
22,516
7,428
52,750
165,312
59,369
80,812
155,738
56,198
89,668
161,553
43,833
151,196
87,561
168,924
196,394
152,874
186,395
64,599
102,496
21,249
111,770
20,157
6,976
87,226
9,526
47,467
179,164
17,28
86,704
85,667
159,972
26,250
125,351
132,8
51,944
162,622
3,295
136,115
6,605
125,587
71,483
36,236
28,4
179,630
21,384
193,515
116,152
189,991
32,580
193,579
118,322
179,309
137,595
6,342
138,819
56,60
23,858
177,518
157,234
65,3
186,505
78,676
153,181
153,831
142,958
52,751
179,859
146,723
46,456
151,275
14,263
160,720
32,363
13,979
36,509
27,316
60,209
186,558
176,399
135,159
154,471
146,477
96,914
150,139
193,653
86,737
68,820
186,171
150,595
36,58
135,804
110,655
12,517
132,183
94,230
191,563
128,41
144,409
196,428
39,190
119,965
196,346
74,152
198,796
9,629
174,279
118,46
167,396
42,590
120,290
159,70
89,677
58,215
198,49
69,176
191,111
199,351
120,589
85,137
188,848
88,41
169,699
166,84
91,378
183,902
50,556
34,350
7,165
195,11
57,577
85,212
122,855
164,671
153,804
199,573
138,379
112,271
155,614
189,847
78,143
161,340
121,23
193,288
31,323
184,67
133,991
167,19
175,295
187,863
80,683
86,842
133,857
116,904
114,120
143,492
74,97
73,550
28,366
140,56
185,462
141,593
110,813
75,57
169,270
107,676
67,506
116,946
147,437
98,321
35,209
113,779
21,925
35,258
102,641
13,442
82,54
96,869
57,515
78,892
139,825
9,857
183,229
57,364
32,955
157,548
13,315
149,293
164,591
68,542
164,926
104,906
107,41
15,786
110,765
93,123
37,761
75,113
94,244
141,864
90,554
15,531
45,572
63,440
19,213
192,182
102,167
198,763
63,725
90,762
46,87
77,489
116,248
85,878
177,415
50,826
151,792
25,664
93,789
194,890
48,84
164,736
182,992
32,846
101,640
98,453
197,763
109,616
83,906
83,984
20,183
119,728
55,62
44,360
127,540
160,940
140,920
15,651
160,504
28,853
67,727
23,823
187,488
148,896
193,916
100,1
186,260
59,265
20,380
188,705
27,999
64,823
132,119
51,610
51,169
34,149
88,692
28,208
71,886
89,554
191,34
87,211
68,434
82,194
76,148
125,948
118,563
85,161
120,937
21,482
46,354
151,240
24,80
84,287
165,946
134,400
59,711
166,26
33,619
164,534
121,720
119,305
139,384
8,543
59,392
129,811
104,593
162,339
97,356
33,462
181,723
34,932
121,65
5,516
89,112
106,804
41,513
96,865
84,12
23,626
83,576
5,450
56,885
78,220
144,755
145,277
174,179
115,915
195,718
90,500
32,179
46,441
165,71
78,725
58,313
75,477
73,54
24,862
71,531
37,667
113,360
80,555
60,671
187,565
152,728
47,442
45,264
173,870
183,463
131,51
50,415
91,933
64,872
46,403
102,447
50,197
192,381
166,303
71,586
122,698
63,565
138,58
82,519
28,589
41,68
134,623
45,846
17,834
73,693
145,852
20,471
115,208
120,840
189,379
63,956
13,593
13,872
144,680
81,943
4,464
173,960
6,883
73,625
77,920
194,943
34,534
102,894
81,219
172,894
132,481
200,960
134,232
147,936
58,558
27,420
90,714
112,720
7,693
46,81
191,468
145,598
99,479
91,228
1,411
155,812
52,247
127,361
188,942
120,596
143,503
198,563
165,431
129,635
166,66
136,304
118,577
162,992
86,850
43,225
120,247
193,337
20,605
165,38
170,144
54,732
175,724
73,56
25,69
5,855
92,742
93,718
45,978
22,719
83,130
114,707
58,145
82,300
3,807
112,590
124,787
106,639
125,551
38,484
186,210
71,478
49,101
191,298
125,13
5,671
177,428
144,223
3,477
189,202
180,1000
185,365
167,400
167,63
56,763
68,909
155,699
105,713
73,482
180,547
65,320
188,431
109,285
73,25
126,46
186,410
122,913
110,500
33,553
76,582
181,810
125,968
94,620
24,908
163,160
120,753
167,925
87,173
73,872
12,529
127,55
164,987
21,123
130,174
23,108
134,291
5,958
186,837
188,633
183,279
34,611
177,821
65,678
99,596
174,167
174,19
94,563
196,586
109,693
117,858
2,740
155,229
35,834
155,307
93,645
79,61
29,131
16,328
159,347
127,268
129,375
61,22
158,369
192,222
190,60
85,977
159,380
169,68
141,731
85,576
77,674
18,841
142,964
21,993
74,660
72,421
82,990
179,271
48,661
44,800
62,935
68,941
79,701
109,153
154,10
54,806
46,11
16,505
185,11
8,763
80,84
47,534
43,175
163,638
96,754
186,993
160,299
46,159
157,599
72,796
181,243
96,695
83,381
115,880
65,458
30,328
47,329
177,466
73,530
135,305
2,319
73,632
115,578
42,889
175,201
58,93
35,56
115,626
20,347
30,686
195,598
100,158
109,49
75,61
92,277
91,985
133,685
78,330
116,621
45,959
12,817
15,332
145,347
122,804
182,543
50,546
7,620
50,828
136,709
38,549
62,258
11,672
99,846
99,681
83,884
183,436
57,686
70,72
6,446
14,39
152,689
149,308
42,514
79,445
119,911
117,319
49,869
5,538
188,531
200,715
186,533
103,487
24,455
138,452
27,187
10,79
99,757
113,282
16,798
57,120
83,201
80,400
25,262
46,727
139,329
153,21
180,152
28,22
134,335
35,573
104,262
84,881
119,547
33,461
151,86
158,12
135,171
145,689
199,362
168,982
95,736
126,699
8,946
52,559
22,780
193,405
27,113
168,494
165,397
200,256
26,607
45,921
148,502
67,505
185,468
163,65
107,245
91,443
130,185
149,688
168,679
138,971
139,237
35,863
195,750
96,835
126,808
178,506
98,142
184,1000
192,19
79,801
160,630
134,976
23,382
186,308
51,699
68,431
168,114
143,489
34,104
168,319
194,181
105,656
23,656
33,64
11,805
193,282
81,606
132,784
175,817
44,101
164,318
92,733
198,135
59,226
19,849
119,17
130,176
31,501
121,654
66,356
1,904
154,541
12,767
59,325
102,745
41,197
17,683
57,642
185,461
22,329
71,71
51,19
55,528
158,619
175,282
163,760
194,818
200,781
2,789
46,483
36,494
59,558
167,84
182,275
134,324
186,575
143,788
51,312
15,108
10,221
7,608
38,539
9,491
133,287
18,6
58,763
6,950
165,137
115,260
181,681
198,943
89,247
187,242
184,435
58,906
61,185
184,800
23,612
95,29
159,693
94,245
34,335
195,401
153,603
156,243
134,913
79,87
17,224
178,626
37,529
81,194
35,343
141,821
73,225
73,735
90,51
129,619
91,551
66,624
172,871
183,815
124,452
153,613
189,420
8,982
13,113
161,991
16,948
51,573
200,291
61,279
193,221
120,680
116,861
147,663
64,28
66,873
8,124
120,549
16,820
64,634
57,561
70,348
5,707
199,486
37,822
49,601
92,269
87,205
15,966
162,482
14,528
160,424
199,584
63,157
134,898
148,401
33,245
121,44
10,335
154,652
100,83
80,751
193,282
142,361
87,248
123,84
63,894
22,468
71,139
71,682
156,452
186,5
76,546
173,439
79,347
103,674
84,795
24,497
24,196
110,262
79,305
101,649
100,669
26,679
151,99
178,107
186,805
45,472
32,597
61,600
102,504
123,385
97,36
82,688
178,478
200,993
148,109
22,805
94,408
189,889
69,822
144,662
59,272
97,101
84,802
96,692
138,224
165,844
156,983
195,931
125,470
168,338
41,873
84,817
36,71
29,253
13,824
119,875
109,408
176,300
69,659
198,46
104,576
18,933
74,991
99,954
139,498
193,849
77,214
105,705
138,787
152,58
135,577
170,44
181,2
96,999
57,508
75,857
75,521
82,289
167,375
193,208
79,768
8,218
180,429
121,464
187,302
15,27
89,271
170,906
66,418
27,770
165,296
12,734
179,751
3,509
12,305
110,704
117,159
1,832
132,714
8,522
101,309
138,379
23,52
169,574
135,387
177,171
132,450
200,231
12,263
57,904
200,373
126,284
19,360
104,163
196,450
151,580
90,451
111,707
129,336
168,922
194,257
77,329
184,598
132,50
108,730
44,286
18,597
98,593
55,381
48,605
52,288
102,1
83,995
12,970
38,198
31,941
158,801
146,857
82,298
181,521
20,522
33,265
110,142
72,258
94,682
165,304
33,531
89,616
28,599
69,558
174,296
162,565
63,695
121,734
43,610
106,585
59,483
108,29
165,659
78,729
72,640
21,177
80,753
85,426
57,504
179,63
7,629
171,114
155,620
119,528
180,627
108,675
100,948
183,178
116,239
122,571
147,646
67,929
74,270
6,836
134,193
43,515
197,104
133,163
166,498
50,701
53,414
196,623
187,61
72,785
109,440
3,280
70,675
175,591
10,43
181,517
39,919
33,86
126,143
188,622
167,660
130,42
25,348
113,976
60,808
148,439
33,817
145,319
165,814
48,664
198,356
124,330
158,631
28,742
145,40
41,902
141,218
137,537
117,287
124,324
170,526
175,920
137,428
156,826
165,628
190,70
85,446
71,39
117,64
71,920
46,709
107,347
129,990
127,396
177,446
148,572
44,274
156,20
127,949
40,895
84,211
87,489
55,71
175,669
95,616
93,340
7,108
18,806
68,795
39,196
14,268
76,628
58,285
51,203
151,469
120,831
41,763
20,226
67,392
108,570
166,415
127,143
176,554
117,873
7,798
101,851
83,681
160,875
40,685
87,466
196,406
127,890
193,311
175,558
19,561
117,986
38,844
71,91
190,66
141,911
92,933
154,331
136,336
192,937
170,314
56,782
39,670
52,817
82,336
1,757
121,791
145,952
49,438
47,364
115,351
151,78
84,210
122,390
100,417
124,748
44,212
90,422
125,368
91,365
97,297
85,249
11,168
182,681
73,996
126,224
123,197
58,828
163,234
190,555
105,682
130,757
76,173
126,323
74,778
21,121
15,543
126,102
161,233
147,517
164,307
149,706
86,437
112,727
20,647
37,367
129,184
59,152
103,354
20,133
87,759
46,993
10,819
69,891
150,134
17,825
155,986
28,892
67,599
134,552
183,51
117,14
1,122
73,175
89,808
167,207
1,993
39,936
12,310
166,79
165,34
18,566
157,173
7,408
28,656
50,81
135,653
188,197
168,662
102,980
78,366
14,749
14,790
81,477
34,890
105,396
46,972
89,73
126,697
178,771
118,928
156,722
200,772
200,962
86,612
195,135
175,150
87,284
31,876
66,287
14,863
98,988
29,575
177,950
146,140
8,402
23,797
106,221
121,395
172,784
73,206
109,582
116,586
55,140
97,809
49,499
131,194
121,341
9,554
46,35
105,356
30,627
67,49
1,224
118,340
149,222
8,557
185,685
29,688
175,632
62,246
180,421
49,948
87,345
124,599
120,51
26,108
173,261
1,278
78,539
177,792
34,88
151,360
136,242
73,763
2,851
193,839
92,501
64,105
157,429
38,706
192,881
163,421
115,118
145,847
125,52
152,942
33,124
189,811
85,558
86,527
163,499
26,599
186,92
5,11
147,122
26,387
39,750
146,690
100,572
68,883
174,960
149,921
110,99
36,527
180,58
105,159
69,674
87,531
194,417
20,849
76,505
101,766
186,472
100,237
15,353
3,341
70,121
35,456
143,548
194,671
130,169
8,362
168,628
23,117
151,223
190,878
33,800
113,522
38,535
34,819
188,623
92,38
162,495
56,947
176,940
19,986
144,254
151,295
128,218
63,501
49,774
178,424
118,851
183,191
157,289
141,25
190,308
75,611
38,859
114,724
3,336
191,727
168,978
110,519
117,423
39,324
55,485
98,97
111,911
30,707
51,297
12,113
111,504
46,33
71,726
175,564
28,654
10,297
22,500
33,530
58,635
127,243
200,531
48,714
200,451
23,704
66,202
36,438
42,244
148,909
157,672
76,939
140,84
165,133
87,463
44,611
113,368
60,591
63,898
159,888
179,43
10,707
22,920
15,170
65,650
144,747
113,293
92,938
84,361
115,392
56,888
91,133
79,530
121,222
59,916
193,462
193,15
176,130
115,240
14,272
115,256
77,807
125,916
124,216
46,352
57,204
192,599
91,474
127,288
100,38
82,520
155,143
98,920
6,272
55,484
1,394
192,287
33,111
43,31
96,508
82,656
59,139
198,927
10,915
47,271
162,775
2,232
148,625
63,440
52,238
126,404
161,576
138,284
30,348
129,52
38,332
149,241
70,114
25,203
162,105
183,647
25,223
66,697
199,886
56,137
190,675
128,860
51,252
28,977
17,795
73,236
92,193
79,468
61,44
125,425
124,676
146,162
13,525
186,210
13,117
1,769
80,511
109,64
44,400
128,286
148,359
166,223
190,494
27,108
80,901
49,354
21,388
149,969
151,524
23,367
102,135
89,652
187,848
85,735
117,880
82,696
61,582
128,632
183,956
97,146
175,195
167,898
162,23
112,708
70,517
80,896
1,100
192,286
103,189
11,203
41,731
153,318
11,267
109,774
99,444
153,580
176,650
95,940
169,534
8,985
194,4
15,361
75,876
24,895
63,523
188,103
44,781
180,107
101,68
174,661
130,895
175,434
173,454
168,349
192,583
151,711
107,105
51,227
128,233
21,693
80,579
95,22
106,189
125,575
101,450
29,327
57,362
68,617
128,887
39,157
54,730
29,306
124,97
135,935
105,955
13,132
114,618
145,38
10,546
113,540
126,348
60,118
197,87
108,116
178,563
40,489
140,1
145,919
56,544
149,689
127,890
133,808
54,462
90,693
198,810
191,71
62,129
47,311
40,510
8,558
180,667
161,422
30,808
194,705
26,853
20,846
43,879
105,152
115,980
108,632
153,853
32,394
191,666
19,566
146,29
81,989
4,593
187,752
70,85
169,640
43,86
109,719
124,588
27,323
120,259
28,230
95,363
65,921
170,661
22,887
150,643
200,850
173,412
38,875
19,416
173,535
135,420
175,201
78,204
156,450
67,552
49,628
24,867
157,895
90,239
115,309
14,537
72,124
69,640
3,4
13,660
18,286
69,325
179,222
112,386
51,195
48,183
141,345
72,494
106,592
63,590
190,974
76,562
16,671
169,860
166,308
58,626
124,429
108,678
40,121
154,664
44,320
84,43
188,139
167,527
43,659
144,226
173,505
111,931
116,696
38,26
94,919
185,671
183,465
106,162
155,371
24,100
105,563
44,45
22,667
2,958
51,325
33,171
133,368
26,36
52,691
172,744
117,509
25,256
153,896
50,827
45,510
90,733
105,461
1,655
13,573
63,236
159,957
55,223
185,315
71,682
166,15
98,599
188,345
141,231
200,430
107,430
57,838
99,267
123,398
82,798
46,484
99,163
126,285
107,221
167,156
157,558
94,107
171,745
99,532
60,314
188,606
55,601
132,737
141,778
109,965
176,507
59,710
45,941
2,856
130,4
10,352
48,233
11,974
144,470
153,718
166,774
186,813
48,112
78,355
183,194
42,948
110,251
109,431
38,713
92,548
115,299
127,415
42,236
86,454
2,185
17,802
156,829
129,404
18,940
27,597
36,17
29,901
60,500
130,485
199,276
103,251
138,865
167,298
187,929
198,345
96,136
45,550
155,983
82,97
162,378
64,384
106,884
138,918
152,436
40,803
32,793
194,897
14,81
130,858
79,825
48,306
9,766
102,201
149,844
57,390
165,336
169,919
63,749
135,259
76,938
96,13
105,169
72,645
140,976
146,164
17,956
38,512
142,775
155,906
69,104
2,299
167,336
58,578
83,847
74,782
195,656
81,84
75,940
131,178
145,272
29,813
158,884
131,384
35,379
151,217
30,34
26,760
87,882
89,74
102,811
18,951
170,295
126,366
39,714
23,293
160,19
71,97
36,47
60,913
102,125
102,58
44,800
56,798
24,924
91,606
97,585
146,228
86,335
148,691
146,691
179,795
16,536
64,236
64,562
166,342
148,466
156,993
154,78
90,889
49,695
9,533
174,11
167,254
75,140
34,68
85,698
166,95
158,494
76,422
91,599
44,496
14,937
186,55
171,473
80,222
92,205
200,157
7,270
183,120
131,110
149,960
3,275
88,195
191,89
170,868
146,193
134,991
160,489
66,953
69,481
47,135
75,487
79,655
132,119
122,642
148,558
19,3
84,708
129,124
36,54
45,698
105,937
193,92
46,658
42,742
30,721
154,901
30,57
26,729
53,776
134,745
116,724
92,696
198,45
133,386
20,309
18,193
114,745
96,821
61,384
87,484
27,363
50,320
104,940
80,203
64,378
114,255
129,290
69,848
187,606
24,511
72,108
164,193
137,732
37,951
147,467
64,989
62,712
26,600
148,289
50,995
55,87
131,833
113,151
141,263
70,838
184,453
25,346
137,159
52,592
140,803
102,88
159,441
62,123
157,184
149,556
78,41
75,801
46,340
42,655
142,403
47,176
105,735
117,36
173,819
162,83
144,106
103,189
29,882
44,559
16,217
83,231
19,711
36,72
36,228
66,18
30,606
143,181
25,738
38,264
88,68
151,853
28,385
17,704
41,430
125,635
36,281
1,102
155,639
3,614
18,659
133,478
184,269
198,849
144,589
8,480
26,89
47,576
190,573
6,396
173,262
79,490
19,328
14,155
182,911
79,443
12,507
178,131
47,699
31,166
12,676
104,731
14,743
109,103
143,756
137,892
162,581
90,392
91,865
165,374
87,189
158,554
51,676
165,886
67,742
150,876
53,437
4,895
135,414
109,986
115,270
72,109
74,221
56,128
73,991
31,460
163,263
190,917
91,158
167,35
3,928
103,475
41,816
62,628
164,368
50,62
93,963
94,379
153,216
86,600
53,488
50,749
54,326
24,147
87,572
191,21
121,980
68,894
119,720
44,889
185,974
6,96
6,162
115,794
193,141
90,397
38,602
163,584
100,401
77,577
98,770
132,233
101,328
62,234
181,905
36,694
12,280
69,548
167,258
71,344
137,910
88,946
73,50
6,637
3,523
146,534
172,82
80,227
7,855
196,767
66,884
171,734
28,470
187,650
149,563
173,401
30,754
22,783
52,809
120,334
68,896
90,708
85,975
64,928
113,222
85,31
51,266
134,816
169,969
77,548
92,842
98,562
77,103
34,355
79,598
194,593
34,806
56,551
41,729
48,610
196,996
184,905
19,208
53,48
185,238
40,745
114,192
64,965
170,526
136,654
163,152
22,876
95,930
2,835
125,437
31,597
12,214
11,247
158,246
5,809
19,811
133,992
147,283
176,920
88,985
112,27
35,223
17,664
199,42
57,162
104,788
92,540
9,398
122,710
141,841
175,620
2,780
184,5
184,123
181,479
141,909
124,842
116,378
172,626
5,425
117,259
29,714
43,803
106,869
45,278
53,212
18,747
75,463
66,352
141,339
143,647
176,612
131,638
131,773
178,717
121,687
142,756
82,54
86,891
37,936
69,737
152,903
141,741
125,452
79,60
116,813
178,963
69,948
80,352
25,441
40,261
47,786
39,105
164,333
89,486
44,368
165,587
81,769
192,498
129,909
112,124
80,223
98,136
187,928
158,460
75,504
194,872
120,752
20,720
133,626
97,458
29,912
39,268
194,683
5,43
161,883
12,924
122,5
38,301
165,238
14,843
116,276
133,853
71,722
101,58
87,733
194,675
117,72
168,146
67,78
145,155
190,506
64,169
163,913
160,659
47,660
77,826
153,725
134,169
129,308
67,659
89,513
103,154
2,862
88,101
136,905
121,881
140,413
71,835
150,713
45,700
128,545
13,405
187,834
114,478
88,13
2,203
40,902
89,2
43,251
103,917
78,847
46,411
117,557
9,597
94,597
2,303
197,579
11,849
47,831
188,684
178,207
20,829
157,669
185,883
27,528
182,314
96,639
116,705
116,486
4,532
50,480
130,398
186,409
7,104
167,648
125,818
85,588
12,519
142,167
173,149
24,519
199,90
71,205
173,463
53,286
170,341
2,708
137,480
101,995
43,608
123,293
134,960
149,433
162,618
29,773
69,554
130,70
27,529
195,881
130,576
2,354
164,186
7,103
58,214
87,781
163,687
200,668
10,666
47,369
66,640
185,433
107,571
61,464
18,485
110,801
163,316
146,722
120,498
2,860
50,875
115,532
26,152
19,473
106,530
198,140
189,960
76,264
56,9
10,602
50,690
75,737
134,511
195,12
36,306
82,773
35,228
100,630
188,366
184,429
44,185
15,713
147,583
44,490
149,188
3,717
9,99
107,236
116,589
125,548
123,336
106,815
97,846
171,569
192,732
79,200
144,482
157,772
108,20
196,32
2,72
68,666
119,692
145,929
154,820
107,894
142,344
142,501
128,512
57,399
152,63
199,990
184,531
92,217
171,785
26,668
53,422
170,986
109,299
172,707
124,705
78,263
140,59
131,396
3,459
6,572
196,211
25,855
46,898
18,409
120,719
165,191
108,528
170,781
4,796
61,268
92,810
179,748
137,467
187,124
44,338
33,831
162,955
79,168
171,705
130,336
34,79
34,67
157,869
63,730
147,121
184,183
154,807
166,527
62,148
31,654
75,163
121,490
22,246
93,697
26,308
172,21
35,211
181,536
145,79
12,607
139,520
20,869
124,425
54,400
132,140
4,998
4,545
198,721
17,579
83,540
28,943
179,975
181,614
88,966
77,778
37,536
56,227
146,371
32,563
77,591
111,155
48,287
50,20
168,69
72,290
39,880
121,625
132,201
60,444
124,915
19,38
52,667
14,395
3,851
71,446
69,716
95,140
26,528
199,578
39,427
150,273
189,281
70,314
176,865
11,417
194,204
42,386
131,628
144,508
134,87
140,922
107,359
76,575
83,869
18,67
34,633
86,925
123,639
63,656
106,786
129,657
36,102
52,981
153,938
84,552
40,892
46,530
29,587
29,795
49,203
128,194
38,712
158,156
69,20
71,246
120,195
173,874
2,125
197,664
40,460
92,313
200,862
122,63
11,23
88,645
105,651
67,954
73,492
12,263
190,971
196,490
186,148
171,450
36,815
35,927
189,306
183,888
99,160
131,646
178,71
64,533
103,980
182,663
40,136
135,763
39,916
32,141
183,98
74,604
81,561
37,468
53,833
177,719
38,284
123,790
30,871
126,511
183,105
126,103
192,169
49,330
102,354
79,316
161,227
33,516
61,288
80,674
175,406
145,436
70,941
128,564
171,656
98,178
114,541
63,97
80,588
162,939
19,692
147,809
181,707
168,249
10,993
28,122
162,641
17,744
178,778
177,72
16,515
79,738
52,855
28,717
59,830
60,454
177,577
25,303
137,449
41,308
5,604
64,288
89,933
176,316
90,455
170,613
147,38
70,644
174,675
38,922
30,755
130,340
35,231
141,357
184,558
67,103
67,965
70,998
1,378
149,981
44,81
180,408
13,764
135,854
14,606
189,758
97,331
196,831
18,423
7,243
121,901
186,264
92,432
142,380
20,716
110,601
44,380
195,321
199,709
179,704
41,680
181,46
21,694
183,869
146,18
45,3
2,476
188,790
168,946
199,843
62,193
156,552
183,787
98,336
71,679
18,953
101,608
186,844
25,152
149,615
8,490
126,10
87,422
10,242
26,451
18,617
101,212
126,363
193,884
47,550
19,695
47,531
114,5
138,537
133,222
134,956
148,977
164,566
7,137
96,64
160,455
116,286
9,420
92,281
181,193
163,1
138,181
62,969
34,74
43,261
120,54
39,959
103,316
41,692
1,535
121,573
188,518
124,652
170,82
172,478
171,149
141,487
152,449
15,196
191,734
43,842
33,733
186,485
78,864
153,915
30,89
148,803
76,649
142,511
109,248
169,898
173,604
18,813
35,795
91,917
88,158
170,857
4,640
1,9
89,642
159,806
104,561
168,367
131,934
7,144
187,678
90,896
32,544
88,263
43,132
61,536
127,790
191,568
197,600
101,28
142,428
194,134
145,480
63,195
189,435
36,291
35,37
82,532
162,467
192,861
86,938
160,622
166,527
163,875
49,947
179,479
133,126
92,219
111,94
126,48
26,713
100,561
68,821
192,713
41,947
122,251
157,940
86,495
9,376
79,337
117,884
86,77
26,780
11,720
187,679
59,3
138,18
195,102
76,622
124,317
118,201
7,72
193,122
189,646
98,86
171,203
111,992
176,703
45,276
103,485
152,472
100,652
51,571
151,296
68,163
181,736
48,417
161,589
101,73
127,953
149,379
49,45
129,841
122,461
173,669
66,769
87,134
115,777
79,576
42,802
39,203
80,136
19,21
186,689
5,723
87,310
26,257
156,903
88,82
124,396
161,180
22,201
190,755
15,380
57,687
14,123
135,683
55,41
189,693
133,858
2,627
183,536
163,595
11,863
167,615
43,185
90,652
48,966
102,533
133,487
71,821
6,851
26,451
88,391
64,278
103,724
162,303
185,444
24,436
158,705
113,36
135,957
27,602
51,8
169,58
127,203
34,539
149,56
25,48
22,611
68,103
160,368
68,816
150,763
88,655
101,921
137,499
185,504
85,312
131,571
27,2
28,396
22,75
163,332
64,957
174,933
33,38
141,692
169,215
102,788
26,311
168,356
170,553
85,260
92,121
146,551
126,1000
22,1000
123,838
123,498
92,897
119,359
31,235
36,967
157,929
181,849
99,61
21,91
3,870
34,240
189,805
36,713
129,179
171,330
136,553
72,534
120,940
156,922
191,143
83,420
126,314
152,796
39,28
12,252
91,537
69,950
131,709
20,394
197,803
121,482
170,799
150,314
95,237
196,312
168,236
52,575
59,331
128,572
84,956
126,403
41,42
37,316
89,102
129,320
173,830
146,536
18,422
131,410
159,509
149,541
76,634
101,631
186,448
42,907
143,858
124,851
191,173
100,773
145,697
13,973
153,929
108,269
34,656
192,356
42,753
188,490
115,85
77,724
61,619
58,933
200,429
31,516
143,597
117,503
136,616
137,888
191,292
114,613
43,303
39,142
108,957
190,817
176,470
2,436
167,242
36,430
89,13
176,888
190,57
50,377
63,428
182,708
100,801
194,245
43,924
196,371
60,900
161,898
187,175
196,459
91,820
1,608
51,180
4,674
35,501
41,831
182,811
8,10
19,566
175,65
15,844
9,299
8,556
80,53
170,463
126,334
177,390
124,166
173,538
199,556
14,300
61,28
177,257
20,2
98,699
18,72
45,260
23,568
79,777
69,933
140,210
165,412
63,621
99,608
128,863
200,29
191,417
140,281
30,903
64,945
170,251
47,185
87,191
19,698
137,501
186,511
109,412
134,728
72,274
197,644
13,5
167,407
71,754
120,53
163,904
121,570
156,804
16,715
35,100
138,51
132,476
38,816
115,757
149,402
31,860
47,362
168,337
151,426
116,210
179,120
140,512
16,99
8,223
15,53
26,757
172,314
151,324
2,541
91,445
87,620
109,913
161,745
125,960
60,593
154,201
29,552
90,60
161,36
152,136
187,115
16,75
30,414
190,913
143,802
154,358
54,901
177,832
56,424
166,289
38,590
61,532
190,577
108,202
153,666
138,106
139,15
105,184
34,551
65,638
124,557
66,401
167,458
131,854
55,250
174,707
145,530
21,434
5,750
113,907
114,728
81,7
36,185
56,921
14,958
36,474
169,523
134,797
110,90
12,426
142,189
32,351
144,35
168,589
143,164
3,939
3,151
85,669
58,273
163,242
127,3
66,313
16,662
145,158
46,948
39,291
167,927
28,242
149,57
121,990
113,292
63,221
100,626
161,350
175,478
130,110
41,602
142,202
62,853
79,406
11,416
134,883
88,818
139,408
69,527
114,999
2,775
31,726
32,778
38,884
152,895
15,214
35,649
14,703
110,789
152,385
196,588
135,34
151,520
194,210
44,28
128,466
175,502
40,807
21,928
81,36
63,792
109,57
27,898
59,856
38,685
99,742
8,641
66,132
13,990
75,68
11,780
109,966
187,904
120,157
152,22
164,431
198,147
191,279
12,634
112,661
9,715
84,377
188,120
145,678
65,487
104,884
5,322
111,561
193,69
17,244
159,376
169,842
33,642
83,240
108,996
64,50
121,660
99,213
109,326
183,240
80,368
142,754
183,617
24,682
65,157
157,878
24,674
137,366
44,320
35,17
105,339
52,222
197,758
90,316
96,644
140,49
111,562
165,557
75,559
40,854
32,849
46,673
140,205
45,702
1,635
146,555
67,350
88,675
146,969
118,677
11,885
56,625
154,461
97,655
143,177
3,400
60,462
147,227
102,835
92,380
126,961
104,587
60,756
193,733
183,360
87,963
44,525
47,349
98,697
87,580
112,910
134,813
33,587
179,388
66,879
72,847
76,18
60,58
5,54
129,705
124,544
55,399
129,615
96,508
133,796
17,432
86,699
124,156
20,172
42,656
69,461
35,148
146,945
178,470
184,535
3,137
18,43
190,469
162,394
200,151
171,401
128,449
128,381
161,627
28,433
142,47
137,936
9,585
130,905
5,968
9,990
183,653
71,203
26,808
108,899
168,835
58,330
92,419
136,579
133,967
52,58
148,864
100,816
116,977
8,317
146,637
97,552
76,873
123,555
35,992
147,217
72,483
20,769
131,249
183,127
114,441
130,722
166,488
113,31
147,912
64,158
75,609
21,837
9,111
83,649
189,802
78,855
32,40
158,824
173,487
162,961
42,425
147,428
113,738
184,290
139,972
170,659
13,320
135,593
88,976
196,477
6,914
184,221
113,495
99,724
189,1000
56,499
14,356
76,767
200,159
44,79
144,510
123,579
40,248
138,566
137,702
101,303
59,541
46,187
46,431
147,956
150,71
32,113
140,916
182,574
109,311
26,683
177,374
139,447
159,723
193,886
67,498
60,606
31,416
159,818
49,759
17,684
20,254
35,912
76,985
90,840
116,44
39,849
78,233
79,463
100,418
105,766
30,537
167,460
33,766
7,469
151,455
118,779
129,375
69,254
51,163
199,743
160,387
91,147
109,722
135,388
197,893
198,359
98,774
42,944
122,80
184,879
165,92
156,403
113,557
195,854
200,358
2,59
131,107
144,110
9,437
105,125
154,962
75,84
179,223
109,522
144,196
44,401
161,544
15,939
97,656
119,500
110,81
183,924
122,265
36,585
10,171
139,24
125,486
152,962
169,526
3,572
165,986
54,902
84,915
114,370
132,157
72,735
86,51
131,890
88,441
80,198
145,154
138,711
120,540
100,856
136,528
176,783
164,427
136,436
195,658
82,150
27,67
172,817
125,107
68,162
185,763
131,845
60,867
2,683
37,906
139,897
200,742
58,740
178,206
95,540
4,509
66,630
120,212
12,349
104,124
65,646
170,648
76,451
61,239
68,704
33,96
25,710
29,411
61,78
141,238
52,664
194,342
161,435
22,534
174,759
197,198
159,184
142,39
115,806
129,389
22,339
198,267
177,645
108,673
29,456
187,170
78,81
32,770
70,433
100,486
145,265
122,994
100,622
115,962
101,907
25,762
183,40
100,274
149,432
156,238
177,31
66,161
142,450
167,322
125,3
158,214
123,106
174,449
193,768
167,440
171,298
29,249
102,244
135,382
93,301
65,905
168,206
94,781
50,433
111,492
52,35
188,980
136,484
111,854
153,611
20,134
33,207
164,745
73,336
32,999
13,836
15,411
164,149
55,746
9,619
197,220
13,240
74,398
85,819
50,616
192,816
156,59
95,299
191,336
100,819
77,483
162,812
55,826
5,527
6,2
25,287
108,863
15,634
67,999
156,644
49,686
100,316
15,370
100,773
80,880
182,516
69,92
85,493
196,39
181,314
37,850
27,914
130,750
154,419
44,579
13,62
168,574
88,490
163,834
43,449
2,713
125,815
34,181
141,195
38,821
117,520
94,637
156,202
91,394
19,472
171,470
65,907
73,257
49,622
182,165
166,190
175,150
45,822
130,378
172,218
40,534
177,129
171,642
127,3
60,335
61,959
89,697
75,136
5,409
140,551
45,297
171,533
40,199
72,359
181,384
53,535
182,874
73,180
186,260
94,243
56,478
75,12
26,518
90,303
82,556
137,663
41,209
65,967
85,104
174,993
149,872
95,878
162,654
66,912
74,489
147,611
136,656
37,418
87,532
92,40
73,926
189,193
11,454
24,881
191,704
2,154
156,761
134,142
12,266
183,467
56,705
33,889
53,733
37,579
163,887
170,677
173,251
181,919
136,173
126,511
44,735
87,833
146,115
73,107
177,442
85,269
118,82
200,733
173,255
127,937
121,773
146,429
50,648
145,66
85,777
18,13
107,772
156,70
95,25
140,238
45,837
126,179
43,91
42,304
31,782
190,173
168,533
120,794
27,871
46,752
125,457
156,422
21,293
4,412
174,319
188,634
84,262
16,192
198,382
128,445
84,794
152,756
56,245
194,706
103,947
7,524
123,357
47,12
86,531
138,338
18,832
124,619
66,445
179,644
172,88
78,421
80,663
112,790
70,860
3,325
36,203
20,158
47,351
121,294
105,521
108,61
90,894
90,758
179,192
145,174
78,230
102,346
198,899
68,679
68,10
134,798
154,174
163,231
14,278
101,631
161,542
42,917
192,23
174,49
141,128
26,385
51,472
4,199
195,918
15,153
151,956
61,86
37,114
85,405
22,139
191,932
140,536
102,977
153,977
116,793
78,88
175,942
112,625
77,537
35,929
185,185
144,291
34,833
169,904
104,947
123,73
72,759
78,156
58,673
93,889
78,582
177,419
57,888
84,295
86,267
16,554
17,536
125,876
127,175
172,418
192,744
141,48
147,782
192,83
33,279
112,510
187,445
168,365
196,775
2,651
78,790
184,41
160,556
122,649
74,41
82,451
123,2
122,705
28,665
129,428
68,999
51,487
179,81
178,107
42,300
18,182
65,779
200,898
160,33
18,274
55,832
9,498
194,976
66,831
174,96
25,348
69,361
113,732
46,112
111,352
195,900
139,124
198,170
67,766
92,466
148,221
133,476
23,411
195,836
33,671
50,912
142,939
16,18
91,87
37,851
70,384
67,303
135,202
24,656
67,325
109,920
107,465
134,463
128,215
66,452
11,272
85,608
78,864
161,791
85,373
64,784
41,575
62,339
189,618
168,176
46,732
138,219
159,55
31,40
152,512
107,206
169,315
131,370
110,429
144,151
134,886
169,173
126,876
50,379
109,878
157,560
53,122
169,696
179,160
68,960
29,618
35,112
112,285
56,713
63,1
135,239
29,516
90,862
45,292
103,714
87,162
21,707
175,92
130,15
119,114
107,808
118,17
132,537
143,711
38,829
193,622
83,276
116,409
135,948
14,265
104,155
95,952
86,355
179,718
180,754
45,386
1,132
2,31
84,391
143,37
178,579
47,311
121,336
45,428
28,922
177,581
185,262
123,346
94,805
21,587
176,725
76,379
123,994
27,287
187,155
10,691
3,208
17,353
153,564
155,186
39,21
33,196
99,936
152,890
168,185
66,144
156,228
156,522
87,996
171,35
172,331
96,975
183,626
65,907
162,405
122,987
110,110
56,633
50,246
8,679
43,289
82,789
32,1000
38,222
192,166
158,427
103,319
118,114
19,831
34,260
123,789
131,163
137,186
114,788
17,269
104,520
10,88
158,733
90,777
36,40
79,920
16,22
2,32
118,537
191,598
21,77
79,967
18,571
126,862
155,175
148,905
156,179
59,535
188,655
74,626
200,796
19,387
18,101
6,432
74,7
198,860
93,65
65,389
169,20
193,12
180,630
66,221
200,665
14,709
167,333
108,605
77,2
70,281
79,938
117,319
18,89
198,774
15,62
200,214
70,880
22,101
149,995
73,588
61,400
49,525
34,61
29,168
143,4
44,612
117,587
196,860
70,543
106,643
74,972
142,367
174,181
147,966
144,687
47,982
18,528
46,2
170,901
111,347
149,903
2,298
61,759
63,498
160,986
81,238
28,70
123,334
129,717
33,93
58,654
148,233
81,279
96,454
131,744
39,725
162,872
121,1
74,204
65,896
149,466
38,273
188,521
25,433
161,775
52,129
127,629
87,20
183,123
156,490
165,519
8,52
139,108
200,559
49,172
78,652
95,761
93,501
5,599
120,889
42,896
110,565
24,225
18,260
114,438
161,830
131,438
131,638
161,394
24,985
24,856
111,674
30,320
36,98
5,653
193,7
134,903
131,480
105,475
187,175
68,272
60,873
178,115
103,595
118,242
189,672
30,730
126,174
139,674
104,383
154,182
167,205
3,763
85,239
19,333
116,230
79,911
75,87
62,482
182,23
33,98
105,748
53,818
182,694
183,724
25,315
180,923
65,991
124,936
27,952
153,487
71,880
30,673
166,396
139,599
43,415
109,825
29,289
83,30
141,117
54,436
120,49
72,846
70,443
68,798
2,719
43,676
195,328
32,24
1,220
45,361
4,227
86,714
88,379
184,237
53,398
173,19
4,413
46,151
39,187
46,244
138,17
96,532
108,251
13,449
169,892
100,308
172,138
148,98
133,665
18,907
97,115
180,703
3,243
158,892
69,143
71,877
191,266
22,118
53,829
51,233
14,550
101,875
51,936
65,307
136,662
156,658
96,851
7,424
87,259
198,816
13,965
7,187
113,121
157,526
153,270
176,195
93,887
6,707
143,331
100,492
102,887
169,443
21,462
136,99
23,592
185,920
152,452
120,205
150,816
80,342
25,513
177,367
163,83
185,30
150,348
76,110
154,550
49,528
181,590
200,193
65,528
150,115
113,672
87,339
5,573
118,918
193,974
130,610
160,950
56,422
175,748
103,33
53,919
81,536
165,992
56,490
151,447
43,58
161,625
191,592
78,157
179,414
8,645
170,290
120,477
105,235
139,12
176,860
102,775
136,808
122,752
118,959
147,442
137,221
12,5
179,707
80,407
184,774
150,250
143,422
143,142
125,505
57,81
139,34
195,140
134,433
149,137
57,690
50,9
115,182
42,172
179,15
197,677
32,996
131,944
68,89
129,467
184,38
119,170
19,880
120,662
146,428
113,564
27,617
199,413
6,22
100,414
56,442
56,19
189,109
91,827
77,240
44,415
20,569
30,905
25,397
177,129
24,540
145,429
195,82
46,788
13,878
132,93
17,780
198,764
61,462
42,909
55,237
196,963
150,240
46,212
74,987
140,913
153,482
179,978
61,941
32,41
119,607
186,263
169,898
65,656
181,868
64,153
53,830
73,154
126,276
13,476
171,24
176,892
43,113
101,998
183,744
150,806
45,267
142,253
193,376
192,140
57,198
12,441
41,366
164,46
103,423
78,734
21,883
113,834
59,493
134,335
92,563
188,437
80,448
114,157
22,535
119,333
53,295
5,242
77,32
117,842
49,377
193,651
27,422
183,17
118,479
174,719
4,74
114,252
13,253
194,558
102,780
197,4
120,908
145,735
63,668
200,219
12,414
180,87
138,104
159,516
6,793
77,299
141,796
17,723
113,220
141,691
123,912
147,942
183,139
198,272
173,328
173,298
44,820
39,836
144,671
153,154
39,97
45,411
62,873
47,740
44,82
133,345
37,29
187,465
90,962
77,892
7,574
22,158
189,470
90,405
106,204
63,120
99,308
113,184
183,820
44,286
191,67
8,590
138,166
102,815
167,102
157,202
31,123
9,889
127,583
31,557
25,978
150,951
77,118
21,328
92,597
167,93
136,292
112,544
111,295
51,254
48,136
154,374
52,812
178,416
43,6
158,261
144,284
37,860
13,415
128,549
195,911
26,612
114,146
8,531
189,310
131,734
102,186
171,232
118,857
78,805
171,501
134,621
17,592
6,468
68,599
190,60
38,411
6,369
15,682
51,262
33,154
51,482
29,168
100,362
3,405
178,609
184,988
41,734
46,625
166,862
22,389
9,24
45,357
48,866
104,275
151,238
192,219
176,522
24,361
95,600
9,399
133,885
35,184
198,150
28,216
8,352
76,314
54,483
173,548
168,63
56,964
187,203
199,639
77,523
148,344
128,820
173,429
151,541
171,103
138,339
163,808
106,945
98,929
48,32
142,595
106,206
6,348
1,788
7,238
187,28
171,552
3,261
83,631
103,972
78,926
2,64
157,958
73,820
190,388
4,376
7,995
96,640
17,925
179,651
138,1000
167,899
47,794
81,71
87,852
63,687
65,153
94,720
17,655
100,79
103,815
19,138
41,94
20,459
61,910
111,590
57,70
22,93
107,596
51,296
176,206
167,736
9,396
24,491
183,409
127,68
69,282
164,783
11,967
200,29
32,847
120,692
92,463
7,425
28,52
102,753
74,768
75,293
101,705
82,149
65,653
97,505
60,555
4,623
48,223
88,894
21,295
80,768
79,842
75,25
94,828
130,502
27,744
106,174
13,728
132,226
117,920
139,545
181,698
100,108
155,394
93,784
104,505
89,557
144,925
119,301
83,627
183,12
147,369
132,154
54,944
167,158
101,831
30,107
176,261
32,173
138,912
190,657
35,937
66,751
66,428
150,18
53,68
117,853
177,704
115,669
128,794
90,327
26,150
76,202
71,644
49,625
11,123
89,10
6,777
18,942
130,306
86,400
116,503
30,679
69,959
57,472
67,411
152,445
45,545
110,400
177,378
162,545
43,205
45,911
67,78
127,613
8,559
7,28
192,66
152,110
187,856
53,578
27,243
6,192
44,292
61,822
18,70
41,481
88,587
123,677
59,326
82,889
15,393
145,431
53,275
195,580
174,129
24,901
21,856
98,119
196,20
110,678
145,42
49,194
74,455
14,754
20,325
124,681
159,806
97,936
117,76
16,605
55,594
199,189
91,763
189,123
132,128
7,670
18,625
142,408
22,855
180,32
112,507
44,588
167,985
147,733
41,428
116,886
121,990
112,938
177,68
119,963
79,565
149,280
197,247
181,39
193,434
7,143
192,909
34,22
45,51
150,629
60,318
105,960
48,586
57,403
40,682
86,108
198,60
188,695
56,276
156,942
161,204
20,246
48,188
56,193
41,408
14,419
183,136
41,667
131,517
169,519
63,418
171,532
103,257
121,968
100,176
30,47
66,972
180,206
69,288
37,152
27,182
194,313
93,986
195,305
61,832
139,665
156,200
66,728
56,10
155,875
193,87
81,424
126,952
185,882
40,542
84,417
174,238
181,570
82,900
40,452
68,403
34,892
28,359
109,261
140,712
200,873
162,677
81,503
198,527
106,193
129,291
52,33
200,719
109,717
123,471
110,652
106,299
26,360
107,945
105,398
148,415
147,669
128,328
9,174
147,14
114,943
33,905
42,154
49,526
26,319
57,276
58,554
61,131
164,923
48,128
128,229
1,123
29,775
153,119
113,225
35,452
70,64
151,697
148,279
147,152
10,518
46,842
193,553
115,29
1,105
102,153
119,949
38,345
158,907
112,522
177,127
180,318
33,292
43,525
187,963
66,430
190,706
45,490
139,615
153,288
45,476
158,669
122,810
9,454
158,301
118,448
82,656
57,151
46,344
158,861
89,894
82,540
116,31
166,452
177,712
21,911
195,964
159,331
158,914
21,383
119,213
198,624
114,152
198,794
47,216
59,409
122,300
110,439
131,484
75,77
196,515
40,405
31,995
164,150
62,287
101,105
74,875
61,997
160,261
171,43
46,960
44,84
196,941
25,628
194,614
85,247
64,732
78,410
32,485
185,898
60,859
98,692
114,179
71,389
162,710
104,379
26,431
33,505
127,566
198,778
23,550
62,156
27,435
100,709
73,170
6,748
76,776
37,205
3,744
187,993
195,23
14,239
118,409
169,109
56,81
33,32
22,796
76,957
76,75
145,955
82,89
93,475
166,945
134,513
90,294
139,451
75,178
98,130
161,937
58,663
171,968
55,803
28,218
73,148
16,444
90,538
188,525
156,119
152,864
10,985
81,237
167,762
134,820
153,429
171,350
141,895
143,877
70,217
117,621
152,758
2,862
144,278
95,513
110,968
136,544
80,626
156,984
140,316
175,806
150,726
177,119
194,158
50,616
21,837
192,513
172,517
44,400
154,840
134,794
78,25
33,643
185,107
54,424
154,402
20,814
114,362
170,203
189,991
46,183
65,549
151,70
143,853
107,567
153,893
191,217
194,903
39,75
94,960
72,300
30,346
17,838
21,631
76,241
200,563
50,887
30,709
181,425
2,214
191,130
62,857
66,109
53,46
98,459
73,139
47,684
144,243
191,750
155,756
146,922
132,436
87,576
54,581
152,40
137,925
117,81
14,773
10,244
147,110
134,982
117,39
177,475
132,127
84,484
147,249
119,589
81,598
6,551
116,844
94,221
89,686
71,860
199,500
200,595
43,414
48,201
74,680
137,650
38,191
194,187
49,825
31,315
108,415
151,673
70,710
160,414
88,180
162,802
31,671
123,870
30,734
133,266
160,663
30,262
77,163
172,833
121,915
69,701
170,33
189,924
41,308
45,348
89,418
188,191
18,682
97,886
185,874
179,322
61,998
22,454
139,596
41,974
55,87
69,326
182,960
55,515
100,884
157,467
117,622
184,936
1,727
71,602
68,577
26,772
169,951
178,577
10,767
110,709
15,977
61,129
114,952
28,118
165,749
152,830
88,909
165,555
99,560
111,570
50,655
165,469
64,303
2,104
82,545
57,45
22,11
84,651
122,363
174,301
22,201
47,404
186,804
115,775
124,273
58,728
62,881
15,896
124,779
96,27
95,968
4,88
173,269
124,77
11,635
131,102
85,245
48,908
77,373
72,921
55,451
19,752
72,716
90,942
55,181
54,883
62,851
26,817
51,678
21,68
117,957
57,87
15,783
103,150
37,533
198,444
45,825
124,118
16,637
42,792
188,309
23,402
166,120
143,754
82,277
153,231
12,536
32,660
182,211
184,666
118,968
16,613
145,41
105,312
162,509
49,993
78,886
15,810
143,785
12,345
151,605
107,762
187,657
31,801
4,625
182,705
152,77
63,951
125,585
177,502
192,712
176,964
190,732
96,12
172,322
98,425
22,210
40,991
32,487
195,750
36,465
55,262
140,390
11,896
175,76
33,641
48,226
165,90
149,79
106,435
16,733
77,752
76,265
5,142
176,352
122,344
156,284
56,493
93,332
147,477
174,492
71,281
61,576
147,940
135,273
3,549
21,925
180,162
86,403
3,651
63,380
93,489
190,766
23,9
127,390
101,277
114,944
196,794
94,87
62,710
32,333
29,904
186,640
101,21
98,12
200,888
185,120
38,422
156,480
196,369
124,2
185,165
152,591
39,43
38,641
162,160
146,290
21,37
52,215
77,693
6,795
33,601
145,923
19,471
82,453
116,801
24,20
149,470
36,573
38,708
98,473
105,732
186,593
148,167
18,28
153,219
56,988
196,779
63,693
77,285
161,549
161,791
144,95
15,651
25,884
10,27
37,476
2,788
51,295
20,664
154,447
95,146
60,700
21,431
155,322
147,665
117,248
41,840
124,905
95,58
36,377
57,124
165,922
76,189
9,810
71,696
54,303
28,745
44,302
93,156
109,471
14,787
173,838
117,162
9,207
38,993
188,401
2,242
146,692
162,276
116,657
23,935
65,395
145,226
12,45
50,43
9,502
96,63
86,174
107,37
120,181
184,912
126,609
136,169
3,454
45,705
54,774
43,547
7,186
109,374
182,915
49,928
35,193
176,806
186,923
21,597
62,287
141,533
15,8
79,414
170,548
124,452
26,500
42,977
153,188
137,716
20,303
71,50
22,996
163,550
10,578
133,845
176,828
26,543
127,346
191,77
141,892
125,663
91,58
106,948
1,497
186,240
1,720
33,76
15,890
113,958
113,498
191,622
113,769
156,894
33,118
32,526
131,780
177,240
41,824
121,814
76,76
135,101
9,128
33,355
36,191
64,577
186,61
200,958
167,869
95,158
45,122
23,564
71,634
19,453
59,957
3,219
48,27
39,29
13,913
148,367
20,408
90,605
97,600
77,573
143,974
143,422
37,851
173,252
51,375
92,121
97,830
123,172
101,146
6,104
36,631
157,711
129,550
61,813
6,529
167,514
65,340
74,569
138,753
27,922
14,42
134,980
72,76
85,479
156,885
101,951
161,45
80,413
82,202
196,647
134,255
180,356
99,257
160,649
151,631
20,239
194,339
27,830
96,888
111,872
118,100
108,486
119,864
66,503
156,946
139,94
32,364
60,180
152,777
74,83
18,418
105,802
115,28
108,304
195,725
122,43
174,166
70,448
164,301
179,308
57,325
39,375
45,219
102,897
198,387
144,344
30,662
20,220
34,664
20,853
119,802
85,229
4,454
28,24
182,101
55,459
186,833
198,723
81,300
116,697
86,785
76,18
167,310
91,225
38,929
78,698
161,863
34,6
170,982
138,533
147,606
191,653
141,220
199,11
118,762
85,538
96,884
51,593
198,421
67,640
40,602
50,536
52,26
66,550
97,327
127,765
137,350
4,63
155,786
114,735
16,597
66,857
103,21
184,66
173,714
21,472
33,354
41,999
158,699
49,488
9,742
146,402
3,800
33,404
160,988
63,100
183,729
175,945
127,430
139,93
85,976
46,760
196,918
170,489
183,748
83,336
66,891
120,249
84,276
168,139
95,268
200,456
98,220
195,111
139,510
197,736
198,326
160,895
170,651
196,37
13,407
3,964
107,203
88,224
93,775
113,957
37,156
68,240
191,483
139,690
56,391
179,658
166,33
175,639
49,690
189,689
99,838
143,516
144,49
57,625
116,284
53,917
155,154
194,636
33,405
164,190
183,350
73,385
100,167
177,439
11,422
163,334
50,82
74,440
98,809
125,86
129,540
164,179
159,994
84,747
22,250
133,559
101,426
55,468
40,736
86,648
200,293
135,142
143,268
151,850
175,638
17,325
131,838
59,275
96,863
3,303
183,198
14,299
124,958
178,708
102,103
146,830
53,713
198,529
28,315
71,706
8,292
133,755
158,32
165,403
71,700
94,180
197,727
155,505
107,973
166,346
186,115
53,714
33,353
73,671
56,165
37,409
57,692
50,340
124,423
161,626
166,425
130,418
85,619
127,843
187,828
64,347
89,247
93,592
33,793
124,387
169,305
27,274
85,298
97,25
36,840
181,742
3,642
20,211
170,529
133,774
46,821
7,615
92,187
36,408
186,635
145,69
150,127
182,493
125,999
103,701
48,178
124,570
23,549
26,983
19,77
13,49
57,127
106,914
82,415
5,371
110,429
200,910
9,831
182,279
82,8
42,765
104,592
34,512
44,459
175,634
30,586
124,48
106,511
177,818
113,363
101,517
187,812
57,960
158,338
93,465
99,56
150,773
110,320
197,36
23,607
4,162
119,975
148,942
103,160
165,278
173,360
16,140
99,759
119,821
10,267
173,847
94,30
50,967
119,65
124,725
130,658
186,500
147,24
59,966
37,279
60,668
8,828
93,254
120,664
130,347
21,552
38,753
199,946
196,793
123,391
12,993
181,926
109,510
156,340
31,385
27,228
118,691
117,971
111,82
86,451
34,890
40,709
126,288
49,238
38,354
82,493
79,721
116,375
113,655
32,376
105,21
148,804
199,140
139,759
93,597
161,37
119,983
120,306
104,283
118,755
48,944
38,593
115,329
119,99
126,488
33,152
17,517
121,91
145,6
31,507
156,381
25,576
87,122
164,535
157,216
160,64
84,468
15,477
35,405
191,754
185,825
57,147
137,97
109,160
82,870
152,435
193,744
53,459
145,991
139,25
104,166
61,136
75,992
131,780
52,349
76,932
9,777
54,693
19,874
168,52
126,816
189,241
186,670
150,526
32,105
97,648
143,551
17,109
115,843
198,977
165,68
162,756
30,797
133,599
179,383
31,686
24,719
150,695
180,795
114,576
81,953
105,99
158,332
175,615
127,926
98,472
99,557
149,548
64,959
52,84
94,789
21,778
60,590
149,715
9,132
184,236
81,518
137,937
167,391
44,991
53,936
66,764
183,349
79,6
89,29
12,881
20,127
8,789
3,676
91,865
108,291
92,348
126,851
102,983
161,953
30,893
11,915
123,549
43,215
33,61
180,436
45,847
16,500
70,913
131,191
18,849
119,450
51,433
129,421
39,491
8,882
164,942
190,192
160,386
2,196
102,582
53,4
15,179
49,221
119,803
108,126
25,362
168,868
172,202
172,432
90,21
189,486
165,622
162,312
11,243
109,241
106,180
2,548
136,878
2,222
47,741
157,914
81,308
42,352
113,995
166,561
137,176
127,989
6,631
43,152
170,726
32,855
172,587
44,563
194,451
162,162
197,77
167,258
74,722
163,903
77,183
59,698
1,869
31,791
65,340
122,351
8,357
24,627
2,530
35,904
145,891
163,570
166,772
127,544
128,974
144,543
95,584
94,878
25,35
5,204
124,943
89,327
118,298
172,70
64,498
196,100
24,352
102,158
161,738
13,308
91,148
109,388
177,605
150,628
32,884
175,473
105,681
153,97
159,862
20,897
131,636
91,899
34,198
158,894
195,505
107,417
170,149
168,113
15,844
182,680
146,48
176,635
113,17
114,500
59,627
77,181
60,112
150,771
101,997
153,105
155,308
111,651
1,26
85,418
126,511
67,306
100,945
22,433
59,861
121,981
171,554
122,806
189,865
91,623
155,853
102,231
130,108
45,811
143,778
170,570
118,351
184,15
45,626
182,744
169,377
82,472
65,291
169,215
61,265
103,7
26,571
80,859
138,860
124,448
128,635
123,367
23,703
39,906
188,157
155,6
197,740
138,505
24,809
182,925
52,92
10,548
1,223
57,352
139,700
14,23
5,507
198,135
84,82
95,236
179,119
112,338
184,648
199,116
47,424
81,482
119,756
81,298
87,692
124,699
79,431
173,469
137,634
73,505
98,717
184,368
69,159
126,93
164,217
127,676
41,320
74,344
146,259
200,43
198,511
117,704
36,114
180,570
36,781
172,142
174,230
76,255
105,310
170,282
12,59
144,8
51,405
178,328
126,178
174,710
83,28
150,846
69,862
105,805
113,185
134,285
5,339
45,75
11,90
43,711
37,391
154,925
183,592
106,714
22,553
104,981
139,890
179,140
17,531
33,712
115,186
196,76
165,875
181,936
196,382
6,67
72,550
124,716
96,586
187,14
22,717
43,408
93,81
168,83
25,32
56,523
51,278
84,809
35,509
66,952
119,738
127,459
101,453
107,106
10,953
60,617
93,472
73,127
115,770
137,346
95,698
127,399
81,656
185,985
45,837
96,94
77,191
97,445
136,964
75,337
88,339
93,245
154,702
49,906
28,844
120,325
196,639
23,552
56,325
130,77
100,331
62,761
4,905
105,163
139,46
31,944
136,694
18,678
126,648
95,856
109,15
109,645
23,472
25,296
50,135
122,751
73,822
74,336
53,164
31,195
75,820
3,296
5,424
52,205
87,146
95,530
107,542
41,691
34,400
179,408
187,753
45,438
184,484
178,660
105,83
189,688
132,777
19,853
108,709
15,979
133,315
73,961
113,340
124,522
7,592
167,194
35,762
104,227
30,89
19,199
62,398
154,941
133,852
2,724
56,434
114,935
190,782
86,176
111,835
107,856
31,123
15,675
153,564
19,783
123,67
56,918
197,772
193,559
168,592
115,482
83,946
169,612
167,775
95,597
48,364
15,561
196,346
116,940
102,523
94,75
160,902
154,576
48,751
77,388
114,943
186,813
87,512
47,108
143,429
154,776
196,311
98,716
26,187
43,680
182,973
196,590
195,841
150,292
140,638
60,144
7,452
103,726
115,580
59,678
175,873
73,237
127,108
173,686
89,879
9,142
42,352
120,306
9,967
54,643
1,905
152,218
142,74
50,8
155,744
100,463
27,641
127,696
129,224
125,193
55,873
18,67
56,853
60,343
141,785
23,106
191,628
79,109
165,193
186,374
192,527
88,276
42,490
136,786
11,883
115,601
17,544
78,116
184,443
83,87
152,868
161,883
169,809
13,284
94,62
36,111
59,229
93,41
77,675
116,417
169,983
174,383
16,478
150,600
13,74
38,519
190,647
120,808
195,810
127,328
61,772
151,422
66,460
68,347
123,358
96,447
186,114
109,798
200,744
154,62
2,564
174,919
39,449
134,545
15,872
94,94
156,793
89,559
150,839
42,539
147,246
16,781
125,196
127,206
161,242
111,116
56,609
111,721
163,887
145,623
90,821
46,405
196,943
72,821
140,64
12,313
54,450
3,472
107,271
112,517
158,25
188,967
69,464
179,963
32,318
68,590
20,849
160,438
179,814
7,763
42,322
143,641
156,672
196,742
171,188
39,131
25,850
36,721
106,358
35,732
43,864
181,338
105,624
123,931
23,280
133,891
178,536
198,126
140,504
5,378
112,128
9,854
137,262
170,377
60,547
77,884
151,697
148,408
127,118
110,572
179,812
127,906
114,798
182,226
177,183
45,379
149,401
23,693
146,486
81,112
25,172
10,333
100,270
39,176
27,350
189,402
113,208
193,115
90,507
49,631
176,632
193,805
140,712
73,403
134,750
84,999
142,868
44,438
169,224
9,353
147,828
18,382
142,711
47,940
50,671
68,905
165,775
119,317
195,971
172,796
124,469
97,627
40,832
110,508
185,221
83,232
9,241
184,765
91,761
58,897
75,318
127,77
174,627
28,752
149,419
195,147
126,104
69,880
88,54
129,951
104,89
196,52
98,829
85,751
37,585
176,176
53,353
120,389
193,84
122,727
155,953
27,618
63,76
102,48
54,409
103,493
149,547
142,374
29,104
53,908
112,136
132,953
78,640
131,284
50,491
151,973
189,477
160,980
158,981
57,12
139,249
110,190
107,645
135,384
92,996
182,958
69,20
34,338
194,94
120,385
71,581
70,181
187,877
75,366
144,204
121,26
92,265
86,216
185,775
198,908
90,173
183,389
186,537
24,390
186,489
36,638
110,641
163,2
140,27
141,457
73,123
169,396
114,122
134,846
177,424
139,614
82,288
127,788
56,129
47,706
87,171
50,101
84,856
146,573
166,787
159,495
13,616
37,691
53,865
50,453
116,376
95,799
78,341
28,147
6,85
47,982
128,783
90,483
6,155
48,914
163,914
111,540
110,408
82,58
113,351
191,351
56,61
22,772
88,809
155,980
85,163
81,133
27,784
67,523
123,178
131,222
149,491
195,513
61,993
42,62
162,448
19,542
30,258
4,928
91,988
48,330
44,201
160,206
37,685
82,644
115,392
172,826
146,332
191,291
149,686
138,802
152,967
114,229
4,505
117,737
82,29
189,451
89,208
6,257
112,197
60,563
107,686
26,466
130,928
197,927
198,77
166,442
63,707
74,106
176,632
42,105
35,580
58,644
140,896
28,565
97,580
132,469
73,753
32,538
92,365
7,2
16,239
9,667
43,65
155,781
23,792
73,320
31,277
98,26
13,344
117,67
188,246
144,912
135,921
75,760
130,154
139,145
114,239
152,699
72,805
192,750
73,932
186,815
155,303
74,749
57,760
179,663
113,337
193,596
186,698
76,99
108,828
111,958
123,280
142,34
32,356
184,303
69,180
75,305
98,726
111,707
96,930
98,602
23,592
144,482
194,430
1,635
116,823
197,394
131,947
191,165
33,928
10,990
188,535
44,476
149,387
105,758
188,327
102,134
116,382
63,578
60,246
77,747
147,733
133,196
45,829
187,452
99,969
175,634
60,623
5,937
78,270
145,481
9,17
140,724
117,63
162,482
96,117
130,405
140,825
114,967
91,844
147,334
171,488
18,118
76,525
10,86
56,537
28,212
18,875
111,862
58,928
197,573
122,377
109,72
23,678
10,326
114,825
170,390
114,260
183,973
127,994
17,504
104,958
87,580
13,324
96,319
68,788
183,111
128,5
135,224
191,651
130,285
136,856
193,517
181,133
82,734
7,18
93,735
110,614
36,531
98,947
161,439
164,365
36,70
110,531
119,15
90,873
165,351
47,774
34,86
84,417
196,105
22,115
128,877
92,829
6,333
6,411
102,753
191,449
121,645
44,363
36,191
29,699
54,601
197,230
76,388
43,62
82,954
53,72
131,234
176,254
59,310
120,4
91,129
195,739
191,543
131,382
198,855
172,913
4,408
137,880
190,454
99,501
44,257
129,903
78,37
58,160
121,158
76,920
81,789
159,997
131,700
147,830
87,950
98,129
67,302
88,733
71,269
128,529
57,999
141,934
199,420
107,550
94,444
133,968
125,978
83,558
67,349
76,167
138,369
119,390
61,914
168,948
44,215
186,577
197,826
82,578
190,347
106,703
63,212
160,579
133,731
84,15
38,141
53,635
50,222
26,814
82,960
118,672
83,818
146,845
22,983
167,627
158,189
144,513
51,720
100,646
106,839
135,441
101,71
31,620
176,344
63,964
114,991
134,971
134,127
122,154
76,992
6,520
182,19
63,948
189,471
122,75
188,921
145,216
113,137
2,957
102,129
7,349
23,234
192,289
112,791
13,152
89,949
141,353
23,533
19,382
102,784
97,748
199,874
3,170
59,960
34,293
133,566
167,986
162,648
136,101
45,231
95,679
108,659
93,456
71,813
160,785
184,47
20,237
30,674
82,365
152,472
60,839
130,876
26,712
145,706
151,642
132,964
101,629
166,804
81,819
154,115
198,850
126,650
131,984
21,492
122,116
22,472
118,529
199,145
169,951
175,825
124,230
164,789
3,761
185,406
93,743
71,626
172,165
31,628
86,912
123,705
83,579
171,370
47,190
131,835
124,792
86,700
60,937
122,680
141,380
45,770
27,308
176,984
32,635
105,456
76,587
132,274
27,221
162,393
150,561
154,631
33,32
68,373
93,93
89,429
148,259
46,683
186,700
169,258
181,263
64,41
104,14
178,105
180,242
20,648
143,998
95,782
154,930
195,74
79,15
143,773
141,407
75,139
191,791
150,742
175,288
31,727
93,501
24,164
19,444
145,635
96,756
78,332
92,606
176,175
167,517
86,328
17,699
139,545
96,790
199,877
113,214
73,482
103,567
96,510
170,444
173,897
3,225
78,551
48,402
57,288
192,619
135,86
129,877
41,166
142,249
184,840
12,24
96,889
200,308
141,562
110,946
79,701
134,796
5,490
93,978
93,407
121,26
151,515
136,926
150,704
110,363
54,992
151,226
177,644
64,195
20,512
96,359
136,954
170,621
54,888
166,14
95,809
196,445
181,270
28,910
78,806
79,670
136,447
125,704
197,21
200,792
47,163
122,445
62,303
60,255
182,125
96,776
160,566
35,724
188,600
71,863
174,660
189,303
67,101
23,630
141,908
61,420
183,508
107,840
160,708
175,269
191,962
103,757
78,985
107,548
141,360
58,510
158,479
128,740
196,388
116,427
119,486
171,586
67,581
81,673
127,235
170,914
149,922
107,891
64,837
70,41
36,137
133,132
91,992
68,101
30,691
96,66
42,913
14,759
124,938
65,290
41,971
135,307
24,651
55,31
21,152
112,251
41,796
70,243
46,860
72,787
189,795
79,160
11,824
169,736
195,448
34,308
144,598
50,420
173,885
189,300
112,508
198,852
33,823
150,625
100,62
104,804
108,681
110,390
72,368
76,764
23,365
192,326
179,497
68,927
102,337
198,252
129,822
117,180
151,561
54,195
104,303
27,378
197,302
166,686
144,250
20,386
30,302
28,529
100,107
189,297
97,349
1,369
197,119
189,405
178,243
176,100
39,661
66,75
94,583
139,78
14,645
49,266
60,807
26,633
68,645
152,130
147,974
45,577
159,204
131,396
169,912
77,807
174,222
44,838
98,151
142,348
176,419
103,703
115,450
134,673
26,214
97,556
49,829
168,127
86,197
43,566
134,516
140,859
32,766
62,150
115,841
110,356
145,652
83,567
152,33
41,434
12,795
27,739
78,728
67,450
88,845
32,315
123,943
84,138
199,30
148,262
24,155
68,55
37,17
86,616
94,801
71,521
38,659
13,421
95,671
158,697
149,110
33,593
97,872
183,549
51,521
104,689
19,957
79,589
189,762
9,813
139,681
38,965
16,56
51,413
88,663
159,706
15,955
10,501
187,390
126,887
177,898
92,106
17,277
177,368
96,140
64,594
193,717
109,436
78,282
32,852
167,968
141,602
56,190
155,620
44,933
81,610
25,558
73,721
142,335
79,666
64,591
156,648
57,804
151,507
72,421
179,862
133,667
77,663
4,841
81,236
135,245
44,987
189,427
148,411
51,176
88,878
168,85
86,241
81,364
10,299
180,247
147,729
136,282
27,921
152,259
143,330
55,363
113,330
64,507
38,464
196,293
107,142
31,997
86,9
185,531
146,485
50,659
175,639
181,561
180,967
74,112
84,356
92,868
132,194
187,394
53,47
162,607
134,725
135,523
52,896
55,546
171,425
144,852
40,956
77,531
135,393
68,712
20,708
8,38
56,299
138,347
120,502
37,65
121,672
103,819
84,327
62,833
73,699
61,976
177,427
37,770
43,379
146,762
67,10
75,177
167,217
132,183
14,698
90,793
137,664
84,584
181,922
58,850
187,300
22,372
171,157
17,269
98,970
170,564
108,121
77,194
185,800
23,95
198,223
175,229
121,923
125,429
51,646
111,414
177,807
148,980
133,916
17,681
166,448
165,799
189,443
179,736
24,300
7,836
138,883
88,751
175,682
85,792
174,88
134,156
87,995
63,129
3,633
15,989
98,139
35,455
33,580
74,844
26,256
132,516
105,266
171,649
82,592
4,968
164,973
140,494
127,444
10,469
128,514
143,373
123,868
42,960
90,479
74,540
141,452
77,952
179,389
104,706
76,756
85,988
120,175
18,740
49,273
52,823
178,366
65,138
66,878
25,658
156,75
127,806
113,693
90,710
31,572
91,561
6,799
93,864
114,184
23,212
188,240
134,134
69,705
65,212
123,999
115,837
123,478
19,427
70,53
95,256
33,670
104,59
123,742
129,870
193,317
38,631
135,136
141,711
30,96
139,380
23,324
144,926
91,521
155,293
160,808
10,995
10,384
156,908
67,412
171,175
195,916
82,169
162,347
181,184
143,818
36,553
65,834
22,288
141,938
171,966
140,924
137,913
55,313
45,230
164,824
109,323
80,880
90,176
174,299
178,759
118,490
44,649
113,372
152,53
20,570
174,963
163,558
60,983
146,875
153,282
153,188
56,513
111,681
127,18
90,503
4,284
45,376
111,139
190,303
160,940
73,683
173,358
48,750
115,968
46,16
15,890
192,106
16,806
197,999
125,310
6,746
65,673
184,663
152,529
33,941
56,406
58,459
159,523
192,8
10,927
106,462
174,650
116,645
193,778
127,14
46,898
134,165
72,610
8,503
166,810
34,250
200,308
2,719
79,203
102,660
104,597
31,530
176,754
65,909
106,253
148,849
109,70
198,110
99,615
107,942
66,987
14,489
4,196
127,121
185,485
33,321
42,54
166,338
22,569
124,292
33,693
113,763
91,568
139,14
62,150
28,675
69,810
198,784
99,318
188,458
126,702
54,913
22,822
174,878
114,206
85,794
195,958
199,714
3,250
63,422
144,642
177,384
43,500
196,662
125,859
66,473
23,274
110,711
177,886
93,777
90,453
150,17
195,313
80,779
129,909
147,369
189,490
168,746
111,204
131,887
164,330
179,644
129,791
6,539
55,118
83,124
25,372
118,799
168,243
11,242
80,910
89,434
35,816
110,938
24,423
80,658
134,534
84,852
160,682
114,251
132,282
58,131
138,419
176,248
85,853
167,611
32,583
127,914
50,909
126,403
17,133
169,858
144,93
30,290
98,894
113,239
77,564
153,41
27,831
23,918
113,185
65,786
157,851
159,924
115,195
34,69
134,288
163,498
163,307
133,279
78,752
141,402
62,552
153,569
178,791
90,370
7,421
173,749
157,370
53,197
96,241
148,532
25,151
85,324
83,48
170,702
159,11
89,402
126,581
171,420
51,129
40,473
29,326
182,425
93,161
96,418
36,287
111,56
173,274
108,26
176,160
198,968
40,237
152,984
5,219
98,634
7,554
65,47
125,394
140,541
123,644
10,760
24,585
97,915
5,224
82,815
120,919
33,825
104,759
129,815
190,569
177,430
45,686
4,444
167,868
67,241
199,673
187,93
189,587
9,675
23,480
191,37
192,312
79,905
155,27
189,729
81,548
139,757
59,323
110,132
146,478
55,658
200,636
27,826
27,441
120,641
78,448
178,762
16,890
105,833
120,537
135,30
120,424
5,552
73,116
77,946
175,266
151,194
170,709
94,465
66,492
128,272
179,344
97,75
147,87
58,119
138,611
136,537
181,962
1,851
170,683
155,662
94,275
170,568
195,785
113,355
71,13
124,163
40,551
153,755
116,75
93,603
127,556
150,821
12,590
167,659
89,69
189,665
78,226
120,706
97,543
152,154
127,646
22,965
20,875
103,993
181,7
66,431
163,174
163,296
98,543
96,587
126,201
50,243
102,485
121,96
76,488
185,476
158,996
28,493
166,429
160,483
163,495
45,815
151,770
122,439
58,849
39,945
13,459
30,480
78,535
193,153
107,583
103,445
96,979
78,45
197,731
71,476
113,410
92,406
122,245
77,670
101,623
179,601
82,725
193,567
106,229
172,884
80,648
53,258
81,141
55,138
48,969
8,875
100,359
162,242
146,855
38,439
200,137
89,10
146,796
31,539
115,987
106,525
50,518
182,912
150,628
95,707
109,115
56,963
154,241
65,433
39,184
95,210
9,182
198,18
186,715
194,27
31,524
70,681
91,786
15,591
84,782
78,593
64,131
68,710
53,978
33,46
87,665
83,667
22,322
46,902
107,122
41,221
183,789
161,121
109,763
19,435
78,406
159,854
177,656
119,455
43,80
138,530
17,174
167,247
43,369
56,932
137,428
14,401
96,473
125,539
90,114
155,1000
20,185
26,967
142,47
38,590
108,277
156,929
13,993
65,612
134,308
100,843
32,640
138,841
186,250
50,236
132,352
59,53
5,951
140,156
120,794
110,90
149,958
97,293
164,945
2,577
76,437
99,358
25,890
96,966
30,461
52,503
143,437
197,379
12,78
171,697
48,370
40,442
87,386
167,58
120,509
174,182
50,906
10,790
182,243
55,507
54,401
64,200
130,949
13,683
96,728
180,27
100,916
24,104
134,150
155,658
63,711
181,323
9,186
41,449
32,783
183,870
54,601
117,12
42,59
188,608
49,823
105,886
126,543
32,430
146,977
88,694
126,228
135,587
76,897
147,282
76,285
25,485
104,364
111,530
81,946
181,578
119,216
85,502
134,514
163,978
114,814
86,53
153,592
48,257
167,31
66,888
58,618
168,505
114,694
157,300
32,906
17,716
135,215
36,169
179,788
129,929
76,750
64,411
157,133
47,622
37,781
125,626
99,991
118,481
80,154
86,456
22,70
165,534
13,380
74,62
108,840
43,519
138,581
143,4
3,130
168,381
3,926
191,819
99,613
173,271
176,298
77,418
158,304
71,141
115,93
199,458
195,669
51,514
20,505
141,518
111,818
61,485
104,925
147,84
86,387
166,815
92,468
71,147
183,829
23,413
69,596
135,637
82,438
56,441
116,34
95,515
88,27
46,990
91,462
25,422
141,878
16,560
76,798
137,288
25,244
101,193
2,201
18,752
188,747
64,306
192,870
143,829
83,871
111,296
184,57
39,10
27,11
121,389
30,512
67,801
109,494
45,640
53,191
70,450
28,370
135,757
190,155
60,697
58,57
181,312
197,327
192,46
96,397
173,874
196,597
195,949
67,169
61,785
13,683
176,684
89,690
136,110
174,960
59,839
186,612
63,453
125,493
133,813
64,750
184,62
184,673
10,355
106,466
53,555
110,765
77,25
93,134
174,332
118,882
114,851
126,367
183,604
62,286
195,524
108,239
121,707
101,103
125,224
147,144
196,829
84,489
116,852
81,530
25,357
109,715
11,136
93,904
186,878
145,59
159,843
66,732
82,867
167,66
175,594
24,948
70,725
30,459
31,150
125,602
88,678
110,622
29,629
106,400
145,59
196,621
122,236
152,527
57,325
58,993
129,880
84,807
18,233
88,250
140,87
61,190
77,825
55,907
189,39
46,948
4,939
162,748
139,287
78,970
195,362
41,34
91,260
175,724
168,467
35,520
48,367
109,459
138,453
180,611
1,221
11,983
132,328
115,996
153,712
98,695
190,499
183,727
65,487
167,404
140,187
176,988
97,484
18,161
111,613
61,601
55,614
119,320
126,372
69,739
103,50
192,312
32,366
49,273
8,664
185,83
59,794
134,545
50,759
91,998
184,589
114,259
81,514
72,587
157,153
15,123
155,505
186,867
200,444
112,222
173,19
190,849
161,480
8,825
174,428
41,445
94,457
97,414
94,716
36,24
103,114
65,120
149,974
61,580
191,21
39,402
92,347
108,736
191,449
86,232
116,20
26,597
66,383
186,216
161,361
78,516
38,748
85,15
56,917
117,400
104,493
118,101
110,923
36,19
83,935
188,909
85,668
94,794
69,789
31,606
35,944
138,611
95,270
112,285
109,80
119,300
90,52
156,548
163,297
116,264
164,148
189,780
65,105
178,722
197,572
123,734
115,283
77,827
44,100
142,733
179,51
77,147
3,572
16,451
100,563
96,591
175,316
62,765
84,880
176,839
165,643
181,323
42,216
122,528
154,657
148,939
72,460
184,582
161,225
178,557
113,551
11,162
81,687
92,63
72,973
197,850
63,829
1,390
60,68
85,188
198,918
66,168
197,443
22,46
30,725
122,983
157,185
11,18
94,16
6,123
145,797
82,388
67,528
102,620
158,498
27,69
174,723
66,645
112,494
110,781
149,550
138,852
4,289
191,229
176,612
31,988
100,665
16,544
138,624
120,953
100,531
21,977
95,593
93,242
52,946
114,829
100,436
37,599
28,304
67,193
18,893
101,622
78,766
176,914
200,375
177,528
135,597
120,587
105,44
50,930
165,648
26,529
127,265
141,924
57,277
161,102
91,930
144,715
88,356
184,128
140,684
88,819
150,374
195,981
40,552
164,123
140,894
79,159
195,69
94,461
17,933
117,804
199,611
60,704
84,909
154,534
23,929
64,848
198,663
97,74
16,613
71,207
77,478
169,68
63,245
158,510
52,611
73,142
11,850
136,578
122,76
109,221
81,739
27,61
14,36
45,4
109,374
169,586
35,282
89,347
130,271
70,888
153,240
195,793
82,680
41,114
108,220
140,91
175,516
51,397
184,417
133,481
112,551
57,174
132,695
42,286
18,277
145,693
163,746
11,174
159,303
139,901
190,446
91,128
75,147
138,301
163,55
169,918
110,710
66,301
30,627
174,563
36,798
92,367
182,557
72,143
28,257
73,156
164,29
97,645
62,738
165,917
127,11
117,884
2,571
79,394
160,823
42,824
9,81
122,603
18,996
125,974
150,769
45,773
113,167
110,318
175,39
160,527
193,833
156,926
52,343
79,296
176,944
178,675
2,512
43,457
160,852
19,513
43,131
84,73
155,5
164,541
65,619
85,929
143,208
141,17
90,322
62,125
125,25
106,842
177,943
172,321
16,457
194,565
111,891
50,83
71,165
154,592
191,3
169,963
64,909
184,134
39,602
183,705
121,497
18,604
76,423
72,442
174,642
167,78
156,432
71,89
12,735
15,655
149,612
6,470
9,642
100,193
177,213
97,27
112,999
48,864
118,669
26,60
99,1000
196,97
147,692
43,185
4,150
176,413
110,505
35,12
49,45
17,687
50,85
196,913
5,601
5,12
105,119
32,63
68,511
73,716
121,115
149,973
55,60
2,525
163,68
68,573
16,856
132,436
139,368
191,770
2,175
38,840
12,97
27,257
67,17
194,288
91,129
162,605
137,481
55,440
153,386
160,563
49,788
55,874
24,58
43,95
129,1
170,109
130,724
142,474
76,670
75,536
96,907
49,214
173,781
13,242
54,397
5,417
171,825
133,342
1,640
160,632
141,43
146,259
22,528
49,684
58,606
8,180
11,106
135,459
161,12
131,517
60,951
60,703
107,492
199,979
69,708
174,18
79,983
88,730
118,537
8,735
107,502
112,993
147,476
4,315
101,658
106,535
71,864
104,611
91,678
93,602
70,504
3,831
83,505
115,623
102,378
94,697
171,801
113,273
155,450
137,5
97,148
12,152
138,322
133,173
113,44
70,430
110,784
174,529
128,196
56,995
61,732
176,576
100,878
88,774
23,677
180,686
16,205
193,412
62,237
25,272
72,152
8,87
27,441
28,871
56,711
14,880
103,233
15,661
165,482
131,898
112,161
50,522
66,149
12,581
55,450
57,715
147,507
86,449
53,678
74,824
57,982
155,29
169,261
144,504
61,255
54,887
139,382
38,937
58,345
91,270
28,655
195,125
185,877
112,122
49,134
83,216
192,338
10,545
154,760
180,420
121,312
159,706
145,475
56,794
193,162
87,462
135,358
155,173
45,317
112,487
2,743
81,91
61,711
156,563
128,237
8,436
135,303
10,92
17,26
183,173
67,604
192,321
152,161
162,866
103,3
70,290
14,825
99,616
157,507
63,518
200,325
44,614
47,864
112,79
149,462
69,428
20,245
104,411
105,740
173,302
94,729
160,865
164,161
181,950
131,683
95,239
113,686
19,302
53,719
66,723
1,696
79,63
79,411
33,684
14,56
13,938
46,874
40,763
70,930
170,390
76,673
198,763
112,52
148,8
188,566
95,485
22,679
28,531
164,670
116,288
155,230
93,718
195,714
134,882
174,35
28,938
144,161
138,165
167,252
64,714
182,767
113,159
63,153
142,685
60,573
132,876
121,590
190,193
165,80
18,858
163,122
94,76
54,360
99,387
161,451
136,992
22,759
198,219
60,518
91,238
99,789
67,366
99,75
110,111
7,994
148,450
154,270
114,693
24,543
81,490
107,823
36,483
17,889
4,767
129,988
160,75
125,664
34,59
146,722
117,688
64,69
146,743
51,609
154,574
161,417
157,588
190,62
128,885
3,855
128,341
97,368
174,564
170,313
159,855
92,7
54,130
112,699
120,914
196,161
72,630
60,753
102,875
105,925
160,485
63,544
16,653
195,13
93,533
85,463
181,764
146,293
179,855
14,136
97,768
123,436
128,378
146,864
111,8
134,947
186,92
31,262
138,963
178,315
85,650
21,685
118,298
12,205
68,862
120,162
23,860
99,746
72,203
25,615
160,486
67,789
173,905
111,85
186,134
4,413
103,135
127,280
19,297
101,536
150,78
189,659
142,851
164,491
140,502
130,77
28,554
200,692
131,899
185,533
45,248
123,236
98,541
180,454
189,488
154,876
142,43
139,867
85,249
118,252
133,138
113,593
69,512
141,616
176,444
73,245
168,378
49,955
82,694
43,142
113,896
158,914
181,622
121,453
185,749
37,630
148,714
36,838
148,165
84,654
48,330
118,333
148,354
38,712
2,788
152,119
88,342
181,860
88,596
80,451
119,679
12,292
42,949
9,288
132,78
136,183
88,426
154,854
52,541
43,611
39,613
83,388
114,586
145,750
157,428
62,34
84,236
126,217
77,553
168,294
52,622
73,443
186,466
4,222
101,459
68,168
166,872
50,737
117,267
170,197
173,131
34,833
40,945
137,61
77,812
20,952
136,823
174,360
168,174
6,349
46,111
160,797
32,23
62,432
76,677
13,134
71,69
131,767
51,892
135,603
127,830
79,691
157,558
38,58
118,848
83,947
22,20
29,208
130,397
103,531
75,139
35,684
118,252
98,45
128,311
186,290
174,592
123,399
145,464
182,686
196,143
18,554
23,28
27,637
18,115
167,852
75,600
24,886
177,451
186,917
95,37
175,524
13,124
36,829
98,509
84,598
85,418
173,360
170,446
104,865
173,300
125,293
28,883
123,237
125,117
141,631
45,164
197,113
136,796
151,495
11,804
83,154
188,913
90,135
9,15
40,697
90,759
147,128
71,685
90,699
149,582
169,935
70,993
111,659
53,264
49,955
142,761
94,323
116,955
150,724
174,542
8,357
5,29
91,676
123,517
166,49
57,990
18,996
45,446
20,124
58,730
139,884
92,960
130,990
189,555
80,495
172,676
175,457
137,834
45,397
143,543
79,853
196,30
184,749
61,27
28,909
169,591
185,654
37,807
75,414
99,901
81,703
11,531
59,962
133,803
189,679
134,119
191,465
108,235
4,2
9,507
31,676
197,403
125,19
126,810
48,937
74,202
52,36
30,59
77,656
54,902
175,480
173,345
183,738
162,731
44,284
66,795
71,865
9,154
64,970
141,955
144,28
140,322
169,872
153,429
108,56
81,875
131,444
177,704
10,836
88,932
14,265
24,379
175,614
147,215
185,109
40,259
100,509
34,800
96,210
188,228
16,553
168,151
173,6
67,659
142,251
158,126
24,540
102,320
66,44
199,942
5,736
168,428
184,847
49,585
190,198
80,172
167,729
29,68
100,864
47,930
179,720
157,735
57,509
129,598
51,109
52,143
18,287
82,365
31,841
71,639
42,549
199,154
51,663
31,686
6,848
193,786
117,689
74,934
153,380
107,797
156,946
20,408
157,327
35,536
73,617
10,87
84,247
138,782
198,465
52,334
197,883
68,553
134,303
10,374
35,486
186,916
52,223
55,219
4,272
25,807
126,75
183,339
139,396
123,835
173,470
151,672
52,378
99,592
132,126
135,950
123,761
150,463
21,568
90,889
19,320
197,892
180,715
185,674
6,259
69,561
178,388
16,402
8,346
112,406
81,366
146,386
2,898
90,731
114,430
107,314
58,306
89,566
173,512
123,937
163,475
117,807
74,28
64,105
46,337
44,275
48,629
21,394
115,92
164,314
85,618
16,862
20,138
100,666
11,519
60,529
139,788
75,629
172,722
119,721
180,181
145,958
66,33
116,510
186,118
21,40
106,205
4,613
88,748
140,527
192,636
43,906
75,582
79,162
90,486
109,763
69,239
116,932
133,559
170,828
164,930
97,158
42,985
6,312
40,290
148,33
86,4
84,376
159,489
188,375
31,306
154,389
61,518
12,652
130,838
132,753
90,382
141,760
93,221
3,193
164,304
24,182
44,375
147,990
3,153
16,952
105,538
27,775
58,996
129,955
153,994
51,684
22,511
182,88
46,933
137,546
153,62
180,722
55,415
160,471
185,82
163,96
184,483
5,544
189,308
16,190
71,978
53,29
145,687
127,314
113,464
55,757
162,531
4,903
168,652
106,165
132,695
173,751
24,537
98,790
69,75
79,908
87,467
72,22
184,736
113,50
10,743
73,677
151,493
32,919
120,192
55,366
61,308
77,893
142,730
74,667
6,964
173,226
160,888
128,317
139,629
177,519
188,996
138,513
180,776
135,654
30,165
108,800
94,453
59,563
71,574
192,408
6,726
183,812
42,207
154,520
60,72
74,948
16,568
98,692
12,155
32,367
142,591
168,578
198,200
176,847
68,831
125,376
103,864
10,816
14,941
187,261
52,534
108,245
130,879
139,488
152,658
121,963
73,714
110,432
196,548
164,825
156,628
71,234
65,691
99,645
74,643
2,841
106,459
19,140
145,739
41,843
62,361
6,207
14,434
89,940
57,483
111,85
57,476
197,119
139,645
1,787
149,851
73,622
76,880
150,801
159,128
7,898
102,271
91,253
182,632
51,984
3,671
59,234
97,979
90,291
105,959
136,100
44,630
103,487
127,962
118,282
166,350
145,738
15,961
179,705
152,807
169,69
94,805
143,823
96,852
191,923
30,364
2,42
52,917
134,460
32,729
200,60
93,546
80,476
130,23
39,228
11,946
43,554
163,902
178,195
50,369
8,489
13,386
90,274
77,36
122,165
96,960
28,1
91,2
162,881
190,236
154,270
62,12
161,555
99,583
189,672
176,226
75,267
161,376
4,332
113,540
31,618
33,467
115,1
51,136
124,148
64,66
182,762
158,656
123,996
143,818
23,418
192,129
108,559
35,761
176,115
115,317
45,711
45,674
71,656
18,179
37,770
190,257
79,285
157,626
21,615
17,503
95,446
31,740
76,776
163,122
3,431
19,575
22,447
150,815
96,412
155,718
181,467
189,791
106,4
186,835
85,73
133,507
110,140
150,193
44,294
198,184
197,597
4,836
51,162
192,934
200,225
184,748
172,407
102,604
94,716
63,446
51,742
47,684
115,694
41,489
138,923
127,469
57,512
94,272
35,651
188,761
89,937
30,512
68,639
180,975
184,496
168,32
157,677
110,439
194,882
44,222
25,764
154,274
150,36
137,350
115,624
143,682
133,992
49,749
160,950
161,390
25,556
38,426
133,105
189,1
123,806
67,178
20,550
101,333
195,717
76,688
199,684
114,139
157,360
136,165
77,505
60,171
147,687
145,754
39,908
167,602
21,171
72,199
40,636
107,283
83,578
6,507
154,28
76,832
122,714
38,829
65,825
38,216
83,131
163,126
72,448
75,938
36,340
35,526
187,56
166,981
164,789
53,513
70,522
39,637
17,814
157,847
37,740
143,93
148,274
189,862
44,297
174,891
94,703
93,808
94,429
65,912
132,125
59,339
145,942
74,611
197,655
77,363
159,745
71,777
182,585
71,208
135,241
47,30
97,113
171,954
12,493
127,508
6,954
52,498
4,514
55,224
89,218
105,521
21,969
15,396
178,995
136,700
19,533
135,671
190,461
110,655
124,529
37,787
140,76
89,975
96,954
47,181
86,11
144,507
23,902
176,757
138,433
152,462
8,606
181,930
63,72
92,168
104,36
77,874
121,312
67,345
136,294
15,288
200,124
119,716
181,566
14,553
6,404
78,633
41,679
182,51
60,943
16,980
36,161
146,861
151,896
115,321
20,334
92,910
136,688
76,884
45,410
172,643
76,529
21,303
14,681
43,916
31,838
187,140
108,360
8,327
134,329
151,512
68,717
199,478
148,859
145,757
75,513
73,115
78,659
7,838
151,925
6,317
112,122
8,814
130,133
54,282
23,678
164,829
197,306
165,863
156,910
144,284
110,375
119,570
64,108
145,117
135,177
170,684
57,357
34,386
3,519
59,951
15,228
6,551
42,222
120,474
68,380
177,635
138,992
18,25
31,741
70,674
9,378
80,317
72,502
19,299
152,710
180,186
3,994
90,283
36,867
58,776
138,384
167,562
64,166
150,488
79,295
146,78
87,303
17,496
49,632
75,505
146,255
121,405
15,321
65,263
189,567
58,699
133,181
40,47
162,205
197,785
132,221
105,493
107,534
189,441
93,151
64,479
32,248
146,345
58,634
155,862
152,486
108,425
45,921
60,785
115,94
157,317
18,653
155,49
132,801
39,121
141,824
94,687
23,106
83,684
106,51
1,729
128,970
170,189
169,224
105,131
98,975
46,159
24,889
126,241
192,514
84,910
73,826
138,608
136,316
43,593
38,896
4,346
109,740
104,46
121,856
25,782
175,173
143,584
187,545
53,451
67,867
132,943
113,328
177,651
42,655
59,963
172,958
35,277
1,776
192,706
44,781
8,208
73,10
96,451
22,977
141,86
169,353
199,766
78,365
70,948
135,506
14,406
149,944
110,674
20,827
181,651
173,735
4,226
113,933
52,931
72,858
140,638
24,129
186,797
49,779
136,437
106,610
170,666
181,455
133,191
129,122
196,287
179,607
67,527
97,438
199,450
7,214
192,768
178,131
63,545
72,424
117,606
7,330
193,207
27,788
79,164
63,523
181,225
179,510
38,946
181,934
97,347
155,434
162,639
169,555
98,719
182,555
110,62
20,353
60,696
85,27
41,962
95,828
39,26
95,902
55,157
65,934
49,66
32,913
56,179
171,877
148,272
32,920
110,733
96,898
19,483
172,144
4,45
176,51
118,509
82,456
9,376
180,261
33,934
106,915
172,181
49,230
17,402
78,194
127,726
4,663
170,442
146,356
35,908
66,603
164,948
173,249
144,483
17,196
1,908
193,479
140,594
184,350
151,760
143,164
55,662
15,157
103,907
98,838
4,334
125,638
74,989
45,140
71,557
91,508
116,359
69,648
145,965
35,900
126,145
44,291
67,531
48,396
140,637
137,652
129,391
127,653
49,530
95,526
122,754
182,328
167,301
113,731
9,511
148,69
7,793
124,33
85,698
10,487
177,24
122,193
157,486
32,883
123,494
86,208
80,17
199,896
78,996
30,218
119,567
7,844
90,424
165,966
7,453
164,86
44,752
2,864
81,952
4,751
150,589
7,316
115,168
189,963
132,163
167,6
110,565
145,116
100,670
53,424
17,585
15,479
96,328
163,267
169,402
6,584
101,125
187,938
167,345
75,550
120,803
194,41
122,140
20,395
39,481
138,164
132,654
172,62
133,513
7,681
99,557
24,817
113,836
7,962
23,667
42,543
74,577
128,462
120,333
85,789
195,488
157,401
18,599
93,336
101,335
141,467
56,418
192,455
20,763
31,918
120,963
69,101
125,335
33,770
157,475
97,166
145,658
142,568
147,697
144,523
4,648
188,649
53,462
95,66
78,69
179,884
46,416
128,13
149,240
108,569
188,2
65,682
40,75
133,242
184,821
67,752
28,326
133,637
191,280
149,894
43,411
161,394
77,527
33,439
4,762
102,528
178,677
133,54
200,568
167,300
10,267
143,151
176,224
89,918
162,5
146,47
182,349
2,116
35,163
169,337
24,587
179,766
128,488
107,593
32,879
160,750
19,142
130,534
183,433
155,209
10,37
124,444
114,314
3,276
163,152
123,914
154,280
2,400
52,407
183,39
170,636
63,333
80,46
172,116
28,697
142,512
21,566
132,848
102,205
198,745
39,284
41,195
100,114
173,72
54,962
141,917
200,219
81,353
116,268
132,16
62,770
41,596
11,821
115,434
8,98
53,538
196,699
102,968
44,767
179,27
34,950
37,459
169,593
109,604
171,640
92,842
59,594
118,128
1,644
167,668
153,56
171,57
32,152
7,343
108,406
181,928
153,117
63,385
164,253
129,541
185,801
87,164
4,281
132,550
92,203
178,40
116,968
117,71
107,787
14,185
52,30
21,191
49,548
43,785
56,392
20,389
54,551
178,64
181,952
112,630
24,56
58,704
115,434
50,232
122,869
45,544
41,622
122,397
184,785
127,526
177,403
23,540
130,602
75,122
29,302
42,168
106,396
102,764
150,174
48,890
132,614
64,803
77,247
178,332
11,492
94,279
12,281
156,903
122,444
75,102
179,909
108,18
53,849
155,163
115,132
169,650
181,765
172,404
173,5
166,613
25,148
162,805
145,865
94,929
63,736
118,91
69,172
31,122
140,581
78,620
131,266
170,770
117,461
2,272
57,120
103,526
143,840
162,301
7,802
194,666
179,495
109,575
39,525
164,349
116,235
56,937
145,338
181,806
185,228
192,890
28,626
36,815
54,136
94,156
131,876
127,133
99,124
113,966
158,834
99,312
80,845
25,148
128,131
11,963
107,532
37,368
160,322
116,454
32,623
62,989
30,64
98,428
90,260
72,596
109,487
134,32
110,702
4,244
151,487
199,650
56,301
4,389
22,756
26,134
163,439
56,164
186,151
114,479
158,146
22,307
142,628
184,652
160,590
31,449
169,476
192,462
180,597
182,759
146,260
24,896
19,500
98,654
21,598
111,707
190,686
150,843
128,780
173,674
50,774
128,643
76,569
194,751
39,932
19,383
115,86
101,543
126,990
161,733
124,881
115,969
187,988
49,327
185,96
38,187
176,77
171,803
55,759
161,4
110,303
115,751
70,379
47,220
5,347
112,325
40,153
200,303
186,761
77,766
59,606
97,978
10,795
122,990
50,701
121,33
42,160
104,976
195,273
153,347
98,1
80,897
86,105
105,157
120,847
89,314
64,102
72,109
194,392
100,460
143,788
25,462
150,22
37,501
58,896
85,229
109,380
107,77
76,384
110,11
58,150
60,963
170,662
191,911
116,693
179,298
174,970
59,616
32,129
182,461
181,138
100,279
112,877
110,648
34,171
135,242
54,426
153,928
94,78
177,89
184,90
194,102
147,828
27,218
46,810
93,619
77,566
70,102
69,387
24,112
170,412
176,839
163,277
58,222
190,704
168,842
147,366
5,161
94,382
70,75
104,682
16,121
178,347
39,407
176,281
146,919
174,660
184,275
181,720
152,22
168,298
156,308
120,80
121,789
152,580
25,9
34,589
119,511
75,264
132,402
145,99
64,294
75,913
195,539
21,573
170,539
149,762
58,564
107,875
128,130
118,564
53,704
151,985
141,204
48,185
50,709
57,622
55,960
50,682
116,985
73,410
142,886
119,209
86,65
160,913
164,91
56,978
179,173
178,814
134,168
79,786
171,725
120,798
177,141
5,493
9,704
55,834
87,863
25,829
13,319
124,1000
102,34
78,555
136,691
18,577
109,298
126,872
88,648
188,228
49,313
172,739
11,100
111,182
151,683
22,479
147,559
200,2
170,830
1,923
14,206
195,363
80,461
58,315
46,208
73,2
84,958
81,97
91,227
17,149
16,111
199,561
186,61
199,517
135,59
177,850
47,479
184,272
139,292
130,627
58,649
82,14
172,967
54,822
148,297
126,970
84,328
139,501
142,573
83,539
137,961
157,428
87,98
120,729
105,138
164,423
71,586
174,578
86,479
19,421
125,112
94,962
63,709
117,980
135,708
105,871
164,128
101,368
97,31
12,712
97,836
192,737
111,118
82,690
103,37
23,422
197,724
93,704
89,327
197,747
173,246
25,193
78,419
125,473
177,515
151,455
95,323
147,698
126,448
4,734
160,706
58,328
82,70
180,842
163,677
181,252
112,524
64,44
91,11
2,315
31,176
108,270
34,628
100,263
84,200
76,519
24,735
9,619
5,613
131,708
11,940
142,333
72,939
3,889
35,981
97,278
194,554
51,635
59,547
135,702
45,697
161,7
154,655
38,834
146,4
39,816
95,202
1,28
143,590
67,980
197,107
6,830
82,198
156,99
66,876
105,904
147,943
39,1000
18,899
29,836
44,293
119,153
113,413
127,692
111,942
148,202
68,351
142,260
184,383
40,912
90,712
26,485
17,855
29,894
186,188
44,894
193,269
108,106
79,33
87,208
52,825
125,842
121,156
141,64
48,855
115,6
103,882
46,381
190,542
23,104
100,317
16,798
45,543
27,800
161,856
109,729
73,453
30,557
132,710
116,871
155,485
66,696
58,412
152,732
119,383
17,554
121,396
16,774
164,790
106,426
28,438
2,747
52,778
1,284
56,629
88,363
5,413
81,602
186,351
131,318
31,526
198,657
196,974
7,591
25,699
135,39
45,389
89,408
71,276
105,111
9,770
108,793
87,875
101,425
98,183
32,795
7,617
23,339
124,975
170,760
7,964
20,727
119,313
11,249
3,63
162,354
56,984
29,623
66,909
34,87
23,961
67,526
25,803
87,448
85,988
17,732
64,597
146,407
158,360
3,310
78,511
58,976
85,803
158,521
15,961
186,421
117,748
91,104
45,127
101,27
67,33
45,407
111,200
28,756
11,659
15,482
96,356
3,563
154,988
65,644
130,849
58,242
138,984
101,58
24,491
43,460
40,631
163,781
93,232
31,204
73,535
11,94
76,918
5,409
92,477
167,133
111,824
136,356
134,234
49,223
77,874
199,936
49,803
32,464
84,149
5,255
89,543
190,118
78,479
13,454
197,677
32,792
91,612
85,295
167,968
26,213
165,62
113,831
22,898
107,687
115,151
7,522
116,421
98,793
93,276
156,149
122,135
94,825
77,550
95,859
54,133
147,394
9,522
109,925
122,83
166,427
140,633
170,902
168,850
3,414
145,703
15,91
9,561
121,566
170,534
195,260
74,13
33,311
164,251
98,272
78,559
108,363
138,504
21,679
112,520
12,98
138,792
19,142
137,814
134,508
67,342
24,705
57,986
182,87
47,687
65,751
58,526
86,207
90,514
67,617
95,883
10,723
10,42
77,358
56,375
160,411
186,925
200,949
65,962
174,603
124,204
29,387
136,510
122,364
4,677
186,83
172,303
57,951
43,406
102,328
44,754
72,821
116,897
76,174
131,102
2,621
44,918
54,231
121,750
116,126
88,571
183,307
181,924
36,692
195,199
35,229
195,23
95,481
66,62
121,477
200,178
81,466
3,366
106,488
162,306
151,193
160,634
20,547
97,847
38,999
68,910
70,687
94,316
66,821
148,760
48,68
146,356
17,624
59,48
21,924
191,939
80,781
10,1000
24,816
170,319
188,216
166,512
27,646
132,623
135,911
148,934
35,264
120,426
121,705
127,485
103,992
171,750
164,156
88,61
52,873
160,784
57,552
28,953
122,173
193,508
119,719
121,285
148,870
197,532
143,531
167,491
158,921
128,756
133,464
89,514
135,150
157,484
125,189
109,423
93,322
149,435
27,849
116,50
95,646
161,130
165,612
26,640
98,354
45,413
113,399
40,412
118,568
139,555
115,332
180,838
182,756
35,723
187,214
150,786
163,693
55,19
163,154
2,362
1,832
137,718
70,464
162,559
168,63
63,494
101,489
45,771
34,803
104,735
83,759
9,657
185,156
6,642
80,182
130,601
73,228
68,663
158,886
30,863
189,375
90,108
4,160
96,400
59,260
113,546
62,499
48,455
36,133
74,532
81,632
139,738
31,98
57,960
147,529
31,103
29,650
192,171
139,335
129,920
96,546
13,614
79,363
87,225
157,874
85,646
79,859
53,692
24,578
138,926
199,74
24,404
46,470
200,864
148,102
109,352
44,373
173,691
74,794
5,256
74,641
158,52
79,37
29,322
29,31
126,1
84,380
125,530
129,382
63,167
44,631
140,716
181,265
131,386
20,78
6,526
42,44
155,245
166,272
191,605
83,559
186,788
131,885
10,132
181,90
48,397
195,730
94,705
46,63
145,668
12,642
140,49
159,913
51,38
98,597
122,1
26,498
113,885
11,925
80,20
181,805
70,465
76,154
159,407
171,352
30,90
166,759
16,935
199,275
43,312
116,56
70,999
159,4
48,108
166,560
57,789
16,792
181,5
173,764
83,827
54,637
62,115
115,726
199,189
186,378
44,919
53,569
123,769
54,17
185,911
20,732
1,629
130,673
40,477
18,978
105,65
130,343
115,372
198,967
179,668
147,34
107,473
34,242
170,231
130,666
53,828
87,651
105,929
96,36
196,196
93,590
38,5
52,546
38,79
60,631
27,443
72,448
94,950
60,524
24,419
27,789
47,417
130,799
174,358
22,628
164,965
36,146
122,622
152,707
63,215
111,385
69,4
128,70
146,738
82,136
77,373
106,728
15,967
41,301
26,41
179,811
140,369
66,522
27,432
192,804
89,544
89,39
136,17
12,432
191,64
18,886
161,764
189,139
126,92
197,629
137,511
153,481
126,814
191,967
70,815
142,730
173,582
63,579
109,641
190,195
189,248
57,284
26,174
199,139
142,648
178,786
84,351
107,370
185,510
48,198
143,774
69,435
24,372
2,686
2,508
191,903
93,531
7,499
69,692
36,41
181,162
175,963
89,439
65,930
188,624
176,98
116,920
50,363
72,819
170,659
89,191
100,206
97,350
132,248
59,938
111,570
28,467
30,513
15,608
100,40
60,193
196,619
128,722
53,742
50,827
98,811
16,852
197,793
16,931
6,558
79,774
30,185
156,364
79,704
29,276
182,5
173,773
16,522
167,231
72,986
122,679
9,298
5,989
103,514
76,202
76,314
189,416
25,702
120,95
1,526
141,905
200,201
133,556
33,56
22,730
47,148
35,345
9,743
159,848
145,830
51,531
200,799
87,997
129,169
132,736
197,816
177,153
191,823
142,461
63,870
175,95
24,435
132,806
200,460
63,474
73,556
84,310
88,929
129,132
32,998
153,657
173,527
34,248
62,484
168,582
44,98
31,204
45,414
15,264
57,997
150,959
109,722
162,176
18,201
87,737
132,414
80,419
89,791
186,638
114,299
87,37
75,503
115,167
67,760
174,825
137,418
18,674
140,883
31,458
126,976
90,473
57,116
111,634
133,29
118,223
101,452
88,123
23,448
152,697
101,915
38,832
10,256
181,7
131,162
120,703
170,510
70,593
28,626
95,861
101,257
10,357
7,272
114,731
36,76
172,448
73,524
60,536
190,294
104,118
5,372
195,699
72,165
96,757
155,594
159,714
87,516
183,866
126,692
169,234
36,585
74,24
96,533
189,123
158,47
87,555
166,139
82,705
128,57
71,878
166,549
120,30
100,138
46,921
59,163
138,801
166,895
75,234
144,834
12,681
191,555
87,614
124,60
6,516
127,606
116,293
26,35
41,956
149,672
50,826
160,309
124,340
61,362
23,646
13,223
39,131
71,901
158,875
125,498
169,93
170,217
187,68
23,106
154,902
31,872
185,490
186,956
17,474
138,904
147,11
28,51
194,813
72,563
162,529
115,926
190,529
54,938
115,922
23,763
137,985
130,905
122,286
55,686
164,142
16,310
185,9
115,612
131,778
120,740
116,364
15,767
195,62
50,742
158,477
54,325
112,570
141,536
153,586
96,513
151,649
133,157
167,963
58,127
197,548
56,207
121,35
11,972
198,61
77,336
113,659
165,615
33,44
8,286
64,866
123,583
182,384
96,287
23,396
45,802
125,307
195,872
189,27
134,644
42,505
191,715
136,384
155,738
32,217
118,948
64,11
100,722
9,858
13,864
191,866
128,36
79,336
111,291
10,324
174,337
6,747
23,464
162,616
152,640
68,56
23,427
150,805
183,705
22,716
143,329
108,591
188,703
168,769
88,574
53,78
26,607
89,188
133,115
139,964
142,272
8,774
121,478
36,341
115,519
19,400
96,163
39,478
172,826
19,441
172,270
1,994
15,674
148,68
151,372
167,721
92,871
180,771
8,257
159,249
58,236
132,511
5,530
92,417
95,741
143,933
6,741
26,782
7,401
129,47
5,126
59,430
99,758
62,810
199,688
9,527
167,114
200,318
195,310
66,585
112,516
152,373
64,651
185,997
50,306
145,332
67,393
190,675
155,888
90,728
169,468
22,41
41,617
125,202
44,768
161,64
183,70
20,262
94,710
81,808
91,77
81,605
32,775
104,659
74,285
165,982
75,24
143,601
5,368
181,112
87,805
129,60
182,745
80,853
45,673
181,783
7,341
109,941
111,936
177,544
10,930
161,190
166,425
14,996
25,606
154,528
158,597
62,290
5,693
65,988
178,416
185,701
74,980
10,18
21,926
175,805
191,153
143,593
188,721
199,970
69,732
146,47
84,554
22,997
141,498
22,920
126,633
140,319
62,753
96,128
92,378
175,20
154,42
101,645
29,991
94,777
68,318
84,853
6,356
23,183
112,756
187,504
52,836
88,835
69,972
128,366
29,480
184,567
84,399
135,294
64,693
150,504
121,828
156,588
159,421
35,553
123,996
55,68
68,419
177,792
30,632
159,327
27,402
25,872
48,302
57,944
79,722
183,363
131,81
61,695
82,196
64,207
128,766
5,465
2,226
28,56
189,117
114,564
126,31
9,585
32,716
188,682
32,79
138,765
161,570
70,453
101,297
38,421
27,714
107,99
26,117
61,620
34,23
86,915
24,35
157,71
196,860
133,37
186,519
172,393
18,956
61,808
31,160
111,572
154,994
19,26
81,602
12,4
39,37
196,787
35,507
95,67
119,254
146,145
135,806
70,979
176,473
20,527
180,543
47,990
12,738
74,653
44,850
178,374
36,428
190,551
43,493
120,669
96,818
126,95
92,941
73,164
63,629
175,762
23,55
96,901
189,243
137,679
140,653
98,815
189,576
193,43
99,386
42,492
168,568
129,150
199,808
154,160
122,89
117,978
147,625
119,962
70,942
80,525
97,923
186,624
25,31
107,35
184,508
167,762
84,929
84,999
33,899
66,897
144,673
186,809
25,455
95,512
185,92
112,365
33,913
173,440
100,479
199,34
168,176
110,196
116,543
116,453
42,14
53,265
166,374
77,750
115,338
10,119
31,436
21,730
61,253
82,492
155,181
49,377
158,718
13,381
62,484
165,118
59,293
170,130
81,238
16,404
31,167
9,394
189,5
66,946
129,900
28,390
182,456
199,279
200,329
86,786
128,658
48,109
164,26
177,626
47,292
199,325
32,975
184,749
107,20
2,265
105,443
186,643
90,353
53,861
12,451
2,620
60,560
172,554
104,624
59,504
19,914
173,910
75,826
26,948
181,405
134,63
168,61
182,580
147,489
23,657
20,459
56,411
75,877
117,418
99,320
101,599
51,658
53,533
104,596
107,294
95,170
113,417
46,369
87,284
93,366
29,975
124,570
88,286
186,738
54,605
160,598
46,831
114,329
119,523
2,795
70,370
66,605
131,463
39,62
101,192
185,368
91,941
25,121
102,270
157,832
61,477
61,408
155,374
108,850
14,863
189,478
72,309
57,373
54,537
88,527
134,9
98,528
170,834
62,657
155,319
120,440
106,337
142,969
172,794
49,868
64,567
80,772
156,932
58,576
118,393
25,632
160,962
39,493
129,579
97,391
10,778
4,999
100,882
163,112
147,852
149,326
70,801
43,683
188,585
126,288
64,131
66,858
121,727
74,467
25,486
195,712
105,655
62,680
99,3
75,586
75,386
174,232
157,786
6,876
171,97
194,511
198,625
189,804
64,583
83,946
172,444
50,908
69,829
178,237
142,674
2,920
75,798
130,725
113,63
164,266
52,954
198,445
52,311
25,755
142,33
199,818
136,545
71,596
187,765
159,561
174,6
39,418
178,336
61,458
137,890
147,962
147,723
175,625
12,223
176,617
92,877
130,608
40,648
122,509
93,97
105,164
63,456
57,645
115,213
151,553
117,360
152,102
124,448
156,749
65,874
69,728
89,109
137,282
83,789
167,835
154,734
150,153
10,566
107,753
73,384
76,961
133,247
59,954
92,447
124,481
23,956
137,635
128,345
140,182
101,106
118,328
159,712
135,995
108,256
187,789
114,670
29,127
134,299
20,172
76,924
173,281
138,620
84,500
87,132
118,610
141,473
29,83
14,866
62,774
58,208
11,971
155,208
86,448
84,302
173,355
52,916
39,212
33,726
16,35
123,271
137,980
65,888
152,301
92,796
37,918
168,394
87,7
152,808
146,422
69,808
179,797
162,982
81,311
15,47
70,986
172,270
175,840
183,878
34,631
155,684
138,536
82,577
49,15
10,155
5,447
69,120
2,159
39,420
20,904
182,166
137,381
140,713
125,763
26,691
167,300
184,624
179,202
113,95
199,253
169,647
68,752
127,750
98,614
28,891
12,460
97,97
45,554
180,572
130,598
60,525
139,104
112,967
134,916
128,823
29,390
3,639
35,363
178,115
157,652
40,368
64,635
65,450
86,152
37,968
183,248
146,599
137,396
174,731
87,869
95,409
152,195
88,22
65,396
47,135
83,318
101,927
177,337
41,806
115,921
12,687
38,476
112,500
60,436
164,4
179,784
48,287
56,423
13,245
98,327
192,914
46,775
191,838
65,3
154,675
132,281
10,375
27,385
189,223
64,185
66,719
85,648
168,675
157,214
70,76
138,920
112,237
152,781
155,501
71,123
192,18
186,557
165,230
115,764
174,504
78,692
110,111
37,912
56,879
46,681
130,232
139,36
188,263
168,235
118,773
165,508
125,482
196,221
100,716
130,187
73,83
37,604
183,951
166,167
137,941
70,448
162,409
87,519
59,789
15,877
60,930
49,363
47,262
101,865
35,928
161,77
193,273
195,27
26,614
138,966
61,124
136,481
196,942
114,210
57,10
176,811
145,259
58,454
93,325
5,474
183,148
159,18
88,763
135,745
80,704
82,618
199,974
1,522
61,14
128,526
52,913
116,483
3,104
33,71
3,250
139,497
35,626
74,647
168,928
30,808
135,852
102,349
4,371
58,983
197,380
48,701
152,184
131,648
192,456
139,892
123,1
132,616
141,723
16,178
31,481
160,535
107,362
65,994
192,472
51,64
90,340
44,783
4,293
88,313
182,804
69,897
72,713
127,398
116,944
37,704
139,165
160,641
193,987
161,602
64,595
31,373
128,355
127,86
23,884
168,623
54,80
195,732
72,851
134,254
170,852
58,588
62,344
38,817
34,405
158,226
20,615
114,937
176,602
162,116
136,355
15,779
197,888
60,699
34,61
57,285
172,419
139,293
186,771
91,759
178,895
166,292
105,103
73,765
130,343
16,725
138,969
43,856
200,277
64,223
65,690
85,788
194,873
182,498
68,86
89,309
103,257
166,830
136,661
82,85
84,23
114,460
96,988
174,128
132,30
26,726
192,218
181,878
107,735
197,506
77,187
89,505
49,427
51,876
27,556
100,446
167,469
34,913
193,945
142,181
135,445
8,780
19,139
186,34
117,526
106,350
129,469
56,581
164,356
57,291
60,648
24,46
49,556
28,683
2,440
194,569
44,335
69,133
20,692
64,355
23,92
119,776
186,723
95,326
176,440
22,680
154,229
46,191
104,75
128,309
105,150
177,406
134,413
56,145
72,878
72,142
42,630
160,377
115,154
48,603
9,987
168,477
153,643
146,200
61,582
53,412
73,712
110,427
162,501
1,816
28,878
163,201
93,282
187,479
37,128
173,412
104,962
183,412
130,50
31,365
64,737
100,311
103,507
147,496
81,945
11,847
63,718
50,570
80,722
78,935
146,47
3,636
158,231
178,320
192,306
41,323
53,161
108,907
134,186
24,208
19,932
88,4
3,42
185,98
31,758
142,930
116,577
141,972
95,969
186,516
170,344
29,555
31,132
27,981
137,589
200,752
7,728
66,979
83,702
113,648
15,863
150,375
137,726
94,751
192,239
141,958
8,960
87,211
145,96
91,191
5,45
191,344
151,303
34,485
26,799
101,156
95,416
101,325
130,870
68,320
134,498
85,171
18,102
92,388
99,239
9,720
102,668
141,258
90,720
170,470
8,894
61,897
63,514
93,855
90,547
66,627
184,500
69,617
192,993
35,991
189,72
155,130
182,116
18,623
31,172
46,324
170,533
146,636
88,60
113,511
195,586
56,341
87,162
136,478
117,103
43,546
141,401
52,419
173,947
128,841
13,764
63,831
186,755
101,526
123,49
180,936
93,53
33,208
55,344
188,103
56,443
49,761
77,575
109,318
15,845
130,681
171,260
72,480
25,864
183,750
99,248
103,718
180,995
185,636
130,234
143,112
143,219
134,497
146,921
53,239
178,281
97,606
1,116
64,582
145,148
9,68
88,620
22,541
25,443
42,567
192,962
147,628
157,210
57,640
133,528
193,450
115,35
194,126
197,139
198,660
60,755
26,770
143,139
185,445
22,735
56,281
166,727
130,992
48,287
189,915
30,288
2,163
138,292
85,889
102,937
41,588
174,933
48,828
90,173
93,535
86,709
148,786
55,244
57,839
130,238
123,255
200,869
194,150
73,981
47,776
1,244
67,351
183,106
108,274
120,400
185,874
61,220
171,140
121,329
138,650
130,978
145,145
10,492
143,714
35,668
54,858
8,698
91,446
200,987
47,151
75,732
178,80
117,335
14,692
116,682
194,673
80,49
14,150
129,399
107,140
192,841
57,75
94,541
158,832
170,907
145,559
109,726
26,233
110,701
178,767
35,628
68,972
185,593
100,830
126,358
166,291
84,593
112,163
6,131
45,383
51,793
9,855
133,273
38,870
12,35
190,116
170,377
85,451
133,322
174,36
67,77
148,139
54,363
137,175
63,678
35,387
37,717
169,480
199,143
66,822
196,489
36,341
147,439
27,381
90,943
21,798
126,311
194,493
29,86
71,682
164,297
75,22
163,300
190,770
17,179
111,718
169,764
38,814
101,696
53,439
159,524
77,425
96,616
66,756
186,553
195,630
67,214
78,1
54,48
25,869
21,619
181,545
21,832
200,828
6,790
131,705
134,233
159,289
91,839
33,527
167,833
16,410
100,588
90,665
107,92
122,153
196,213
160,895
57,137
154,262
12,2
34,375
179,842
165,150
96,326
34,935
139,819
110,287
15,271
110,496
165,674
82,348
43,937
44,93
144,481
184,229
156,527
97,978
130,887
181,502
178,73
43,138
35,720
156,67
186,430
110,184
130,880
29,531
187,850
188,30
115,837
177,279
161,238
198,550
129,27
120,570
173,49
10,736
167,270
24,551
147,352
172,407
184,924
132,604
95,603
200,820
22,6
89,273
99,682
122,441
87,723
82,169
178,989
58,61
66,277
93,302
182,886
55,305
133,194
42,335
48,24
43,315
116,510
148,395
110,597
176,812
27,277
170,616
102,746
11,685
144,2
83,438
87,181
197,59
147,841
23,403
195,494
65,801
66,333
95,965
180,71
129,890
185,793
200,689
45,78
158,682
92,998
24,844
78,332
83,925
103,924
76,237
179,1
171,673
154,495
165,674
172,755
156,943
6,869
176,223
91,339
95,236
108,694
96,274
31,561
82,554
141,898
166,334
105,404
52,317
165,477
132,57
182,902
73,622
137,345
5,896
33,628
16,246
182,306
109,853
185,74
156,76
180,839
126,156
171,971
93,992
71,786
16,158
181,925
162,978
135,439
125,963
136,715
160,235
28,694
17,180
113,52
27,515
97,491
178,533
4,992
174,897
79,758
141,800
110,681
141,485
38,835
24,587
109,364
29,590
136,743
105,795
143,909
194,558
78,470
14,732
33,827
25,714
190,243
56,156
88,956
45,469
167,668
127,685
164,262
48,494
109,44
162,395
124,242
142,454
23,955
49,647
114,187
20,76
49,336
195,689
89,808
103,335
148,684
7,332
47,615
98,880
140,185
47,853
129,24
171,266
91,193
172,547
73,872
110,663
126,403
71,369
121,6
3,322
126,549
176,486
128,534
182,973
148,12
10,391
22,826
112,815
89,476
184,786
115,177
175,534
150,513
200,687
90,62
154,996
126,312
22,624
90,281
170,193
137,177
44,631
17,734
87,408
113,702
131,699
39,16
107,582
142,836
120,524
131,557
4,177
81,906
176,163
138,658
89,52
136,277
181,192
154,783
36,824
135,549
166,40
162,162
171,562
119,863
160,47
7,180
164,964
75,873
179,405
57,178
199,144
141,406
61,895
154,760
102,627
148,979
144,76
104,934
125,639
142,568
6,346
95,701
106,330
118,849
160,422
104,834
115,191
86,431
164,769
134,264
60,360
146,268
94,630
55,827
119,623
111,702
190,877
94,695
88,342
132,10
98,862
19,742
188,923
66,568
62,786
79,546
199,945
91,185
91,614
165,963
200,636
8,100
69,485
74,622
149,625
20,950
46,650
82,335
162,718
91,183
81,479
138,423
142,635
57,771
127,839
19,930
178,787
8,402
156,75
194,526
17,151
135,968
139,962
158,901
151,731
104,957
191,107
155,851
165,428
134,541
93,108
163,728
56,669
112,849
193,942
75,828
93,49
174,279
125,25
115,917
168,241
32,730
195,516
102,187
134,665
166,524
99,961
172,10
44,670
171,985
23,846
40,303
69,682
106,179
63,196
153,105
74,384
135,239
128,194
186,699
121,185
58,833
160,446
91,965
82,689
141,857
77,944
90,355
49,853
51,390
24,704
120,902
48,202
4,909
185,666
38,40
25,545
191,809
184,584
19,686
86,589
97,663
105,464
109,480
46,705
59,169
177,469
59,373
109,265
160,325
160,381
131,425
128,943
160,101
58,649
78,979
12,611
187,610
141,541
52,223
96,313
127,179
141,15
159,561
176,67
23,343
60,127
7,617
190,28
45,376
133,418
55,843
63,148
189,955
13,629
174,415
148,916
143,618
18,726
45,997
102,761
124,284
189,137
72,17
32,450
87,255
118,630
113,766
152,975
100,10
173,398
179,61
75,135
182,187
97,50
71,546
186,789
35,932
83,105
46,991
146,818
134,356
135,909
187,52
133,869
121,707
100,915
111,238
79,477
58,842
124,404
54,368
174,521
68,696
61,838
105,328
186,521
65,999
33,838
193,539
81,583
61,237
65,343
154,274
117,32
120,610
172,752
60,419
82,610
94,994
40,424
193,850
149,446
55,89
180,176
188,991
4,249
115,157
13,334
148,687
66,706
134,427
173,939
4,141
24,676
173,952
78,423
16,484
165,556
102,102
153,153
151,295
41,199
179,312
33,406
151,663
87,656
18,379
103,974
196,849
131,906
162,791
192,298
199,378
141,307
110,127
169,619
74,465
198,754
86,887
150,386
169,338
26,166
23,872
160,88
186,846
81,364
100,87
66,286
48,372
32,815
22,338
33,651
125,505
114,498
155,18
131,351
142,116
37,992
92,120
7,654
115,921
122,822
75,18
32,741
59,390
124,606
82,220
106,676
112,364
23,151
94,373
172,122
164,278
151,148
42,25
76,220
165,813
69,343
8,860
63,551
87,68
50,489
61,622
15,572
9,591
22,2
182,594
108,197
109,296
46,172
45,390
191,870
171,947
162,425
88,832
138,423
112,223
60,663
128,202
107,617
82,700
71,970
18,697
92,715
99,128
159,639
137,447
152,212
42,919
1,27
114,183
43,30
155,343
11,790
57,15
162,585
110,734
118,997
154,987
52,676
2,75
145,887
11,913
189,348
101,145
165,319
14,318
92,274
106,696
192,451
81,852
47,513
166,147
47,605
198,699
105,174
106,674
139,117
131,580
29,675
150,324
199,229
175,898
54,143
174,166
139,230
10,474
150,571
48,85
104,23
178,659
161,170
49,295
38,384
78,637
163,843
24,349
189,62
137,511
107,294
147,578
181,755
135,812
69,661
110,615
14,705
92,714
78,266
54,300
200,307
136,344
66,97
58,154
56,913
13,649
112,210
53,421
83,948
149,19
115,118
197,925
56,111
127,990
162,506
114,548
188,102
76,159
44,972
128,794
6,947
105,924
150,989
195,625
24,294
38,20
199,740
70,762
195,916
50,879
89,253
132,177
140,137
91,341
6,383
188,765
191,781
56,572
70,993
85,20
5,541
185,604
164,992
146,816
187,589
20,325
157,246
86,711
192,73
132,372
182,848
44,878
72,486
57,650
176,85
54,477
88,399
142,446
52,195
155,350
9,551
98,373
155,82
180,604
14,521
35,88
87,608
3,225
155,744
196,164
136,817
139,144
63,236
109,229
190,184
182,594
7,460
108,589
160,47
115,799
170,663
168,412
143,889
182,152
30,56
18,433
133,422
154,697
113,41
11,417
157,451
171,216
188,730
167,540
35,837
66,479
149,351
183,709
95,68
173,332
79,491
24,708
54,878
1,797
124,588
62,191
90,113
196,365
157,181
21,887
10,599
18,238
168,187
120,157
96,446
158,768
118,84
7,711
168,620
36,210
98,36
96,745
143,147
50,99
140,111
108,398
58,432
177,203
111,141
161,276
190,636
90,733
55,969
180,610
188,472
189,388
87,660
135,727
31,361
157,615
154,127
142,441
99,213
29,64
115,154
155,129
181,957
79,440
153,479
23,161
66,563
161,547
14,206
51,727
193,615
163,526
145,815
118,553
77,585
119,442
96,512
138,611
128,863
152,936
173,862
60,444
11,924
71,294
77,83
142,424
41,12
29,392
195,469
141,823
1,723
33,841
31,538
83,135
101,355
21,762
138,360
45,406
103,662
18,415
102,224
160,949
55,824
2,965
107,552
154,192
55,304
188,809
4,680
93,198
60,707
15,275
117,348
147,454
195,142
95,441
101,532
13,5
52,435
110,574
191,892
157,126
2,454
45,931
145,253
121,984
100,524
105,402
114,941
198,924
138,818
90,340
86,837
75,226
116,494
156,22
84,443
153,939
141,20
24,114
159,857
194,709
42,280
111,691
89,606
118,482
16,924
173,404
105,439
17,633
123,398
147,814
2,417
122,677
171,636
115,439
198,872
147,319
152,767
130,233
93,956
153,188
34,499
144,505
186,510
173,996
125,766
173,689
172,108
172,142
132,117
96,309
25,589
122,303
42,609
28,209
152,339
90,75
178,664
50,875
54,664
71,21
190,679
88,615
165,993
57,181
182,84
173,60
62,879
123,713
96,773
89,746
195,849
102,318
1,68
166,682
118,416
45,666
135,605
88,800
22,246
60,380
65,106
92,962
56,640
137,731
170,894
1,163
117,421
43,67
173,827
193,38
138,834
85,103
182,376
143,238
141,823
111,666
141,798
106,771
155,131
152,928
136,736
150,535
97,146
57,627
153,146
84,704
44,210
6,669
29,533
158,998
70,950
184,285
169,229
97,470
159,114
7,181
129,620
144,267
159,633
177,870
24,210
48,526
169,649
26,117
149,599
122,773
165,293
183,543
165,958
159,975
117,867
57,941
160,607
36,118
196,62
167,834
177,3
89,441
28,132
16,830
175,278
199,501
58,728
38,151
8,844
104,587
77,194
125,79
125,704
103,149
166,36
116,867
6,883
191,298
66,623
68,573
4,375
176,346
5,101
75,585
61,224
89,661
108,663
118,488
2,379
41,382
190,7
34,624
41,298
77,435
193,12
200,128
69,696
121,840
39,172
9,712
159,756
22,861
95,796
52,135
151,499
124,750
80,29
125,438
25,581
175,297
18,195
99,415
194,507
108,913
159,674
131,575
31,876
108,676
23,871
29,632
66,3
89,218
42,60
15,985
94,437
70,220
8,358
124,69
21,838
137,958
128,904
16,910
118,52
106,900
122,373
104,240
174,659
20,252
84,430
151,139
197,98
119,50
161,559
196,187
118,985
116,989
8,808
96,710
189,684
36,822
35,734
55,407
13,7
106,951
148,739
163,489
24,445
157,728
191,18
8,829
177,187
199,494
139,677
103,378
71,106
104,668
12,682
14,414
93,344
177,212
24,272
81,685
42,213
156,938
109,882
1,758
103,708
174,79
132,339
112,201
76,203
112,859
61,818
28,689
93,136
120,908
24,461
200,25
41,43
72,904
25,445
40,282
76,965
79,427
123,483
72,819
117,634
71,683
28,843
54,94
70,479
30,88
70,14
166,52
90,513
103,859
148,43
29,539
174,447
51,573
136,626
8,651
169,969
21,145
91,384
26,104
33,503
14,509
142,749
31,842
179,843
5,740
200,844
198,993
4,729
191,347
86,426
184,193
114,547
71,917
58,39
181,297
77,797
85,704
75,726
197,793
125,633
12,702
8,942
53,410
77,931
94,851
79,72
98,147
75,508
130,618
161,459
147,415
187,573
165,369
48,255
167,871
16,247
100,466
14,615
3,135
92,140
96,278
191,384
157,907
183,656
44,604
41,219
31,567
5,126
125,936
57,926
196,929
18,203
181,779
108,964
103,152
10,151
3,301
46,721
16,859
104,217
102,278
148,27
65,775
24,966
43,39
119,204
125,914
26,965
68,558
176,744
39,466
151,951
43,506
26,95
180,916
158,649
137,167
191,941
200,428
60,365
189,991
147,930
131,574
184,395
46,362
70,919
47,446
70,409
129,590
80,976
173,488
16,193
59,763
135,220
126,422
193,287
147,16
7,789
151,953
173,333
13,107
36,816
66,662
133,727
89,890
80,940
194,377
9,788
51,539
170,465
10,405
25,351
130,670
188,98
137,863
162,382
141,554
180,622
112,697
138,878
128,587
153,493
92,819
173,183
24,530
90,416
76,353
17,711
22,763
20,512
189,196
2,273
126,733
12,319
4,324
92,777
140,423
11,655
97,679
50,461
164,830
71,262
50,773
140,174
14,45
62,42
199,288
57,793
26,105
67,257
102,784
124,11
135,851
49,145
59,406
85,346
42,516
142,530
113,217
72,740
130,910
12,826
44,77
19,7
130,864
137,672
36,288
151,741
105,274
3,66
79,557
58,375
9,725
199,661
124,46
28,564
31,928
107,847
64,149
152,363
36,900
194,354
20,638
123,914
67,317
77,893
56,137
122,764
115,948
110,749
199,117
23,413
146,195
184,613
35,124
64,570
37,553
116,600
53,921
90,200
117,475
152,180
89,652
126,598
149,202
17,965
55,825
129,101
188,685
79,48
47,460
48,968
11,707
51,106
200,207
146,741
18,343
96,794
126,295
155,452
136,345
22,238
77,566
120,668
148,783
34,952
84,316
118,297
45,714
54,413
162,193
124,984
151,127
147,724
186,531
35,98
12,622
18,139
98,964
73,951
127,237
39,697
31,122
152,929
144,901
124,423
70,192
19,824
135,583
192,132
141,927
189,298
75,155
195,524
188,720
10,533
4,843
51,148
42,144
135,515
142,100
136,491
102,356
160,382
140,316
126,944
103,540
103,759
77,435
92,348
73,256
27,218
42,769
7,239
140,774
89,394
40,850
37,244
83,290
146,920
129,815
186,56
95,552
59,279
113,457
190,269
120,522
29,718
161,561
17,411
52,964
177,583
133,349
14,107
54,487
149,477
34,875
74,193
166,306
42,222
183,995
83,662
110,927
137,53
196,669
99,630
197,144
119,674
113,947
159,196
19,647
63,815
161,438
193,547
152,845
172,521
171,190
101,973
132,136
120,121
150,83
157,502
7,783
78,378
167,51
172,745
163,797
19,730
31,529
56,36
186,739
189,224
44,941
161,905
145,720
139,114
142,924
118,455
108,855
91,694
16,826
6,908
93,833
20,705
122,64
84,854
52,171
169,506
35,85
72,190
74,201
155,301
52,378
87,606
15,747
159,742
158,172
155,374
29,31
22,71
141,531
157,279
92,578
118,862
48,912
144,195
11,347
176,31
120,580
111,736
153,367
41,833
86,894
67,825
32,637
107,130
133,325
77,546
2,442
61,728
33,464
71,714
177,687
35,767
83,534
125,462
100,332
71,314
158,292
132,857
37,729
103,143
183,142
53,167
112,977
184,102
128,638
107,7
153,433
33,325
146,262
87,856
182,333
2,825
91,720
74,399
137,117
102,598
121,422
48,230
41,396
99,888
78,237
115,118
99,139
133,164
166,819
51,402
199,254
81,122
177,901
19,314
123,336
5,772
74,969
124,479
14,491
169,479
91,141
93,600
92,33
69,244
163,537
24,228
102,652
42,236
70,956
102,314
84,467
42,274
75,58
133,68
18,593
137,11
137,748
138,19
3,271
2,225
146,439
145,683
30,546
27,638
106,853
154,45
20,616
175,961
182,1
37,878
103,340
65,400
121,312
120,939
116,89
2,584
92,377
30,489
197,663
113,399
35,59
183,847
11,357
56,180
73,508
170,598
152,820
95,22
68,354
9,536
163,83
111,227
90,138
192,288
101,290
170,695
107,67
158,295
24,83
129,469
77,479
173,591
157,966
59,284
87,101
172,688
145,36
190,56
176,58
30,268
62,929
93,467
177,549
52,781
8,140
136,271
49,129
11,982
124,737
88,526
61,646
157,598
186,397
6,461
177,761
60,514
186,477
17,814
17,314
97,334
186,941
88,171
186,742
73,963
196,112
134,543
155,502
187,374
159,595
164,327
87,998
44,40
162,918
1,942
190,276
199,558
27,805
47,47
50,679
70,652
23,240
45,637
76,314
97,65
16,831
138,205
116,881
34,72
58,731
154,658
38,65
158,145
94,157
43,921
194,501
167,661
24,267
34,445
113,555
105,845
136,834
81,192
161,122
3,191
21,368
190,152
182,420
74,757
10,914
192,293
23,69
77,731
129,125
84,789
105,954
161,465
6,35
99,265
147,410
97,420
40,531
123,724
109,708
68,37
73,339
56,743
20,215
65,505
130,580
46,707
69,416
2,203
15,295
94,128
172,75
58,909
113,956
173,532
181,520
25,465
89,481
7,314
152,798
31,681
128,53
8,855
78,685
148,513
82,974
193,391
19,544
32,290
59,686
184,650
114,296
161,850
53,304
91,411
41,799
16,63
155,186
181,34
11,971
56,59
106,621
39,906
39,954
181,94
33,108
118,759
91,389
97,388
127,934
171,573
17,158
132,138
121,69
86,556
37,457
154,847
139,390
100,329
90,59
146,794
116,929
159,615
198,839
161,820
3,124
113,819
39,893
183,617
77,587
90,293
30,794
24,382
143,782
50,354
21,216
74,694
151,369
13,915
90,30
126,821
174,564
133,677
30,146
43,718
101,618
197,14
169,501
53,740
200,947
139,576
172,699
98,680
38,178
39,781
64,635
20,974
63,124
182,683
63,280
100,299
26,894
85,305
97,841
132,463
171,566
154,798
126,55
157,832
112,31
2,6
147,128
101,194
167,50
133,548
95,868
19,157
156,844
90,113
77,45
183,689
30,725
133,311
36,664
68,148
98,123
23,517
94,821
120,289
33,575
47,998
38,51
56,763
51,872
151,400
2,631
43,534
177,826
181,900
44,267
177,828
70,69
84,362
147,175
52,976
167,509
109,354
21,770
72,10
73,400
65,904
193,499
21,552
190,736
63,85
168,389
80,326
175,117
128,928
173,856
46,411
177,462
126,52
149,159
104,530
9,107
86,629
6,334
177,354
172,637
142,6
197,203
174,137
88,241
169,887
124,934
69,559
9,143
118,369
26,674
171,646
9,406
92,489
129,31
70,721
9,62
186,520
146,182
107,180
190,728
4,531
50,589
95,866
180,677
152,88
154,648
173,339
188,719
118,168
146,915
87,601
91,734
11,264
147,695
44,235
2,965
193,547
147,607
51,760
95,528
176,939
194,136
148,605
25,413
19,93
56,391
132,418
158,1
156,152
110,21
175,973
116,773
170,631
5,310
133,271
1,387
109,301
134,545
175,615
149,339
102,271
18,913
73,347
58,160
56,883
156,704
53,748
197,422
38,862
63,175
76,630
43,161
133,275
161,809
143,51
106,992
51,602
156,774
85,751
190,15
25,548
128,403
130,415
99,57
123,881
31,496
195,303
2,368
153,186
196,756
68,57
58,680
46,674
169,355
127,290
93,617
79,661
7,39
38,126
25,683
164,475
170,858
85,123
86,55
132,619
56,533
197,986
173,902
134,897
73,155
39,998
55,409
22,266
14,473
196,499
162,134
66,980
65,776
28,11
47,673
131,87
19,258
176,444
93,548
159,55
132,931
57,164
147,696
70,463
48,636
167,324
143,528
81,157
199,785
157,391
189,513
124,692
142,899
16,224
168,512
84,840
115,857
12,752
23,157
89,827
129,316
87,918
82,422
50,181
36,548
87,612
78,162
121,707
121,504
153,560
122,7
132,891
138,578
14,885
129,588
195,455
86,585
75,414
180,445
174,232
111,290
13,909
114,477
9,302
88,691
22,445
35,751
174,850
164,261
194,711
42,569
185,400
119,965
18,71
144,123
69,636
32,696
71,82
48,204
91,491
17,888
112,270
128,839
120,132
128,686
3,868
80,311
7,240
45,16
43,886
73,113
93,755
118,58
16,574
110,312
165,697
32,998
197,419
173,359
51,323
196,848
166,12
13,850
53,732
123,767
125,257
52,209
48,134
140,654
65,602
21,114
73,699
108,840
153,161
127,858
2,802
38,934
19,319
63,705
26,60
140,576
92,252
100,746
132,121
82,370
86,526
88,314
12,81
57,618
101,671
175,963
141,879
199,824
28,848
65,154
165,742
50,132
87,918
86,354
149,159
29,502
110,869
119,912
196,42
142,978
74,601
149,692
65,603
90,476
147,597
106,929
158,351
61,495
118,229
14,287
112,10
71,594
171,756
108,224
163,795
50,553
78,959
132,88
108,580
87,35
145,642
193,638
146,975
102,326
117,290
39,688
145,137
190,319
117,908
10,861
148,807
72,474
34,545
35,915
176,719
170,148
66,243
200,841
9,321
122,84
143,92
33,105
65,532
157,478
55,993
197,125
12,93
86,447
59,856
188,962
159,273
11,55
103,317
77,183
173,131
111,601
50,503
152,471
68,495
36,962
189,910
70,927
170,422
121,22
17,329
51,203
80,235
123,512
148,112
127,911
187,551
137,714
41,886
151,408
121,745
73,541
82,874
78,735
15,64
46,391
140,874
152,228
51,512
40,939
179,258
143,325
144,403
98,569
96,78
76,267
126,699
18,986
187,42
123,675
139,56
162,14
102,705
66,520
58,327
20,675
97,4
123,310
200,297
18,397
85,2
168,333
168,853
154,11
196,817
6,311
156,932
149,426
194,282
180,470
187,204
119,821
168,920
37,595
187,901
58,748
67,428
12,43
87,645
164,150
163,856
148,652
42,347
174,780
135,288
65,83
94,424
129,356
90,386
182,396
192,367
90,486
139,513
55,30
58,284
88,970
63,212
180,405
23,375
15,874
82,150
75,200
4,210
92,451
190,865
23,831
91,584
146,532
129,188
86,889
66,592
110,68
197,264
69,719
29,297
197,788
197,41
99,651
154,696
153,540
106,448
44,298
61,11
63,96
2,468
183,380
28,29
135,435
174,253
16,508
124,638
66,448
200,662
92,616
186,102
1,472
122,974
53,995
47,69
157,747
134,1000
187,158
172,206
29,93
13,866
195,955
73,191
28,17
167,100
153,556
139,497
33,947
89,46
44,969
64,467
96,834
159,64
87,270
155,945
10,261
120,992
173,409
2,918
127,707
2,482
100,248
84,637
151,317
157,118
108,270
102,942
158,546
164,417
103,938
179,940
19,971
154,669
178,984
115,753
157,459
114,106
194,801
79,350
135,675
172,819
38,318
123,247
1,2
84,507
103,291
171,36
29,413
144,255
135,638
73,943
129,376
147,753
92,370
193,71
147,519
143,562
90,992
119,943
1,767
154,834
139,501
38,475
9,770
25,909
55,841
31,947
154,87
85,599
177,592
107,10
191,153
78,485
101,926
179,669
91,364
9,665
14,598
126,809
163,990
45,264
191,174
169,33
25,578
65,626
46,90
103,285
14,645
10,126
13,880
165,339
174,212
97,621
12,855
172,928
198,144
62,717
52,398
147,335
199,900
87,181
45,319
23,414
29,253
105,488
39,151
171,248
177,949
28,159
36,448
167,152
49,298
177,950
38,118
131,81
162,380
97,510
5,178
68,956
67,315
126,847
132,722
170,622
107,655
147,176
164,6
198,938
48,787
83,502
20,415
33,419
108,908
165,223
122,423
104,824
156,479
196,81
60,1
199,279
141,722
50,121
113,236
161,459
31,97
51,799
73,692
24,147
142,195
27,62
190,504
20,759
192,639
182,28
179,45
85,414
108,733
51,349
58,144
44,624
126,416
99,399
105,250
99,77
41,389
35,92
80,76
29,538
121,923
149,383
17,245
121,199
146,957
85,754
177,860
33,869
140,460
123,113
133,707
106,538
186,267
9,213
3,295
174,701
195,243
14,870
90,812
87,368
38,988
162,680
190,168
15,97
163,228
160,315
184,788
147,155
158,798
69,253
191,638
158,25
62,916
18,106
125,125
169,560
6,293
179,901
147,484
2,782
60,821
131,33
28,62
69,891
190,309
97,308
140,906
97,749
46,740
122,530
14,789
38,548
139,269
65,644
179,999
12,833
95,625
188,785
132,962
141,9
163,474
181,957
122,299
1,902
55,296
160,102
74,387
93,864
9,555
166,271
48,88
140,955
60,473
8,705
97,290
87,570
98,836
160,815
75,272
11,783
118,973
186,742
141,576
15,380
37,466
19,15
35,407
167,665
115,544
1,463
28,425
117,882
149,602
143,122
162,606
153,125
86,289
200,914
102,327
47,499
114,339
9,402
143,93
56,64
177,944
75,718
167,458
185,684
2,511
60,743
31,826
58,568
10,823
193,33
28,275
45,431
120,111
47,385
64,322
1,740
103,910
111,182
108,888
57,547
74,323
134,428
125,325
46,427
89,4
180,286
92,114
46,573
197,622
4,221
94,114
60,868
123,467
124,373
161,129
76,820
89,298
63,785
67,385
65,89
78,474
64,405
168,702
106,574
80,375
98,728
116,966
52,182
55,970
171,128
96,178
74,974
82,133
132,851
153,177
197,477
195,317
72,35
153,255
89,773
3,408
63,130
97,416
183,406
151,198
131,488
54,362
196,935
178,249
186,603
199,378
82,265
65,359
3,120
21,999
73,376
170,820
7,568
4,571
170,568
124,409
98,78
21,674
171,927
21,343
62,801
182,684
194,41
181,752
15,861
168,749
46,486
158,44
98,160
18,504
69,539
14,552
117,202
134,886
23,599
74,475
158,2
144,77
151,187
129,713
105,355
134,871
79,649
108,39
61,269
74,883
83,360
16,629
190,39
164,6
182,656
56,117
159,81
46,789
158,171
116,872
122,504
177,946
79,874
140,808
84,306
185,350
82,962
12,509
100,948
188,484
4,532
133,869
197,781
137,121
166,806
144,287
8,724
131,2
10,875
107,388
73,369
198,219
61,952
84,982
74,171
79,62
75,968
83,7
111,889
24,594
4,996
92,575
136,911
77,648
134,629
160,704
120,554
128,615
104,369
71,270
90,281
98,442
142,977
68,947
104,646
83,119
185,518
106,255
194,310
72,859
160,482
153,42
25,219
66,454
180,879
16,956
152,887
12,419
110,1000
43,714
95,285
44,360
58,445
117,266
111,350
44,427
63,205
193,790
41,964
6,18
33,225
154,457
104,378
8,126
53,202
88,982
115,474
116,981
71,430
109,868
120,389
172,734
90,130
45,426
66,708
127,870
25,762
26,241
141,293
194,475
166,828
110,421
149,696
95,396
117,758
100,710
20,47
108,700
197,169
106,332
102,744
92,68
2,456
20,645
97,598
122,195
124,130
94,977
173,375
175,535
187,583
127,64
37,436
197,462
170,180
162,125
21,544
107,156
88,60
8,901
9,517
101,510
123,484
40,443
8,687
155,701
181,567
53,144
200,499
192,273
158,171
154,573
35,244
99,1000
109,936
96,63
95,552
130,869
189,226
24,170
30,186
106,809
4,513
158,662
194,45
159,497
50,601
125,527
96,376
141,5
31,539
163,628
42,382
167,577
108,983
58,427
143,283
38,599
85,652
29,176
97,674
96,914
171,428
25,843
61,731
27,64
167,182
84,303
57,736
108,769
129,25
77,651
130,610
80,863
45,698
29,423
94,396
167,110
124,916
58,685
17,144
136,232
35,414
61,765
39,411
194,368
174,437
85,855
28,327
3,918
109,719
188,167
154,485
86,582
141,601
173,421
83,683
123,22
115,896
160,386
24,297
173,701
109,109
167,222
163,226
139,262
34,566
22,641
88,533
39,826
28,686
128,107
53,92
198,981
168,972
79,461
199,502
187,559
147,584
128,478
138,435
181,820
34,421
46,879
39,278
150,1
173,194
198,5
164,178
189,126
27,844
172,654
53,511
144,732
156,346
100,753
59,126
130,240
114,610
115,582
31,911
182,771
127,912
6,574
157,482
170,779
63,230
80,267
44,95
177,929
11,891
122,535
95,233
67,448
147,359
44,684
178,618
116,590
142,746
87,729
172,977
45,224
140,737
118,431
56,986
147,917
67,122
54,492
78,552
140,944
99,905
48,187
107,227
21,688
89,570
40,550
28,97
175,697
28,910
12,894
175,883
154,903
147,250
17,670
86,572
12,192
24,917
51,740
152,13
191,316
192,983
178,878
126,800
138,112
115,297
68,484
45,365
31,558
5,699
156,737
117,354
200,945
36,679
12,997
107,581
41,305
79,973
117,920
106,580
82,45
130,733
138,733
76,389
171,25
171,74
150,513
4,380
13,687
48,782
122,30
71,671
60,828
128,671
39,812
141,40
55,41
127,727
107,642
96,916
140,709
169,693
194,137
138,909
27,951
122,211
82,662
173,136
105,177
42,864
174,887
99,583
46,431
12,876
191,34
42,682
59,627
129,134
187,360
14,387
185,374
83,86
170,573
110,741
88,943
95,81
169,746
180,304
108,575
102,747
32,741
2,819
158,13
38,280
142,212
176,137
52,665
73,837
43,326
100,361
146,128
126,550
97,313
160,486
172,670
94,869
109,283
159,145
176,669
116,555
124,79
144,404
161,569
74,315
97,673
195,512
93,937
34,570
188,332
26,731
39,562
194,728
19,63
181,279
70,709
195,649
167,168
150,120
151,656
30,473
177,424
52,277
175,515
23,234
85,982
146,52
13,150
139,155
170,18
4,873
91,699
72,683
76,43
136,220
196,55
139,293
195,685
45,381
111,173
29,936
99,809
34,868
21,636
23,580
98,13
48,507
139,572
