2500000
190,726
167,661
98,41
168,105
153,574
53,506
43,19
88,747
60,711
152,344
102,300
79,58
126,404
5,989
55,90
50,559
117,861
111,878
40,537
86,79
104,66
28,630
11,761
180,138
62,465
143,930
74,589
152,266
113,230
158,474
178,463
139,588
39,825
65,426
108,672
117,200
71,11
104,168
51,135
176,891
119,689
165,138
137,157
165,620
1,911
126,574
101,322
93,504
5,406
96,541
156,362
91,978
130,768
75,60
166,647
154,239
70,595
43,186
161,368
179,556
36,890
154,389
87,28
147,936
128,885
138,21
186,718
25,945
160,251
64,149
43,320
148,442
185,964
183,783
13,175
86,635
183,704
160,360
170,288
61,862
51,51
136,862
187,90
82,203
78,627
32,856
34,311
160,223
173,708
185,518
39,886
64,672
52,333
186,664
178,225
197,583
83,671
139,185
128,815
180,217
144,174
40,567
46,626
125,268
27,78
103,267
189,356
147,176
167,36
140,338
183,149
12,846
109,378
116,194
182,823
148,158
63,448
54,477
12,360
5,560
136,555
179,807
41,980
131,358
188,254
188,268
62,515
120,916
125,575
187,952
89,136
160,551
191,547
111,589
56,418
170,656
52,268
192,636
9,285
104,660
187,361
128,353
159,431
50,196
103,401
117,718
18,375
122,380
139,857
24,231
155,805
29,261
160,296
14,553
143,647
55,2
83,49
49,905
1,717
194,488
127,50
177,264
162,561
2,30
86,531
21,752
52,586
15,861
14,827
113,857
110,781
80,580
120,424
94,245
189,633
44,698
198,637
92,29
132,750
28,101
42,333
101,196
144,353
37,888
126,599
162,909
148,886
114,889
171,248
140,112
9,141
92,637
196,329
183,297
1,824
191,556
23,778
116,682
129,234
147,393
120,332
145,36
122,813
66,741
171,325
156,182
193,124
122,647
34,832
109,699
42,443
22,440
113,190
86,812
57,216
112,731
150,661
99,410
62,109
37,223
169,918
56,257
3,183
151,245
172,168
30,973
176,345
102,236
150,874
65,795
34,924
122,650
51,335
125,435
94,367
98,689
107,186
48,706
55,619
49,798
192,634
167,291
153,600
193,470
97,853
28,905
71,205
49,331
190,230
164,447
29,582
133,291
51,82
76,234
142,237
40,455
139,132
98,542
86,3
115,159
60,738
188,268
69,69
81,412
58,370
176,558
2,180
69,965
61,203
35,49
187,782
100,256
28,972
97,923
171,83
138,827
156,511
169,432
172,539
117,529
160,824
81,711
66,304
182,513
71,436
140,716
164,308
165,257
41,7
132,266
185,156
97,999
186,870
33,906
186,340
6,697
154,399
31,214
144,800
37,542
77,13
142,831
195,338
89,548
190,811
105,730
115,597
200,650
16,465
166,94
183,485
78,527
82,98
40,852
153,993
109,639
169,309
125,408
95,706
89,212
182,427
195,361
107,687
158,554
99,324
40,617
188,778
129,527
101,643
1,502
181,256
154,689
112,165
64,92
144,678
155,747
149,680
130,105
105,837
199,116
181,424
67,606
118,442
101,31
108,389
107,114
99,823
102,291
148,934
177,27
163,261
147,920
173,83
137,706
76,525
116,195
38,544
150,876
200,54
107,228
102,858
115,144
41,334
39,89
36,813
102,344
30,916
124,606
76,677
189,394
59,809
104,699
82,568
36,526
167,105
161,518
46,970
179,698
102,206
162,654
196,670
157,929
53,573
186,49
66,765
35,426
157,786
19,861
149,821
132,752
127,558
189,232
180,483
54,508
23,267
121,780
139,978
123,890
64,332
95,394
63,600
118,666
74,277
26,475
184,813
69,843
199,890
153,105
82,465
98,651
186,511
181,581
164,321
130,732
154,729
66,983
76,333
74,174
117,964
111,52
76,360
117,157
64,189
8,806
188,799
10,631
58,970
51,445
58,754
146,608
139,2
9,572
103,588
179,840
72,487
105,33
61,327
82,955
43,619
52,358
144,400
92,342
61,640
185,191
140,411
194,103
184,113
131,585
95,935
46,639
180,459
123,655
112,425
112,154
129,290
188,800
64,54
180,865
198,597
108,150
160,926
69,384
162,807
155,573
172,754
160,620
100,824
165,669
180,540
167,473
131,611
188,656
94,698
6,242
3,258
136,61
3,818
125,324
50,374
56,846
110,511
165,138
24,735
8,477
47,254
7,975
187,565
60,356
168,681
37,525
50,749
159,504
166,261
181,609
134,317
164,684
172,995
26,948
149,830
119,743
162,24
197,687
40,233
98,587
65,498
126,983
84,735
80,348
95,614
69,137
176,752
30,293
47,48
128,413
199,323
173,637
26,175
156,821
62,671
15,156
52,113
130,764
65,684
70,435
134,338
101,235
102,52
168,548
134,943
172,983
116,61
101,768
15,113
130,633
78,92
8,599
72,566
183,81
81,603
181,174
63,548
164,215
80,807
15,535
99,926
193,564
40,305
171,557
101,857
115,823
101,240
31,860
189,470
17,269
46,553
55,202
29,84
168,798
39,628
61,995
178,618
65,404
151,496
35,735
64,790
123,366
59,440
127,172
97,996
70,647
61,748
116,412
70,746
124,491
25,148
137,868
80,769
10,964
194,552
42,263
41,572
3,448
54,938
16,317
27,945
165,558
143,981
45,74
8,726
186,47
167,666
39,220
83,127
45,808
57,752
9,504
65,812
60,727
95,915
5,32
165,502
113,305
39,119
52,281
128,108
14,644
175,334
22,13
65,208
154,25
64,3
47,791
182,768
171,816
157,569
91,673
79,455
72,383
90,314
89,267
129,596
14,858
157,553
170,572
58,350
161,133
79,871
70,699
104,371
112,308
81,543
69,759
115,902
78,502
111,919
101,500
134,233
144,825
184,882
79,213
169,385
74,596
42,484
109,253
105,278
72,818
112,814
73,462
159,353
35,889
43,513
22,120
67,284
54,119
157,299
168,787
45,335
158,970
169,803
5,39
18,922
106,921
96,59
183,355
95,818
88,504
33,487
54,199
110,290
75,422
143,146
24,262
64,682
108,473
115,269
176,529
148,318
58,123
161,64
182,473
57,615
18,797
5,515
49,225
182,722
29,489
46,102
100,200
19,113
137,60
14,423
54,270
107,847
146,121
43,898
175,975
33,756
145,74
10,484
18,529
62,969
91,42
139,253
51,245
37,647
123,704
75,333
13,635
121,44
103,714
47,886
193,631
103,37
173,313
121,62
4,192
75,90
118,537
53,451
159,222
90,871
48,176
74,888
187,96
182,549
51,333
116,93
159,964
11,807
157,162
98,438
173,212
131,152
32,756
49,464
183,567
58,799
110,584
35,744
198,946
100,839
148,464
60,719
66,861
92,22
180,706
198,214
77,108
188,692
143,47
174,576
18,475
124,755
24,181
5,982
59,586
40,452
43,179
72,75
134,265
11,961
132,798
32,84
162,999
26,975
88,400
64,475
34,257
130,859
181,810
130,996
39,512
118,933
83,177
92,58
111,93
169,355
132,228
111,483
8,127
178,724
187,601
81,598
177,111
81,660
154,531
116,369
33,45
165,970
70,920
169,943
77,76
12,372
24,106
199,469
171,284
49,746
168,59
133,441
74,353
197,468
30,69
17,870
116,435
22,860
54,976
100,236
69,1
123,453
66,604
100,200
5,918
174,698
53,612
159,62
105,929
58,387
174,850
168,133
153,298
3,992
31,658
99,979
18,995
28,460
21,503
150,144
12,441
194,69
129,863
8,806
112,309
120,259
153,532
93,210
45,2
67,967
114,258
186,710
27,380
74,131
60,6
57,945
44,144
99,403
165,571
143,858
36,803
120,71
76,477
19,176
147,59
118,234
101,155
120,552
107,315
60,292
188,624
7,39
12,393
173,203
133,390
175,691
138,474
167,719
124,86
105,754
131,938
120,107
109,186
85,398
174,882
87,323
130,999
135,24
157,9
169,285
53,607
25,257
39,160
16,266
166,680
83,306
144,734
21,850
131,677
7,826
100,492
82,169
50,881
177,826
144,891
99,780
116,339
158,330
159,319
10,531
26,794
120,425
149,697
88,622
17,329
96,870
82,260
13,689
25,945
31,989
140,731
52,382
170,652
168,618
35,177
139,565
149,360
192,146
155,305
198,99
133,980
195,53
186,195
158,388
127,579
26,246
115,606
177,406
139,44
152,994
188,666
131,230
193,918
22,643
163,426
81,229
179,66
118,681
92,593
89,870
180,857
163,614
84,825
126,944
13,642
131,329
190,507
140,44
113,4
94,973
192,840
126,243
5,887
32,702
195,822
73,312
25,193
40,764
23,44
186,164
49,373
77,446
171,293
2,449
168,652
108,134
54,442
179,184
42,613
10,357
42,617
155,7
12,613
26,733
167,914
145,538
32,838
17,221
133,336
6,275
64,675
101,724
143,234
46,490
65,581
117,935
199,117
32,109
134,104
169,144
177,648
31,951
77,904
60,758
24,320
101,95
93,67
83,423
149,488
86,678
129,676
155,484
28,311
66,921
153,709
103,597
176,190
14,265
38,138
64,810
62,64
19,849
29,16
48,434
120,461
46,176
115,787
58,626
93,912
149,820
18,878
7,961
113,508
24,152
45,587
135,913
21,982
99,915
7,736
111,692
175,178
198,473
111,591
167,219
51,626
14,859
113,142
97,653
12,581
97,170
120,85
84,231
142,448
133,71
65,624
190,907
4,677
107,259
138,700
145,841
57,413
97,31
70,107
65,345
51,282
37,72
177,442
115,282
15,207
128,742
147,868
149,778
74,315
73,748
127,138
81,470
60,802
191,7
141,702
85,932
194,602
148,933
174,70
167,336
78,281
165,955
151,210
118,421
144,238
132,798
35,469
186,537
47,445
165,103
144,827
79,931
163,700
117,251
142,107
124,595
199,154
71,969
121,648
165,621
39,916
12,673
186,19
72,491
130,312
170,682
44,642
81,950
67,85
190,677
115,407
124,620
190,548
65,157
51,959
2,711
134,368
186,535
80,231
175,850
165,906
147,689
117,842
62,136
102,223
146,481
69,35
9,408
175,192
136,759
40,465
59,187
49,653
105,60
46,278
87,864
160,241
112,539
74,898
47,720
40,431
60,156
54,299
126,628
97,613
146,163
61,988
44,361
124,830
66,892
1,392
122,980
23,508
93,275
61,515
62,651
199,411
103,166
72,933
147,829
98,501
191,315
149,757
145,846
87,596
195,951
44,614
9,688
132,258
190,583
132,697
123,957
81,245
134,680
109,546
106,992
196,101
70,176
42,291
171,279
109,254
50,521
139,190
30,225
102,466
77,115
30,355
66,26
179,618
150,923
33,394
69,790
200,802
25,889
16,333
11,281
134,828
174,693
88,737
30,829
86,304
83,90
11,407
159,749
165,111
92,307
142,459
129,439
119,444
82,497
61,433
191,394
84,918
22,914
56,369
200,141
116,203
37,190
174,809
181,157
124,454
134,681
136,823
33,930
3,558
45,254
5,546
182,247
64,309
8,131
39,599
116,106
195,418
156,352
162,600
175,187
31,800
146,144
16,68
159,495
111,600
175,912
31,259
62,714
46,722
128,674
89,2
61,232
153,751
36,606
192,624
81,661
89,403
102,834
59,824
149,335
26,583
174,5
132,698
19,15
159,847
85,632
43,688
5,555
21,800
194,757
189,411
92,163
63,342
110,464
100,939
159,718
63,880
17,465
50,409
9,682
96,947
87,38
55,755
113,759
8,570
75,122
45,483
89,938
77,135
105,305
6,945
146,520
111,447
191,682
192,19
152,521
87,432
72,21
181,428
178,735
149,45
106,878
158,943
125,547
185,37
119,343
145,790
155,987
52,974
47,136
84,532
42,698
9,173
71,839
65,365
27,270
148,543
74,249
105,256
135,208
33,232
72,9
3,853
80,673
81,628
67,873
143,507
166,134
186,287
92,65
151,535
45,242
119,195
186,731
137,629
104,690
2,712
48,467
3,991
119,701
170,285
3,857
57,717
58,684
81,428
133,447
40,474
34,566
44,77
113,350
35,816
150,497
69,76
1,578
153,355
165,380
97,67
198,220
66,825
71,383
155,277
5,629
149,732
57,176
172,72
6,945
191,568
108,256
55,916
75,904
168,796
43,109
177,693
117,579
110,455
23,822
8,901
25,993
132,280
32,788
175,832
118,444
93,732
122,754
173,432
71,959
105,42
8,744
164,148
55,402
85,244
162,772
93,732
146,170
131,368
176,675
151,346
111,426
61,570
172,654
38,948
17,467
56,901
20,515
112,495
113,429
124,99
158,183
167,791
8,601
182,760
11,45
110,823
155,456
118,502
111,787
140,627
195,276
50,976
29,664
9,855
60,225
8,185
178,758
78,820
58,621
3,20
135,545
150,867
8,25
119,878
7,608
30,853
107,683
159,228
183,604
47,252
49,614
22,761
24,291
12,957
137,320
19,463
85,182
47,53
7,536
150,952
113,249
40,349
133,914
164,732
110,588
56,500
195,330
144,788
117,153
63,951
130,491
128,446
33,480
143,480
155,285
134,495
145,351
174,788
119,899
88,447
39,343
119,397
70,634
55,440
78,375
117,730
177,497
141,600
155,929
40,59
95,175
191,111
115,263
128,124
185,707
165,702
118,855
160,401
163,597
98,852
163,894
197,792
112,305
28,90
68,504
85,271
103,208
152,101
90,291
26,232
191,5
128,3
23,546
87,688
50,796
60,75
146,260
1,928
18,237
169,281
91,524
108,691
180,216
28,408
32,696
109,465
49,996
5,439
149,253
46,612
176,175
75,968
173,701
150,410
58,266
86,229
94,345
179,919
126,53
22,13
15,430
39,66
182,140
199,73
55,225
78,574
122,822
180,389
156,37
165,840
21,88
134,859
190,696
155,603
199,876
49,978
167,299
30,442
138,157
32,13
121,349
74,97
65,480
9,231
37,343
80,276
126,590
119,949
172,46
178,432
125,374
117,990
160,307
47,339
54,649
67,68
108,869
184,168
26,414
175,254
116,951
22,967
14,476
63,799
65,314
164,204
11,122
123,413
126,60
43,324
135,916
154,358
155,827
155,906
49,655
142,452
114,505
100,730
92,809
50,718
63,428
97,477
130,285
36,104
110,807
118,74
180,796
98,806
38,954
10,271
192,10
10,971
56,418
46,861
45,153
137,956
74,203
120,885
16,404
85,189
82,897
111,379
132,221
16,341
90,471
160,130
4,861
182,106
73,701
105,839
104,714
40,561
13,272
20,324
142,116
146,958
70,128
42,196
51,922
4,746
170,585
92,844
132,21
14,966
58,479
160,616
93,621
163,12
185,660
137,39
35,277
11,88
64,718
4,702
80,700
199,231
191,691
131,468
80,326
20,338
137,870
179,980
148,781
161,827
180,157
69,514
166,951
171,512
12,726
19,951
36,1
72,824
156,955
187,795
53,712
124,863
41,650
159,223
164,817
156,814
74,561
55,209
98,199
14,100
2,939
53,960
53,545
1,687
130,913
125,293
43,110
140,531
134,175
24,25
78,804
1,617
167,834
200,516
90,62
149,913
98,419
75,331
126,861
14,1000
120,206
165,979
50,993
113,421
188,166
132,335
79,436
127,319
179,527
134,875
86,96
14,952
163,736
86,572
170,60
165,414
17,112
66,880
197,515
104,309
197,95
175,495
111,717
149,816
107,433
149,553
113,813
71,202
75,583
115,144
99,47
62,717
129,929
148,837
179,664
144,564
30,223
90,678
90,979
126,922
199,1
20,159
53,524
194,282
92,426
9,332
119,630
152,804
157,553
108,850
111,554
76,624
121,222
69,97
29,185
84,659
98,244
145,151
110,753
185,209
177,670
193,169
42,926
66,676
52,696
160,768
79,849
51,48
105,209
160,274
98,713
122,702
18,536
24,282
139,602
146,513
163,236
45,743
37,428
134,851
39,487
173,326
29,822
49,382
12,881
115,623
122,102
2,974
25,631
13,908
15,563
42,393
38,19
169,557
59,524
65,669
179,867
26,295
176,29
110,882
60,212
28,148
198,817
37,538
46,641
156,321
104,156
121,817
1,637
78,365
63,195
60,840
193,579
144,788
170,117
164,812
185,58
112,607
69,211
64,635
35,478
126,340
69,502
112,27
135,217
194,533
70,9
184,796
164,78
134,508
115,338
156,679
91,136
186,169
22,21
46,666
168,243
13,841
188,512
4,201
5,849
142,6
175,266
50,547
155,34
90,872
124,115
35,818
157,768
102,206
62,32
61,177
180,191
56,170
131,17
48,679
125,446
153,463
64,629
150,965
33,627
36,55
84,159
10,752
200,105
58,678
166,379
191,991
160,17
57,337
199,165
30,619
23,993
160,921
188,831
50,760
129,96
126,658
168,104
115,509
151,699
92,889
147,738
158,460
79,580
109,327
122,627
146,270
89,535
136,162
125,201
123,222
74,395
179,207
5,752
183,63
139,892
111,6
20,159
26,580
139,859
59,798
133,589
47,328
107,364
7,926
120,642
134,167
54,814
14,195
69,832
187,351
111,90
25,345
110,208
168,550
151,504
125,399
61,244
188,551
42,38
62,508
171,160
158,918
90,469
103,109
93,97
110,906
159,713
75,832
29,818
10,509
92,945
38,475
81,713
3,110
31,885
42,814
101,188
175,629
200,425
45,835
128,822
136,847
43,28
192,481
156,485
190,30
138,242
140,681
54,279
26,270
42,874
18,526
12,263
25,837
128,789
144,765
24,835
138,458
21,326
32,940
184,341
67,941
172,166
147,30
37,642
157,558
92,927
146,865
63,672
152,198
169,64
10,50
28,198
92,699
195,638
147,931
164,270
55,432
34,276
86,853
90,53
113,748
177,496
60,809
81,580
152,34
107,845
99,90
9,231
108,839
102,537
130,892
81,704
156,828
28,282
49,629
174,547
27,21
154,284
129,181
110,214
22,925
197,286
163,415
28,375
193,640
21,76
142,399
109,834
132,475
155,395
31,288
82,97
57,759
124,703
159,256
24,6
140,882
183,578
96,863
156,570
157,766
65,114
75,832
23,971
4,456
152,107
66,930
48,626
159,329
88,608
44,975
2,479
198,661
111,650
161,176
3,964
21,865
160,562
183,115
93,875
9,34
22,732
82,276
2,24
12,603
99,868
176,217
153,399
108,89
81,992
74,537
138,386
21,864
126,995
130,189
170,966
115,369
172,451
190,89
84,284
62,479
64,100
130,777
14,1
164,324
185,114
69,534
15,846
1,353
118,561
93,891
181,187
43,398
147,494
112,796
3,413
125,335
151,22
99,142
46,607
83,15
108,942
74,125
185,992
102,25
97,295
35,791
171,286
101,726
55,301
144,574
13,195
21,906
74,409
39,617
49,673
170,395
160,955
199,782
137,244
39,977
51,530
152,560
162,530
123,966
149,647
38,343
68,689
69,366
101,324
181,684
112,983
52,848
113,512
156,578
89,906
78,414
78,692
26,213
17,925
157,366
144,733
50,492
119,114
43,490
16,411
39,651
10,152
14,873
170,868
157,527
173,167
64,789
138,697
155,6
184,70
22,295
29,834
27,270
24,284
15,476
53,163
121,773
63,975
141,752
1,353
12,749
104,732
78,128
12,5
55,845
173,854
46,237
158,144
71,353
64,677
88,921
24,336
123,138
2,414
6,442
30,663
167,56
1,887
184,45
84,638
109,92
78,461
89,769
109,448
42,391
108,674
99,216
154,523
134,902
157,764
55,826
108,14
179,6
61,822
138,817
178,584
128,667
66,417
182,580
76,241
102,881
99,730
185,73
104,624
10,99
197,872
174,331
183,367
94,967
22,457
30,12
61,322
141,215
5,626
159,167
179,857
69,634
59,954
172,7
131,237
42,642
98,284
97,505
159,873
175,522
9,275
12,977
59,738
64,645
155,650
166,135
170,577
165,589
115,679
91,919
32,217
1,89
184,869
178,316
40,777
146,966
67,638
57,67
115,572
99,39
183,363
171,527
180,724
122,499
161,548
56,431
74,937
68,676
73,554
33,165
13,847
77,505
47,353
193,951
96,268
162,155
90,988
7,434
27,379
28,839
117,895
50,610
55,587
49,851
79,130
28,288
80,959
25,987
16,689
198,540
23,876
17,817
188,678
187,424
96,227
117,803
85,838
95,482
103,565
176,26
97,668
72,568
113,758
180,904
135,818
167,817
137,394
175,559
157,465
72,194
155,604
33,58
86,470
60,832
24,258
177,857
92,882
108,741
21,361
138,490
141,43
48,23
90,918
120,950
101,954
15,188
115,275
157,508
70,325
73,712
93,568
16,332
181,921
38,240
102,433
67,711
6,539
118,112
29,156
20,817
73,567
163,412
74,342
187,770
112,972
66,786
174,14
112,115
114,30
109,948
101,58
51,743
34,482
157,539
46,703
62,513
38,671
116,331
28,11
49,451
115,879
85,55
154,886
132,510
10,886
162,301
192,706
71,697
99,970
85,600
181,978
154,905
189,840
58,537
4,782
83,360
84,376
126,775
140,406
167,164
37,446
157,300
115,870
98,195
153,803
27,506
30,303
110,502
72,102
129,675
47,285
122,824
58,421
132,186
57,49
17,362
114,423
159,877
51,87
94,967
151,131
1,41
188,10
30,225
154,23
151,699
46,5
137,52
148,888
8,869
1,811
78,615
8,782
59,411
160,492
194,939
177,982
48,540
121,299
19,433
132,721
75,589
149,728
12,900
109,515
111,542
189,509
182,97
192,631
131,908
7,489
83,315
20,818
168,448
24,165
185,236
95,270
63,507
41,127
66,106
18,953
47,127
165,285
54,149
59,829
186,986
111,954
77,962
175,534
7,414
92,992
61,74
133,918
113,958
109,984
23,489
54,168
161,383
53,845
2,826
75,45
128,405
167,952
101,831
45,731
16,514
135,980
13,647
169,922
95,28
104,555
133,803
69,875
197,676
57,723
123,670
144,278
68,785
113,745
171,891
163,867
45,460
170,935
7,150
95,59
2,647
10,398
107,625
163,695
20,327
42,458
110,487
94,409
16,275
95,851
163,114
149,890
7,243
82,731
2,10
83,247
187,327
47,296
81,421
33,615
56,14
137,873
191,110
177,688
84,418
147,517
139,733
93,182
84,832
86,997
192,418
194,786
185,885
175,9
146,467
128,881
115,772
149,665
177,550
74,160
52,742
89,989
157,432
186,453
74,92
103,356
9,869
101,758
19,394
165,816
132,424
83,636
61,667
54,401
154,619
117,788
39,124
95,638
17,602
199,900
136,907
71,710
174,860
23,391
124,979
31,361
21,695
52,858
40,485
98,320
191,51
134,610
179,512
20,934
29,206
137,658
101,527
54,815
100,196
77,162
90,740
196,738
24,386
105,216
154,925
49,867
184,751
96,499
137,556
141,111
172,401
154,963
124,772
95,459
20,149
5,156
123,680
13,146
198,589
57,980
52,989
127,932
128,151
31,47
186,54
61,633
115,220
172,955
37,764
140,152
59,365
187,269
18,973
89,26
171,585
85,369
151,51
194,20
36,667
28,569
83,736
191,80
90,608
129,538
115,450
160,87
7,324
163,124
175,128
193,898
114,753
182,432
171,610
161,889
113,6
145,819
168,404
111,576
140,148
127,967
67,234
10,865
27,616
149,307
22,679
42,915
79,779
99,131
43,562
31,858
4,140
45,927
5,194
168,549
75,202
31,530
167,854
192,493
148,148
42,403
19,317
150,380
95,427
25,62
122,457
13,97
77,655
2,545
43,208
68,935
81,587
140,528
82,913
177,777
172,792
41,148
50,415
46,356
197,603
37,478
98,188
92,843
107,440
41,650
51,776
27,253
149,521
112,612
22,685
109,897
146,357
65,632
112,535
62,171
73,229
157,583
32,796
17,505
73,532
199,430
106,96
80,456
31,418
110,735
29,358
184,203
28,962
117,720
118,881
87,872
110,667
23,934
71,146
95,537
125,299
46,281
10,214
146,654
118,736
65,673
175,256
150,291
190,532
159,412
129,739
194,1
179,50
75,632
172,841
154,923
167,919
183,538
145,266
29,572
143,224
180,651
197,467
138,665
76,930
37,61
101,857
184,375
102,703
33,797
35,980
8,795
189,147
180,985
102,839
43,595
59,216
19,481
166,4
108,127
146,752
63,102
118,989
195,37
9,922
14,735
112,879
151,703
8,952
184,145
145,423
91,693
160,995
126,500
152,8
103,81
106,275
38,231
190,850
102,779
100,660
45,185
123,621
174,311
159,172
124,936
192,863
159,168
77,303
46,671
147,187
166,973
79,302
80,598
189,458
58,683
61,894
35,950
81,589
13,151
189,613
99,188
148,117
147,699
8,969
4,436
60,775
136,147
93,44
177,599
66,416
25,858
71,383
19,769
148,304
66,383
33,555
1,219
69,517
48,277
167,574
189,207
189,446
54,724
133,842
113,983
193,692
48,109
184,545
179,80
14,540
75,311
186,520
19,61
67,239
136,383
34,355
168,501
187,237
71,758
78,326
59,898
91,219
109,632
109,485
139,817
181,666
111,188
7,604
23,286
56,806
17,698
179,354
33,161
136,29
69,22
58,276
97,416
15,129
122,288
88,499
117,71
154,226
14,779
100,80
189,171
162,850
149,140
23,946
150,154
114,586
134,995
68,165
154,23
96,329
128,259
132,118
69,403
197,499
107,772
81,559
20,768
25,837
154,987
132,11
192,989
6,649
1,431
14,304
11,862
169,36
176,725
193,37
190,338
143,970
90,829
139,504
188,440
180,737
9,503
122,95
124,994
81,222
27,612
57,412
4,467
5,843
60,848
129,711
177,807
90,167
167,453
115,418
65,914
175,941
161,614
37,605
44,711
148,911
180,463
87,690
50,292
63,749
166,554
73,629
88,672
87,17
135,168
49,502
134,301
142,348
35,843
147,41
56,712
141,495
174,345
89,43
44,99
88,843
62,150
64,163
55,746
176,63
47,447
158,734
198,375
13,925
133,32
132,539
118,337
36,362
11,993
113,525
41,656
158,370
27,85
67,383
91,994
120,232
51,93
150,440
147,102
144,45
165,495
129,92
110,111
46,396
5,750
119,540
170,16
122,61
159,560
183,148
21,82
28,364
186,99
127,647
67,632
36,21
140,41
160,305
10,819
167,294
92,752
177,129
165,304
138,907
194,120
164,35
164,788
156,28
114,16
147,666
55,354
105,745
151,276
29,422
157,146
115,279
21,970
115,654
169,355
172,563
21,948
145,258
51,349
180,277
161,251
152,160
45,327
126,267
37,917
185,757
100,381
170,928
199,884
61,278
92,909
177,77
98,276
182,620
167,854
141,881
9,617
41,453
93,817
109,832
105,221
117,457
26,753
5,23
172,576
94,47
16,57
6,214
41,644
10,780
121,491
200,483
14,408
154,611
182,384
104,314
87,957
159,775
133,34
28,944
34,467
196,104
126,49
184,449
55,668
141,432
131,552
25,518
40,675
40,674
36,631
193,317
46,799
195,943
139,551
87,847
27,631
31,881
157,583
49,575
165,724
31,274
113,624
50,679
137,549
173,893
123,63
10,678
167,926
51,678
175,979
105,196
196,643
51,753
90,12
186,988
89,712
132,26
29,891
100,206
73,825
136,763
130,95
152,135
99,501
173,704
171,742
134,358
138,123
195,437
80,764
125,203
31,992
14,540
86,915
90,295
37,697
180,630
96,914
173,447
99,374
180,821
19,806
36,901
15,465
90,617
185,147
176,165
128,197
183,3
156,845
126,479
189,980
40,858
96,77
78,987
28,552
200,568
107,409
113,553
124,389
15,339
159,7
23,768
59,333
33,435
29,235
84,574
181,744
123,567
176,432
79,517
89,135
87,208
58,701
89,190
134,693
28,184
117,973
171,875
158,480
186,688
108,399
188,234
52,254
46,734
166,349
71,46
94,36
169,219
45,223
146,722
14,943
134,456
161,124
76,337
64,441
162,308
125,400
2,626
131,453
99,617
59,629
162,838
132,680
119,841
13,376
102,324
109,5
151,279
110,26
54,251
93,713
123,668
142,895
31,640
29,979
81,872
195,136
17,252
141,649
5,107
145,832
34,334
64,735
186,403
14,344
134,738
60,219
125,166
30,845
117,158
104,494
23,402
98,804
152,999
169,467
65,84
119,720
78,808
40,586
138,268
20,104
19,2
92,263
83,771
151,204
133,551
33,301
189,142
37,357
11,817
53,480
61,323
54,947
194,415
101,827
169,91
46,484
140,429
170,207
180,909
78,210
101,832
129,249
65,647
125,644
186,717
175,900
55,842
195,436
94,762
135,468
131,547
189,23
94,363
52,199
57,743
21,447
81,329
94,827
60,920
13,936
37,854
89,684
124,511
79,561
134,911
145,230
109,635
25,843
115,66
6,751
91,102
118,168
150,233
167,104
92,876
180,608
99,936
166,551
79,436
130,89
85,662
164,130
185,283
94,312
49,618
17,641
153,899
103,525
144,98
130,910
108,936
63,660
57,321
78,602
43,658
112,104
3,556
154,571
187,541
23,180
150,814
200,796
172,754
128,20
106,698
104,932
195,590
167,384
120,914
108,652
112,9
46,13
95,551
59,561
120,400
168,955
94,902
174,600
100,952
35,721
68,521
25,419
173,737
193,874
10,764
28,546
90,685
108,138
141,173
123,598
48,615
98,494
200,948
47,905
26,804
91,303
146,874
140,96
172,364
148,115
17,336
177,946
110,117
53,483
56,480
43,753
38,319
11,272
18,774
124,782
8,598
176,263
192,763
185,257
40,729
88,890
17,693
79,514
138,855
37,832
129,147
107,167
160,96
38,389
127,421
49,303
5,584
123,253
2,963
38,929
141,19
152,869
146,471
20,580
186,214
80,162
78,325
23,832
130,970
132,225
132,584
108,938
178,923
35,578
156,182
41,106
37,503
193,524
149,495
58,421
97,725
154,983
167,361
177,702
57,902
121,39
167,92
146,334
62,868
80,834
138,936
56,660
132,168
60,828
80,879
77,558
53,201
4,726
143,999
93,722
147,33
167,661
45,185
157,189
139,168
164,533
129,111
172,257
155,780
37,572
8,292
161,727
73,802
197,119
143,460
23,429
4,473
104,221
125,670
129,397
64,48
127,143
174,174
163,668
32,24
76,151
156,154
135,45
139,307
79,20
163,721
45,825
129,467
104,967
89,702
69,969
160,843
108,58
4,435
24,189
2,856
17,800
69,352
133,978
73,327
17,32
185,128
100,767
142,195
147,401
39,221
118,833
123,576
40,573
97,297
32,840
63,535
62,735
59,829
157,889
157,958
34,199
11,744
14,377
189,209
96,205
193,193
182,873
35,257
5,926
55,662
50,104
189,590
1,432
141,920
189,518
141,883
182,597
165,595
186,279
199,773
100,727
136,836
170,31
98,628
188,695
110,735
135,853
57,882
43,187
63,737
120,467
153,197
95,591
198,90
68,23
191,728
84,131
63,897
41,272
49,822
77,583
200,350
61,103
11,657
146,488
162,847
24,640
112,289
144,814
102,805
132,48
10,222
24,239
139,181
31,675
35,718
94,543
170,86
180,778
90,149
41,68
82,587
180,14
61,151
23,257
35,93
172,939
151,88
123,537
138,179
41,953
145,990
98,125
141,947
35,919
4,34
10,716
120,860
124,587
115,537
192,27
68,894
10,239
186,904
48,992
23,804
190,237
97,148
32,139
44,559
3,283
67,483
200,706
189,251
137,521
101,14
1,487
17,200
33,162
39,253
182,760
34,855
67,126
143,275
88,792
136,488
138,524
6,191
90,537
65,127
187,826
41,834
71,985
50,390
36,337
85,183
194,60
124,503
55,17
115,682
196,163
49,83
111,515
154,907
12,571
125,486
77,927
164,797
4,864
168,121
138,400
115,487
142,588
169,926
13,432
57,257
174,232
198,52
61,162
63,447
14,418
154,812
8,359
197,234
193,713
184,603
18,348
1,877
166,248
179,655
50,769
199,202
92,149
175,587
23,189
190,315
67,906
15,131
132,737
160,119
192,522
160,153
53,389
112,135
85,248
190,599
154,784
131,787
10,828
196,952
47,40
196,322
111,24
82,628
65,939
8,424
111,963
179,908
177,113
171,97
163,581
46,134
129,77
12,791
38,502
194,465
22,567
43,524
65,275
185,223
191,181
115,232
24,594
113,180
196,924
130,333
106,645
128,709
95,850
92,593
157,51
68,234
187,887
4,805
33,668
177,892
42,129
104,428
160,831
52,420
120,275
146,442
118,353
83,716
153,41
18,966
187,238
55,630
65,927
60,939
137,578
18,436
74,355
43,882
156,489
166,439
190,365
44,129
95,626
34,670
172,709
93,629
179,234
160,572
91,733
131,490
15,133
59,950
12,83
75,967
4,385
91,100
133,141
16,471
181,901
124,13
102,392
6,979
70,438
6,384
87,698
31,247
189,186
133,300
115,805
160,490
164,483
58,521
64,265
91,27
48,389
15,361
134,226
179,730
186,439
120,273
116,860
60,67
169,86
71,542
20,621
109,414
11,741
178,607
130,100
92,339
31,287
72,914
184,175
26,139
179,69
50,710
51,788
39,625
182,86
112,920
53,629
127,219
60,292
189,605
68,200
149,904
118,119
49,825
21,175
140,238
105,620
161,143
94,506
149,354
12,105
157,140
63,454
5,521
102,43
73,780
100,771
192,601
178,473
115,621
120,846
1,549
187,637
179,457
192,487
30,288
10,207
110,612
84,390
86,730
159,207
156,939
182,191
97,916
177,329
88,620
116,556
200,708
97,249
185,756
38,834
131,678
168,591
94,181
192,271
60,571
181,460
171,971
118,671
78,65
72,670
176,168
109,930
104,937
33,802
132,774
127,769
134,538
17,31
75,300
116,596
1,34
130,204
36,798
170,79
32,761
90,256
183,504
180,818
7,200
168,586
31,310
113,618
9,180
119,267
182,514
94,812
29,676
120,514
175,183
37,511
23,448
134,853
14,560
28,137
76,600
82,806
8,128
70,316
151,640
164,693
177,596
190,135
67,381
103,12
168,919
123,443
158,538
127,28
76,505
36,83
189,577
26,909
70,521
47,913
28,736
21,745
44,234
134,871
28,900
81,775
184,749
155,169
51,138
181,380
177,849
29,597
122,634
58,896
184,389
15,795
21,351
86,590
125,801
185,860
194,520
128,496
137,918
88,874
94,955
140,213
173,376
10,910
197,746
73,34
149,946
49,952
185,745
178,261
87,87
158,931
146,148
99,106
143,439
1,916
192,399
33,967
130,235
82,893
150,821
73,262
171,517
52,713
150,593
41,866
169,122
7,220
200,965
103,694
194,784
151,544
112,233
34,916
112,671
35,148
18,782
150,252
39,377
33,135
78,531
98,368
168,245
169,769
120,318
37,62
63,87
182,321
8,299
103,456
104,142
150,232
164,883
126,53
54,74
21,691
143,423
2,480
39,516
129,403
6,574
158,322
148,310
32,757
177,740
64,652
145,709
24,72
99,955
152,188
168,260
142,842
156,641
79,870
175,529
58,346
183,807
143,620
131,547
169,348
139,600
135,688
106,73
138,987
106,661
13,310
195,396
131,969
66,64
50,145
122,86
90,41
151,557
188,947
38,323
158,559
154,494
177,273
135,136
76,977
69,445
19,28
54,908
35,881
98,15
52,974
87,131
198,216
166,80
121,249
179,34
47,535
123,102
31,930
38,723
106,819
163,299
89,223
122,348
18,825
40,2
62,495
159,130
44,565
152,478
160,621
189,19
183,2
58,112
172,989
81,344
67,725
54,976
9,112
4,149
128,268
9,327
183,696
62,604
172,714
5,274
5,475
19,684
65,198
5,460
103,416
120,41
104,117
62,926
93,349
156,373
18,46
102,652
17,233
21,423
106,293
110,334
185,965
146,489
194,916
41,821
121,206
110,215
56,97
189,538
49,653
22,179
49,781
163,649
128,130
54,473
178,247
97,983
182,557
5,78
96,861
44,358
189,349
175,328
159,969
56,174
165,269
146,349
153,434
148,744
131,475
11,520
86,240
174,180
49,20
169,866
53,987
32,779
69,205
84,296
97,33
168,257
104,916
68,408
134,897
40,593
72,134
100,494
4,147
155,430
169,164
139,375
109,966
19,688
165,907
112,760
189,206
192,910
92,488
188,422
74,654
133,65
172,625
80,444
137,880
89,833
50,689
34,396
160,15
107,402
130,381
157,403
81,822
198,144
29,410
15,183
16,945
122,666
175,530
194,202
65,248
83,870
54,837
197,719
80,511
26,809
6,695
160,992
197,915
15,20
72,951
82,464
5,917
85,319
168,769
148,187
15,508
179,122
170,370
186,401
168,590
30,534
48,939
163,467
31,451
180,692
3,82
149,814
65,752
118,355
188,766
105,555
104,725
49,861
149,205
85,253
136,918
114,512
101,673
149,729
97,597
167,566
150,622
143,803
194,230
79,985
123,466
147,324
112,673
51,867
62,457
169,860
155,543
44,148
136,832
165,612
190,575
61,926
87,695
155,585
47,95
113,692
94,350
153,205
198,558
44,1
94,188
149,817
153,270
78,203
105,906
23,540
89,600
84,542
24,602
6,282
77,2
52,43
127,904
126,89
49,370
106,847
97,942
28,492
169,818
33,934
173,134
20,326
81,728
100,49
113,627
24,771
15,373
160,29
21,684
142,230
164,63
117,190
155,53
151,815
118,368
135,361
51,460
31,610
105,638
41,114
135,283
93,484
19,672
82,785
8,800
12,538
59,704
195,680
113,714
8,676
32,768
11,886
138,5
31,469
60,783
15,689
177,927
78,513
51,361
184,398
87,726
57,660
165,427
25,542
111,466
18,529
28,939
163,701
18,690
53,261
170,467
129,365
140,198
158,730
145,126
33,874
14,541
156,595
114,806
4,718
189,201
194,364
185,758
85,353
41,197
56,954
133,319
106,430
9,57
97,777
90,456
53,164
195,553
57,667
34,617
162,697
193,705
151,610
107,306
23,51
70,859
47,89
10,400
107,809
154,355
17,200
86,854
37,75
181,711
155,649
157,431
32,207
123,995
179,545
67,371
79,4
107,44
111,109
72,341
19,144
140,554
156,814
45,585
167,448
116,653
79,841
35,896
165,846
27,169
29,380
40,822
66,871
48,240
84,339
32,444
134,597
4,967
139,563
13,139
189,904
58,56
56,513
29,827
138,512
41,773
64,276
141,731
134,841
197,362
200,652
12,772
175,241
34,802
78,943
139,6
65,315
161,758
128,168
67,124
7,465
75,406
86,785
81,66
158,840
154,296
61,299
61,748
114,173
113,990
160,419
158,322
31,265
177,671
148,516
168,872
106,346
9,98
5,332
78,139
30,256
31,168
124,655
72,264
173,936
172,135
109,114
177,445
18,920
179,786
192,914
111,985
87,15
159,269
112,330
164,664
8,15
123,498
173,324
165,650
25,5
192,107
28,885
41,915
195,172
81,483
165,107
153,252
175,206
101,977
71,190
183,598
28,859
89,443
163,983
69,442
124,118
137,947
121,783
36,851
41,343
108,473
69,109
114,735
51,926
19,118
120,552
113,860
60,412
7,962
165,989
97,198
22,126
162,116
105,621
121,920
52,105
24,797
111,851
153,480
9,40
88,266
134,44
36,745
28,836
1,823
141,567
72,802
129,856
117,224
160,780
79,783
148,700
128,782
23,430
114,462
193,997
24,528
159,591
110,422
45,78
81,446
140,586
125,452
191,615
200,255
196,399
10,104
48,776
51,290
97,970
6,376
40,476
129,928
46,95
162,611
105,868
142,51
15,64
5,93
4,932
22,471
191,629
109,68
164,573
38,217
83,34
96,560
107,341
194,250
83,30
144,286
133,352
8,881
26,163
92,887
144,945
157,74
191,980
100,728
99,165
134,790
4,9
54,266
41,910
137,271
57,184
58,243
57,581
157,168
33,941
177,941
174,13
109,757
17,420
54,926
23,529
128,198
18,235
141,848
144,650
32,375
14,240
142,331
198,289
29,686
59,642
103,370
61,432
99,184
167,32
96,562
148,237
80,417
132,816
176,220
170,159
93,19
158,250
69,591
22,717
62,488
149,862
109,519
153,654
150,479
12,802
193,482
60,863
158,998
54,447
25,201
19,37
64,503
116,247
68,117
197,150
13,604
82,775
120,801
78,880
145,123
195,806
48,464
17,134
109,712
188,67
33,768
133,245
6,44
123,244
144,479
136,585
67,10
31,596
190,587
31,701
96,172
143,95
30,665
45,633
192,358
161,954
148,778
1,486
43,349
165,808
113,110
57,845
160,528
73,16
101,352
157,351
174,278
172,3
40,523
154,124
59,608
188,322
160,587
136,25
95,264
18,96
103,722
185,717
184,403
162,237
58,548
181,358
187,288
21,588
139,48
172,198
128,243
150,109
143,605
54,291
173,738
99,839
200,6
182,632
199,141
35,435
68,835
22,637
57,522
147,505
43,242
23,610
114,413
146,312
48,295
152,771
95,950
197,783
100,139
152,478
26,835
63,629
10,403
72,726
15,783
89,234
98,370
60,537
128,126
61,117
47,21
70,287
32,420
158,954
164,138
113,913
127,917
41,534
153,38
75,805
89,991
85,651
31,106
115,42
48,213
62,72
197,965
145,340
73,952
156,892
67,290
27,560
158,308
125,975
128,914
122,950
154,628
130,655
122,775
29,716
7,650
1,494
192,404
191,404
58,463
96,488
100,614
138,320
190,726
18,990
100,862
11,957
159,865
93,174
42,197
74,556
141,182
77,175
161,82
125,693
171,384
81,303
120,298
71,399
57,233
158,229
79,529
130,262
68,148
132,250
82,673
198,911
33,461
186,177
71,402
195,519
119,678
39,414
172,254
120,394
150,121
67,821
57,678
175,216
5,780
8,366
16,910
140,718
3,581
158,541
143,581
92,327
47,750
169,118
37,437
3,718
158,833
107,292
160,503
112,745
192,965
117,324
169,805
52,857
52,533
133,817
198,950
100,360
111,903
25,632
42,125
125,568
34,949
19,157
30,367
13,361
177,414
30,320
156,516
155,801
37,107
27,17
12,738
196,199
152,388
195,469
2,840
178,122
19,790
81,939
49,385
2,662
197,537
186,207
148,997
21,426
87,671
50,950
51,178
114,347
2,927
135,999
38,958
84,580
174,881
160,905
28,460
135,746
52,581
68,126
112,28
69,957
49,564
199,391
162,159
53,738
37,920
25,155
111,744
157,832
23,595
77,380
195,701
177,597
115,414
98,702
130,987
161,272
76,146
181,484
4,661
192,589
110,148
190,579
183,304
115,412
192,849
184,322
75,731
176,545
131,202
141,378
181,253
163,703
138,432
163,382
90,175
163,566
169,236
133,300
84,872
137,701
135,281
94,190
33,692
68,267
57,930
199,979
22,664
182,326
21,230
57,446
165,630
59,149
69,305
143,666
107,640
158,101
119,279
3,10
15,21
61,410
105,174
195,57
175,288
102,929
52,3
46,335
135,329
47,235
194,547
181,934
156,612
168,330
145,593
152,441
19,324
110,563
64,377
44,226
85,536
188,486
106,155
179,93
134,533
19,755
133,276
31,662
94,966
125,941
153,954
144,990
17,749
184,508
30,778
90,429
146,356
113,719
71,922
56,708
42,120
36,249
109,668
179,533
41,664
75,589
18,171
102,467
78,859
124,946
114,261
83,356
73,491
45,569
133,106
139,745
70,560
98,404
137,706
115,192
46,941
65,528
63,116
91,702
101,84
34,825
74,188
106,922
168,885
138,737
175,730
111,276
94,845
11,689
139,200
74,864
134,133
194,976
50,838
85,663
183,524
24,2
41,192
38,954
127,927
190,354
65,964
72,975
3,592
49,95
80,130
3,236
109,907
194,194
194,33
77,636
163,45
130,621
181,341
13,545
36,685
49,929
27,654
14,897
5,318
167,34
140,840
33,536
5,83
5,138
116,822
137,17
7,38
39,228
197,324
82,400
105,594
159,597
127,40
5,693
175,575
22,766
165,180
92,489
84,50
87,919
156,488
93,929
174,225
78,111
160,781
63,809
133,694
154,971
59,225
49,875
45,66
115,468
31,969
156,853
40,665
110,578
35,93
192,529
88,593
92,272
74,25
81,503
147,11
29,605
173,482
86,566
58,771
44,496
99,703
84,699
17,53
135,357
119,754
13,66
158,259
82,495
200,819
104,844
78,562
64,91
35,719
121,866
33,778
67,101
41,770
7,77
30,497
68,245
70,817
98,411
139,60
121,696
9,868
175,422
19,694
167,292
132,938
52,314
169,310
190,230
66,448
14,511
143,332
177,922
68,659
78,745
66,624
73,101
102,7
38,111
16,978
76,236
187,359
197,877
12,973
179,34
154,898
175,137
102,129
95,979
53,624
162,719
181,700
25,531
96,23
116,593
199,663
104,563
142,309
53,445
160,381
66,240
135,629
106,783
163,989
58,273
44,396
65,297
116,116
7,449
129,424
185,747
191,862
159,191
68,288
43,414
199,706
58,732
80,115
181,991
123,697
55,214
186,83
21,416
46,383
29,143
87,586
2,333
15,793
112,938
62,704
111,175
43,194
118,235
180,856
32,364
134,371
17,932
96,366
30,953
88,773
76,799
61,265
197,773
193,898
136,779
66,437
174,62
140,320
194,313
11,39
181,842
191,688
85,778
35,390
98,375
1,771
46,309
118,944
97,591
157,279
91,500
185,954
123,834
196,864
161,339
117,106
150,764
31,886
77,976
74,810
67,543
108,252
46,968
131,434
146,180
24,568
6,828
138,967
5,608
127,639
87,683
67,963
87,160
181,981
113,826
63,908
30,511
157,699
144,838
60,826
157,860
57,687
181,499
102,522
148,368
54,109
193,201
186,434
184,836
71,868
19,607
35,308
85,421
173,230
53,574
62,112
85,413
67,912
49,869
117,175
2,11
76,201
135,936
111,504
63,333
58,492
40,479
44,32
118,331
78,227
85,60
130,179
80,642
180,320
109,750
99,253
164,932
108,794
138,82
123,663
82,754
164,251
76,286
61,955
10,154
10,74
158,595
81,48
12,998
39,540
149,927
50,505
86,663
67,931
87,949
114,996
31,872
135,957
87,80
79,794
120,36
24,196
117,332
102,678
100,820
61,968
174,471
161,116
81,887
197,319
113,75
35,690
24,393
39,15
114,22
55,896
172,455
81,23
60,548
80,169
175,44
182,516
120,240
93,942
68,943
82,256
7,386
101,502
22,493
161,857
127,598
148,212
126,322
192,399
84,663
167,297
162,362
140,429
138,10
8,729
159,327
143,845
111,643
92,850
118,568
3,53
38,370
29,348
24,235
167,409
164,792
147,719
70,737
112,814
114,229
179,745
110,855
130,290
36,4
48,314
85,350
175,465
49,96
128,125
185,896
121,514
184,202
177,462
24,878
41,564
178,76
4,527
60,195
147,974
5,404
102,706
89,346
63,897
29,51
46,287
198,394
34,59
64,602
42,949
113,762
51,615
32,239
165,788
180,972
179,842
104,863
156,350
132,175
200,195
44,988
169,61
130,720
52,587
101,931
107,508
1,18
106,68
119,211
161,685
98,588
58,553
44,8
106,175
66,939
167,989
125,712
110,394
62,144
175,671
155,549
148,411
38,568
62,733
35,594
149,280
97,66
98,389
153,872
124,810
6,745
189,707
57,154
128,897
115,320
194,338
8,712
182,169
184,984
4,738
75,843
158,409
151,301
40,768
120,237
86,672
39,988
96,516
167,380
59,525
193,245
60,55
166,163
36,693
152,917
170,755
68,290
197,871
110,112
162,602
85,609
167,74
153,69
143,920
85,528
86,25
144,897
109,534
194,139
25,285
4,662
11,200
92,377
113,70
94,766
97,897
200,709
108,267
173,449
180,142
117,867
87,138
124,988
175,28
110,848
16,996
100,71
37,480
193,102
193,832
115,551
30,886
126,281
33,798
1,283
89,506
99,207
34,136
122,193
17,436
15,818
61,7
133,229
72,186
81,968
26,906
32,538
110,214
125,825
84,456
192,913
71,798
52,826
39,543
193,315
47,69
58,839
81,132
171,108
140,95
163,933
35,414
73,55
136,891
188,74
140,686
26,169
88,985
45,488
77,682
176,235
110,976
90,372
44,383
74,869
118,375
84,775
14,468
165,12
193,860
82,158
68,830
20,488
186,835
66,545
153,442
200,652
118,99
146,920
95,557
197,258
73,542
176,333
77,602
54,245
173,979
75,121
4,665
70,307
26,115
5,748
63,822
22,281
10,741
68,349
177,35
150,599
85,461
100,774
38,112
94,841
172,901
57,509
114,476
95,467
188,703
37,515
68,570
126,519
36,593
85,589
171,114
131,964
152,222
45,129
96,557
50,647
92,645
34,772
137,35
134,213
34,910
5,128
197,176
161,680
9,586
2,793
163,104
168,556
164,605
123,52
123,114
21,505
76,101
199,717
15,757
87,167
124,183
149,64
4,886
114,772
109,616
149,47
84,460
73,738
132,666
79,839
15,469
138,711
78,37
147,544
62,220
96,115
24,321
105,627
156,428
114,478
174,353
76,38
139,175
178,478
74,840
53,839
101,955
29,784
182,38
38,643
121,104
26,227
181,322
29,185
77,957
8,719
188,633
40,431
141,804
171,564
72,388
194,724
195,244
42,970
188,671
96,881
23,273
196,118
186,472
194,549
1,940
116,305
189,793
111,977
117,431
130,184
47,208
115,302
158,922
197,89
124,516
2,896
100,769
166,274
165,162
72,631
92,373
161,571
193,423
190,953
132,193
139,428
156,447
77,274
125,176
178,139
38,929
45,903
25,684
68,299
21,58
56,74
24,148
12,409
35,663
62,839
196,934
9,994
72,872
119,430
64,926
51,733
174,526
162,231
104,381
50,806
185,163
17,255
123,48
80,928
6,273
163,179
176,894
126,202
147,8
191,379
87,715
62,567
85,545
108,148
146,699
67,964
133,932
177,896
138,704
23,294
56,540
27,948
106,848
183,867
75,59
161,812
101,840
81,958
179,458
39,825
19,901
115,989
35,779
47,416
76,550
1,750
2,941
125,86
113,26
11,384
32,850
140,5
58,720
44,925
175,995
182,895
190,178
144,373
11,896
111,750
172,941
49,936
172,295
96,1000
114,45
11,849
194,844
164,931
195,599
52,732
182,39
54,168
43,417
162,401
44,568
22,969
37,918
162,116
16,460
119,720
58,827
117,907
167,28
65,981
32,552
178,172
8,781
50,806
185,168
200,868
95,420
75,369
83,419
115,828
106,586
41,514
193,545
139,650
68,648
151,639
123,149
151,710
104,463
1,74
90,836
54,632
31,525
10,792
147,203
9,627
64,244
135,290
165,338
106,562
142,413
64,295
81,591
163,430
154,159
159,917
73,95
184,663
151,964
47,28
87,400
126,919
192,318
103,966
192,382
184,109
159,373
195,489
151,628
94,582
90,22
91,206
149,95
102,867
93,970
137,885
137,853
43,290
156,771
47,836
122,832
57,280
62,356
5,587
192,970
108,369
197,570
71,323
111,955
2,498
84,994
176,590
142,681
142,258
154,901
26,995
179,185
102,825
112,959
163,891
124,878
2,523
144,679
155,939
58,912
60,175
69,87
158,597
96,230
77,740
141,680
46,946
154,222
167,636
32,91
146,688
42,180
177,632
71,125
109,589
140,997
195,917
168,730
116,117
133,853
114,939
83,184
81,962
63,898
197,775
98,147
127,360
3,210
112,609
114,437
99,973
24,613
73,122
20,113
55,486
128,687
106,244
139,457
189,45
127,589
8,408
102,205
51,832
78,660
108,575
47,715
15,663
190,385
54,100
53,970
111,524
183,706
88,343
20,920
176,54
137,403
19,703
65,63
14,930
193,125
139,53
148,723
123,135
115,179
177,368
123,982
22,541
154,442
68,844
194,18
11,527
38,87
89,939
106,466
162,363
74,215
112,774
33,714
55,502
183,699
32,261
5,515
163,33
142,747
57,556
49,84
17,117
87,673
180,464
18,724
120,259
145,793
55,887
195,397
135,236
41,177
32,369
193,950
168,278
50,428
101,602
156,297
171,18
173,998
91,419
92,2
1,759
128,129
49,242
66,26
162,448
32,129
155,492
135,182
127,120
67,436
22,542
143,773
29,953
118,478
192,828
138,322
11,407
187,350
35,127
97,494
118,690
141,235
6,447
149,678
135,14
57,652
154,386
36,545
24,604
163,52
22,803
171,927
188,487
112,207
10,600
142,804
39,840
153,488
94,800
128,127
150,923
30,619
171,978
12,161
92,384
111,128
125,426
150,117
91,363
136,637
79,905
37,305
89,888
68,674
18,232
129,576
130,808
199,915
11,56
36,728
101,978
106,777
40,656
96,449
36,309
42,708
112,578
176,699
168,116
75,437
138,437
17,702
169,107
120,212
97,322
5,712
198,886
15,457
145,557
84,179
70,890
178,179
14,922
20,44
170,199
146,428
116,957
30,799
110,649
195,256
157,957
171,839
170,64
120,485
155,710
72,68
99,997
81,899
140,683
128,801
177,81
140,623
188,904
187,983
175,234
108,859
155,831
6,103
66,436
15,343
87,189
25,769
136,581
97,465
96,441
20,956
19,224
197,364
6,8
78,661
109,545
162,717
165,300
162,666
49,224
200,361
38,934
192,168
174,822
117,792
9,945
34,329
199,453
120,115
82,35
190,913
182,731
139,252
6,874
200,141
50,646
84,983
85,933
196,409
42,636
44,109
149,414
186,974
103,405
69,882
36,478
56,352
47,94
154,614
132,860
15,329
127,302
73,423
53,46
86,566
174,176
68,530
163,276
132,79
157,193
98,814
1,616
78,533
64,85
64,587
131,563
55,422
93,293
33,1
197,910
116,154
106,721
86,149
172,78
14,159
43,753
53,541
87,79
90,573
20,328
147,767
20,959
124,756
103,319
123,257
168,831
111,711
109,460
2,830
179,429
11,358
74,741
90,541
82,704
194,207
93,32
91,791
10,869
132,906
96,550
130,584
43,277
129,394
81,395
148,364
55,312
181,994
167,718
39,521
187,493
28,390
140,529
175,613
27,823
130,312
94,228
131,561
26,127
69,683
92,476
101,778
154,88
163,392
132,795
42,421
71,686
98,570
186,890
121,422
130,190
99,942
182,10
57,564
127,853
64,443
4,541
148,379
77,661
83,379
119,40
48,322
178,509
103,422
119,376
49,225
126,370
90,122
62,4
131,463
132,278
76,343
40,121
190,197
22,813
144,259
27,313
180,50
101,486
156,39
180,577
151,472
40,848
177,15
54,977
152,137
147,487
127,302
191,962
139,639
65,823
48,776
177,807
164,174
108,655
122,284
163,793
157,738
168,658
16,711
4,428
177,572
197,684
60,949
183,430
123,245
75,562
117,520
21,971
130,993
193,445
52,987
174,865
72,312
73,217
167,446
33,542
34,152
142,976
31,360
185,510
168,819
145,971
78,144
128,288
192,722
30,145
98,911
96,416
13,817
153,527
190,453
33,736
66,761
107,40
126,310
75,641
6,339
194,133
122,273
40,237
81,117
4,203
80,54
95,185
83,250
178,479
44,221
68,504
117,954
115,433
60,264
14,822
14,961
12,362
96,725
55,874
34,712
114,918
94,891
108,326
37,884
100,453
184,102
149,874
181,893
47,566
187,317
13,980
70,426
76,660
116,669
77,129
89,40
185,712
146,353
195,723
13,887
196,931
147,597
58,500
190,789
44,709
61,112
138,288
182,669
198,413
56,841
83,434
135,369
149,474
111,360
198,682
23,913
63,269
14,544
71,992
141,80
85,904
72,961
72,672
76,863
18,111
176,646
95,633
196,637
120,125
153,426
28,103
29,882
72,792
91,23
87,881
175,569
67,226
183,267
121,5
197,440
76,943
189,940
157,229
114,893
190,157
11,819
73,438
131,109
183,982
26,193
128,470
17,154
111,604
66,800
20,652
151,888
200,357
189,734
29,717
9,356
35,879
200,176
92,357
3,471
65,913
72,206
193,903
2,22
4,906
83,362
191,559
55,667
108,896
37,266
65,876
187,553
184,89
82,406
175,285
145,811
75,823
49,625
159,771
108,508
4,81
6,640
4,686
109,813
49,295
40,269
116,844
194,505
185,468
39,865
99,894
121,386
129,398
57,510
189,669
41,319
139,142
124,279
139,34
4,39
135,998
84,666
160,56
73,361
108,184
142,990
75,480
192,885
24,15
93,992
130,80
88,736
119,89
17,70
114,117
34,287
57,608
11,615
128,771
59,588
180,379
172,735
188,328
173,703
82,436
41,399
23,225
106,451
179,948
185,958
145,264
29,821
90,862
67,310
43,149
75,433
185,531
136,288
8,570
110,910
7,416
114,689
110,270
110,42
52,140
48,768
15,495
69,949
54,512
73,324
5,624
160,595
33,791
114,206
160,18
70,795
156,373
136,750
159,493
199,812
88,773
8,986
121,256
109,976
159,493
123,472
57,879
13,828
66,353
179,709
173,30
170,695
21,259
19,335
55,532
44,535
132,697
186,615
23,43
72,839
103,562
8,832
18,866
179,234
154,151
125,959
17,663
94,267
79,208
4,182
172,138
20,228
180,362
73,788
83,157
116,735
197,406
69,236
180,70
195,827
9,481
82,746
12,271
161,294
93,275
126,219
1,530
134,254
26,249
190,942
157,151
149,54
128,76
159,52
178,902
117,142
188,586
96,386
199,205
45,775
57,64
15,916
86,255
7,139
59,523
51,909
32,827
145,376
2,940
189,853
67,544
191,477
35,913
137,825
25,636
114,920
106,433
92,790
112,529
50,75
152,114
48,920
118,534
58,360
7,575
152,105
66,406
196,734
23,681
187,915
5,62
1,767
46,653
94,125
89,723
47,974
44,882
61,515
140,338
77,631
94,106
6,99
36,219
47,702
120,425
133,694
144,100
53,726
177,180
44,458
135,984
188,699
84,263
55,202
152,555
153,30
12,285
71,33
67,464
17,918
111,381
193,890
44,956
23,469
48,479
196,854
118,606
5,905
59,596
68,588
71,110
146,826
1,782
11,457
118,238
44,325
8,343
160,140
166,782
76,282
55,551
103,778
31,841
143,442
10,885
60,789
130,503
60,503
137,184
112,737
162,503
137,321
180,861
124,823
85,345
170,358
182,6
188,117
100,14
103,583
115,360
46,196
159,237
179,491
84,797
121,692
143,35
133,612
36,582
85,812
43,94
96,903
55,449
102,9
47,73
21,79
2,886
79,498
149,201
198,518
125,831
150,500
176,848
137,83
97,369
160,512
112,696
95,324
141,388
174,625
36,425
36,391
119,96
37,71
47,921
35,666
120,286
123,396
200,623
126,515
169,669
151,254
125,83
79,910
57,726
95,636
147,805
184,294
93,631
150,185
132,669
150,396
188,22
167,791
83,732
71,824
72,96
75,345
153,422
183,693
108,379
116,339
13,245
70,536
47,316
135,898
127,977
28,730
150,168
129,537
175,855
162,734
165,495
166,274
187,643
155,723
35,638
192,915
192,473
15,319
197,926
95,958
152,535
83,880
115,311
37,220
164,556
153,345
17,785
77,839
59,824
168,92
85,166
168,968
134,358
123,704
64,40
156,799
21,682
34,967
141,379
140,533
113,883
105,688
164,583
188,702
18,907
62,515
160,946
30,836
31,831
83,374
172,375
152,773
18,550
79,381
80,646
164,874
113,89
43,840
140,401
119,303
79,624
62,801
35,721
200,179
22,996
18,456
177,925
188,284
37,771
147,101
80,321
70,945
47,346
184,187
184,707
95,628
148,391
118,7
62,201
164,348
180,39
79,853
149,459
126,825
100,563
31,887
132,75
198,315
145,553
68,825
59,734
196,354
86,699
177,903
167,531
75,725
198,734
13,416
98,322
20,985
35,615
180,649
37,542
49,479
173,57
117,871
169,449
165,480
58,352
156,465
66,52
24,182
38,313
64,707
199,899
66,78
65,296
55,120
138,332
31,855
181,369
3,416
157,587
4,342
147,722
34,411
5,379
170,416
141,240
141,458
72,492
36,388
32,965
133,155
58,581
12,20
51,874
85,519
44,288
105,752
174,682
146,11
162,105
184,670
111,55
8,27
192,727
132,524
36,678
33,290
159,997
150,482
22,813
170,392
125,545
105,379
141,699
95,959
126,559
132,595
110,306
8,588
20,988
114,519
80,768
96,319
132,83
15,869
96,236
192,850
125,868
48,204
97,334
23,88
151,531
10,343
198,276
23,44
12,989
38,364
107,9
48,347
95,933
102,188
6,6
37,679
44,900
78,277
7,68
152,393
143,316
56,413
43,627
72,302
197,999
185,722
113,784
142,10
126,966
22,518
159,548
127,70
64,250
9,14
94,287
115,229
22,515
49,19
54,607
114,771
136,390
159,86
143,329
179,976
14,149
58,815
136,258
97,388
194,64
102,928
84,191
70,955
14,689
147,464
134,204
173,363
41,425
185,685
3,658
6,847
173,568
44,146
18,204
57,545
192,860
18,701
103,618
27,189
180,160
26,10
48,719
189,365
41,463
74,772
38,111
65,536
144,882
169,63
150,430
155,734
42,583
144,415
172,629
196,720
22,924
183,776
175,829
45,883
15,438
85,628
6,493
155,298
125,151
62,9
60,891
94,346
90,278
31,901
46,948
96,205
39,174
171,867
38,8
17,633
106,774
110,775
122,310
189,576
3,914
99,510
154,750
100,146
65,959
187,372
10,635
59,579
125,287
134,398
46,741
2,187
44,624
48,214
91,168
174,429
68,720
16,156
196,308
47,402
10,751
47,600
90,232
163,527
67,622
192,100
168,800
35,740
109,777
169,155
198,10
130,770
175,846
159,531
151,987
19,651
115,175
127,496
29,155
39,784
106,246
124,396
91,518
82,20
129,824
187,250
5,1
16,722
199,989
51,504
160,762
47,863
126,393
122,720
102,13
11,212
163,590
159,47
150,259
140,567
121,814
158,515
107,601
70,106
81,894
1,396
165,73
184,621
170,263
119,128
135,665
154,95
95,846
186,209
179,525
177,459
182,492
20,460
86,587
194,906
48,448
81,646
177,208
130,539
110,965
133,402
169,461
91,425
36,236
67,527
72,876
158,410
132,183
48,450
38,776
103,408
136,346
99,210
106,752
109,531
97,942
17,386
169,596
86,967
116,561
85,994
166,823
53,95
94,411
55,787
104,967
75,398
127,954
178,535
160,168
178,659
5,699
97,825
175,478
146,488
23,894
187,491
76,140
88,351
139,326
194,151
93,431
27,280
14,27
60,132
119,25
126,527
168,411
131,657
8,404
156,134
112,605
181,861
45,503
4,511
200,830
47,852
154,865
43,306
181,104
79,199
62,692
85,643
4,501
92,948
133,806
163,270
174,848
142,528
183,437
14,900
28,472
58,854
20,753
177,955
139,97
153,760
56,720
169,919
133,516
41,249
23,738
133,935
130,369
20,520
3,783
95,146
148,996
6,295
41,567
4,307
129,931
68,798
109,159
167,828
57,470
91,290
4,194
58,567
51,283
40,894
74,50
47,352
10,103
38,889
111,83
199,544
183,243
195,161
72,476
20,682
90,552
173,89
102,114
149,264
25,653
86,864
176,334
197,309
55,468
197,140
200,364
27,64
155,151
26,861
188,858
128,653
169,476
25,650
148,655
11,730
94,544
34,128
166,618
185,528
150,728
13,193
200,575
21,642
20,869
10,104
48,318
107,394
157,704
72,479
70,35
151,553
107,802
89,469
162,766
18,719
80,654
69,92
93,21
142,209
108,222
164,724
69,690
134,344
44,837
81,973
84,504
165,155
122,877
194,61
88,159
46,642
181,862
148,105
189,897
140,697
121,460
15,496
65,26
92,241
21,697
96,228
6,474
71,268
82,363
148,450
188,932
41,346
106,56
27,885
111,979
128,835
100,454
159,227
89,685
186,89
16,635
95,100
109,875
159,710
31,374
125,98
15,598
170,667
188,731
132,448
151,447
30,110
100,200
54,546
105,911
199,737
137,677
180,267
57,677
172,644
78,844
118,839
83,641
102,746
122,189
46,160
132,331
94,778
168,156
79,358
130,980
107,988
104,227
132,894
54,307
61,833
155,602
66,959
131,115
63,777
136,255
176,699
133,882
132,128
45,200
176,331
68,146
195,940
196,130
120,996
74,26
166,673
36,47
79,517
97,805
16,744
171,724
103,355
14,479
52,524
161,264
117,314
161,121
123,104
12,310
178,262
65,893
164,859
57,687
91,378
72,883
68,204
29,707
54,479
68,82
176,312
147,922
79,979
68,476
115,124
159,439
40,316
190,38
20,582
138,209
17,317
67,588
23,875
145,69
150,662
136,713
148,608
3,889
133,699
81,760
154,309
116,987
164,820
42,85
199,699
170,322
169,833
21,350
18,403
76,367
30,253
16,566
45,368
46,125
179,708
69,138
24,708
16,145
68,678
125,541
125,853
77,670
34,778
54,90
161,777
126,494
129,468
158,331
60,16
8,610
78,607
127,159
107,131
65,389
157,394
120,64
129,710
155,775
7,343
93,278
77,625
157,125
53,798
75,909
183,524
192,99
143,5
160,627
43,692
159,783
98,312
26,37
188,279
136,888
144,94
179,481
112,3
113,656
105,167
191,147
1,976
181,473
10,4
104,271
108,72
123,916
70,540
154,450
118,5
120,194
94,249
22,78
81,770
69,312
100,293
151,304
133,749
142,611
181,52
83,85
166,296
191,376
101,408
190,320
43,483
163,585
143,517
56,282
66,409
105,793
190,153
16,665
111,113
113,277
92,692
13,69
20,224
96,140
126,207
142,530
163,351
94,452
43,701
141,264
87,720
136,925
123,828
141,538
110,414
15,569
46,499
101,876
189,220
173,472
19,490
113,642
126,323
130,931
71,581
17,1
68,438
139,129
12,193
191,997
100,79
154,482
93,225
14,620
105,976
4,511
179,574
68,651
1,721
54,827
86,171
189,976
132,258
126,583
42,774
63,159
159,661
113,614
156,11
106,881
50,916
72,548
6,321
91,501
11,782
164,30
34,855
167,356
18,302
42,568
152,919
196,123
98,170
73,51
132,919
191,621
153,578
90,131
86,923
15,536
51,944
6,813
84,302
84,824
168,574
113,195
77,111
5,615
56,269
6,351
74,666
8,338
26,344
175,528
72,863
147,593
93,328
107,347
98,488
144,149
166,98
14,701
46,270
198,127
41,590
53,159
128,580
84,118
199,588
106,230
147,408
99,457
186,961
68,177
120,321
140,183
69,659
153,785
81,933
115,593
169,248
29,649
50,112
66,363
164,214
80,980
53,103
90,485
130,976
65,721
8,108
112,849
95,394
8,227
84,462
45,764
163,707
115,151
20,102
25,339
46,667
106,494
22,263
22,988
180,86
111,989
88,669
167,87
183,279
36,233
72,99
34,230
22,951
42,766
99,792
136,522
181,413
1,741
119,973
98,953
160,485
43,265
49,39
129,608
167,622
195,8
91,441
41,765
31,463
194,934
27,433
82,312
49,428
54,557
162,922
91,583
76,409
128,278
195,792
199,255
54,193
8,142
143,296
176,141
108,293
33,719
109,569
119,109
82,411
122,444
38,751
3,940
114,748
114,693
75,919
70,334
181,478
138,456
193,439
34,117
181,715
106,546
36,763
60,781
18,889
74,572
10,63
114,957
62,381
121,783
37,59
86,68
67,885
76,133
2,568
127,99
168,764
77,743
195,789
146,93
170,874
71,901
88,752
162,845
35,129
14,125
145,770
182,389
123,671
32,968
79,189
200,253
5,239
31,606
147,4
11,819
91,589
114,439
169,784
50,204
29,279
184,181
129,340
121,194
163,87
28,181
96,805
62,861
171,427
186,907
191,230
110,821
63,522
25,276
167,412
188,49
39,828
185,915
108,740
22,140
106,518
150,943
198,888
113,209
123,347
21,474
160,627
169,770
23,204
78,406
179,839
176,371
66,421
31,855
69,169
156,96
81,51
173,962
83,398
176,689
38,500
193,435
15,61
187,418
200,159
88,107
99,81
179,869
160,772
76,210
105,531
140,641
2,712
1,4
139,959
169,299
89,179
193,493
165,150
10,73
99,923
43,982
124,410
161,861
174,352
89,709
121,996
187,802
166,935
193,247
191,465
18,147
84,140
56,676
94,772
153,826
102,547
177,103
164,139
92,113
131,107
138,131
67,231
79,566
45,925
87,694
77,196
51,102
84,650
176,878
3,422
6,600
180,749
143,458
153,55
1,790
116,792
190,173
66,531
86,61
33,401
170,311
123,489
195,25
149,273
55,981
22,428
29,403
154,372
49,104
167,195
118,535
123,488
159,98
150,994
78,420
23,95
120,975
44,98
87,578
146,216
116,903
120,546
200,16
167,317
86,279
150,425
39,188
75,384
9,425
38,753
117,766
167,139
75,535
176,826
27,417
153,124
101,471
69,1000
193,507
32,745
83,612
40,250
133,886
153,821
58,537
172,521
30,404
98,811
85,571
93,176
69,602
114,582
116,713
47,768
138,725
175,756
35,786
47,589
147,863
72,812
195,305
167,600
146,257
29,599
76,628
111,39
5,625
4,646
111,840
167,44
89,54
196,574
124,839
25,765
147,489
56,122
38,914
78,453
176,36
109,922
56,206
50,791
64,446
21,755
20,715
142,994
112,956
110,610
53,677
170,929
196,272
71,453
33,301
119,37
140,450
94,334
175,993
14,450
18,222
151,22
51,99
178,350
14,919
72,269
62,296
39,650
136,504
90,149
36,913
111,951
67,764
66,454
184,430
30,246
75,687
28,566
104,867
9,46
4,422
61,697
130,334
99,392
49,896
194,248
176,960
45,391
12,675
105,535
13,460
116,880
195,463
64,711
58,845
104,683
29,983
56,572
145,538
143,509
108,414
172,433
114,130
14,199
31,242
20,155
42,401
56,510
48,573
142,22
64,825
196,95
200,255
39,979
4,142
47,257
177,952
116,597
48,914
72,643
64,346
178,850
173,96
167,939
14,408
22,969
145,570
187,415
189,749
99,581
93,5
47,911
60,169
191,128
41,767
188,649
12,740
162,611
129,936
170,625
63,14
144,299
189,313
144,623
114,313
115,241
95,697
98,533
142,990
44,604
48,931
146,555
96,5
25,723
44,759
61,185
4,418
115,99
159,972
195,324
6,536
19,56
98,839
35,415
44,181
110,205
132,326
12,293
135,993
142,699
153,343
143,964
27,1000
32,243
8,39
76,344
14,530
108,175
49,564
156,698
149,287
125,876
50,886
152,888
8,504
138,605
118,319
161,15
196,639
89,571
144,356
98,798
183,492
101,755
155,341
7,771
137,596
19,591
31,191
94,954
110,384
86,422
39,864
43,149
13,343
33,382
51,477
170,501
64,516
151,814
66,318
147,315
58,257
61,942
5,975
97,779
105,296
18,534
90,940
54,57
111,857
116,875
138,244
162,760
33,920
163,474
135,712
131,790
166,308
198,339
21,167
67,826
189,930
168,376
104,562
61,789
117,789
193,448
1,643
98,681
54,838
135,293
42,489
33,355
120,852
143,814
83,657
196,902
176,129
173,33
89,33
79,822
176,140
25,722
85,358
50,442
82,659
162,411
166,808
123,581
82,89
136,551
128,619
169,890
76,982
52,654
172,713
152,487
113,10
160,102
68,684
117,795
83,213
164,671
17,701
90,167
135,195
14,141
63,123
49,545
92,334
196,798
169,873
80,733
134,132
67,149
162,514
127,809
177,683
73,97
152,915
58,336
112,922
122,924
62,934
112,676
43,54
163,578
67,986
110,160
113,21
58,799
115,657
96,252
95,905
97,834
77,357
103,459
191,685
39,308
134,67
195,778
169,150
26,869
121,716
17,528
34,999
94,307
86,608
68,41
74,469
81,361
63,702
140,260
46,40
3,814
183,804
147,758
7,711
125,663
75,522
117,982
138,915
12,339
152,979
30,949
157,910
167,286
90,83
92,615
14,927
34,439
47,718
120,843
88,322
66,803
117,538
165,60
157,925
131,311
185,485
196,883
95,167
129,322
130,621
72,507
3,329
45,129
93,802
94,907
125,161
52,985
171,344
27,461
139,146
130,65
31,859
130,552
2,117
192,912
108,798
104,739
66,243
141,175
110,960
117,484
125,527
166,739
100,53
26,356
48,407
114,547
81,808
30,184
168,775
109,785
38,664
43,53
166,227
171,651
29,267
114,447
108,51
97,493
155,148
97,824
197,734
22,59
13,366
20,297
167,533
169,114
105,617
197,602
123,411
125,276
32,448
73,784
153,461
35,709
143,495
129,854
149,411
30,771
8,967
27,12
24,186
188,611
185,968
28,645
194,59
191,245
188,837
40,658
194,573
153,152
151,696
137,279
76,688
195,519
22,566
179,390
107,631
85,608
188,938
37,736
65,76
117,591
38,194
184,920
82,673
194,61
37,569
173,9
104,953
12,795
152,617
189,188
28,869
168,230
57,948
120,799
145,784
62,994
135,53
117,302
169,420
181,751
17,80
140,592
47,967
169,997
114,415
23,757
140,434
152,572
47,920
191,368
187,341
195,736
100,73
159,511
97,645
112,986
162,98
190,833
28,109
156,89
96,194
58,352
104,516
179,167
92,278
107,669
73,499
9,650
61,461
41,265
132,907
173,287
62,534
173,711
36,228
172,785
5,694
94,568
57,235
159,737
171,719
159,898
79,502
150,219
173,852
23,832
87,929
148,552
154,555
60,792
178,188
186,181
38,315
122,275
144,925
47,761
20,781
88,156
15,617
86,667
127,344
52,79
118,331
54,682
11,299
170,860
83,600
129,804
183,77
77,594
73,795
146,711
177,537
76,300
153,827
131,639
182,307
29,656
41,664
86,822
58,265
76,79
17,173
133,137
68,989
41,409
24,193
144,421
190,218
176,481
155,1
119,909
22,566
127,718
9,929
72,148
167,260
14,833
184,399
107,341
13,557
90,41
94,542
80,141
197,162
139,624
1,336
125,584
196,925
65,635
185,966
22,261
39,317
99,765
108,136
157,574
106,391
171,491
128,734
191,719
66,644
183,141
161,838
90,328
17,532
103,771
196,137
79,942
59,246
173,564
77,316
190,1
159,79
23,80
85,844
174,180
160,208
26,872
7,659
68,77
154,41
76,577
34,219
199,423
84,68
153,835
198,757
41,261
10,991
42,295
133,641
167,192
82,931
91,318
5,589
100,120
65,265
181,260
107,598
89,903
117,615
128,339
28,819
173,633
73,391
177,859
129,72
153,947
57,388
17,282
65,8
150,808
56,967
102,58
134,893
58,980
150,814
125,320
40,400
164,947
76,392
187,861
129,738
166,633
28,23
74,565
80,917
58,140
28,691
12,236
6,26
182,334
168,8
137,142
159,186
78,876
124,889
148,452
61,369
181,482
73,737
125,231
54,446
125,112
139,868
28,482
4,921
17,71
189,85
7,582
71,362
144,8
19,13
10,244
60,530
99,218
35,114
100,530
163,111
134,409
200,371
4,595
87,20
10,6
76,849
5,352
125,490
85,495
105,980
117,85
24,580
20,103
55,315
128,861
144,327
186,895
34,712
7,982
193,706
192,560
61,731
70,462
109,961
21,471
146,783
18,261
82,225
17,310
163,617
119,148
48,438
102,647
95,594
57,746
30,864
117,557
87,722
132,409
140,17
163,723
49,307
91,161
114,617
96,975
93,237
156,974
176,419
168,954
197,479
48,174
186,575
193,402
159,320
55,228
7,915
74,35
98,11
168,788
133,941
41,170
197,416
61,969
115,629
77,527
177,673
64,455
63,763
107,847
63,999
159,798
92,165
12,715
73,881
16,395
54,737
8,990
192,776
138,679
152,968
15,852
115,228
182,206
199,628
196,164
111,594
170,825
24,770
181,388
129,902
58,503
164,601
192,595
172,227
61,235
195,697
146,142
92,820
144,749
200,257
31,897
157,927
79,557
97,629
72,983
100,127
141,306
29,388
187,22
89,181
26,810
154,67
192,72
5,440
65,802
12,231
188,10
91,640
92,626
57,738
150,635
32,967
27,664
128,426
171,855
82,748
25,895
180,64
60,830
137,187
158,10
97,558
48,391
59,349
159,272
110,589
183,503
180,189
135,600
33,740
133,229
108,488
148,276
76,558
47,43
11,942
1,978
127,257
133,330
162,190
118,433
89,904
154,647
3,209
34,880
174,1000
41,85
144,752
125,383
59,232
76,57
128,815
194,875
107,813
30,713
75,848
105,298
52,627
163,529
117,604
87,344
106,313
118,553
190,761
121,510
157,275
86,823
123,852
61,640
178,423
24,780
13,981
3,288
178,16
158,262
141,408
61,57
18,637
13,977
116,760
90,644
187,301
15,530
194,700
55,367
163,1
37,612
131,729
133,997
5,592
113,677
180,223
143,842
60,513
112,428
15,584
51,792
53,737
115,498
127,655
133,892
48,278
159,553
69,520
92,274
183,444
123,56
124,708
194,568
107,94
108,558
21,49
187,779
181,684
33,722
60,376
38,202
45,59
170,1
11,397
70,859
107,78
192,729
125,300
175,795
172,372
61,18
171,404
182,779
102,58
138,763
76,811
126,230
123,160
196,97
45,667
169,750
82,142
130,709
21,744
33,565
97,760
183,359
53,696
81,341
54,888
49,772
42,438
6,509
94,439
94,394
96,94
198,53
9,886
54,420
193,884
157,470
124,900
129,189
152,816
162,547
147,50
167,894
187,558
129,463
135,836
141,559
178,838
153,10
169,238
23,286
26,970
109,599
132,593
90,103
125,348
184,590
127,518
107,587
36,158
150,349
165,162
73,387
112,765
113,995
96,741
68,172
37,243
159,253
167,714
109,949
179,119
64,850
132,854
35,71
68,24
38,709
184,727
86,516
47,780
200,628
26,310
13,325
29,434
196,464
151,609
146,389
22,64
195,810
14,406
16,618
124,90
88,114
139,497
130,515
107,586
126,711
72,139
94,174
170,461
195,527
197,414
87,245
21,658
30,902
36,136
184,711
24,952
58,508
55,945
150,541
43,563
156,512
114,163
163,398
132,16
74,214
93,862
162,978
3,463
107,94
18,497
192,539
82,375
83,731
82,704
46,851
50,671
116,19
131,859
112,269
109,392
92,586
173,410
64,274
97,454
84,74
12,579
170,255
193,744
130,103
150,700
153,322
35,126
187,915
26,351
14,572
145,250
168,529
25,938
60,360
173,846
141,345
145,722
158,247
49,599
51,225
175,786
43,710
141,662
8,278
113,315
179,826
50,268
181,674
172,147
43,888
200,458
27,195
24,319
179,286
133,913
152,549
128,514
94,562
127,138
200,594
140,649
31,289
199,770
54,401
28,183
4,767
134,791
157,305
77,790
169,174
157,355
110,933
111,436
24,989
81,482
48,217
70,677
56,114
100,741
187,21
88,482
155,96
7,533
195,816
81,962
154,141
136,989
158,642
22,800
97,493
83,66
180,440
76,752
130,341
39,26
187,829
67,194
44,769
127,578
58,65
184,813
92,429
134,53
11,828
92,632
37,23
156,168
159,239
122,893
26,902
131,441
80,225
198,325
161,59
90,636
56,106
96,375
110,546
174,625
181,688
146,43
126,642
122,928
108,12
40,307
64,157
196,975
152,55
173,50
149,848
16,890
89,562
103,125
35,490
101,34
131,634
161,128
40,529
85,66
174,534
70,117
31,131
86,754
1,551
52,130
145,669
11,880
135,246
94,560
101,464
12,664
74,635
111,521
100,848
62,504
22,409
25,733
98,561
99,807
147,598
55,782
88,941
131,111
181,184
149,793
114,437
154,389
104,191
87,645
64,89
72,980
24,488
70,187
152,40
34,348
80,844
105,821
73,911
139,650
62,67
198,736
44,219
13,634
47,849
83,315
104,602
18,763
103,43
56,120
179,808
103,612
114,821
148,901
27,891
56,916
192,757
113,635
169,393
70,505
61,901
82,916
30,642
175,475
10,76
136,20
66,342
9,893
77,519
27,45
121,328
125,715
76,955
124,728
131,999
68,420
119,245
38,942
13,855
55,515
139,285
167,485
27,244
129,134
194,135
33,645
118,341
174,418
1,360
8,159
128,269
35,763
12,577
102,184
148,775
35,986
30,469
73,830
199,250
74,281
66,784
170,894
187,21
42,351
79,514
34,859
76,170
149,583
14,930
84,31
66,691
55,799
188,572
87,415
26,739
152,569
192,429
195,459
124,97
124,78
163,435
93,257
9,834
143,527
161,633
31,925
2,352
12,596
182,439
65,943
82,290
55,455
52,779
73,903
59,377
158,917
35,293
114,438
174,678
197,134
104,266
117,343
1,920
159,194
11,264
66,386
167,75
65,702
23,937
152,914
193,633
102,921
166,519
131,552
117,587
91,27
72,629
39,348
5,350
176,96
91,214
132,448
116,547
113,632
199,654
7,675
60,576
154,393
86,981
187,742
165,868
143,141
147,29
175,924
150,267
192,321
40,383
122,502
106,725
77,220
154,857
30,190
128,898
173,518
153,114
191,377
62,953
94,204
1,189
159,847
65,93
124,681
95,369
149,135
154,186
184,329
18,939
28,212
165,461
27,567
169,199
94,834
90,222
35,144
146,269
129,989
172,986
123,936
27,737
117,77
27,413
191,628
137,330
154,211
112,482
107,997
24,298
18,528
108,995
200,204
180,682
159,265
179,587
65,787
140,106
86,257
63,983
44,17
106,784
7,439
191,949
74,263
119,990
33,767
172,358
11,58
137,429
191,74
27,61
25,946
159,551
39,608
46,412
42,215
149,149
183,445
75,755
183,227
14,641
65,634
159,557
54,905
45,209
159,469
106,286
108,528
122,473
163,827
29,367
85,63
114,628
3,986
182,215
189,383
46,183
8,624
141,311
81,345
63,2
56,456
44,148
157,232
188,507
102,707
92,625
28,310
131,511
93,389
40,617
86,87
69,19
156,681
101,963
157,642
186,541
172,11
31,129
11,885
179,51
146,226
184,447
27,162
184,213
200,802
195,678
81,31
187,268
147,888
109,148
40,595
146,476
121,29
54,947
148,219
61,986
32,92
158,158
6,507
60,250
110,175
23,22
191,892
22,608
159,634
138,876
154,22
191,690
51,858
170,442
122,63
130,100
8,778
35,192
55,855
197,774
173,967
98,128
193,277
37,429
90,288
175,30
90,868
104,883
132,42
184,652
100,464
111,160
107,931
76,507
69,90
82,480
28,749
150,198
19,138
154,525
43,826
11,550
64,255
190,727
112,990
172,381
116,643
164,668
160,921
97,876
14,335
79,766
157,3
59,76
110,439
32,832
16,861
54,210
153,31
79,129
25,165
120,706
156,872
56,868
76,405
145,511
12,707
198,139
89,913
102,798
58,141
61,836
119,944
97,480
116,28
67,754
91,362
186,466
28,680
17,208
99,901
84,523
108,539
141,371
141,546
47,12
166,772
35,400
148,876
127,388
150,896
43,619
111,883
135,424
38,938
184,529
162,348
162,704
128,536
71,457
116,530
54,23
107,288
24,377
17,506
86,655
172,474
25,493
116,930
109,570
67,600
14,953
125,214
197,291
123,97
39,1
84,670
98,326
61,669
2,199
55,831
92,275
200,698
100,77
72,3
106,95
143,576
115,842
82,730
188,387
141,537
79,291
188,759
2,270
41,698
61,588
38,260
137,854
188,539
82,90
5,8
107,450
185,963
65,281
164,186
42,39
26,868
136,517
122,807
34,98
84,993
196,479
186,743
180,148
152,834
179,342
23,854
200,39
156,547
8,363
95,187
84,942
129,881
94,559
68,406
87,452
34,528
91,949
193,30
125,6
162,41
43,626
160,884
197,125
116,368
156,990
89,734
164,152
55,839
152,335
31,594
95,402
4,58
114,586
126,478
81,801
158,89
36,995
132,55
54,843
50,692
124,434
52,441
172,618
184,385
162,205
40,811
127,219
116,117
88,434
125,787
141,799
126,323
88,547
48,508
33,376
140,940
141,161
84,958
173,105
198,500
129,170
132,858
93,52
33,941
165,768
89,976
198,672
160,384
74,778
165,514
175,523
118,198
74,875
195,643
19,361
184,847
52,413
1,486
148,757
127,581
32,782
187,573
154,83
181,706
112,932
33,391
165,357
82,804
151,13
172,866
92,447
25,230
158,947
93,246
179,977
138,37
32,385
142,982
187,734
60,508
200,575
33,750
79,586
94,948
61,515
97,83
197,211
28,228
106,365
62,341
40,114
186,762
135,222
173,647
156,409
126,587
123,269
33,729
68,31
154,559
97,275
158,603
160,952
123,20
116,621
35,799
163,771
30,919
44,542
117,387
31,207
150,646
176,84
143,323
17,808
119,9
180,822
131,272
55,8
183,896
63,510
200,904
138,703
151,629
28,363
4,531
180,805
74,845
149,78
191,61
172,614
99,287
110,771
95,816
49,237
12,650
152,38
5,412
48,427
115,716
136,960
170,541
27,893
69,107
57,316
1,801
83,99
58,348
19,924
81,145
59,500
121,174
44,121
71,869
45,926
43,517
10,88
189,318
136,632
26,910
91,349
87,623
182,482
39,475
112,593
16,356
125,507
43,222
161,648
27,562
28,578
38,948
103,28
190,502
24,454
159,114
1,127
170,793
115,178
32,159
177,107
9,922
153,605
65,994
101,815
174,391
75,915
9,883
138,592
128,701
22,591
116,482
21,631
80,623
100,760
130,803
196,17
188,981
68,539
61,280
60,473
112,828
111,219
186,614
160,296
146,80
19,181
7,954
102,295
149,177
9,603
60,553
77,856
64,718
175,313
164,287
131,362
59,888
10,675
184,426
52,693
190,75
55,206
61,326
58,840
31,401
71,651
43,269
49,339
58,887
79,305
64,635
197,145
67,942
13,445
22,61
121,856
63,921
181,325
187,635
1,209
174,972
152,395
52,96
21,2
21,260
69,320
10,465
200,237
193,311
94,266
38,819
123,361
162,238
194,887
180,958
142,779
2,110
137,82
4,661
69,397
69,172
80,225
153,106
1,665
3,598
144,126
31,705
28,56
154,195
196,329
50,503
143,200
88,546
34,567
110,798
162,123
90,200
5,483
125,331
177,119
110,869
97,375
173,47
160,341
48,547
88,842
188,919
17,962
153,704
25,431
76,342
196,689
148,185
123,967
116,763
67,740
105,944
25,654
98,712
47,954
123,604
167,30
135,685
100,74
59,731
176,515
126,505
116,178
35,975
156,137
125,200
68,1000
196,707
7,227
13,648
176,850
150,69
114,940
46,238
189,298
157,486
28,375
108,252
7,167
67,612
32,306
108,285
73,136
169,726
149,99
2,333
110,955
109,749
163,460
23,215
65,963
86,955
138,626
144,781
73,537
176,463
171,890
84,945
199,677
112,435
49,924
175,43
149,14
154,694
19,582
101,689
117,473
140,132
8,969
103,732
41,716
168,703
63,549
115,552
54,481
18,866
190,73
50,783
187,23
25,880
54,499
19,469
165,24
53,983
51,713
192,512
171,783
199,950
102,676
117,643
89,448
189,34
51,144
177,179
18,65
172,642
88,861
83,409
72,479
121,467
83,126
169,324
36,626
44,459
126,544
87,66
45,284
62,805
197,763
89,197
137,179
150,850
123,24
177,513
78,83
124,372
97,672
76,534
111,746
24,374
176,343
87,413
50,491
8,957
16,38
111,334
11,20
52,196
106,209
7,148
154,906
87,667
86,647
110,79
142,481
91,212
9,425
159,413
144,915
127,145
91,677
74,579
137,180
69,796
157,908
84,790
142,501
86,409
199,166
188,400
101,659
47,434
178,288
121,604
90,666
109,411
120,40
69,374
3,142
153,948
60,440
54,345
157,688
57,522
85,709
160,525
169,745
90,471
151,613
2,408
141,20
149,751
187,337
155,214
60,335
125,900
13,778
15,642
43,602
195,591
50,953
44,999
33,495
182,765
158,569
147,494
21,390
7,30
98,919
103,907
193,425
170,84
166,879
154,1000
70,976
79,420
148,620
13,970
55,799
76,945
1,931
73,530
80,312
145,980
80,989
138,756
74,208
50,351
123,579
163,415
148,678
25,674
169,539
194,817
192,168
36,212
15,546
14,105
153,176
113,501
136,312
183,599
44,38
19,585
191,471
182,277
53,854
104,686
37,28
197,509
30,428
77,253
21,588
49,36
8,566
36,723
97,572
11,294
164,350
63,942
133,994
60,983
185,528
41,610
82,17
48,527
64,167
32,855
155,872
184,48
1,740
12,541
20,640
64,576
16,689
105,125
172,714
83,731
97,948
118,125
13,253
161,101
40,361
58,444
142,928
52,982
137,748
120,722
152,464
114,45
116,346
35,756
196,372
101,78
65,858
68,677
89,324
194,275
27,877
138,487
146,399
112,861
64,366
2,6
171,511
94,912
136,678
46,982
156,401
66,884
153,137
192,773
52,962
134,393
191,389
177,729
1,81
99,196
123,957
50,158
109,704
196,351
175,286
179,72
126,365
175,288
33,32
186,298
147,523
21,980
21,311
116,143
96,800
181,91
75,353
112,116
83,173
135,182
66,314
157,363
113,329
97,740
76,10
155,973
165,362
154,799
105,973
40,248
154,138
16,980
53,183
196,204
71,614
118,754
81,157
7,397
143,194
143,491
172,339
89,22
14,273
65,732
197,15
168,337
6,606
154,320
103,312
127,134
69,107
151,691
75,778
141,668
33,183
183,657
159,582
22,84
106,601
197,402
125,808
90,26
187,477
149,440
41,617
32,630
77,98
95,544
7,52
162,375
94,931
171,335
146,332
25,651
129,61
79,934
171,229
20,51
168,741
20,376
149,500
105,161
45,970
28,221
72,941
31,215
1,713
128,735
50,906
185,92
42,564
33,537
98,251
37,655
157,750
197,381
163,48
49,911
169,260
113,759
40,395
31,457
172,290
122,948
103,426
16,642
27,710
145,647
144,178
31,899
143,696
190,799
107,9
47,471
118,753
100,469
113,761
173,768
91,455
136,280
188,978
55,156
75,540
28,574
65,522
139,295
49,183
26,588
127,991
193,244
182,805
148,229
180,722
42,619
60,486
121,197
125,495
177,343
146,528
77,447
145,824
134,272
10,930
89,869
157,499
120,66
189,218
32,41
95,261
182,397
147,217
180,898
124,188
155,592
157,455
141,979
87,508
151,727
35,393
110,354
176,657
106,455
4,930
188,666
160,277
56,227
6,554
108,964
162,363
74,203
154,950
68,255
74,515
167,343
96,409
100,955
12,235
57,771
109,680
76,653
155,437
135,143
117,545
30,299
164,321
165,656
8,990
3,346
116,769
182,904
89,131
172,656
55,925
194,997
122,278
35,790
85,737
164,651
164,700
106,944
102,851
30,578
87,189
191,461
119,800
162,950
82,210
133,376
79,635
103,607
61,833
177,630
55,70
135,104
153,404
24,354
130,596
82,738
105,396
51,674
54,483
179,978
96,242
121,291
9,240
60,65
187,266
171,88
24,457
121,939
192,199
180,475
121,155
117,396
71,53
65,21
143,222
153,556
16,896
5,968
111,627
130,924
141,724
47,828
56,365
5,106
33,526
92,716
172,512
79,864
23,69
53,670
21,212
40,930
179,786
88,337
189,244
145,970
77,418
73,93
52,340
166,481
38,316
14,119
44,777
96,521
65,466
15,660
18,433
153,484
155,176
184,595
14,126
171,390
160,578
187,813
92,420
153,114
174,186
178,174
46,706
15,924
138,635
107,801
176,60
181,384
138,792
27,51
168,415
193,280
56,407
95,404
92,565
10,83
67,309
58,454
70,488
106,620
180,70
118,882
89,648
142,7
9,781
76,843
118,1000
156,830
172,69
91,981
189,441
131,899
123,220
175,596
89,903
41,463
77,706
131,193
71,773
61,755
128,60
41,718
56,666
34,953
45,451
158,752
158,802
131,264
178,162
32,85
70,618
91,252
110,294
151,7
197,943
32,239
152,173
159,244
38,754
144,755
45,118
163,315
86,828
90,266
132,167
30,264
117,737
36,454
118,373
91,414
178,741
143,168
113,106
164,176
118,3
112,240
152,168
83,481
2,892
136,659
16,55
18,510
2,16
96,42
27,966
68,185
77,221
87,22
10,144
53,492
67,541
126,839
166,161
74,83
22,836
20,153
167,86
9,322
70,935
90,449
79,81
98,908
142,277
148,652
30,950
60,680
31,312
50,64
197,537
171,862
73,703
134,35
166,371
105,470
164,611
115,287
107,622
11,689
30,603
104,107
123,759
177,200
71,145
15,396
170,333
122,739
79,700
52,164
174,767
154,435
86,758
198,131
131,417
18,511
121,369
170,296
157,856
85,699
130,286
125,556
11,66
22,521
153,761
155,830
19,82
20,821
32,394
150,772
177,912
134,292
100,470
60,17
199,276
12,866
130,535
101,748
21,408
6,288
4,821
18,871
52,782
140,658
192,934
25,308
53,371
157,459
70,470
123,202
48,75
153,928
73,345
71,421
164,604
152,883
52,384
114,224
70,15
159,917
169,956
150,95
91,405
199,681
26,627
90,233
135,854
35,104
57,954
10,26
61,185
46,393
161,160
155,318
140,102
120,97
149,418
148,979
200,82
189,649
171,628
51,367
5,372
193,473
91,167
47,796
181,659
178,353
15,677
89,516
188,354
162,481
109,426
85,539
153,98
21,746
124,325
93,138
101,848
13,571
127,397
161,170
85,875
76,662
123,642
68,692
121,384
176,179
30,71
161,7
52,803
127,749
88,410
104,387
85,75
158,197
37,410
103,696
51,481
148,160
192,4
187,633
99,684
93,29
27,831
167,211
184,24
35,752
45,228
67,171
124,346
194,909
23,86
184,205
160,981
182,508
51,85
86,888
97,339
83,614
27,743
123,342
2,941
198,345
119,100
29,106
123,851
96,746
136,939
79,637
59,526
178,707
124,118
182,731
68,587
39,660
71,197
7,255
102,150
20,41
144,203
18,913
22,69
81,891
168,832
35,289
34,929
106,674
99,378
85,359
87,640
173,743
183,227
46,617
51,256
62,686
189,435
195,719
155,890
140,433
139,238
19,902
48,776
110,664
107,461
193,492
87,455
115,257
194,915
121,198
193,976
47,484
65,499
98,990
163,862
57,504
187,389
163,52
99,900
167,754
157,919
161,174
43,707
100,817
73,128
91,749
194,541
134,671
36,702
53,153
110,462
195,17
104,473
172,302
84,179
169,732
163,226
156,536
140,15
83,630
57,100
45,467
144,753
14,895
175,398
81,374
6,416
130,109
66,429
167,112
43,182
154,585
101,378
128,13
54,374
47,797
118,972
187,709
8,611
132,836
36,570
25,695
120,848
65,151
5,889
148,667
116,245
20,968
7,585
78,562
117,705
110,733
175,230
103,285
119,421
102,34
43,619
8,663
4,132
195,628
92,293
199,975
147,824
38,810
87,564
32,87
43,263
131,868
70,271
31,702
22,158
177,605
11,485
38,854
157,816
114,535
164,6
139,854
84,722
143,19
133,841
14,468
151,981
170,782
92,196
119,578
34,63
174,966
184,721
67,767
4,621
29,293
178,397
189,877
190,305
95,458
145,770
128,652
186,807
71,792
46,767
51,176
176,395
89,657
11,793
110,79
73,678
48,298
64,492
21,57
86,309
86,275
139,91
9,144
83,615
53,531
164,774
89,214
178,944
121,64
164,125
125,726
23,917
112,593
164,833
152,162
7,509
34,20
32,507
121,829
33,438
21,86
101,423
82,383
174,601
49,957
43,131
141,146
188,797
74,927
85,97
60,971
189,544
14,421
94,482
9,295
197,357
122,448
153,406
70,722
148,923
39,194
23,312
151,83
60,603
142,854
84,547
14,104
79,204
24,592
29,262
110,855
19,318
9,984
3,828
168,385
72,880
61,816
171,627
164,900
179,375
194,84
104,345
54,829
178,353
108,207
72,134
91,360
169,341
68,627
172,843
22,188
67,455
92,626
14,806
144,132
195,685
135,878
16,999
32,452
86,968
26,23
37,158
159,402
134,440
58,172
65,712
63,361
96,304
178,66
49,767
157,295
64,105
73,209
145,772
114,34
111,572
4,696
90,619
94,707
67,46
94,481
112,554
156,759
176,930
12,586
19,184
2,183
83,228
79,938
61,170
187,15
96,498
158,480
52,165
169,146
159,559
91,756
23,982
63,239
169,182
58,447
61,592
12,896
25,441
121,215
174,772
162,968
15,563
114,762
99,471
72,69
148,754
36,75
123,526
108,396
88,977
170,258
11,714
113,909
133,35
109,625
171,299
101,300
71,563
88,31
154,595
77,570
189,98
82,755
79,720
145,931
50,629
2,176
101,730
114,582
118,512
3,908
143,114
166,569
9,25
94,144
1,283
188,563
129,401
127,4
73,760
137,673
189,415
198,567
66,725
40,125
51,752
53,123
111,371
9,753
140,41
107,797
157,618
133,191
109,734
23,988
6,923
106,999
33,76
77,859
77,400
133,849
65,537
2,470
146,182
49,426
149,590
165,958
44,80
55,435
102,772
34,122
176,758
168,325
115,242
178,418
41,711
167,384
3,490
174,582
79,94
188,273
149,880
88,966
82,823
127,806
1,434
49,967
77,756
150,639
196,982
123,744
108,482
188,538
170,762
65,735
29,500
98,116
59,268
107,879
147,897
158,408
147,425
147,358
29,631
129,617
141,794
162,884
18,882
151,427
144,199
199,261
19,128
86,258
3,435
11,189
155,887
123,969
142,747
154,156
18,806
65,786
104,730
78,480
197,481
125,229
173,247
22,86
130,557
100,274
4,68
88,998
41,204
106,976
28,243
115,832
197,103
100,237
29,175
166,755
115,131
34,14
6,991
129,786
17,999
123,881
7,358
112,862
189,522
134,190
165,501
93,677
47,566
122,483
198,479
111,285
186,288
150,428
137,630
168,776
41,482
25,698
105,239
118,309
112,862
102,636
90,787
192,453
59,604
154,79
79,390
5,564
77,771
187,537
158,66
124,815
74,255
197,115
34,370
200,511
182,220
128,931
92,480
198,374
15,945
24,124
8,525
42,354
182,654
194,581
41,701
147,535
181,801
46,575
123,279
16,119
118,631
39,506
63,907
20,772
88,660
113,763
47,835
143,743
158,245
127,42
19,737
129,950
16,765
22,916
14,480
177,369
103,126
159,809
14,279
153,867
142,266
72,633
41,107
2,9
181,579
64,892
67,859
109,786
104,247
25,585
132,618
94,500
176,333
42,540
79,971
30,609
42,75
187,34
132,423
70,738
11,590
115,573
78,807
76,292
169,519
12,409
10,489
82,270
139,690
21,812
57,462
170,41
152,843
93,28
194,368
137,829
33,194
159,664
132,837
86,107
99,859
159,953
112,276
155,261
92,124
178,988
44,185
74,204
154,859
179,959
171,695
165,653
11,179
127,436
179,860
160,142
87,941
153,847
31,49
76,129
167,725
71,965
200,116
30,52
196,352
21,966
168,330
158,194
186,903
103,157
53,555
134,887
1,101
113,550
92,67
195,526
92,67
21,91
143,91
170,949
123,761
70,485
99,772
120,771
124,626
82,314
39,977
49,189
167,369
61,523
61,721
180,331
143,335
19,905
20,232
25,630
63,464
151,835
101,206
77,665
199,348
148,105
68,283
44,712
159,678
66,10
143,176
161,634
56,297
162,654
100,71
130,299
183,62
77,86
127,939
36,661
33,27
44,938
153,85
53,299
65,313
168,581
97,646
123,902
140,812
51,455
14,841
63,604
166,897
57,987
165,948
18,725
97,553
73,176
88,848
30,390
135,605
69,510
20,130
145,365
127,201
133,269
147,471
69,36
151,984
103,608
97,567
89,343
90,975
129,324
94,748
83,529
92,946
196,870
86,657
58,876
30,935
68,906
9,249
96,618
176,88
170,630
188,789
132,668
131,232
56,771
32,557
152,520
123,524
84,382
103,999
173,293
64,804
7,953
24,936
122,983
123,468
140,511
21,349
166,619
175,415
153,943
137,177
93,390
129,518
86,223
96,508
145,54
83,271
66,424
156,501
20,429
151,670
10,26
43,914
83,986
151,552
132,29
183,156
56,428
156,428
177,461
193,907
25,860
199,785
90,811
76,578
178,227
103,153
175,259
97,381
178,895
190,528
91,698
29,883
189,487
137,555
87,621
124,708
2,114
23,818
15,519
101,468
35,773
155,955
40,563
186,193
4,96
87,506
20,17
182,60
50,416
152,164
57,653
108,8
52,145
172,635
61,174
116,933
18,799
48,368
65,319
121,519
189,197
45,96
155,781
69,947
61,673
185,668
2,43
143,582
42,262
125,286
16,254
9,567
32,340
82,437
88,64
132,599
146,81
145,749
39,596
200,205
169,214
145,543
94,55
59,531
96,694
87,751
133,687
121,219
88,895
61,946
192,786
149,842
153,812
145,361
138,707
82,754
160,40
119,992
156,887
152,694
95,353
162,807
25,645
102,365
23,371
43,66
83,427
80,535
122,874
24,779
82,248
124,829
10,417
157,617
67,127
103,701
134,823
17,57
84,978
75,758
177,340
3,275
29,263
70,906
80,377
137,813
118,181
167,703
26,251
113,909
24,818
146,646
190,424
55,350
62,808
15,504
115,873
189,115
187,477
47,71
92,58
187,416
146,319
54,410
164,123
154,593
56,209
166,998
14,781
152,320
185,368
171,747
68,435
61,108
79,606
65,162
87,935
161,999
128,374
71,304
160,440
53,669
78,809
149,922
182,911
136,740
16,712
105,907
81,502
183,330
161,340
127,612
154,117
98,840
44,221
77,775
155,154
133,214
182,104
10,369
133,925
28,392
83,864
151,223
36,415
68,190
176,281
91,60
74,256
89,805
105,664
90,671
44,721
36,787
88,700
187,908
97,537
95,623
102,483
33,883
158,757
102,328
48,338
134,817
151,418
166,577
13,346
66,155
86,736
79,788
42,484
73,104
120,542
125,534
88,336
26,154
112,210
155,222
55,271
89,794
81,455
165,126
174,308
161,950
86,196
179,385
197,108
38,986
78,825
36,943
14,139
181,324
70,737
22,519
20,574
32,672
103,963
142,33
190,189
103,222
11,296
4,782
74,623
192,17
67,532
98,790
150,719
127,649
77,355
168,799
105,72
3,694
114,503
48,881
180,659
167,42
1,876
139,453
148,499
6,203
12,156
30,578
114,842
12,117
112,928
178,186
144,180
127,463
164,286
8,710
50,904
148,49
160,291
65,768
196,741
72,993
13,784
102,225
102,153
198,345
157,732
93,53
169,209
29,542
111,348
155,590
16,274
1,349
24,309
91,322
168,147
8,552
52,952
119,254
61,474
41,962
162,928
74,998
12,659
60,37
41,186
196,761
144,231
108,999
135,427
146,613
61,532
68,386
83,641
115,866
20,537
161,722
89,70
194,630
61,109
104,623
37,689
42,856
18,734
33,927
66,428
158,575
3,795
89,485
5,939
74,400
190,816
117,74
118,640
116,216
161,909
94,879
189,210
58,640
138,659
183,428
50,377
23,968
110,52
177,814
181,547
17,212
151,419
14,208
168,160
30,699
46,424
109,171
146,637
101,638
87,710
30,865
86,258
101,770
62,587
20,392
106,200
150,627
195,994
153,304
160,572
2,442
43,792
185,238
86,719
71,563
56,983
36,221
45,523
193,547
162,689
84,847
127,650
164,544
175,827
184,91
26,100
9,875
28,385
55,88
96,624
42,759
126,628
5,926
71,44
27,752
167,499
185,455
33,535
138,949
93,986
143,86
189,45
37,642
128,590
118,708
27,757
122,618
37,312
162,75
8,860
28,614
186,781
174,756
15,971
102,452
117,261
128,100
144,218
38,302
105,536
26,414
68,758
72,688
196,496
109,56
179,401
195,337
50,620
39,392
54,163
154,370
81,731
127,693
33,447
16,922
20,337
153,320
162,791
198,319
114,865
9,338
33,596
54,897
112,428
3,646
60,278
120,747
9,378
138,579
38,472
157,137
167,874
133,973
51,411
138,924
46,318
159,294
37,744
132,987
109,238
199,749
42,947
83,474
18,14
155,998
55,895
180,2
165,961
33,995
55,5
101,212
179,125
44,420
116,338
120,861
125,703
72,378
159,336
30,49
127,280
200,425
159,873
70,315
20,604
18,461
190,135
188,547
48,584
63,313
54,69
186,147
196,346
175,707
38,159
9,86
45,705
6,805
28,645
31,159
195,16
113,682
137,581
120,704
79,140
199,780
166,373
36,604
7,980
52,693
80,90
137,520
72,227
60,288
5,403
19,748
58,260
27,759
174,498
187,236
52,197
194,817
96,692
176,442
86,433
193,236
187,784
41,664
93,16
122,506
8,809
18,63
35,356
30,7
102,529
95,905
140,926
158,35
132,598
134,286
95,909
95,427
35,811
135,844
108,212
4,133
58,667
193,149
99,376
55,409
100,203
68,424
34,581
115,808
41,93
167,673
5,52
66,503
26,616
113,73
10,554
33,114
141,878
161,751
66,560
43,956
30,841
68,10
182,679
17,457
150,105
30,804
72,483
192,24
124,920
9,385
149,103
17,868
11,420
136,730
134,874
102,301
24,243
33,327
190,823
72,204
154,921
46,940
71,588
167,963
123,638
133,625
98,594
106,435
38,263
102,506
34,312
138,691
149,316
110,953
58,185
83,152
182,240
12,847
133,964
66,852
145,587
8,980
200,217
177,34
54,338
157,632
62,565
91,165
39,507
26,132
12,53
109,96
76,978
112,770
143,568
72,484
180,802
48,743
169,872
195,124
51,507
184,338
32,578
108,948
26,490
103,849
148,844
52,809
19,237
200,907
56,850
28,701
60,646
176,458
125,904
33,561
135,555
86,113
119,205
158,31
68,245
28,220
89,99
188,426
103,425
41,558
166,367
88,592
172,862
1,952
131,32
78,166
40,450
165,927
12,505
144,974
71,368
52,306
151,824
62,510
165,777
128,376
148,19
102,928
191,896
170,374
4,314
160,152
110,846
96,764
140,633
182,965
161,250
173,900
77,249
142,639
174,578
190,774
122,596
184,383
70,105
175,62
62,361
184,255
64,670
48,37
83,550
130,331
37,864
123,939
74,496
197,825
144,458
128,778
37,187
131,320
146,61
117,42
13,386
23,633
51,999
96,428
163,535
11,424
180,444
86,528
196,396
156,59
42,926
195,135
135,841
196,961
182,782
108,183
168,762
154,914
33,577
180,125
152,39
175,155
97,191
171,865
113,969
148,440
97,212
162,861
111,360
92,231
118,937
199,499
119,201
102,857
56,692
45,617
32,577
73,432
156,393
56,593
112,985
173,361
10,912
92,672
55,505
152,684
191,315
73,599
64,969
146,690
199,618
72,425
179,312
49,519
172,619
133,74
171,667
194,152
111,333
191,431
84,44
70,725
193,842
76,881
173,541
198,964
158,272
5,13
177,94
27,830
68,60
165,413
156,820
10,136
30,92
65,471
117,873
30,200
159,899
126,228
141,838
37,756
143,794
2,1000
82,138
86,785
125,334
28,809
79,684
165,420
85,118
5,863
74,905
188,682
32,909
66,311
145,154
111,430
72,671
165,619
53,463
183,660
55,678
51,340
170,416
94,299
81,840
11,729
6,923
22,920
177,431
43,750
108,872
164,146
83,510
117,228
158,270
186,431
84,50
120,647
16,535
112,918
197,834
4,931
157,122
7,993
113,701
128,308
200,337
114,62
39,773
165,82
96,331
137,31
50,199
62,578
113,223
179,58
160,282
57,943
129,490
58,610
119,954
127,566
156,376
17,738
32,489
45,686
139,891
45,645
27,952
99,660
91,227
189,942
82,393
29,642
54,645
50,883
151,510
80,421
41,813
140,738
14,839
168,667
66,314
34,161
4,333
148,175
157,688
183,780
185,122
14,937
21,283
180,230
115,878
154,85
192,614
22,619
51,636
158,245
151,518
77,337
193,292
47,933
16,294
191,949
64,958
156,398
122,503
45,921
180,886
116,473
21,943
119,418
61,394
178,126
181,971
18,946
136,527
101,113
61,876
47,524
125,838
39,859
67,32
172,283
89,354
33,362
118,510
10,86
175,992
45,611
191,39
96,283
87,452
173,610
137,791
95,703
71,637
70,795
141,217
103,813
15,691
64,145
94,285
156,108
71,179
15,813
8,599
149,611
84,174
194,598
154,684
116,228
87,874
9,341
69,522
39,157
3,648
40,320
148,492
108,11
131,651
18,417
191,716
195,22
12,341
63,635
111,54
188,642
33,789
174,544
123,390
195,601
86,429
59,952
132,831
124,573
131,660
108,167
81,229
112,562
128,547
72,748
47,824
75,357
92,268
132,824
50,98
6,1
127,498
76,494
37,830
161,508
93,692
4,370
180,440
199,970
50,767
120,530
135,403
71,329
35,813
76,882
184,167
135,541
81,477
195,589
183,851
15,648
50,939
61,129
117,61
2,291
30,176
51,383
200,602
66,572
32,167
4,411
139,881
148,789
154,848
102,54
1,148
100,151
165,79
191,623
16,413
67,132
102,534
93,694
124,462
144,240
28,849
195,430
127,803
13,330
41,120
163,482
143,273
71,346
160,156
170,54
103,595
38,270
73,622
2,464
63,450
38,847
32,398
34,973
101,559
179,667
28,589
19,745
159,175
86,253
195,277
123,961
48,57
43,712
88,89
128,599
179,965
84,726
40,647
97,308
145,522
99,246
96,20
128,186
155,51
186,656
115,300
151,403
11,326
38,343
149,450
27,309
123,604
147,554
24,590
55,877
96,508
177,24
109,834
6,555
132,253
30,383
77,842
109,404
95,168
92,193
161,983
143,672
66,674
194,451
77,211
91,987
160,134
200,23
168,418
101,484
61,247
53,114
124,441
172,80
199,34
197,323
40,505
90,509
104,815
93,214
180,739
160,570
127,754
69,479
143,940
44,656
99,862
37,261
191,460
148,593
14,34
136,922
175,473
145,139
108,497
157,882
49,571
189,969
123,550
34,818
82,578
135,342
160,168
167,408
35,143
15,292
70,176
75,247
95,507
131,323
19,795
49,258
77,604
151,597
6,234
110,650
42,439
93,333
175,277
172,812
185,557
163,366
69,816
123,798
87,611
128,554
120,480
34,458
95,841
192,798
195,417
142,47
89,704
184,595
43,495
90,307
36,259
71,430
72,194
188,646
25,934
66,837
172,41
164,365
82,127
150,855
68,855
140,263
15,126
169,264
86,838
36,964
37,737
75,691
65,324
17,471
200,965
158,147
154,378
76,718
126,631
29,918
77,580
34,849
143,189
107,318
27,859
74,380
133,358
21,90
151,195
189,290
48,277
79,766
26,329
168,815
135,30
7,384
32,656
159,313
181,816
45,190
198,894
37,240
15,916
47,603
42,898
102,763
130,291
74,938
55,699
12,35
143,143
177,931
34,667
81,165
153,57
154,439
5,281
57,131
39,556
6,2
42,723
181,905
38,748
94,62
6,714
89,701
127,150
89,21
161,988
192,744
199,199
198,845
131,551
2,951
8,597
194,598
73,832
128,973
92,635
127,332
134,614
27,486
181,427
99,434
117,298
101,697
48,697
197,308
120,84
38,671
42,391
83,594
91,164
25,909
10,968
180,363
160,60
74,126
118,352
113,875
37,647
93,999
18,852
52,980
105,500
185,363
54,516
6,296
78,822
19,106
53,34
3,395
177,272
15,844
167,817
28,905
122,917
67,368
100,80
10,757
150,947
6,98
102,989
171,782
155,258
145,404
113,60
166,417
131,711
188,102
138,637
188,857
174,494
44,101
53,153
67,503
179,34
121,487
115,824
178,854
164,47
23,711
68,290
118,28
32,802
23,570
81,22
128,293
199,42
61,220
118,179
45,224
147,851
13,291
192,970
91,304
73,520
131,857
167,318
109,356
42,615
19,853
64,773
137,929
105,495
139,734
29,617
179,46
139,574
168,723
153,471
27,517
175,448
156,718
184,526
92,274
109,792
87,382
57,754
35,790
47,588
69,512
195,70
80,619
120,953
34,859
170,905
185,466
123,886
160,900
183,633
96,354
196,125
142,997
84,966
61,362
192,522
11,16
140,379
3,700
197,819
149,166
78,710
75,489
62,783
135,793
50,639
52,13
159,385
106,750
163,893
180,799
77,657
5,174
103,300
82,532
148,978
81,773
151,766
107,473
115,871
197,593
122,746
112,372
126,85
66,260
23,839
183,444
167,649
8,207
74,168
13,949
133,707
44,609
74,710
184,613
145,94
70,78
163,582
134,691
149,961
177,194
57,275
144,842
124,620
47,555
48,724
50,302
184,639
182,1
158,242
137,546
71,193
154,375
53,490
164,879
26,264
117,158
76,995
73,978
189,75
64,742
40,934
45,129
34,167
25,111
138,70
161,997
192,755
87,47
131,838
177,668
47,128
177,264
129,21
112,65
80,892
138,78
133,367
73,302
5,792
28,892
179,992
151,191
175,350
133,738
3,258
43,757
59,877
34,662
184,205
90,741
38,872
20,257
79,817
86,168
126,405
150,195
139,885
175,516
110,660
43,475
180,162
166,166
69,817
169,915
7,472
98,649
3,788
181,206
48,399
165,326
187,359
145,142
80,255
46,330
41,430
6,348
1,678
86,601
96,705
34,754
129,461
14,120
192,692
69,520
43,875
155,140
112,481
157,731
176,408
64,883
60,828
42,892
160,354
53,960
35,671
152,763
175,993
165,997
134,530
74,756
94,129
6,59
196,244
53,113
49,177
129,108
44,355
58,197
169,138
86,512
39,718
110,688
86,597
186,673
118,128
76,850
189,884
138,202
42,203
126,418
17,24
147,251
77,318
31,850
108,406
6,285
118,366
63,930
158,497
64,651
54,259
29,15
174,771
132,968
179,437
25,41
113,883
53,640
155,502
162,407
163,239
181,154
64,82
121,32
163,986
183,554
54,949
28,354
180,166
169,916
138,266
62,569
104,37
2,32
134,519
97,619
136,819
67,70
187,933
96,687
191,518
4,778
178,449
110,552
16,884
47,17
142,471
86,284
145,869
80,847
74,475
39,827
66,527
94,146
184,630
50,706
156,270
103,71
6,919
76,935
125,898
88,937
133,461
150,540
66,335
87,832
54,281
83,566
23,449
152,248
29,553
99,54
34,204
117,596
160,866
180,403
117,34
85,223
44,956
16,191
194,425
135,428
146,92
81,451
95,330
189,266
148,577
77,705
38,595
6,545
5,306
142,456
175,419
142,696
106,452
94,322
190,66
78,836
161,872
39,905
146,560
69,723
117,171
110,175
83,241
156,720
145,950
66,319
83,876
121,425
166,973
115,262
161,88
94,926
68,592
165,926
154,501
84,927
84,95
99,555
115,996
11,392
150,207
98,997
119,842
18,841
54,33
169,207
85,196
105,819
113,161
41,740
26,770
80,648
96,354
128,974
104,984
76,585
148,317
80,341
47,330
47,6
42,897
35,541
163,416
36,833
169,972
139,932
88,409
177,181
82,724
156,741
113,231
46,395
97,97
185,544
18,614
137,416
15,390
60,777
4,881
37,723
66,871
153,868
197,885
43,430
159,7
195,386
165,105
69,945
111,9
192,368
5,3
197,54
164,93
84,723
59,464
182,670
57,37
114,38
118,206
26,805
148,466
32,601
103,762
63,104
35,989
16,448
158,469
93,174
75,31
83,751
174,683
26,593
54,32
141,383
37,992
17,449
165,724
34,71
69,600
176,1000
71,602
162,586
72,381
150,337
190,877
32,720
23,641
39,276
121,893
11,866
117,183
157,121
96,522
128,156
17,551
200,718
197,478
99,689
37,864
18,643
95,750
191,877
91,71
43,562
110,963
169,55
182,339
42,349
146,480
6,22
120,737
164,873
152,751
118,837
174,997
190,472
2,677
62,433
171,202
43,80
156,517
40,982
63,710
56,859
137,702
12,96
106,750
184,434
140,986
128,321
39,885
153,576
116,499
48,500
152,874
117,156
96,224
77,4
96,621
5,197
68,519
152,645
35,18
138,120
157,934
114,719
133,914
200,511
35,537
133,323
22,867
73,948
102,989
166,563
30,354
88,748
161,107
193,465
167,205
106,443
95,379
36,439
97,238
39,418
183,586
127,542
81,549
98,941
186,666
2,521
94,785
176,241
144,228
74,586
132,328
44,180
198,687
12,512
122,329
101,473
199,446
40,885
126,297
68,625
4,344
40,723
195,507
90,923
99,13
114,635
35,110
183,262
137,375
48,710
132,969
145,937
166,517
186,887
142,592
63,133
83,675
88,439
101,206
153,898
71,921
6,917
56,541
41,719
196,495
187,995
144,940
36,888
10,737
181,135
49,824
113,267
131,458
34,686
167,879
76,36
22,361
94,979
174,153
126,208
40,141
28,915
92,484
2,207
41,742
180,909
98,18
161,564
169,241
10,217
20,833
48,152
85,48
199,384
172,274
160,995
125,771
74,213
45,445
182,603
196,189
154,777
197,224
186,984
93,773
140,365
70,842
70,809
69,117
60,208
44,536
188,760
166,7
149,528
158,533
159,359
60,676
178,418
81,282
87,379
198,323
142,192
101,689
134,473
10,521
140,708
177,125
109,778
78,253
152,173
85,944
171,206
124,634
35,181
88,248
30,10
63,817
119,376
101,441
10,985
90,442
96,158
49,370
191,629
11,969
104,805
110,822
67,618
110,917
2,656
22,790
38,188
62,225
70,1
159,635
56,75
156,657
123,87
140,355
53,557
8,172
132,771
160,722
119,25
149,768
6,845
144,555
6,628
184,532
176,554
142,526
192,469
73,573
6,847
136,262
22,470
156,29
172,580
93,757
191,623
175,983
106,61
65,488
197,854
20,785
10,121
152,778
134,123
59,412
113,417
83,794
146,830
154,875
4,373
179,864
179,662
57,336
181,464
144,717
87,693
77,963
56,502
136,75
121,956
53,349
146,188
51,586
56,449
195,407
157,728
81,449
128,799
72,559
178,211
184,596
182,802
90,76
30,371
41,311
48,939
177,17
55,412
138,465
101,236
101,837
93,79
63,99
162,841
49,106
176,27
110,57
72,879
34,483
22,929
142,423
45,486
160,967
110,818
164,107
11,223
182,62
84,919
17,165
129,295
92,211
135,38
71,561
131,362
88,858
143,427
150,651
36,759
180,847
182,979
189,805
62,843
16,921
143,596
81,380
178,735
162,505
152,753
133,431
14,794
96,77
23,36
138,585
145,552
92,189
94,932
53,58
97,489
103,901
4,700
119,820
117,433
143,713
74,21
189,609
188,480
199,720
112,426
31,976
24,134
32,506
98,97
12,284
111,921
171,250
160,905
121,352
16,37
177,550
2,538
78,998
18,718
73,112
142,819
54,908
36,103
148,839
112,178
136,343
22,957
152,539
79,233
117,489
93,179
137,754
53,713
192,963
124,202
160,534
87,151
198,793
70,105
3,408
160,821
68,823
14,169
135,2
56,581
186,343
158,110
14,28
154,92
161,860
90,39
24,261
171,53
175,658
51,164
150,389
109,373
5,655
40,718
177,574
199,241
108,512
186,616
55,307
200,527
151,246
72,254
13,11
118,559
16,245
168,825
158,199
189,273
63,73
82,728
194,199
190,556
11,437
69,271
72,410
72,527
173,914
103,443
52,66
114,483
77,327
79,144
110,446
87,797
176,520
193,154
145,717
167,779
76,805
15,311
113,833
180,747
76,304
73,114
191,353
184,10
195,663
168,1000
147,660
41,538
143,844
112,400
17,276
6,683
15,321
119,875
198,959
78,338
16,152
154,844
105,322
155,605
21,523
120,109
118,724
178,595
64,779
78,412
71,690
47,420
49,511
160,219
96,444
160,969
103,291
11,251
86,170
59,120
78,34
28,515
69,853
22,748
34,750
158,981
151,635
134,505
197,507
192,769
190,704
121,170
184,644
123,137
99,945
5,753
90,307
31,97
200,949
181,178
140,906
8,148
138,386
185,715
65,252
164,933
189,423
183,456
79,620
101,670
125,193
170,740
199,799
170,667
177,860
83,182
176,272
159,822
18,362
38,848
200,512
176,323
124,353
150,806
28,266
129,928
105,657
69,206
55,195
118,186
86,842
40,933
139,925
24,70
151,377
20,712
190,831
91,656
3,345
184,484
72,280
32,941
86,969
197,878
200,349
125,524
81,851
136,740
125,915
177,453
37,265
86,208
120,469
146,521
46,398
58,432
77,821
123,63
136,609
49,998
21,21
97,275
189,767
195,919
75,881
147,282
152,727
148,775
146,706
94,690
169,188
74,609
149,773
38,115
94,692
122,984
72,184
185,5
161,649
74,448
78,742
28,615
25,247
86,274
118,245
109,174
196,262
31,972
44,412
108,934
130,214
55,751
123,331
184,952
182,679
95,992
158,401
112,638
184,562
19,19
49,100
161,630
120,904
130,818
69,823
200,994
66,221
10,617
75,227
95,439
68,574
28,914
77,819
144,106
125,518
43,282
114,92
29,722
96,302
132,658
99,974
109,398
186,716
136,877
192,274
34,606
13,265
163,651
79,741
186,170
39,867
39,667
146,986
152,625
48,794
45,373
44,495
159,867
102,746
191,925
162,980
13,303
63,773
89,593
157,604
41,780
39,502
62,239
99,140
65,853
184,347
60,587
59,178
63,8
98,142
153,316
25,444
28,439
10,94
122,301
110,326
142,306
36,77
3,503
137,556
196,902
174,269
86,671
14,432
118,40
132,705
150,707
113,404
94,602
183,230
186,383
8,327
124,20
11,579
189,100
15,898
135,697
137,272
49,632
195,970
93,752
187,653
173,470
50,92
14,154
79,401
143,151
171,238
93,346
184,521
77,908
3,406
146,36
48,820
199,605
145,182
58,832
199,993
185,578
63,163
11,390
78,785
72,348
73,71
160,950
95,462
91,652
191,62
134,367
188,900
176,699
157,143
50,352
150,551
195,722
24,71
46,99
19,255
41,743
7,113
131,902
126,623
59,629
42,75
156,648
177,961
79,484
73,672
15,759
45,156
141,602
2,720
78,359
138,859
58,309
16,97
109,995
41,83
22,693
4,328
9,932
172,928
161,672
25,752
40,245
59,141
125,188
197,297
117,170
23,681
64,429
163,954
20,515
96,553
168,732
167,847
49,269
20,60
129,523
50,863
134,158
114,805
181,168
12,722
36,731
61,660
129,841
177,316
169,165
193,315
16,618
58,347
1,255
147,293
102,34
162,831
107,580
18,639
157,640
101,252
119,870
63,836
73,878
154,850
131,565
144,385
164,77
177,76
41,972
34,649
119,956
187,243
152,289
61,159
77,810
75,560
134,659
138,316
119,564
154,341
42,530
192,407
5,628
51,27
189,45
146,911
4,619
102,873
1,887
19,921
101,186
10,74
54,577
149,547
167,818
165,38
103,851
140,748
185,28
109,769
12,539
65,786
39,129
115,461
70,486
34,328
183,928
146,423
79,471
46,655
160,789
118,371
20,728
17,874
86,623
84,274
38,468
178,267
183,763
132,161
164,219
95,361
92,933
32,866
117,15
150,802
25,505
174,152
199,914
158,889
30,698
109,681
184,80
168,896
61,129
196,496
131,889
190,218
8,132
20,159
40,132
168,900
162,262
112,23
26,642
126,976
84,35
67,775
174,188
151,58
30,99
60,209
76,100
150,342
170,559
93,391
159,311
147,781
142,961
72,658
99,867
135,757
70,22
136,546
157,246
76,772
123,233
25,180
140,168
89,750
22,396
113,831
54,234
129,164
111,209
121,893
162,964
124,754
83,892
3,913
86,873
89,994
126,570
62,518
13,667
198,406
184,530
72,296
106,518
102,927
28,484
189,614
123,117
191,482
197,891
86,326
145,591
72,600
107,979
65,853
43,560
29,961
158,376
46,238
71,847
25,796
73,515
6,70
91,59
169,459
192,351
111,709
82,291
13,977
25,734
77,154
1,711
135,143
143,687
198,884
168,289
163,77
154,358
87,473
188,136
181,557
67,917
179,464
121,246
97,195
5,446
162,534
97,188
99,696
18,945
158,332
8,509
81,675
10,122
67,757
123,785
182,576
32,377
1,813
14,27
125,550
22,333
182,655
94,470
151,186
154,704
86,393
147,697
46,915
89,988
47,949
28,534
163,51
79,576
119,593
80,223
98,663
51,480
43,658
100,503
1,884
110,40
169,860
109,982
177,12
185,129
145,442
114,767
152,504
36,530
50,909
183,554
171,866
176,216
118,983
160,873
200,550
86,397
176,675
37,800
107,516
38,850
132,421
178,144
140,620
49,232
196,773
186,584
161,545
110,305
104,348
81,323
14,892
199,987
84,628
24,637
160,756
127,596
75,1000
100,786
13,219
86,77
94,596
123,962
8,47
186,621
46,161
148,261
172,661
125,292
55,262
111,409
143,448
98,861
110,77
135,653
198,51
146,769
194,170
137,139
163,603
61,882
70,372
29,387
197,883
182,963
30,403
153,946
21,471
117,4
64,201
91,568
57,124
3,911
63,784
196,686
19,47
66,88
97,229
125,360
17,504
86,223
45,566
152,938
117,868
73,8
71,335
72,72
23,163
44,178
150,358
147,494
15,687
153,616
71,385
160,685
96,156
200,425
11,223
93,38
81,102
171,747
199,262
79,18
129,748
51,626
193,107
173,631
193,548
120,610
116,865
181,40
76,757
108,813
7,777
193,35
71,766
41,615
37,535
140,463
58,526
118,251
143,492
88,636
134,17
149,463
142,635
74,536
61,321
107,792
131,497
161,481
53,645
103,426
161,378
113,563
57,209
44,949
56,926
33,840
2,961
132,58
106,226
193,252
135,986
57,967
64,255
121,617
196,185
126,951
124,85
67,773
67,180
32,538
6,726
164,745
28,612
21,391
151,332
105,325
184,418
94,175
133,947
58,397
153,581
28,932
197,202
21,398
46,205
167,319
51,667
79,214
185,943
141,940
170,158
30,560
31,336
71,473
189,376
134,950
185,147
179,51
106,111
8,306
83,595
49,944
69,647
7,361
170,252
47,646
118,228
93,613
59,81
30,268
72,888
186,226
35,467
149,73
121,243
136,655
178,80
165,444
35,550
155,316
145,922
56,669
31,189
179,781
10,514
19,296
153,22
113,710
47,512
69,897
116,929
182,422
4,749
72,915
198,646
68,252
157,719
16,387
172,276
50,223
3,967
166,18
130,3
122,130
50,310
175,568
82,471
46,698
153,675
175,235
9,401
63,5
187,45
6,16
43,484
57,122
135,154
35,782
181,747
113,771
63,992
127,215
35,126
166,539
141,479
173,265
89,350
149,150
65,114
5,686
55,781
59,473
168,349
27,789
20,738
2,649
30,880
140,130
76,957
48,745
147,2
37,883
51,580
106,15
134,489
13,813
16,538
144,20
54,581
38,477
89,308
111,897
185,493
163,536
123,304
110,918
193,950
106,607
40,117
176,72
63,217
70,401
133,606
54,47
121,438
128,797
92,505
182,910
111,219
100,295
114,726
58,459
183,627
66,101
115,364
200,465
145,814
77,473
104,776
126,496
76,248
62,934
47,53
14,722
189,939
16,917
128,753
75,786
31,911
26,30
121,869
26,993
137,285
153,809
191,516
106,983
10,928
75,394
63,942
199,188
162,909
91,383
144,20
173,305
91,763
63,709
77,908
18,740
32,206
24,271
156,100
164,97
35,567
153,532
91,5
110,732
175,334
145,776
104,60
55,541
135,822
47,549
42,863
96,287
160,665
102,935
32,827
69,537
157,871
171,544
37,62
61,642
82,23
191,421
119,785
181,26
89,284
89,872
14,678
104,379
37,618
195,638
115,86
11,645
197,239
128,130
123,506
2,907
200,980
121,417
105,536
26,626
144,360
184,79
163,720
17,525
190,18
125,280
127,403
81,320
143,274
105,628
177,756
3,185
191,367
88,762
124,738
115,933
153,762
8,73
63,632
45,493
152,20
116,39
172,817
172,477
61,460
191,132
42,120
165,409
179,676
123,443
105,943
88,967
37,396
169,854
51,392
26,498
74,353
169,101
170,551
76,11
137,219
151,854
83,63
60,667
127,96
12,985
65,399
184,873
178,683
138,628
189,131
157,560
48,53
42,946
2,441
156,406
166,836
150,654
89,550
130,6
139,888
127,751
49,258
62,97
138,367
126,483
158,806
29,412
144,944
122,969
52,163
97,463
43,29
131,636
91,967
198,788
96,239
46,104
160,647
1,582
85,826
200,949
118,943
24,695
141,577
188,727
72,711
119,630
31,754
54,866
132,878
156,87
48,169
96,381
5,607
80,918
8,157
54,358
137,809
112,424
105,678
133,369
152,876
99,573
123,734
35,899
111,619
133,863
126,850
78,764
176,538
76,496
144,459
28,961
27,982
53,683
158,947
101,942
106,841
146,339
184,832
187,577
123,170
196,208
33,734
32,806
132,501
172,429
16,307
95,831
40,415
179,716
24,651
45,337
194,518
54,386
95,236
57,625
105,875
125,740
6,212
19,152
13,745
132,15
94,522
133,195
4,89
4,105
191,243
15,901
136,427
46,42
8,123
200,168
76,625
52,309
57,615
93,621
166,418
141,631
127,954
169,733
72,445
190,311
99,606
133,988
121,636
128,648
108,893
6,88
163,488
53,832
40,138
108,221
160,985
146,187
168,273
98,629
172,798
86,698
15,102
113,569
154,945
168,426
151,63
59,26
116,743
129,258
5,281
97,184
175,527
104,813
98,116
8,757
139,724
180,192
102,299
148,283
51,388
152,940
126,388
134,80
14,591
89,601
169,30
102,721
52,786
143,896
49,939
67,843
28,291
126,437
146,369
194,590
147,883
83,739
105,358
43,548
22,383
70,44
92,139
110,73
140,558
100,373
40,315
132,277
5,404
8,490
168,270
156,1
32,852
38,276
15,999
90,449
171,617
104,228
22,241
59,721
28,867
69,119
47,349
89,137
164,20
128,542
103,381
82,945
12,570
173,56
188,35
130,656
51,509
113,402
83,852
145,247
182,566
142,608
62,278
196,529
23,507
191,259
25,355
176,460
90,897
123,294
192,629
91,284
183,875
117,834
31,519
131,400
194,672
85,930
22,529
27,75
133,67
198,528
82,359
16,64
161,557
176,72
87,66
153,85
97,11
90,118
126,765
34,716
44,939
68,808
79,456
98,726
9,638
60,314
147,933
174,79
33,380
91,992
148,415
142,647
107,116
108,799
174,826
115,547
176,928
49,656
50,249
93,630
34,445
32,703
137,237
108,61
42,136
18,645
79,960
200,724
46,749
77,494
75,690
153,302
142,399
178,920
145,314
108,151
186,436
69,933
34,718
48,579
122,661
87,446
81,105
35,976
65,624
141,878
52,301
141,31
122,321
95,986
49,529
195,967
42,198
106,414
195,852
59,62
43,500
183,168
133,965
186,745
59,726
140,279
91,335
20,438
31,367
41,788
94,50
6,468
123,481
8,183
105,992
28,864
41,421
89,16
11,282
44,832
106,495
49,922
38,912
141,256
141,529
49,113
174,577
81,690
110,250
68,881
17,798
24,65
95,143
92,665
154,452
122,879
127,391
18,906
111,521
68,80
92,62
149,567
185,665
161,921
132,503
95,459
95,887
5,970
136,719
155,359
182,499
16,597
54,772
186,361
14,252
178,139
31,67
114,501
118,678
145,703
91,33
18,326
74,165
77,859
114,915
85,703
115,486
109,60
133,748
146,269
62,970
111,982
56,14
55,670
49,622
135,241
137,992
165,667
60,737
170,217
162,870
197,729
195,168
27,877
79,585
168,986
117,349
191,872
19,113
139,664
85,506
163,982
80,782
139,596
130,896
91,834
173,493
184,977
51,718
161,623
38,215
80,221
78,400
111,205
113,521
190,889
93,712
173,25
196,901
153,667
148,699
191,801
126,892
22,801
55,918
24,641
151,443
180,653
65,303
71,193
159,41
141,615
174,753
116,740
82,957
97,458
183,554
18,963
88,457
139,690
24,611
21,225
89,823
81,120
53,867
197,484
177,216
146,298
23,131
3,400
6,257
157,620
187,887
126,60
163,414
162,780
161,179
13,722
124,70
165,801
5,542
73,871
32,79
158,415
15,979
33,251
2,533
123,295
159,72
43,187
116,571
36,540
171,911
163,852
4,528
70,618
172,690
13,446
148,776
130,839
4,263
88,671
15,696
57,848
52,627
174,757
44,780
154,372
49,64
28,797
56,977
105,940
102,305
86,829
45,668
98,417
139,269
190,755
62,439
194,878
31,104
89,430
136,857
84,971
51,774
54,61
59,314
114,96
96,789
24,647
95,683
108,667
61,373
28,321
102,154
87,479
130,62
67,345
76,527
128,408
108,749
113,436
150,92
124,367
21,933
42,506
48,709
164,232
150,784
74,295
189,422
159,842
35,964
30,144
67,902
74,844
107,21
124,269
190,306
134,657
97,437
175,869
169,566
116,962
176,24
72,853
13,843
42,454
183,593
71,876
135,986
93,464
75,987
84,405
27,21
176,192
129,460
157,324
75,619
62,840
102,676
71,685
186,397
62,294
139,925
121,800
164,457
20,779
79,214
54,691
43,837
114,248
172,321
3,804
139,243
77,910
121,600
191,428
126,482
180,604
50,375
140,497
86,409
26,884
87,407
65,968
171,211
131,979
59,225
108,457
80,400
172,80
121,203
67,608
157,378
75,508
166,784
153,27
171,42
170,109
179,5
128,464
52,856
105,516
199,78
3,538
15,777
170,364
175,869
29,294
84,895
169,325
60,565
54,968
157,300
71,191
8,383
188,199
120,44
84,887
196,180
150,740
23,202
113,726
111,741
48,24
136,342
36,690
79,756
196,712
193,264
157,622
71,792
109,213
71,549
124,154
56,591
162,557
107,968
43,79
159,248
8,322
24,508
69,85
195,37
180,362
80,487
72,876
150,725
100,723
61,745
196,655
170,509
71,952
29,259
111,143
49,310
167,149
154,708
159,625
175,839
27,45
161,35
144,588
88,746
120,809
155,682
34,16
115,732
177,425
108,719
77,54
166,784
190,216
59,895
157,556
126,763
52,780
14,691
198,478
67,621
192,181
12,461
23,455
191,115
68,299
102,679
118,156
32,929
136,645
175,784
42,73
20,806
77,937
50,811
41,487
5,774
65,935
78,102
118,792
15,425
127,253
8,25
53,730
19,36
73,838
176,74
9,187
17,890
195,623
35,768
74,80
62,581
77,338
111,606
143,536
89,899
122,87
148,612
147,506
102,873
146,713
141,667
105,858
100,304
81,750
75,743
161,624
107,333
23,745
69,595
74,220
171,780
124,605
46,648
114,265
147,344
137,259
28,168
190,652
194,230
100,788
74,740
24,357
81,294
43,397
85,683
98,632
7,943
93,562
74,244
197,638
9,979
127,554
154,289
62,40
27,309
105,435
29,734
88,975
100,27
122,507
188,985
85,869
46,800
156,32
33,490
159,597
137,191
80,274
52,626
97,985
200,560
68,299
168,437
50,214
187,694
145,842
166,682
10,126
69,590
17,321
162,29
53,342
112,992
60,387
54,535
177,719
48,785
180,439
13,750
170,486
94,514
115,896
136,633
87,574
88,841
120,33
164,546
3,652
199,724
76,99
170,255
171,888
98,746
178,117
105,547
124,909
178,33
160,916
117,397
16,809
135,868
183,862
5,534
189,334
158,340
46,480
67,67
62,147
29,921
8,150
181,135
167,45
110,334
68,174
80,933
104,593
39,47
25,609
145,805
85,314
105,831
27,408
124,121
107,545
76,863
86,546
23,725
134,879
60,63
200,778
79,171
148,82
96,167
97,927
27,400
134,749
40,780
46,740
25,51
17,55
60,603
20,749
58,209
111,821
57,292
167,608
75,201
187,962
152,822
179,868
61,369
187,537
166,527
33,693
15,459
113,125
73,466
22,501
171,978
187,559
45,55
64,913
154,640
77,739
146,810
18,286
72,890
73,234
150,455
148,825
91,741
128,662
100,290
161,336
108,632
93,648
65,111
178,819
23,899
100,321
164,995
199,918
63,904
99,297
1,888
140,657
49,466
84,392
27,818
179,127
159,968
187,277
183,567
51,128
113,582
136,194
89,994
48,457
23,534
72,743
180,952
14,593
90,478
61,514
54,105
10,995
178,753
159,67
22,853
106,715
30,975
1,896
57,676
1,826
156,12
194,290
91,754
154,157
35,528
17,242
110,202
31,377
163,528
164,294
113,632
198,466
147,173
135,673
90,730
167,923
163,137
62,939
10,241
163,741
24,970
128,781
40,678
67,235
2,356
51,506
114,764
119,451
76,359
11,659
181,376
101,173
166,352
7,240
51,595
35,333
82,117
156,802
157,656
105,707
150,717
107,467
112,512
117,650
19,398
12,66
43,403
195,58
54,219
19,114
143,13
200,416
152,842
53,399
97,502
140,602
193,412
182,154
157,857
50,30
70,934
61,136
149,546
159,530
84,336
102,153
12,690
199,955
51,466
37,461
68,242
197,327
39,127
127,867
127,404
24,233
109,279
152,34
183,535
143,478
169,244
127,531
197,524
14,593
119,708
119,167
66,188
171,440
99,880
23,953
155,943
190,227
87,43
140,339
184,512
2,841
141,23
199,499
4,429
67,166
158,394
186,307
121,552
95,844
80,544
2,650
140,714
26,80
37,271
3,761
50,238
63,459
87,535
115,655
183,138
85,403
69,636
16,435
196,617
149,768
196,605
46,135
160,432
78,705
78,51
40,732
153,946
172,24
138,923
184,153
87,356
113,239
86,735
66,933
12,119
199,202
139,188
160,721
178,170
3,906
35,322
156,870
55,697
185,104
43,831
31,693
44,919
186,418
20,303
199,79
98,308
124,384
23,784
105,47
152,488
43,876
124,217
15,916
16,509
47,171
94,477
15,436
6,392
57,682
111,73
55,309
123,73
147,288
84,958
44,413
161,123
14,971
126,715
171,535
117,588
163,759
151,636
182,151
67,773
167,786
80,76
154,892
151,981
85,263
132,735
4,768
168,153
123,404
134,263
101,416
143,576
3,513
153,34
19,585
168,438
13,601
184,741
64,267
123,806
106,541
20,22
83,801
2,721
101,906
85,262
9,171
156,369
139,200
62,948
70,744
173,791
155,692
64,889
157,134
156,52
139,406
8,910
54,980
167,664
39,702
154,749
106,755
35,910
117,546
197,689
109,62
164,179
88,192
51,597
156,192
87,562
86,274
191,483
60,970
198,877
61,961
82,757
61,216
196,332
91,512
196,415
118,982
81,73
159,772
44,818
153,96
196,413
180,370
28,523
164,971
111,500
95,116
39,875
78,936
90,420
150,326
69,225
134,148
138,33
97,607
191,773
90,540
187,931
51,964
31,1
27,968
126,46
82,758
180,738
74,463
88,465
127,879
46,21
38,89
194,827
151,938
48,272
158,138
80,307
186,690
164,226
101,225
101,775
19,611
165,322
141,58
193,171
67,90
75,165
111,697
23,326
58,370
79,795
161,370
135,420
160,361
73,733
47,107
3,308
45,968
10,544
92,473
7,373
127,176
181,659
135,52
160,192
160,950
54,381
116,195
163,351
148,366
189,866
165,862
35,557
105,358
148,631
107,938
160,106
84,939
33,786
185,69
38,983
145,957
6,631
89,117
88,415
30,329
162,606
125,851
115,528
39,576
17,480
153,273
59,120
130,743
191,91
129,767
10,312
174,245
127,321
104,738
111,891
144,494
47,571
2,711
81,614
180,893
141,975
5,288
95,311
155,518
50,795
182,385
81,15
127,486
42,173
28,387
65,511
162,73
101,759
58,70
185,42
79,843
7,181
177,562
5,970
66,74
117,370
83,567
74,872
119,843
17,349
136,969
75,773
164,674
12,401
145,554
197,228
100,21
194,545
128,504
199,430
73,510
80,922
162,957
130,693
132,394
168,182
12,828
163,957
125,349
90,367
193,715
30,818
32,722
173,753
164,971
134,218
164,422
29,378
144,948
63,334
100,968
81,252
1,578
73,946
55,802
116,751
4,171
58,244
63,96
155,286
44,378
135,981
40,897
118,354
25,665
71,930
183,492
173,956
159,149
59,970
105,426
95,972
32,668
79,22
27,966
188,575
144,177
148,609
164,682
164,905
56,213
74,98
99,350
183,993
48,817
23,509
181,234
185,53
139,137
117,113
100,88
28,577
119,442
4,962
47,241
130,269
133,629
38,93
132,718
1,558
156,39
139,998
116,606
129,168
155,594
139,774
77,68
137,287
18,824
103,968
73,211
167,563
58,637
193,651
37,229
118,3
8,325
154,675
151,295
22,353
54,866
184,299
122,737
94,310
47,207
66,245
131,931
187,222
130,817
13,11
73,859
37,551
42,734
169,177
94,802
125,427
59,533
20,576
140,239
57,618
11,560
146,504
68,868
55,34
186,246
27,887
43,631
38,443
185,827
157,120
165,883
162,185
21,106
66,576
8,290
157,372
168,129
140,275
189,387
110,710
20,490
90,856
187,376
19,856
34,832
79,649
16,867
163,695
25,389
159,613
52,268
195,915
41,146
37,294
22,578
31,621
169,734
181,876
2,666
89,322
132,831
76,675
34,228
157,309
172,298
117,115
89,679
155,353
11,940
113,733
127,660
195,179
35,243
83,788
63,227
174,717
96,483
90,499
153,996
13,793
116,923
164,633
66,394
110,635
146,468
117,304
81,127
155,386
200,29
69,240
174,580
41,175
95,968
141,682
5,639
97,726
30,919
19,201
159,541
114,300
191,337
106,574
72,298
166,793
111,47
99,856
94,128
157,315
105,403
128,501
144,646
95,863
39,263
97,939
146,551
6,825
117,679
33,85
86,352
29,28
27,168
103,669
58,302
14,922
98,329
159,245
133,561
86,647
59,370
22,431
83,425
1,749
189,654
97,714
57,991
57,219
188,439
145,307
192,991
71,702
49,510
37,562
47,453
153,712
24,430
46,693
182,8
123,897
175,122
148,72
130,829
26,417
73,592
63,453
138,403
122,339
74,375
154,434
185,832
140,555
159,985
14,128
69,199
31,256
123,727
139,478
11,257
138,302
176,785
183,412
52,298
168,482
127,538
96,258
29,956
111,768
66,328
36,685
147,954
39,3
156,410
193,163
149,930
72,627
166,469
168,414
14,21
29,462
151,225
150,260
119,352
136,85
86,794
129,752
114,989
197,623
181,738
6,953
184,554
86,988
122,682
106,116
141,252
66,256
114,618
12,948
86,147
143,925
197,266
31,410
163,346
81,429
74,612
91,150
93,144
71,739
126,463
128,904
187,546
131,966
1,868
171,384
29,511
194,641
154,591
187,362
71,795
152,917
83,190
109,226
175,60
82,868
191,663
127,599
3,430
20,95
151,194
107,139
164,347
190,607
189,520
4,71
42,801
177,827
1,954
131,172
21,298
100,295
9,333
180,189
102,940
33,3
177,753
78,48
63,281
30,216
80,996
143,30
5,167
94,345
80,792
169,632
93,533
126,35
75,33
3,733
17,228
187,20
160,876
40,296
193,231
151,692
193,594
18,53
58,472
6,93
101,207
173,525
12,407
155,866
156,636
113,353
179,860
171,983
163,398
198,454
85,778
189,217
61,293
184,786
67,254
199,39
33,878
29,944
26,303
156,549
171,321
104,534
19,845
199,341
108,327
74,37
49,421
199,904
61,798
164,283
101,509
12,885
125,245
52,553
69,234
49,458
197,583
29,824
12,150
132,968
124,230
65,466
124,335
134,215
80,927
28,703
88,209
177,772
196,384
23,139
43,812
164,373
76,40
30,716
87,294
114,610
105,336
123,922
58,887
158,426
72,962
130,825
64,296
32,393
44,362
65,585
165,442
39,117
140,594
121,599
177,338
178,231
184,732
50,64
88,208
131,275
178,928
15,658
194,493
34,364
112,445
184,320
75,810
39,876
97,642
179,59
136,713
184,662
40,888
107,520
5,909
52,402
178,168
7,519
29,143
194,283
144,361
67,510
78,43
118,216
166,57
43,50
65,816
25,94
159,238
48,553
14,319
58,394
69,73
193,327
170,260
1,953
121,123
28,281
102,934
114,501
40,220
178,3
91,35
198,65
174,506
1,107
192,19
76,970
52,288
185,511
14,520
80,564
139,296
174,375
78,398
1,14
183,235
193,238
39,237
73,933
70,418
126,13
147,652
143,175
15,166
120,893
22,569
32,817
90,322
185,816
60,435
83,565
153,323
119,650
18,253
127,163
173,388
138,432
131,303
110,369
75,307
142,84
135,555
7,266
83,996
152,65
83,59
135,540
180,379
198,740
8,984
66,783
127,533
147,674
58,996
70,117
84,176
162,937
152,232
129,400
11,407
54,373
51,512
65,197
152,625
108,202
156,234
159,994
182,556
96,973
11,701
27,539
173,212
1,837
25,859
156,88
131,967
177,777
125,962
178,269
116,845
195,464
119,568
155,725
139,762
140,133
182,179
86,840
53,932
110,471
21,289
67,575
79,375
87,439
137,74
127,215
163,807
67,716
36,815
51,326
193,405
132,428
180,305
16,951
43,92
33,551
33,247
189,125
8,283
98,350
109,33
9,593
57,224
58,772
74,310
82,107
99,413
162,734
80,841
78,586
121,870
36,715
103,777
60,124
48,366
26,242
153,226
140,398
169,420
101,872
123,486
30,945
135,81
11,853
37,512
20,480
25,987
96,670
183,973
27,236
143,216
96,103
161,715
26,305
132,134
94,780
159,679
56,138
30,608
54,401
169,465
181,356
18,723
190,655
41,278
3,507
15,599
78,317
87,350
184,556
74,4
149,947
99,160
188,141
118,874
32,246
151,317
121,970
113,620
118,164
135,881
180,993
79,714
32,838
152,289
145,833
61,635
164,663
195,385
63,967
23,597
32,503
123,224
46,881
84,64
107,103
164,310
5,139
13,282
113,250
199,343
25,95
94,565
133,325
103,916
173,861
13,826
199,588
53,600
131,15
26,122
176,977
122,159
90,279
108,562
103,329
197,278
87,427
76,316
39,880
49,108
106,26
180,721
180,888
124,783
168,182
71,379
34,364
185,268
176,779
63,287
145,742
54,498
37,376
113,422
29,406
82,326
183,252
74,609
30,614
186,50
95,827
146,456
156,480
157,220
143,887
171,460
92,139
102,24
82,90
194,207
5,601
107,696
39,384
134,703
28,122
164,113
84,199
65,562
108,984
29,519
56,396
164,548
121,875
30,448
4,970
44,497
89,241
67,39
67,698
149,453
69,92
85,502
149,444
7,384
4,535
110,665
87,392
56,70
49,22
59,398
19,746
89,678
161,242
162,692
110,699
73,365
49,449
150,220
176,455
193,695
118,483
81,301
87,627
103,707
104,572
102,743
4,8
40,754
172,395
31,19
149,203
175,286
8,995
72,922
78,94
74,169
77,288
84,766
163,149
149,241
85,748
127,86
86,592
115,317
88,455
104,36
102,946
166,237
200,39
1,315
72,171
6,912
30,517
143,637
179,269
81,26
89,555
89,123
1,271
69,434
191,740
65,436
27,823
11,988
137,624
194,891
188,372
175,958
109,443
132,800
75,621
183,59
155,315
195,821
101,642
98,754
79,435
78,468
64,233
102,828
100,333
156,209
60,158
161,993
40,692
49,478
83,661
87,572
93,964
2,929
32,73
175,679
125,671
68,984
193,787
145,689
150,450
13,277
177,219
123,293
139,968
185,2
77,731
23,318
158,902
38,552
62,90
193,847
165,135
171,366
71,320
92,476
2,909
76,1
135,320
148,86
29,533
53,920
76,878
53,689
66,935
123,542
76,797
100,214
82,231
73,728
70,137
76,337
107,420
69,623
120,107
15,656
154,606
107,12
152,120
133,624
9,961
164,911
194,710
160,472
21,907
55,541
141,619
61,594
44,138
4,430
134,398
11,377
122,837
73,731
196,847
60,109
88,299
101,882
170,282
132,246
112,198
2,98
106,476
94,143
78,864
86,606
92,248
22,906
185,346
105,101
132,487
33,325
118,837
191,578
166,894
164,538
77,360
159,864
145,371
11,611
1,672
149,533
187,399
183,208
63,239
27,28
113,330
52,107
98,207
8,43
63,717
20,501
63,847
134,629
120,106
67,737
132,693
115,705
121,615
180,688
180,373
127,537
45,313
170,114
155,148
170,210
124,270
13,628
164,274
114,331
57,237
91,909
174,321
191,936
148,99
193,843
180,598
72,307
121,10
83,344
67,50
186,906
115,409
59,547
94,103
187,888
185,32
27,703
20,661
129,984
185,18
63,257
19,76
170,216
68,744
167,904
195,682
39,577
33,567
87,254
41,155
21,978
129,582
55,207
60,807
125,937
180,930
169,222
102,645
100,765
149,227
153,790
97,654
78,895
157,103
121,968
165,398
104,827
197,203
153,387
168,76
104,430
12,440
193,843
32,725
161,990
161,385
197,286
127,935
152,34
175,31
32,289
162,521
8,533
19,484
77,282
5,684
16,454
93,707
4,723
47,657
38,913
121,412
165,589
44,364
24,445
183,578
72,921
154,995
159,640
22,264
114,357
166,663
157,130
169,952
116,695
96,235
139,184
46,85
179,903
12,877
47,496
180,635
124,619
61,44
181,10
177,946
10,188
149,104
17,359
73,34
21,564
106,995
53,561
176,908
18,727
74,966
64,20
44,113
45,756
93,819
164,351
32,554
7,549
123,663
96,125
189,847
145,71
156,765
30,220
79,500
191,100
183,71
109,496
46,603
90,144
143,288
30,456
177,333
192,846
45,464
64,778
2,442
78,631
94,433
85,632
7,60
90,471
131,388
94,381
77,295
186,343
170,200
137,212
152,476
34,561
147,636
166,730
26,895
3,210
7,605
188,375
43,849
91,777
35,555
160,906
74,862
44,268
99,880
50,763
144,287
61,140
143,33
63,870
155,818
20,656
87,567
70,60
78,379
20,528
13,720
75,324
21,663
47,174
167,248
6,526
96,566
69,660
55,207
188,903
136,43
62,573
42,733
183,69
130,446
85,960
30,376
171,228
67,584
14,932
52,900
47,368
118,306
95,139
22,535
42,315
46,200
135,428
65,522
134,222
82,541
152,502
91,503
3,106
47,628
164,967
165,62
121,284
7,183
200,305
74,973
74,451
110,226
199,410
94,537
1,256
42,743
151,931
18,805
146,519
134,251
54,193
96,667
111,567
27,976
145,145
159,942
45,256
37,5
22,125
87,306
153,335
25,165
76,875
88,754
172,826
155,727
132,421
121,474
162,289
115,637
148,357
11,401
149,668
200,773
157,762
193,559
193,733
133,457
18,649
49,65
180,768
4,770
48,926
57,579
31,621
43,299
36,803
112,846
6,971
134,209
131,629
194,829
11,27
184,768
134,680
58,849
188,283
61,741
97,421
23,460
122,456
144,440
27,632
115,333
27,511
93,571
72,758
129,463
32,164
185,60
90,798
61,393
138,519
129,230
118,47
198,599
166,778
180,6
110,619
155,419
183,173
105,123
69,773
77,724
170,60
164,609
180,637
51,892
104,33
105,714
13,308
10,273
123,288
4,641
184,385
8,40
96,560
163,10
200,96
59,212
89,645
94,154
159,952
136,133
5,828
188,408
110,335
171,399
28,35
64,859
158,173
25,596
33,967
112,516
200,842
110,313
193,76
123,190
60,558
172,343
26,639
68,870
172,557
7,616
179,428
90,795
41,251
187,105
76,21
91,609
103,861
94,307
128,613
199,615
46,304
136,604
136,148
57,26
7,100
112,58
1,162
170,3
8,998
16,465
68,102
116,788
79,184
17,189
55,30
109,730
63,208
104,19
147,963
52,169
171,848
12,23
114,9
4,350
200,57
107,26
184,507
198,254
123,64
109,511
73,840
88,212
147,283
126,630
80,270
199,53
178,828
122,688
94,19
120,719
120,950
62,887
87,3
61,890
178,367
172,409
19,299
155,56
111,452
176,343
136,262
24,883
168,390
30,946
30,9
38,368
191,948
103,353
190,938
164,540
85,497
116,256
148,375
74,522
198,963
140,343
134,198
104,276
164,151
79,403
24,65
28,238
107,214
128,491
161,10
50,612
34,460
56,863
110,491
93,881
71,803
137,912
33,698
146,259
108,649
85,982
152,948
67,111
30,282
3,646
198,254
184,338
105,319
114,967
46,374
111,554
23,832
76,432
88,733
178,880
4,899
106,890
157,768
185,314
96,372
5,438
9,391
170,646
114,762
52,407
188,78
60,287
139,713
36,89
169,541
116,63
189,526
36,990
160,118
166,746
172,494
73,507
46,713
95,409
59,840
72,3
5,539
38,66
186,176
191,235
111,889
172,86
50,75
30,75
52,723
34,51
161,243
176,900
11,950
109,635
103,329
81,637
108,734
13,194
176,25
73,249
174,419
109,179
49,963
59,195
158,751
114,832
4,67
70,729
146,934
101,219
106,499
93,741
38,878
37,545
42,604
179,264
39,399
186,386
119,949
46,660
94,858
155,760
185,517
170,924
1,821
56,903
108,803
104,94
63,136
28,585
69,105
139,246
167,825
145,207
136,168
60,179
105,663
184,234
73,474
168,382
88,509
122,261
122,34
73,876
14,546
72,990
82,507
13,280
122,782
39,79
122,314
10,834
180,752
30,702
192,903
191,151
198,200
199,836
180,770
100,549
80,617
102,696
35,891
21,401
33,79
164,298
189,559
199,659
98,748
77,114
28,158
35,73
46,962
23,281
140,623
86,688
100,466
36,695
117,424
181,785
186,932
91,185
155,520
14,216
91,676
71,567
138,953
192,387
155,933
99,3
35,148
179,302
29,690
137,529
9,921
86,642
189,355
3,86
10,158
81,69
25,619
57,513
182,681
119,738
130,894
20,661
66,42
25,563
121,212
36,19
198,231
114,581
85,217
105,776
55,725
184,204
174,333
77,851
109,313
135,113
150,441
49,796
194,101
109,76
90,21
123,872
87,458
177,363
84,859
169,662
16,317
141,45
31,551
59,676
155,692
173,55
22,634
61,912
199,394
180,327
5,977
196,531
51,923
16,214
1,178
63,996
102,565
94,209
42,965
44,418
193,719
150,797
169,461
30,894
125,103
19,81
180,603
80,38
55,390
63,527
116,431
177,414
148,333
124,56
170,590
120,78
174,300
3,700
86,62
144,779
40,568
129,932
69,347
87,680
193,905
6,519
50,322
23,216
44,889
174,282
155,725
71,151
18,402
194,989
95,691
99,76
13,296
167,589
140,2
75,130
111,802
76,16
9,173
107,961
75,887
15,969
147,161
100,403
187,997
28,878
110,294
178,125
4,727
37,826
115,185
92,219
71,739
22,53
111,299
179,138
5,869
2,356
177,367
109,255
75,883
112,464
55,184
59,678
23,710
62,618
150,498
103,931
57,581
48,384
20,348
165,899
197,311
138,267
28,305
39,532
136,881
177,65
195,814
101,388
162,22
55,391
37,431
80,276
189,953
150,666
56,665
145,549
30,333
96,416
127,770
193,31
160,634
85,775
143,757
75,544
61,60
8,898
70,205
176,372
140,103
200,1000
84,714
7,420
96,568
175,74
72,610
147,120
51,634
200,496
15,220
180,709
2,102
87,901
193,946
171,977
86,675
191,115
168,647
31,992
24,668
164,98
114,144
163,195
36,343
169,893
197,162
56,535
67,646
140,433
24,556
123,312
58,357
123,215
13,805
154,358
5,16
66,903
133,931
120,39
82,390
140,831
93,236
147,367
75,861
170,812
79,455
185,160
166,111
162,603
184,893
169,609
132,830
74,176
119,733
109,804
125,154
177,875
188,736
49,939
20,646
55,702
134,231
114,994
133,928
116,589
140,182
13,401
184,851
182,835
82,971
153,545
92,739
55,653
74,305
113,149
20,419
55,613
12,551
23,231
142,122
129,17
59,66
37,219
57,496
52,765
123,180
91,312
35,351
124,737
194,223
181,476
183,187
101,35
43,6
170,725
79,423
198,204
111,93
6,610
20,164
180,263
173,23
65,671
141,201
146,105
65,733
143,237
124,815
199,82
33,158
198,601
60,625
15,841
111,333
54,937
9,476
78,21
170,335
118,59
91,371
14,464
108,480
184,836
166,221
167,59
87,642
49,358
179,766
70,701
143,354
68,445
79,93
69,557
125,322
169,771
138,561
157,315
145,645
23,227
46,238
74,77
44,168
84,359
86,905
132,895
27,168
145,273
100,896
35,23
29,613
152,893
125,296
32,8
167,14
88,457
192,27
186,397
118,201
90,887
73,247
177,805
137,867
64,11
182,107
138,752
72,301
185,852
152,968
87,317
105,464
176,799
45,998
173,528
167,329
120,177
52,475
15,102
157,716
150,959
81,85
170,975
145,183
17,988
96,29
89,38
28,375
48,895
122,430
185,996
195,948
75,20
134,441
174,9
158,979
111,538
57,700
174,835
18,249
94,928
40,766
62,246
1,971
74,816
89,885
84,136
151,942
142,860
121,781
108,88
171,972
3,246
109,565
139,905
100,983
66,653
102,479
149,804
36,286
155,606
156,246
13,246
69,177
45,936
35,689
167,445
50,370
173,924
78,108
56,709
133,345
74,432
6,96
141,865
123,857
91,26
162,185
197,422
59,404
118,794
190,24
24,931
84,729
88,924
19,918
47,416
169,362
177,878
154,901
197,45
98,283
133,540
132,497
83,969
132,97
72,442
83,275
10,738
162,97
180,743
102,319
189,820
114,884
113,414
91,807
177,373
132,31
94,103
5,768
91,321
6,709
104,99
81,184
101,681
68,631
136,774
141,427
58,286
95,915
160,438
154,444
22,989
27,980
124,74
109,603
40,729
19,694
19,362
149,510
180,816
74,961
7,376
37,733
114,568
109,513
85,962
66,355
160,236
155,771
25,346
29,726
100,128
136,563
44,234
147,274
35,899
143,501
23,870
89,345
157,503
44,658
193,352
141,748
96,778
101,780
5,971
55,997
88,209
137,595
188,420
53,584
186,395
124,971
170,335
168,870
94,44
177,936
51,454
99,670
91,957
192,167
109,594
68,124
165,783
115,762
65,416
16,916
59,800
149,277
72,967
69,550
13,135
9,58
98,544
68,489
48,818
115,374
49,975
196,292
182,756
121,137
5,685
159,841
164,883
45,871
35,860
154,905
120,86
109,653
57,486
99,247
167,569
130,600
178,57
80,457
169,376
136,561
102,661
19,202
49,456
61,670
20,664
26,566
17,37
65,973
176,81
171,991
199,956
76,859
149,929
96,254
81,166
151,248
158,911
132,585
108,303
179,960
181,143
155,412
103,183
174,16
193,933
199,883
99,317
89,284
115,571
96,208
147,347
33,54
16,191
194,63
26,80
68,486
154,547
143,159
81,632
41,394
100,313
2,382
24,653
52,840
4,200
9,25
63,675
105,358
32,550
64,519
136,841
105,1
36,863
184,416
13,921
15,704
33,566
109,900
130,161
162,152
180,68
169,971
9,520
197,342
167,746
34,31
68,857
105,735
106,362
127,246
26,445
133,925
133,750
24,177
53,297
172,747
162,263
113,491
80,710
38,607
190,209
139,746
180,808
35,798
77,273
66,22
17,715
135,425
4,808
59,267
50,979
114,230
187,316
126,931
134,633
150,603
12,316
137,945
60,981
116,346
191,928
141,946
106,457
8,324
38,940
122,759
79,693
197,915
143,897
50,926
173,851
32,653
52,874
163,863
137,625
149,148
31,956
81,388
165,866
96,73
131,3
69,821
139,787
187,494
183,336
101,922
83,863
189,753
21,506
151,959
8,225
158,68
61,908
132,486
34,5
39,649
119,189
52,847
129,518
1,91
85,67
81,99
107,741
181,76
192,847
27,789
188,935
66,430
75,542
65,959
44,822
196,554
162,58
186,99
102,814
168,380
12,656
32,755
112,767
189,828
169,117
144,987
136,225
173,196
175,500
34,922
152,752
67,551
159,254
74,57
3,28
74,447
100,760
184,506
12,127
12,439
158,804
145,584
59,763
35,826
30,843
46,892
142,351
146,573
41,861
190,42
93,946
140,152
113,534
49,398
117,980
43,780
99,980
17,906
108,498
22,393
131,443
95,911
99,601
115,497
26,349
172,662
38,969
170,889
26,212
136,884
163,236
103,54
199,596
46,76
83,341
147,682
21,6
164,45
136,244
130,956
94,948
200,643
108,43
146,166
154,771
146,802
18,81
116,145
150,231
191,917
141,828
37,193
6,461
107,195
4,316
104,177
150,372
22,547
128,215
27,954
79,195
122,71
159,560
12,973
78,477
79,611
102,615
156,211
196,385
14,461
7,878
175,169
154,273
161,947
16,481
41,548
176,652
151,945
107,935
58,539
173,902
198,887
116,540
101,868
167,417
45,168
191,809
19,752
131,479
179,643
148,138
148,155
130,577
189,723
82,441
79,98
47,613
76,772
161,970
163,873
125,29
138,249
182,492
82,840
76,85
164,334
52,917
80,993
84,69
46,406
57,209
74,375
105,902
75,321
6,808
103,203
180,283
102,86
178,934
157,747
71,701
173,330
73,573
61,51
96,75
180,313
27,341
16,287
10,461
170,104
116,803
50,873
134,619
132,854
169,708
56,328
92,708
5,305
66,700
116,170
193,99
53,192
184,786
17,855
111,268
114,899
93,402
58,223
197,432
99,507
179,350
194,907
127,100
17,935
20,369
18,592
75,226
112,576
73,563
36,591
32,213
75,748
13,863
118,11
6,43
104,380
72,685
56,255
57,482
92,358
133,370
180,905
168,957
119,66
196,202
69,817
166,949
56,680
88,165
16,265
12,182
103,53
183,194
196,529
151,405
113,981
186,845
60,38
179,65
128,119
159,66
96,399
165,920
173,376
122,95
43,514
75,540
158,145
37,493
97,640
12,470
165,714
35,488
62,248
194,760
76,220
55,512
198,291
198,173
136,98
30,955
9,478
121,841
190,680
136,647
131,11
154,354
158,634
8,862
176,457
52,715
122,55
26,309
69,965
138,952
37,11
191,431
133,265
194,905
27,720
144,585
161,712
67,19
78,676
162,981
64,882
195,557
87,381
47,448
85,221
9,487
27,332
178,741
50,264
189,720
38,629
44,986
68,825
79,213
90,969
177,17
112,334
63,198
73,944
101,214
20,335
96,294
179,216
20,770
146,12
112,715
22,962
55,19
161,433
105,746
183,814
24,356
24,575
155,656
53,955
33,851
178,608
25,423
46,271
103,190
111,387
29,526
80,731
179,737
140,230
93,997
29,277
161,836
149,143
157,953
152,448
181,257
69,161
142,952
161,371
146,689
97,692
161,463
85,776
66,35
147,533
30,267
126,151
161,251
40,608
91,895
181,573
102,229
113,512
188,141
140,680
103,734
187,439
54,297
37,905
99,773
150,613
167,475
197,744
14,955
71,636
59,911
80,688
94,324
152,658
106,362
140,717
141,351
78,729
191,63
99,453
89,874
134,864
84,499
55,32
49,91
59,892
96,309
53,320
92,833
22,951
38,405
65,50
83,422
33,419
104,189
8,864
110,447
148,738
25,212
93,138
150,632
97,373
103,614
53,857
6,362
85,369
131,120
87,453
171,856
162,147
43,77
38,81
20,295
199,780
79,668
145,724
46,954
99,919
199,391
95,83
196,23
190,600
14,340
169,668
119,926
31,190
190,637
156,744
98,27
3,361
185,17
89,616
113,241
92,858
6,200
159,620
123,188
151,45
5,364
44,539
84,201
185,287
179,649
64,748
168,628
188,243
186,184
119,345
137,87
73,77
197,994
115,181
187,128
199,330
6,204
174,755
13,321
122,488
50,981
82,967
3,274
34,658
121,873
47,363
186,680
121,946
185,308
153,396
153,301
113,954
36,883
90,897
85,685
147,313
139,799
30,575
181,403
66,854
114,221
152,742
107,836
168,295
112,692
68,147
85,177
188,122
49,731
195,693
83,804
117,336
69,622
181,753
75,314
24,639
42,973
195,351
34,124
27,191
85,286
83,466
189,399
171,662
144,596
137,587
194,615
189,727
180,93
200,291
56,689
43,422
49,219
76,405
119,502
55,539
71,912
88,112
190,992
4,223
44,305
10,563
63,241
181,262
122,3
94,758
145,237
11,151
166,267
64,814
29,314
58,429
3,781
17,367
162,769
111,278
134,282
16,6
171,683
131,4
191,717
31,203
186,594
55,562
100,706
45,680
141,3
29,923
42,1000
154,981
162,921
174,554
107,852
154,525
194,797
73,832
92,412
127,916
159,167
103,36
98,544
38,234
115,282
83,862
118,322
166,494
163,265
156,608
30,681
136,67
194,440
168,731
167,358
23,155
163,365
94,970
124,185
169,66
125,114
81,270
147,19
193,775
3,972
14,496
167,791
157,934
54,579
35,262
22,115
196,217
172,501
34,920
30,132
84,1
194,282
193,634
68,845
9,22
190,995
16,347
24,754
41,71
47,806
66,458
91,454
64,905
31,117
61,275
17,857
41,58
18,357
13,173
55,43
162,381
131,251
118,436
136,12
9,102
57,515
93,181
35,671
31,405
169,950
137,881
139,402
81,839
168,162
175,913
181,5
140,629
81,212
88,368
6,977
173,652
5,725
94,51
76,998
134,756
199,25
138,269
188,10
100,764
162,710
53,945
125,305
4,301
67,440
86,855
26,581
80,84
97,577
182,675
166,850
59,638
40,703
22,686
94,717
6,180
18,928
134,729
27,29
58,866
19,855
192,363
116,826
142,942
122,508
153,738
50,212
95,369
60,4
186,186
146,107
99,978
33,543
166,766
133,563
55,323
167,627
85,377
126,864
156,347
89,586
19,993
86,781
96,924
124,706
144,128
133,566
129,410
158,460
112,751
193,881
73,196
132,608
165,169
61,365
74,816
187,901
197,411
93,42
112,912
177,413
133,427
83,192
133,986
101,778
27,373
135,804
192,94
61,723
196,572
73,756
126,374
197,748
194,168
26,860
198,460
180,743
151,899
52,641
116,426
62,222
34,657
128,568
74,626
187,506
108,362
113,77
185,8
156,189
46,460
104,675
9,590
18,500
78,166
60,549
171,336
18,145
99,695
6,174
114,429
82,81
46,706
192,458
11,857
120,820
129,758
153,244
116,7
2,53
54,670
7,402
196,749
131,644
84,575
2,112
13,385
30,444
166,471
137,706
146,863
49,982
189,679
181,631
8,865
80,406
166,83
167,605
67,473
117,180
37,517
181,579
55,341
124,662
96,729
8,486
38,426
58,906
163,16
90,971
116,838
165,756
37,27
117,264
195,566
168,852
14,227
81,225
122,465
161,628
173,681
83,240
57,508
196,568
115,615
157,557
163,775
142,424
117,54
126,72
128,927
71,362
176,111
191,603
168,810
129,498
170,997
154,229
139,104
134,721
151,529
132,980
92,218
192,165
47,395
79,144
138,598
77,870
38,415
197,967
38,538
26,320
51,325
163,836
181,545
96,835
147,265
81,371
30,657
87,213
198,578
165,43
86,142
178,492
150,701
10,783
106,285
75,440
8,838
45,396
129,297
163,321
131,492
139,914
175,841
86,410
175,451
23,438
112,182
181,430
116,43
172,200
103,947
173,615
128,238
136,146
42,277
87,975
17,35
37,134
22,210
99,948
183,436
70,512
58,20
159,115
154,634
49,39
1,388
162,279
22,157
174,457
119,400
16,695
149,999
97,784
185,603
26,408
92,921
36,316
81,643
158,215
125,29
26,691
3,555
120,272
156,832
168,989
8,825
38,932
87,162
73,999
67,643
138,617
107,887
92,419
172,364
77,868
34,990
166,95
133,254
34,510
109,895
66,193
76,72
24,928
85,286
46,428
188,96
143,355
136,696
171,869
16,935
187,41
13,319
86,299
119,576
80,496
86,560
167,313
83,887
111,682
47,397
137,428
10,549
78,685
143,527
24,185
135,640
148,577
36,931
186,781
59,281
34,312
172,186
23,69
25,369
46,570
43,673
25,164
39,969
135,752
113,81
49,176
163,965
17,151
193,830
78,532
91,862
106,14
27,956
179,10
63,148
58,28
15,692
42,489
69,418
74,783
120,451
182,339
123,555
7,679
130,567
35,240
46,17
11,667
145,218
100,701
30,782
165,151
157,82
31,64
57,118
144,800
76,657
175,164
133,831
199,112
37,668
74,115
151,943
116,243
25,496
75,783
176,404
53,709
163,311
17,599
71,60
161,999
133,243
168,21
105,980
31,347
79,337
24,648
16,780
148,212
94,558
60,462
1,881
22,62
78,598
149,527
26,727
33,732
48,932
64,300
168,657
16,313
12,840
104,990
121,434
181,78
130,147
71,131
24,273
154,11
23,722
171,97
160,360
160,595
75,531
61,149
199,748
119,199
11,178
134,582
116,754
59,756
35,415
190,311
83,819
161,152
95,411
116,8
121,878
141,390
33,34
21,52
186,163
168,457
82,904
117,425
126,689
182,987
86,885
41,130
7,29
82,795
198,409
145,887
50,534
60,601
24,212
102,625
93,212
151,762
187,160
133,447
198,366
125,104
158,181
19,135
56,241
27,33
189,706
45,180
20,191
23,399
69,973
186,559
146,218
81,837
120,130
44,114
20,491
149,954
120,628
125,271
178,653
168,109
25,945
9,292
45,178
161,244
78,882
135,217
166,77
48,745
54,132
173,334
192,526
44,874
127,952
199,862
61,88
87,395
86,45
119,192
58,325
37,34
20,418
7,210
90,289
21,865
6,372
153,393
154,295
144,830
108,626
124,31
53,209
34,452
131,943
150,367
6,44
86,82
38,168
189,383
156,191
53,32
22,72
37,412
93,561
71,93
92,389
155,875
186,154
140,898
60,214
148,166
19,210
100,838
173,668
97,475
21,349
145,726
13,413
91,335
156,127
138,458
82,604
152,727
116,31
62,248
77,263
16,458
142,433
136,16
197,769
103,875
61,478
192,418
71,768
31,542
7,888
11,514
75,473
153,797
111,873
120,143
35,843
167,244
143,843
142,622
127,623
15,308
60,660
10,146
190,990
62,785
63,374
9,339
62,543
173,650
166,15
197,708
89,370
119,221
51,862
103,573
124,347
46,809
148,210
63,632
33,803
195,402
114,709
89,463
11,179
138,67
103,797
117,602
162,481
76,790
22,803
197,383
93,90
17,928
22,56
126,5
192,241
108,474
95,66
102,119
46,515
83,592
8,621
102,844
111,212
29,169
59,251
72,431
107,595
157,511
21,285
147,388
15,539
148,778
92,945
197,769
83,143
102,214
7,60
91,657
125,29
149,382
53,803
194,648
76,450
61,743
78,578
150,890
122,678
20,264
49,402
46,273
172,760
158,154
29,703
102,517
52,874
182,4
190,760
116,515
33,706
82,635
70,713
152,80
90,237
125,569
159,77
167,486
146,59
168,473
176,534
54,378
43,704
14,432
138,475
15,714
172,997
136,752
96,994
19,63
27,171
173,526
114,524
14,388
104,135
99,425
125,473
141,225
39,49
167,485
163,936
158,861
109,45
114,736
142,198
66,802
50,729
108,408
132,380
178,813
100,709
89,799
3,807
86,40
116,209
120,655
26,185
154,673
145,451
66,122
41,564
61,788
57,18
180,394
52,658
97,585
162,575
177,263
183,769
101,214
196,720
28,491
149,457
132,587
114,409
117,815
92,859
132,227
41,346
72,163
34,537
22,722
19,87
197,905
144,858
185,787
23,388
10,64
142,499
53,823
127,511
98,985
112,684
66,813
156,337
125,872
68,941
198,803
108,666
132,504
65,912
51,656
124,260
110,184
2,888
151,22
146,3
84,309
103,723
125,79
155,996
38,661
88,333
184,828
24,368
52,263
183,123
176,498
160,794
16,703
150,109
162,924
89,613
100,511
133,25
162,131
173,132
153,716
118,440
36,235
52,291
22,132
133,123
7,294
59,70
122,392
130,513
37,863
174,263
129,854
4,872
62,699
186,944
70,881
52,708
184,872
82,503
117,799
185,530
154,438
15,232
133,151
189,71
152,240
132,863
46,223
181,764
88,938
180,95
163,481
73,775
142,212
196,448
68,518
64,863
20,302
169,389
89,594
119,670
73,851
196,852
152,294
13,618
139,187
123,832
43,746
64,330
9,14
106,554
96,670
75,196
40,923
91,333
89,71
75,87
6,229
65,627
45,826
111,524
159,674
127,41
25,499
114,324
20,328
183,757
199,593
89,271
18,571
156,837
200,706
7,365
59,876
47,224
32,954
23,67
42,526
105,623
123,485
72,773
76,970
154,952
64,557
172,783
27,732
64,319
140,532
79,533
114,449
132,754
56,668
92,160
6,516
178,360
121,64
190,639
21,546
198,971
25,810
98,269
151,792
92,542
7,113
138,870
41,718
145,269
26,951
47,400
191,579
172,747
150,837
34,811
72,476
26,575
199,866
165,707
124,307
191,25
5,83
141,305
178,245
45,766
57,240
56,935
36,317
37,14
186,248
104,614
115,683
19,415
88,741
29,128
87,487
92,102
114,124
135,444
200,216
13,249
155,703
65,677
182,812
19,271
15,40
115,676
48,23
53,573
166,627
65,868
45,820
132,196
144,249
61,541
99,57
113,36
107,66
3,610
139,947
82,572
113,207
32,478
151,153
95,143
81,534
149,745
50,593
118,647
74,762
164,956
153,420
162,815
1,632
101,931
195,382
137,386
46,956
189,511
189,138
1,683
118,894
97,335
33,51
22,863
147,211
18,221
155,719
197,694
111,581
110,509
12,584
187,458
156,273
183,665
163,954
118,394
17,110
188,767
142,377
113,811
130,189
107,15
27,109
1,334
181,771
113,707
90,22
13,83
108,255
101,986
64,943
131,30
68,582
138,427
190,911
83,801
99,830
156,251
53,478
61,815
180,349
125,944
102,664
42,72
178,755
34,546
23,427
154,91
178,620
85,962
194,530
134,608
4,421
195,154
95,301
168,19
156,218
25,24
155,866
42,919
149,734
158,603
18,371
178,103
89,708
111,99
34,723
149,542
10,199
112,670
68,405
156,563
134,672
119,176
24,334
25,487
103,562
29,222
142,979
160,616
114,613
8,482
181,141
73,95
7,662
68,244
103,514
44,407
42,101
53,610
50,465
60,675
41,249
110,507
191,976
51,84
6,632
17,347
13,108
157,650
49,442
167,511
102,786
110,522
149,330
103,272
24,306
127,216
120,181
87,234
69,605
158,802
139,27
94,700
94,114
109,777
149,592
34,996
200,86
150,978
33,939
96,515
108,926
32,801
169,463
145,743
100,137
171,788
198,705
49,632
142,203
70,564
17,784
82,163
19,853
104,312
21,369
53,4
87,683
196,334
174,355
124,551
169,855
9,471
135,666
110,557
91,385
44,62
62,786
21,960
175,622
16,655
82,587
101,186
134,972
63,185
78,749
146,166
57,835
35,891
11,696
109,188
199,4
30,138
144,711
43,226
63,771
128,702
17,849
189,991
101,766
104,712
196,639
147,706
79,90
20,599
112,49
83,673
84,530
38,544
182,591
198,762
16,690
76,723
26,167
25,236
134,104
10,333
44,569
109,192
75,868
82,908
84,654
146,678
13,759
176,874
163,337
63,271
152,431
94,635
100,762
93,497
85,972
64,461
98,455
41,473
177,374
197,886
146,696
50,497
37,266
48,692
196,319
63,614
108,784
181,656
61,221
84,694
194,750
185,755
111,520
143,75
3,349
186,155
64,465
133,823
183,351
131,735
181,245
135,777
66,299
171,614
96,4
120,168
3,991
152,286
199,524
42,223
27,484
172,468
78,492
107,609
106,149
16,423
175,496
86,210
16,28
46,31
81,573
12,191
131,101
97,976
57,302
137,880
140,89
186,470
32,718
173,880
135,193
64,299
12,316
115,517
108,578
155,917
61,678
52,202
129,232
107,262
67,853
7,751
16,511
51,198
64,900
98,278
42,678
78,75
121,197
102,456
1,692
182,49
147,574
45,49
100,74
47,347
27,870
84,198
131,543
179,911
170,609
141,670
29,465
131,273
120,204
73,854
187,170
80,24
128,748
114,700
145,873
146,948
141,272
141,485
185,125
46,762
172,976
32,743
95,633
30,303
48,406
24,496
71,816
174,487
44,519
127,285
111,170
1,617
192,23
187,131
75,947
158,656
17,996
63,900
4,179
152,163
42,466
193,677
42,729
172,826
155,425
171,637
64,439
94,175
21,304
181,528
151,902
147,706
23,289
120,757
180,207
141,595
157,96
194,908
20,351
120,650
149,768
147,996
83,295
101,828
174,214
15,301
192,922
144,515
194,463
67,895
52,582
38,192
195,431
68,973
27,22
88,623
156,43
1,900
184,166
200,566
168,298
91,456
57,101
98,705
36,383
186,781
22,903
148,245
37,173
36,832
165,884
113,162
143,549
46,655
11,101
66,932
45,104
21,408
48,50
2,526
124,60
172,661
32,709
111,931
84,580
25,862
46,60
96,72
20,60
188,514
182,943
70,608
84,7
99,781
146,139
5,396
110,793
106,802
14,799
143,549
106,712
198,37
88,304
145,279
58,928
85,136
69,878
51,912
5,536
164,363
13,271
122,659
126,554
132,917
121,889
106,849
77,985
137,870
93,620
94,248
185,682
37,112
46,270
7,3
40,849
102,177
128,884
195,780
172,703
77,686
183,225
135,142
160,684
105,346
120,369
36,595
147,925
25,618
115,88
171,733
162,469
34,118
117,238
111,263
115,578
138,896
160,550
2,409
2,327
163,484
152,582
105,765
12,505
70,309
65,636
140,8
43,141
2,523
157,579
139,130
174,583
42,102
77,4
132,10
152,745
66,28
171,340
128,676
81,281
58,461
35,4
155,457
183,898
168,772
25,534
200,868
130,801
22,331
186,10
132,815
126,839
149,904
146,939
182,659
153,33
122,23
27,578
20,808
195,172
25,699
67,22
93,67
76,400
22,309
172,872
192,73
162,807
39,887
183,70
113,455
138,336
196,604
64,536
97,652
7,19
181,894
135,113
174,259
178,501
68,664
27,148
96,325
4,863
195,339
55,464
9,772
44,261
23,753
146,534
122,289
53,991
71,272
6,709
198,174
39,304
20,877
144,639
102,486
103,150
52,769
86,228
189,848
6,719
109,478
123,2
180,154
172,704
154,410
151,54
17,70
13,514
180,809
49,289
62,832
58,300
190,792
198,296
6,419
96,995
117,988
60,92
185,764
28,477
123,536
116,886
51,365
175,526
43,765
172,30
53,388
141,205
16,649
115,291
123,727
146,166
44,190
195,458
177,171
45,551
154,45
182,597
42,410
182,312
126,334
62,347
199,707
64,943
70,168
36,366
105,193
139,756
195,468
177,613
48,343
164,923
181,913
84,326
142,804
113,758
29,280
9,978
82,941
123,167
82,300
131,97
60,527
20,359
53,46
139,24
78,257
121,256
145,578
141,594
185,305
119,934
186,86
106,975
168,38
1,564
5,620
122,447
135,811
147,837
64,576
71,516
43,169
51,25
143,226
13,549
175,543
128,688
64,971
72,301
4,189
105,351
165,972
16,871
48,286
25,660
38,777
91,408
181,726
169,992
33,13
99,108
60,356
194,215
97,298
111,348
27,866
17,706
45,491
173,437
33,6
57,238
4,698
67,108
66,624
50,555
189,816
1,582
128,599
186,210
138,798
58,605
198,429
124,488
5,423
9,972
109,919
49,337
179,176
80,970
135,997
42,779
130,590
38,42
164,686
153,52
196,529
57,923
12,724
60,408
46,335
112,248
27,687
7,253
144,550
92,525
184,216
90,188
115,233
82,385
9,720
101,448
9,131
17,293
161,511
164,501
187,972
27,802
64,871
29,417
173,837
130,266
122,64
123,736
187,217
80,228
155,462
200,546
172,392
10,491
92,270
107,546
131,711
193,507
172,978
141,591
26,213
54,296
100,131
108,807
132,194
28,805
128,926
57,333
69,251
78,482
171,791
124,813
7,735
94,743
15,528
155,122
20,520
115,389
60,547
49,178
194,443
187,75
188,255
75,763
108,154
143,452
94,791
134,400
114,679
152,802
140,656
108,329
40,225
28,721
9,838
65,605
164,470
160,741
81,863
164,920
55,251
177,971
186,372
87,288
141,617
126,432
194,906
134,544
74,858
166,851
160,776
147,565
85,943
161,564
14,948
30,324
92,57
170,25
82,585
39,595
66,406
76,59
121,753
75,397
1,764
135,580
18,73
74,752
86,441
160,698
5,179
135,379
18,742
98,653
6,364
129,371
70,276
178,868
182,847
180,686
197,242
132,168
111,631
36,457
70,900
122,206
151,972
137,360
199,284
150,480
28,488
197,364
117,997
197,707
164,542
191,58
76,770
194,909
109,518
181,930
197,888
75,861
32,964
26,69
100,839
158,270
200,542
145,807
70,470
126,806
125,371
9,799
153,426
21,773
63,520
178,14
55,750
152,440
194,750
198,771
125,820
136,189
59,569
9,297
164,960
102,482
175,820
151,650
118,890
138,709
34,825
7,394
42,808
153,183
122,240
16,49
86,357
199,506
113,655
81,800
70,971
151,100
25,771
63,809
168,313
174,223
70,988
101,747
73,919
97,312
116,146
27,315
151,800
20,119
46,49
169,1
145,518
126,802
15,710
63,307
61,488
40,627
102,193
10,238
132,921
179,177
153,775
93,566
103,667
163,987
147,211
126,202
155,28
92,424
64,93
162,932
116,908
58,703
30,89
184,913
170,534
159,317
121,306
62,439
116,760
40,668
93,154
138,927
157,535
154,906
63,539
59,589
99,950
56,527
70,533
163,33
103,829
60,181
95,844
19,85
120,6
158,674
7,60
24,795
26,148
128,862
87,393
156,871
89,813
194,655
188,185
173,718
28,706
106,643
51,292
73,694
26,972
97,607
142,524
198,710
63,856
87,359
165,570
10,235
20,437
56,661
50,407
75,218
129,20
47,198
134,347
116,422
112,768
40,452
166,677
200,948
130,593
30,916
18,362
86,496
3,72
175,157
126,970
33,462
78,446
176,382
103,915
98,688
196,471
94,871
143,609
166,57
50,889
34,856
80,896
170,579
40,93
161,495
163,970
132,890
36,828
124,380
175,749
147,798
75,161
58,114
170,709
91,387
97,677
193,30
75,160
119,524
97,724
107,121
3,508
84,296
133,753
162,8
102,128
20,51
44,31
57,523
121,741
45,93
104,2
164,932
113,647
55,161
180,39
46,868
24,40
6,998
31,868
60,967
191,378
73,437
129,587
95,622
195,878
11,680
1,519
198,188
32,3
110,166
142,584
80,654
192,121
163,770
60,1
113,938
25,257
75,961
92,465
132,613
88,476
144,964
113,71
147,31
127,97
100,22
180,813
107,655
62,936
74,26
37,35
119,371
8,595
103,63
86,754
115,61
101,821
102,430
169,831
12,616
14,797
114,247
42,757
144,899
19,298
82,329
20,332
49,245
100,844
146,265
123,869
123,988
200,988
77,205
184,475
70,314
191,275
127,683
122,171
136,830
20,833
73,677
134,544
28,940
6,373
159,569
66,602
76,275
167,284
26,831
100,925
60,844
20,226
175,758
145,345
80,677
3,348
181,108
189,460
120,843
131,691
198,24
29,526
54,224
138,1
133,337
14,7
46,134
130,876
54,884
138,733
86,174
111,211
21,994
157,692
102,794
36,427
180,49
145,734
180,622
78,284
83,540
148,533
143,982
25,858
138,147
75,3
103,775
170,961
48,274
51,381
47,858
132,424
142,759
160,217
39,653
196,34
87,31
101,63
132,223
89,964
190,338
14,231
85,946
162,156
122,277
55,775
37,629
189,342
80,500
40,143
4,856
198,246
26,864
2,632
178,152
141,798
16,876
143,635
173,87
170,645
139,406
173,181
47,884
159,388
174,596
13,880
162,706
110,475
91,144
174,809
162,562
112,583
73,275
71,358
78,450
67,672
26,356
119,814
109,277
2,665
196,887
1,926
180,79
40,111
129,520
81,16
26,828
28,75
36,10
159,264
112,662
91,56
92,286
59,109
2,772
175,852
122,436
67,284
17,819
7,522
90,12
197,40
54,126
174,41
70,559
199,152
59,741
144,868
114,959
165,522
68,184
185,413
196,882
188,942
128,340
109,134
99,487
101,195
123,427
121,801
143,332
35,432
100,485
132,46
52,620
198,349
159,465
56,458
175,668
83,50
136,568
162,748
168,972
3,733
154,256
166,734
68,208
9,349
92,980
154,519
22,602
25,986
145,431
170,740
25,581
198,851
69,603
160,855
28,85
157,516
16,145
76,10
45,944
74,889
20,559
126,635
157,994
5,114
189,874
4,212
170,924
185,861
75,142
102,940
29,986
133,880
166,197
109,570
58,445
193,596
9,665
149,78
192,583
27,999
56,886
49,942
100,444
126,85
175,336
88,131
165,907
68,132
47,147
111,339
113,186
55,664
21,82
67,628
88,602
125,334
122,260
96,85
100,577
160,195
8,273
50,31
31,767
97,748
187,900
145,764
165,506
148,794
10,189
106,594
117,352
188,337
158,466
42,757
182,737
38,249
20,836
132,919
78,391
192,219
12,604
149,451
97,591
76,369
109,525
140,955
143,439
54,451
178,289
120,949
8,420
118,276
52,244
6,783
195,753
54,781
158,302
120,647
29,274
197,386
87,999
197,485
151,633
54,886
115,130
142,26
97,885
39,543
23,743
28,571
64,597
44,55
191,341
46,747
1,526
36,770
153,250
138,174
29,975
101,798
63,693
62,627
35,694
182,151
176,149
27,693
156,186
115,38
85,617
180,40
98,962
58,737
19,848
140,219
109,588
112,772
147,922
154,399
100,770
132,16
22,593
10,487
76,788
144,585
195,347
108,650
180,289
10,487
129,893
3,293
38,772
39,981
131,655
6,47
143,911
191,284
113,576
186,750
28,955
144,621
142,192
186,993
23,370
56,71
74,716
51,743
132,692
192,66
38,840
135,772
118,279
2,884
91,651
88,226
54,257
167,635
135,216
30,1
200,223
2,196
176,190
122,960
48,621
44,881
29,901
104,388
36,747
35,825
160,875
69,772
105,845
158,344
60,359
129,685
61,461
116,33
153,66
177,574
100,451
104,601
42,907
189,909
16,19
117,960
170,862
110,115
10,49
69,925
65,878
130,166
139,347
153,380
196,724
74,773
20,822
53,837
48,744
21,922
162,101
100,225
134,365
150,246
91,753
92,780
103,504
130,80
58,619
50,254
186,410
59,419
118,997
163,371
97,560
121,564
154,536
100,445
22,544
57,844
99,363
5,91
40,866
9,847
174,506
199,687
78,845
103,282
94,133
99,458
168,515
53,686
181,129
172,302
85,36
44,962
57,663
154,211
117,742
135,924
20,51
161,27
199,462
48,139
71,545
25,701
160,807
8,309
160,234
197,700
46,650
194,630
51,992
94,877
163,257
195,557
196,679
13,315
192,125
46,79
6,625
44,329
195,694
144,354
166,123
192,693
87,107
79,363
130,740
28,653
123,132
173,168
79,691
66,713
188,986
151,485
195,779
147,817
126,874
73,927
120,701
151,158
3,452
95,319
148,273
3,401
36,773
39,980
159,492
185,411
45,246
84,678
144,714
88,609
176,442
91,194
84,411
47,252
104,7
115,996
122,103
105,699
97,766
183,680
95,134
49,565
72,999
56,37
180,443
99,484
20,167
184,729
122,57
163,377
120,92
85,555
95,610
62,229
189,801
122,961
67,878
77,279
9,809
158,964
112,480
52,245
15,415
185,999
91,654
25,568
92,238
119,317
131,803
141,332
35,839
54,625
8,765
148,786
192,205
52,884
99,42
137,96
87,469
46,611
152,705
56,288
109,126
95,109
122,116
124,1000
162,143
91,981
108,645
95,692
28,865
19,331
41,189
173,928
18,423
199,723
197,569
126,314
92,359
184,902
16,799
88,475
104,1
42,163
85,755
39,116
153,715
105,700
183,955
45,559
142,385
90,346
70,65
25,207
74,755
87,206
150,995
81,39
195,163
197,610
149,578
167,549
111,21
14,76
83,249
34,854
42,352
191,362
17,456
93,867
126,508
108,102
3,666
134,627
160,244
142,882
41,465
121,29
58,544
104,750
138,930
126,729
78,469
199,677
79,383
4,629
111,806
25,780
33,622
147,558
73,399
136,158
164,766
188,233
103,4
72,320
167,1
83,284
22,564
113,160
137,74
193,501
84,979
142,321
5,451
185,765
12,81
81,237
105,853
180,846
70,259
3,521
97,574
52,257
22,682
143,222
90,679
40,315
122,718
162,918
27,970
111,338
92,994
146,839
152,784
40,631
64,904
60,564
35,30
151,524
48,603
62,38
44,525
105,202
77,690
125,498
88,737
61,873
83,583
17,376
63,135
12,948
43,123
7,868
94,441
93,233
163,838
152,780
32,33
121,771
17,753
159,322
89,466
21,570
54,425
22,617
148,848
90,603
198,852
89,762
95,642
79,710
81,370
36,793
197,294
84,296
95,120
175,339
87,24
161,613
112,970
149,813
173,650
142,409
194,780
181,638
93,444
184,842
44,386
95,823
130,155
47,562
120,360
160,41
184,807
9,897
122,565
164,433
19,115
9,783
113,416
179,699
192,370
89,207
170,437
51,140
74,990
17,244
21,514
48,416
97,777
94,486
29,526
79,254
161,293
180,863
43,196
194,325
140,308
190,459
175,562
114,440
145,766
197,671
181,910
146,316
163,11
182,444
13,820
45,972
67,502
16,152
184,763
101,740
101,983
69,501
81,320
163,354
99,975
94,827
77,989
183,479
94,442
54,893
158,748
144,660
166,541
99,355
178,209
82,994
23,123
5,887
12,620
195,246
144,71
21,576
153,817
121,692
61,806
58,325
110,166
118,123
60,382
180,132
134,408
170,159
25,182
76,877
155,341
80,610
153,663
150,443
141,719
3,720
33,892
137,405
146,771
51,864
17,762
148,30
147,429
105,115
192,370
89,219
145,894
162,56
166,63
195,207
40,62
16,834
17,661
68,429
32,603
23,907
177,57
175,239
195,104
35,574
54,549
119,555
123,89
76,584
185,860
38,650
30,639
18,909
132,956
88,873
179,677
13,155
77,269
62,398
32,434
134,344
189,590
40,501
48,165
56,321
108,257
116,431
46,808
65,313
179,579
13,859
59,351
174,541
61,111
122,615
65,218
18,393
198,418
111,457
146,890
53,438
106,863
93,399
127,296
57,122
124,275
68,290
121,318
151,823
42,942
68,931
122,249
185,570
117,84
141,472
124,841
165,744
163,247
103,660
21,490
155,440
116,94
40,600
150,42
55,77
117,309
96,458
34,448
198,289
32,636
192,415
143,133
79,311
181,447
126,931
9,699
4,155
128,147
98,611
23,415
9,335
153,115
124,7
131,180
192,316
130,290
104,208
117,71
143,628
146,599
164,496
6,990
103,2
80,277
68,87
134,813
110,786
11,275
54,468
111,648
178,351
182,542
83,122
40,315
190,453
85,861
110,336
113,872
28,264
137,159
57,465
12,783
141,836
84,208
122,650
67,338
118,982
175,361
13,446
29,728
141,703
20,811
86,658
68,953
36,194
177,193
62,876
165,390
47,55
109,186
24,851
189,815
52,157
69,144
144,705
82,591
195,552
186,293
47,500
76,935
152,826
104,995
103,805
30,458
24,795
127,604
35,41
15,589
120,849
128,353
62,889
143,950
44,299
66,499
181,605
36,785
88,140
142,145
147,554
30,303
58,211
159,994
109,304
120,556
8,427
5,2
61,121
197,218
141,789
159,866
184,619
47,795
119,515
81,989
151,274
84,333
37,394
55,505
144,522
195,773
176,727
123,461
160,773
128,735
191,868
51,429
105,701
128,543
95,933
32,744
70,614
14,842
2,273
179,865
150,676
169,62
178,531
45,151
187,188
53,743
115,721
146,807
159,337
189,291
180,767
122,321
38,462
165,691
176,442
44,21
173,94
63,681
175,546
78,760
191,964
2,250
136,590
199,895
123,338
60,845
43,364
25,474
130,492
113,458
177,506
156,783
56,58
119,668
101,284
92,693
188,626
37,751
199,190
126,222
137,429
111,129
90,674
161,618
83,761
20,533
80,710
96,129
158,553
98,37
131,683
165,103
38,287
61,673
63,418
67,73
160,582
184,8
162,107
71,860
67,828
35,975
102,955
160,603
102,427
3,340
38,132
6,364
17,22
191,48
99,282
50,482
153,336
191,493
60,616
3,523
41,946
45,776
58,531
119,331
49,608
101,412
180,538
16,919
186,749
17,197
196,943
79,376
17,373
90,885
36,415
47,837
192,992
197,125
4,802
19,923
1,304
97,820
31,670
184,867
171,151
27,300
195,308
169,629
4,954
113,248
176,42
79,324
34,657
53,12
142,482
24,229
186,856
74,267
145,414
131,343
144,575
158,99
95,592
14,750
107,586
81,350
116,741
181,488
177,37
198,820
65,534
22,402
43,400
99,454
194,786
160,186
135,402
98,537
158,923
85,82
71,277
90,881
109,426
199,870
185,816
100,817
38,589
55,197
88,247
145,263
88,991
85,369
2,807
42,582
16,202
119,881
49,677
167,132
194,250
154,68
75,39
109,322
129,287
55,942
61,702
140,557
161,341
158,453
179,684
185,448
16,829
128,82
120,680
134,529
184,463
3,549
49,643
67,782
17,879
195,932
142,783
198,887
65,426
81,174
89,209
161,252
142,643
130,588
166,973
142,328
104,518
168,483
113,722
124,699
138,41
15,654
194,538
92,274
47,574
174,168
64,538
88,85
39,759
25,886
189,148
173,488
152,53
194,222
192,530
106,736
94,641
195,671
180,588
134,923
124,170
120,980
180,424
53,502
142,735
27,88
104,4
34,683
170,951
148,337
92,954
2,79
86,139
109,331
189,369
173,761
119,794
56,324
160,669
190,962
115,174
139,183
34,327
52,827
24,662
162,274
70,544
93,554
136,865
51,337
77,894
95,73
101,820
18,706
113,905
165,913
132,995
160,502
69,62
144,591
60,760
195,406
154,291
151,559
24,609
66,846
144,760
138,840
13,151
154,995
131,540
41,176
195,840
39,669
152,445
63,306
41,835
197,493
141,646
61,340
136,870
89,882
163,550
114,766
23,119
52,565
109,229
21,829
181,999
11,43
181,436
101,606
149,102
140,297
191,150
9,904
155,722
178,987
111,351
75,443
84,147
33,236
195,956
65,276
175,336
23,109
161,50
170,371
133,900
77,285
185,669
174,725
121,123
181,19
187,534
61,229
55,137
160,355
3,3
118,758
195,326
31,39
59,219
57,169
151,88
116,2
30,658
39,305
155,587
132,610
47,756
30,920
38,228
52,196
64,553
191,226
57,869
19,453
127,129
129,110
86,137
162,269
112,365
89,449
116,966
76,409
191,902
108,594
82,935
50,686
116,967
54,688
96,752
12,147
35,50
36,104
83,97
159,447
81,753
152,338
67,469
64,839
126,463
83,216
185,425
73,226
42,600
27,65
21,890
166,555
64,807
44,174
80,846
83,65
12,211
17,882
174,124
108,241
71,404
77,872
73,954
151,778
199,735
23,936
171,523
175,74
176,69
101,815
68,97
102,350
185,211
47,325
183,989
142,726
132,303
36,931
56,125
134,474
52,197
89,282
51,908
66,492
150,22
106,269
186,21
62,122
64,305
143,249
88,989
150,804
103,661
62,188
71,88
154,25
60,49
37,741
178,119
56,970
107,73
195,827
88,581
46,609
79,328
88,205
66,432
65,989
145,96
36,175
1,15
154,348
35,540
123,861
12,574
117,19
103,647
135,304
30,982
190,115
70,618
100,993
67,928
183,398
164,608
53,445
44,911
81,383
146,649
21,976
109,790
11,536
107,831
22,483
112,533
53,973
193,213
190,562
17,753
28,289
171,517
165,297
112,422
98,979
196,863
76,866
107,128
198,811
99,117
30,117
171,898
154,937
72,944
69,351
193,299
121,539
105,627
1,608
89,904
148,765
88,825
18,754
153,183
187,143
54,13
1,505
87,138
19,56
131,492
45,431
73,700
133,672
158,923
138,541
194,729
116,975
164,939
87,640
50,444
106,399
22,57
167,847
122,716
9,480
196,585
60,501
114,610
136,438
25,342
47,153
38,477
11,784
152,908
9,853
85,568
41,577
187,336
34,141
98,653
59,187
122,1
166,570
8,589
20,660
37,500
122,202
26,983
64,435
153,39
150,684
102,647
188,708
165,142
149,191
80,983
74,411
200,849
61,867
112,567
26,838
24,103
55,831
92,513
119,934
95,92
27,246
169,131
118,164
162,887
146,359
163,596
139,4
170,849
180,792
122,939
67,662
199,381
168,54
109,29
83,306
75,940
34,566
103,441
149,380
169,947
6,781
143,229
81,866
130,808
100,830
13,523
14,726
186,208
75,105
170,451
41,256
122,614
65,344
54,873
102,360
30,971
124,503
76,543
9,950
4,303
158,390
36,35
168,982
155,234
49,324
32,34
143,135
154,626
30,755
69,705
163,984
5,180
111,122
116,712
120,280
156,373
160,301
102,679
50,908
15,255
153,588
105,570
59,90
175,599
106,574
45,71
148,650
71,281
26,516
35,63
13,700
195,197
120,103
115,733
18,116
147,797
163,914
91,435
12,664
200,222
194,308
60,471
127,799
196,880
102,24
104,305
189,930
78,867
29,675
4,815
50,389
133,654
58,636
180,70
77,727
60,583
14,601
195,653
33,185
175,165
24,610
92,576
59,639
197,11
31,671
31,983
75,69
182,199
79,108
58,263
196,468
15,800
162,583
12,837
161,119
33,951
87,886
153,57
91,516
13,227
184,501
95,564
116,770
11,463
159,268
111,441
38,972
14,734
196,679
39,505
52,565
41,179
138,626
100,67
189,341
59,250
105,875
80,249
49,736
144,142
197,765
96,214
91,372
123,959
69,635
22,962
38,123
37,25
193,529
69,517
182,91
163,591
44,162
130,385
67,285
71,670
95,130
83,453
101,817
195,308
170,736
17,25
16,447
69,402
1,601
12,303
154,559
4,379
128,571
190,279
16,310
37,631
188,369
64,373
133,474
112,181
26,899
84,741
25,598
39,664
107,337
63,809
102,590
167,174
8,474
21,883
65,141
63,198
96,648
151,993
192,879
185,920
137,32
128,172
38,746
72,424
25,149
111,740
163,374
135,796
3,483
160,734
74,174
3,903
22,264
142,574
38,479
48,931
65,942
79,338
71,901
41,232
188,60
125,271
14,921
154,791
58,333
6,183
136,371
119,60
37,432
37,479
144,16
118,225
57,671
93,875
119,976
67,105
80,315
102,875
136,51
111,101
72,618
136,131
62,536
111,598
108,423
168,633
116,793
106,204
9,881
189,833
157,39
19,298
153,323
77,970
102,320
153,323
166,40
9,53
111,566
143,228
95,84
168,472
20,810
109,561
56,909
15,255
173,865
106,626
136,355
157,566
1,391
163,366
1,495
21,734
58,183
89,871
51,248
145,47
135,972
166,14
93,179
89,323
75,47
52,927
199,398
74,134
192,266
44,264
135,880
57,223
143,995
8,772
53,24
86,259
32,489
84,483
76,463
178,166
163,729
159,953
150,996
190,670
13,535
99,724
124,221
126,207
188,611
59,567
4,700
124,594
81,592
82,173
82,794
197,964
104,355
16,611
199,26
119,670
30,264
46,946
177,25
87,256
160,127
15,976
155,179
141,782
38,593
16,166
68,801
63,972
90,786
195,116
19,237
197,246
38,952
184,806
16,378
75,283
80,289
3,538
134,207
124,501
103,294
61,855
147,96
68,104
62,258
99,457
72,407
110,518
75,749
179,630
132,777
18,182
34,824
123,606
12,288
60,78
136,957
78,177
112,700
108,654
176,277
60,733
17,834
151,165
75,849
96,763
178,451
32,989
112,671
174,629
98,767
145,551
124,752
79,962
191,927
35,198
35,162
179,226
195,336
185,966
72,67
20,692
118,124
64,339
68,134
120,207
44,963
59,372
128,724
74,751
170,762
173,836
157,406
94,995
92,602
3,480
138,414
67,442
171,33
122,176
57,702
109,59
26,281
124,426
99,455
30,446
184,133
41,98
45,728
21,14
127,601
89,746
139,972
144,468
197,295
138,229
125,359
22,901
51,658
41,968
180,171
16,831
47,79
155,295
43,550
78,884
164,635
63,732
36,400
3,903
175,731
123,202
51,406
44,311
127,925
87,425
166,142
84,983
178,916
93,393
180,951
153,291
143,843
155,612
183,880
58,298
147,841
128,578
103,718
25,783
175,218
160,622
119,897
199,554
81,900
110,347
188,840
21,20
125,888
11,633
138,57
15,975
50,810
124,587
49,845
84,60
64,693
108,945
87,735
90,392
124,12
28,422
110,560
44,469
110,444
179,980
1,661
94,463
76,2
161,266
87,980
15,308
26,607
107,720
89,307
180,377
144,547
150,18
21,148
40,379
4,713
40,838
145,993
101,230
102,985
44,508
175,207
188,948
7,672
178,954
46,770
170,458
84,471
27,363
145,868
49,210
159,392
163,476
17,698
26,96
198,296
175,45
14,979
41,724
130,42
189,791
26,603
121,455
148,389
189,875
73,405
61,229
131,217
55,732
74,72
157,528
184,568
141,852
140,67
145,570
53,767
76,708
142,397
199,199
101,462
103,49
120,87
21,472
98,736
186,667
113,764
45,347
157,769
150,703
28,521
174,224
91,667
73,761
134,103
50,501
130,124
171,484
21,398
7,527
57,908
58,903
178,144
109,778
190,288
32,47
102,491
164,928
27,218
111,569
124,217
182,687
171,511
139,922
35,607
180,874
107,10
180,644
7,664
12,87
122,703
70,550
190,24
91,543
194,906
178,525
90,634
86,827
51,30
34,768
72,182
33,920
155,717
164,614
17,284
64,823
124,177
126,464
51,726
196,125
120,600
1,102
136,939
19,437
54,742
82,123
62,429
190,32
164,395
27,17
152,862
188,613
141,206
38,21
62,855
25,238
166,966
187,987
41,789
46,680
83,202
146,538
83,566
162,379
75,24
163,508
183,879
41,827
161,535
19,752
15,93
87,258
173,832
124,548
49,515
167,15
184,218
117,121
144,670
14,407
188,510
166,737
123,465
142,595
2,204
56,698
10,169
186,40
117,96
155,342
191,416
82,908
50,69
128,714
93,891
38,815
137,852
93,390
131,223
81,295
44,603
129,835
45,973
18,270
76,932
136,942
196,928
66,229
105,410
175,472
99,605
93,295
165,404
130,112
138,639
157,482
159,607
36,305
3,626
67,285
173,519
191,967
10,511
63,398
158,153
101,181
86,959
93,555
103,213
60,604
188,43
87,570
161,516
29,618
46,332
12,321
58,151
13,423
160,978
128,659
63,278
116,860
172,322
52,231
75,323
150,662
69,431
192,627
34,248
91,225
49,903
98,974
171,212
1,309
196,666
181,589
169,98
165,259
25,44
92,392
118,367
41,122
100,417
46,813
41,482
29,880
58,395
156,697
120,740
144,983
159,42
50,342
77,166
177,636
118,848
78,936
48,265
64,329
106,480
192,4
177,474
38,570
32,402
138,299
58,982
93,321
51,972
96,584
44,117
88,381
38,213
101,840
143,988
56,256
6,84
47,357
52,686
187,40
129,689
26,629
178,46
116,343
13,172
144,446
58,575
1,87
184,346
51,843
181,427
143,67
167,850
175,893
60,77
175,258
88,237
186,381
164,863
107,275
148,836
20,980
101,37
181,289
48,839
168,264
122,262
78,952
18,541
23,637
108,910
34,277
93,921
118,216
83,941
123,665
30,688
132,6
100,98
58,413
14,545
96,9
106,11
32,42
152,561
55,830
133,198
115,813
115,947
56,202
55,475
123,2
146,566
138,968
6,313
36,966
155,464
110,197
20,253
16,813
122,886
116,944
47,76
22,891
136,407
66,256
36,495
183,303
190,955
109,440
45,727
2,637
130,118
171,501
181,71
175,616
153,51
84,267
145,509
35,397
139,391
19,688
147,792
1,65
44,468
134,697
10,84
15,537
197,516
142,343
7,281
8,937
95,246
125,844
153,231
17,928
47,241
155,101
18,823
80,323
183,21
87,641
85,365
74,111
161,367
20,249
12,741
64,244
154,165
196,623
20,925
30,466
146,207
132,133
148,12
100,932
91,643
92,99
172,352
77,626
188,846
163,78
186,664
152,600
15,4
68,551
111,316
77,45
19,754
3,36
101,519
175,735
150,979
161,426
44,974
39,573
40,274
42,559
141,424
50,379
44,910
1,529
27,848
170,605
181,482
157,333
101,933
93,593
93,856
19,231
178,675
131,847
28,199
30,765
100,389
70,545
86,384
21,603
94,184
122,260
154,716
6,211
72,926
178,589
50,216
174,261
72,974
148,458
144,263
150,420
183,474
90,417
161,400
86,733
138,697
79,668
146,8
44,618
194,234
46,720
152,202
53,502
192,262
80,802
96,573
169,100
15,480
33,724
18,8
4,820
48,143
98,360
170,749
74,66
15,105
180,914
119,284
103,308
27,96
3,640
155,909
100,239
63,138
42,287
51,315
161,832
126,534
111,546
68,698
162,415
115,936
184,408
137,683
10,545
173,744
65,589
133,99
41,736
197,257
195,647
186,896
186,498
100,427
25,557
111,461
59,880
55,870
173,482
94,702
190,289
182,167
99,128
114,98
177,284
87,28
111,234
183,796
3,447
73,920
54,755
6,891
111,548
30,1000
5,673
106,948
93,669
104,324
55,561
34,78
108,16
193,450
35,119
77,475
132,956
46,54
104,642
70,71
146,264
118,746
51,512
115,946
41,420
66,389
166,630
154,219
102,166
69,656
189,416
117,143
32,33
94,60
48,502
37,95
116,866
87,803
72,387
77,642
93,549
169,476
186,304
10,658
121,879
189,796
38,985
119,34
156,620
158,253
24,227
144,308
99,182
158,174
183,140
79,764
173,62
42,182
36,165
88,956
196,510
6,238
80,966
132,895
176,182
67,785
37,535
97,705
125,570
149,880
107,598
44,26
86,184
193,337
5,661
69,57
148,508
27,758
62,884
19,947
159,122
92,564
132,724
71,105
67,824
35,567
57,185
13,397
170,113
70,238
147,128
118,514
183,196
83,591
124,230
14,268
54,188
121,261
148,890
92,544
179,539
35,666
35,80
168,498
119,113
45,342
185,90
4,446
146,979
135,599
146,529
136,937
188,686
162,820
68,21
41,663
185,294
114,137
38,417
196,367
154,332
94,927
47,393
43,659
154,785
104,794
160,464
2,867
90,334
58,510
170,542
65,236
183,763
148,963
140,210
64,515
106,468
159,667
126,219
106,959
69,515
17,708
167,960
60,584
136,899
44,627
164,388
26,219
13,249
132,870
115,517
126,593
197,20
18,508
101,801
5,308
1,34
49,179
52,689
1,395
35,861
83,328
90,517
69,455
180,817
198,750
68,175
106,681
73,905
23,234
142,115
26,496
182,444
53,896
110,219
62,568
97,95
151,481
186,747
69,400
97,501
84,178
35,847
117,194
179,748
57,351
86,79
2,797
115,635
9,987
52,227
96,690
172,664
107,774
130,939
184,767
8,565
156,566
85,167
200,94
69,37
168,674
67,915
192,668
62,829
181,148
81,294
90,608
192,954
5,765
36,774
90,608
15,126
114,41
33,729
169,484
175,510
175,67
109,436
135,962
90,358
132,112
170,306
15,318
31,342
125,652
27,52
30,314
195,405
149,760
15,577
193,225
130,825
22,807
71,592
60,350
135,100
1,844
87,659
85,816
25,171
173,987
5,319
153,954
113,44
131,316
132,388
154,158
25,269
41,301
114,481
170,666
9,531
175,289
108,531
18,705
28,658
128,928
64,892
113,201
112,644
67,402
195,365
128,239
114,869
117,630
44,1000
139,983
173,515
49,736
60,738
119,283
59,494
198,723
62,616
17,51
7,829
104,604
184,784
110,287
85,78
49,31
149,472
136,714
159,323
102,463
85,715
86,323
93,608
80,625
199,423
189,193
172,710
135,67
141,849
96,16
98,565
9,673
129,355
160,486
104,453
51,223
11,480
50,444
119,87
92,129
84,89
74,839
148,151
40,227
80,77
85,724
31,422
35,338
128,112
87,723
199,316
64,283
156,577
117,353
184,644
104,684
25,937
45,200
16,828
75,490
78,295
21,342
143,819
200,861
31,983
109,255
3,280
78,943
158,688
5,711
40,837
67,58
117,584
180,36
152,649
149,578
100,927
107,477
26,917
177,320
24,101
135,473
161,67
174,912
120,217
58,209
79,151
36,942
59,384
92,122
50,227
157,974
53,333
56,56
36,104
165,923
98,298
176,38
139,463
4,255
141,120
168,345
104,365
108,362
100,94
183,520
157,732
42,150
87,397
10,316
57,267
181,471
109,422
18,973
83,41
91,383
25,210
95,403
186,881
47,600
40,222
195,242
117,89
125,561
174,562
151,706
14,550
63,803
119,878
110,196
59,411
31,61
194,624
155,210
108,240
135,941
50,967
188,44
4,316
148,147
45,686
75,943
166,430
134,17
195,572
104,820
74,812
175,468
194,432
61,374
67,631
181,272
159,611
127,640
194,458
146,338
6,192
42,17
103,230
54,856
155,194
134,702
78,862
119,92
142,426
54,333
180,856
34,194
96,519
21,42
95,266
100,49
41,282
79,84
17,450
30,934
45,420
142,889
56,46
172,84
165,513
143,137
83,397
125,126
80,100
49,907
7,330
40,591
47,796
158,856
177,406
63,229
1,895
118,768
1,894
100,154
199,469
153,952
114,713
112,302
128,742
184,215
192,303
38,450
190,51
158,144
130,58
199,487
200,532
183,980
136,100
58,900
166,711
94,261
102,790
100,366
147,199
135,6
57,632
200,884
176,339
198,381
140,209
55,375
194,35
115,704
197,929
169,548
111,260
110,526
138,660
177,504
144,64
126,768
116,102
177,255
149,750
142,104
35,420
11,421
35,851
47,497
99,113
112,577
19,804
17,781
129,554
32,883
174,122
13,127
62,760
165,807
45,697
39,870
130,410
5,352
198,411
20,453
198,226
117,184
97,988
21,195
120,995
63,844
181,631
181,348
185,694
109,684
107,105
101,380
78,820
42,503
61,532
184,519
191,79
26,633
107,138
17,58
140,163
104,16
117,618
30,831
159,458
65,66
127,331
135,805
44,746
1,430
147,144
164,856
3,760
19,567
141,171
103,762
70,81
131,980
159,48
187,190
50,398
139,577
169,784
146,47
11,660
19,264
98,15
149,127
186,544
67,7
123,915
78,108
6,86
121,821
199,774
23,901
111,871
56,261
120,450
194,785
73,632
63,308
62,344
92,940
176,778
196,619
54,330
124,703
156,638
185,580
67,335
119,55
54,262
58,102
85,294
69,632
122,925
119,993
117,783
158,628
53,339
174,469
103,460
132,142
145,958
184,228
153,950
171,276
105,638
123,970
147,835
20,388
175,957
24,50
129,670
108,517
79,806
39,454
74,958
152,858
151,366
44,597
148,424
66,179
162,473
38,805
24,728
112,946
44,835
50,635
17,437
92,297
59,297
199,464
164,292
179,15
155,361
166,199
160,854
100,548
77,735
89,540
152,220
98,226
184,405
34,717
109,312
194,499
139,289
84,332
80,398
83,248
199,497
190,823
102,390
48,53
146,648
30,453
67,343
175,654
199,52
172,532
125,153
16,651
82,709
45,750
198,903
62,717
25,852
13,19
129,119
98,384
133,815
50,994
46,174
155,498
9,928
192,891
165,150
55,678
105,77
35,220
79,358
55,766
138,792
105,848
80,694
152,55
13,167
128,966
4,22
41,591
70,734
66,325
94,293
128,484
147,811
141,287
80,696
18,403
113,422
198,366
157,355
149,354
126,819
185,675
188,301
116,618
9,391
118,875
24,724
41,674
88,93
135,763
135,236
193,292
10,354
152,431
49,61
184,224
148,356
12,467
157,303
124,905
80,557
14,843
11,794
36,674
168,359
126,238
25,754
48,28
93,982
77,474
125,680
73,123
46,122
164,575
111,298
132,413
198,553
31,196
18,604
128,106
174,417
172,688
116,809
33,749
125,310
59,122
136,111
131,923
119,83
162,605
5,262
40,290
128,617
15,842
194,265
194,194
55,972
52,850
128,1000
49,170
133,197
113,410
190,837
19,710
110,18
100,979
142,969
96,316
121,469
42,355
67,696
59,773
21,448
62,327
182,487
19,219
178,142
199,800
177,2
122,557
41,513
8,56
168,782
74,49
101,175
89,733
54,504
120,329
9,222
172,603
119,686
106,820
12,721
77,776
34,923
55,724
128,225
190,489
191,745
87,4
71,151
130,975
181,505
42,232
188,125
51,108
62,72
154,804
14,770
4,572
59,479
7,22
46,841
162,728
109,650
126,223
60,415
22,134
4,806
107,548
112,352
136,39
159,246
90,745
53,139
195,945
83,412
102,685
78,383
135,525
85,836
158,697
158,56
129,450
4,45
135,622
87,128
127,525
156,448
19,415
11,805
90,789
138,868
120,23
45,847
155,249
12,258
91,618
4,34
44,707
152,323
119,456
51,826
156,208
112,985
58,174
89,591
169,784
173,83
198,404
165,466
123,468
186,302
181,394
144,930
96,829
99,209
24,171
151,129
184,971
198,167
61,263
109,527
96,441
187,977
90,199
40,698
19,299
86,568
133,36
99,83
156,343
189,232
89,659
50,945
58,996
172,890
168,302
131,961
29,417
161,669
69,877
159,874
38,598
11,298
96,45
109,242
150,183
77,741
114,136
142,197
149,245
175,317
196,112
158,18
145,109
85,834
39,428
5,280
98,696
183,280
68,891
21,202
158,495
39,80
160,470
80,597
100,486
138,187
84,46
50,612
174,493
32,311
108,516
103,797
63,669
185,99
89,827
99,65
98,442
65,139
102,427
55,619
121,148
48,554
121,560
44,587
149,217
157,930
25,196
138,593
69,370
135,544
89,565
135,496
68,189
114,962
20,785
168,611
181,358
52,829
103,485
52,65
91,121
200,210
73,534
32,901
16,458
150,303
96,502
83,269
21,841
145,701
196,496
90,20
93,809
92,883
83,94
9,472
4,488
30,73
76,968
196,791
113,678
107,277
143,476
180,849
25,851
79,397
37,524
72,976
120,392
76,567
188,637
117,532
15,806
51,257
40,315
196,146
31,142
58,195
35,839
117,565
115,876
77,46
78,453
185,781
167,13
103,319
104,762
90,685
199,202
140,786
193,92
177,581
14,468
75,881
132,291
10,533
44,31
44,770
160,32
4,273
149,645
124,400
93,976
68,324
43,304
14,711
88,330
164,969
144,777
13,890
198,60
76,929
178,49
2,729
195,563
95,15
192,746
169,527
2,194
45,613
56,392
159,372
56,105
77,468
121,741
177,49
18,260
190,990
95,151
117,80
68,150
102,716
6,708
26,669
178,983
119,986
49,511
130,996
197,116
81,999
87,691
46,106
59,380
161,783
104,731
120,724
170,413
131,453
14,804
117,274
111,673
181,298
171,172
30,664
41,424
4,871
169,199
88,452
147,677
142,945
145,355
26,684
68,735
185,105
86,5
25,34
39,524
4,30
104,556
103,198
171,43
176,894
121,811
106,636
88,469
153,709
174,299
132,117
121,647
138,907
107,795
35,849
37,694
134,132
177,400
188,287
171,878
10,623
193,317
172,387
126,863
62,917
39,419
141,579
181,354
123,199
89,874
130,271
121,660
19,741
66,177
69,315
89,749
153,425
59,97
76,944
172,415
105,75
94,487
136,478
71,58
20,70
151,634
4,408
12,249
163,594
160,652
120,997
170,856
92,760
29,172
147,406
156,814
175,392
184,588
172,968
186,824
27,276
4,160
162,941
17,697
61,108
161,94
195,373
20,112
29,658
55,281
50,157
15,451
84,997
66,196
10,316
194,878
55,727
89,56
73,532
128,585
53,775
191,37
109,380
159,8
34,342
81,289
70,493
102,790
104,361
133,385
171,211
93,610
121,160
137,208
94,132
144,297
89,440
57,420
1,352
62,595
177,497
23,234
146,757
166,503
75,166
74,941
145,120
110,855
105,90
168,826
189,258
32,437
140,285
105,679
143,344
123,986
121,2
15,752
31,353
38,980
35,543
68,952
95,16
99,501
24,972
5,210
196,89
142,955
167,308
172,864
68,234
120,129
140,375
99,783
93,117
186,238
144,838
65,233
96,317
176,701
23,445
23,848
26,425
87,784
156,692
169,78
191,500
165,365
120,509
103,760
43,470
95,758
27,455
130,636
114,399
45,465
51,777
20,839
179,382
165,687
108,764
164,782
179,477
130,270
197,32
76,371
82,484
160,132
179,923
196,437
82,598
162,98
16,135
56,36
106,785
108,602
113,996
119,648
29,863
77,899
156,587
200,656
198,478
4,450
67,691
166,187
96,981
108,692
109,792
26,670
112,308
66,559
98,436
55,88
109,646
123,147
126,800
147,643
73,729
123,556
43,905
126,857
43,577
4,604
78,117
156,472
37,962
119,796
88,937
22,229
36,143
85,946
91,77
141,760
186,434
57,70
134,56
32,569
112,519
88,748
110,571
182,534
63,145
12,462
42,839
170,163
122,914
104,987
24,869
13,926
84,755
168,982
37,68
14,469
146,766
134,966
82,163
88,304
170,550
181,973
15,264
181,452
136,330
141,711
29,212
94,867
68,42
154,958
155,607
99,72
82,301
2,786
13,903
145,809
119,177
111,402
162,881
95,39
124,381
109,651
181,290
47,968
21,439
72,440
96,552
87,480
83,882
180,64
156,214
123,321
100,826
87,194
162,993
99,489
51,868
35,730
66,338
115,13
144,65
151,914
19,993
40,410
122,601
107,672
57,825
33,834
98,101
91,378
182,114
105,93
42,538
69,68
20,619
192,687
8,310
42,700
124,301
23,654
144,285
65,124
115,275
107,967
26,275
21,237
192,160
84,287
69,800
129,483
100,522
83,3
192,590
74,759
107,740
188,694
78,810
71,468
136,613
146,347
129,121
88,222
18,698
132,380
1,687
156,196
38,871
107,151
73,289
4,441
51,314
1,223
152,958
102,511
120,709
32,677
136,481
160,915
1,255
75,457
182,794
109,603
155,338
82,464
147,941
102,607
135,494
135,625
103,467
13,181
196,402
39,658
56,521
126,54
134,427
34,726
74,164
166,905
16,770
184,743
16,423
98,631
52,842
5,82
61,656
9,518
23,706
177,135
183,995
124,964
194,420
70,832
150,236
178,176
45,197
29,207
47,497
41,755
188,464
51,991
40,606
68,625
181,823
127,711
8,903
83,785
153,490
90,552
145,920
143,589
187,110
19,798
168,704
133,412
133,49
51,436
199,890
25,598
147,349
15,446
128,970
119,949
37,837
120,310
123,885
56,792
55,268
185,886
5,597
135,4
200,646
63,724
141,419
64,447
169,296
200,504
14,580
169,231
142,798
192,779
155,498
153,819
91,277
193,392
167,88
18,959
33,717
81,566
35,823
10,949
88,40
157,460
63,401
27,674
110,187
21,104
169,873
7,834
121,334
62,681
156,776
180,476
168,916
6,476
97,229
178,44
133,75
91,191
170,136
37,180
113,171
149,71
70,365
85,316
122,688
151,140
65,500
174,865
67,30
83,593
8,365
137,317
186,321
53,717
155,903
8,177
104,766
128,664
44,859
186,11
101,874
69,660
117,496
26,566
115,243
200,841
117,606
106,956
20,276
56,907
62,776
199,191
8,785
196,554
117,484
37,159
70,714
54,955
94,710
12,67
124,21
69,948
37,337
116,669
129,86
155,124
13,806
126,259
161,409
186,833
101,565
164,529
94,885
167,704
121,328
37,552
4,548
136,369
76,185
112,645
111,264
118,506
143,767
173,743
30,978
74,563
106,341
14,382
188,882
64,402
79,945
101,223
77,679
29,482
73,550
141,335
48,81
184,351
54,798
36,523
173,602
23,723
35,79
156,411
77,569
106,109
151,556
96,144
173,328
47,242
53,345
159,330
89,33
108,684
20,410
39,701
187,686
2,559
26,936
139,829
21,900
104,294
19,323
163,29
112,452
33,979
19,908
196,944
97,758
25,345
183,591
69,387
144,529
16,874
75,829
129,503
62,471
60,798
122,449
161,467
165,913
96,125
162,368
123,111
25,523
141,736
120,919
126,517
110,721
42,550
164,44
65,124
79,617
177,730
162,568
175,856
108,926
58,649
167,103
41,583
97,38
88,162
75,232
104,709
143,949
102,148
116,838
183,674
101,639
132,536
50,413
76,300
132,141
69,184
68,192
79,984
33,982
180,895
43,917
158,947
101,947
58,954
182,171
127,461
197,764
82,682
71,874
26,928
140,706
14,490
111,366
134,860
77,597
117,837
150,972
93,601
38,515
58,161
68,496
85,757
138,135
90,676
180,558
153,194
161,992
77,847
15,805
144,372
182,581
32,990
76,187
11,82
73,86
37,762
177,783
190,232
150,572
193,335
190,160
194,373
128,627
170,869
135,41
89,552
177,274
40,722
109,517
85,589
147,640
15,899
34,754
183,691
12,818
95,620
97,727
89,733
187,652
117,36
67,10
99,844
151,532
78,11
67,802
95,220
100,30
160,618
101,906
11,531
31,603
77,584
40,899
58,559
96,376
159,267
151,321
126,137
110,11
151,492
115,935
89,731
167,499
21,379
44,814
85,624
168,45
181,641
75,258
26,664
60,859
39,478
67,184
16,816
136,667
83,915
141,299
56,626
60,714
103,842
23,811
138,695
109,935
52,302
38,389
52,411
90,215
56,303
95,458
4,93
150,34
194,761
197,376
41,447
93,608
15,350
186,971
90,72
67,365
123,159
70,445
61,854
3,517
97,446
154,40
134,322
197,535
200,656
57,297
15,217
163,419
87,857
38,746
70,792
92,961
146,736
198,977
95,385
187,421
139,106
11,317
102,280
141,265
18,26
93,944
86,46
37,826
129,8
20,83
126,522
181,88
182,362
5,459
25,323
179,380
58,559
19,313
88,536
85,329
45,751
156,579
161,176
92,356
71,692
29,455
154,41
128,895
96,777
19,158
170,587
167,209
147,734
124,455
33,758
3,207
49,655
97,119
158,681
33,91
151,573
73,881
75,703
81,88
44,417
98,374
93,573
15,284
63,41
191,580
5,722
184,613
164,898
28,620
150,566
132,343
149,883
14,510
14,940
113,428
143,152
166,75
141,585
72,570
147,35
193,421
80,812
55,506
115,740
138,445
115,927
69,416
142,68
197,35
19,172
149,228
49,777
49,67
44,974
3,396
180,262
80,620
198,480
182,140
122,983
106,591
10,971
87,298
141,777
53,846
26,496
141,250
161,861
177,368
153,240
27,75
55,811
32,987
73,697
35,493
50,524
106,814
63,85
200,149
23,986
145,570
121,8
192,607
110,885
101,59
68,632
138,837
4,76
158,725
163,597
36,832
60,591
36,296
146,236
66,251
105,55
78,382
175,558
96,186
76,570
113,723
84,200
148,423
76,663
45,56
181,893
135,457
149,320
60,537
13,98
175,830
121,957
138,205
108,532
63,236
15,352
139,831
56,126
40,233
117,791
2,432
153,117
94,418
94,920
65,609
88,564
114,487
96,303
117,883
143,474
69,994
44,912
75,596
77,286
44,795
63,782
125,130
61,709
21,799
138,160
44,959
114,436
169,418
152,187
186,434
1,30
76,806
192,489
83,385
34,759
84,857
100,484
33,389
162,564
38,196
186,211
113,50
150,554
29,672
79,605
199,702
101,998
175,269
100,148
86,935
76,790
8,702
124,918
94,260
189,272
68,234
199,342
149,367
2,507
8,731
104,849
65,109
180,786
139,616
64,463
76,226
155,607
102,52
199,584
54,617
32,104
120,486
198,751
12,849
181,238
38,32
45,82
121,396
123,50
11,775
117,835
117,163
171,303
112,501
70,315
199,513
42,550
2,413
117,65
22,592
81,484
151,101
123,321
189,743
193,693
145,162
170,256
77,258
121,925
112,393
90,222
72,277
56,570
71,340
52,779
164,770
49,59
101,450
10,576
195,241
67,13
5,249
84,786
32,517
138,708
74,814
72,269
14,18
186,649
19,552
76,75
76,635
25,197
114,953
74,114
77,497
127,329
188,670
27,69
188,561
24,110
111,919
172,159
148,437
183,146
95,510
42,598
163,386
1,865
186,497
95,402
54,569
91,492
101,746
55,334
61,352
50,797
160,626
167,848
51,892
99,740
30,65
156,755
117,298
71,929
31,453
32,111
122,900
150,665
103,501
87,144
88,810
158,675
140,396
1,355
74,733
119,786
164,682
48,817
128,595
77,848
96,954
97,945
10,549
165,953
198,618
169,575
184,230
146,402
89,613
65,985
56,944
193,770
155,828
131,191
173,995
78,476
112,633
171,527
65,722
144,20
199,687
82,784
49,218
98,956
26,686
87,892
55,117
39,996
70,134
156,669
38,5
168,316
136,900
194,355
145,535
135,716
50,531
178,424
179,137
200,988
86,885
36,751
71,460
102,127
84,496
171,34
164,178
104,23
164,533
173,244
23,839
79,531
183,3
125,148
161,552
181,666
142,689
54,204
47,586
53,18
89,288
145,51
107,315
184,364
182,79
9,985
179,322
155,857
26,385
177,184
27,902
106,539
159,641
74,955
116,897
175,68
91,101
14,159
33,307
161,755
37,628
17,698
154,68
44,715
146,255
10,318
143,864
40,399
43,911
178,910
103,702
54,133
142,204
188,733
18,577
112,713
164,315
149,570
96,477
134,795
170,285
181,947
121,293
22,931
115,396
2,682
46,623
65,428
163,729
119,660
97,878
174,969
36,388
137,611
71,636
47,761
79,42
33,145
25,859
59,924
194,846
105,611
155,996
153,258
101,746
116,488
87,755
28,562
20,46
129,753
65,751
129,947
195,390
7,245
55,986
91,109
121,881
55,672
123,298
152,834
27,580
154,288
97,741
177,448
41,784
178,618
165,995
55,321
16,82
177,427
139,167
92,230
6,827
108,894
42,400
12,237
149,856
28,491
50,197
173,785
27,875
125,133
143,438
177,249
137,822
120,468
177,765
185,191
160,720
74,123
62,35
149,623
130,231
131,505
164,317
141,398
157,689
134,897
25,907
110,324
96,786
129,603
7,265
128,643
22,25
136,819
18,827
200,352
105,120
184,482
18,252
145,116
91,926
104,283
102,939
97,774
168,556
86,356
163,291
186,414
50,205
141,407
102,571
104,849
78,732
10,159
100,28
45,864
40,324
200,202
44,753
109,803
96,709
188,591
55,289
30,670
51,566
16,190
37,448
140,11
13,53
39,656
148,844
8,85
114,713
142,699
6,712
23,864
49,742
198,348
164,839
135,562
12,530
85,116
175,773
44,92
163,173
183,586
63,775
66,248
106,295
183,714
15,467
199,651
194,903
37,357
195,428
154,129
111,105
192,487
4,891
3,861
22,788
138,680
181,375
60,492
95,320
21,655
154,334
84,643
160,384
49,750
77,606
176,92
139,778
140,603
3,306
140,229
70,16
75,910
199,274
165,701
29,607
81,982
20,581
47,746
29,531
144,859
47,551
87,859
113,458
28,564
6,232
194,445
88,172
50,900
60,811
15,87
9,597
56,324
63,654
8,496
171,418
124,41
26,416
29,841
48,454
1,692
37,464
149,405
11,2
122,678
178,452
72,141
108,98
134,655
133,851
93,514
143,114
116,472
89,393
152,636
110,795
197,85
137,564
60,569
23,887
44,802
102,921
128,324
24,755
89,338
121,915
186,281
154,644
150,412
144,796
40,301
39,836
193,178
128,714
29,671
40,499
194,370
35,899
26,390
18,984
56,478
146,767
79,28
190,553
19,935
187,237
163,923
22,121
153,236
169,315
53,14
162,83
176,319
6,463
65,992
54,516
168,283
73,829
78,692
108,914
37,270
62,263
122,931
146,145
13,497
138,627
118,320
12,756
145,237
37,567
182,335
1,334
129,163
45,662
162,979
128,116
88,840
123,973
77,932
4,912
131,913
1,527
115,202
57,560
23,101
35,944
143,677
53,85
191,908
50,761
27,486
25,929
71,118
56,826
107,765
86,307
168,306
187,998
62,882
60,517
10,575
110,805
76,56
122,477
103,943
67,82
119,357
69,372
67,53
133,888
179,935
114,68
83,834
81,945
190,293
40,754
29,741
199,470
21,212
160,409
118,408
13,954
103,148
45,809
10,520
150,485
175,958
54,448
68,800
51,873
51,314
102,267
137,19
35,257
185,717
174,292
11,340
139,123
86,955
45,799
138,267
50,545
137,799
87,350
170,365
51,210
111,725
87,480
115,491
190,230
1,426
160,958
13,562
23,45
176,689
121,713
31,126
79,467
95,37
9,536
56,84
19,277
73,564
95,449
35,236
3,522
75,14
161,334
153,296
171,947
71,92
9,521
73,461
66,196
48,323
51,31
183,311
139,234
23,349
29,596
134,79
98,853
28,166
104,358
93,808
111,875
92,539
132,380
111,915
153,61
51,411
8,381
89,820
18,193
15,807
29,414
92,591
191,23
124,95
175,950
165,519
78,773
114,343
122,232
49,666
166,319
137,180
42,149
156,884
61,813
7,107
70,90
147,3
190,548
127,454
157,869
69,85
44,103
154,815
60,712
191,952
105,924
38,832
62,371
161,963
50,502
87,829
100,770
81,487
107,836
71,15
178,76
120,164
67,573
183,725
149,71
92,140
2,997
129,767
130,714
192,853
10,88
54,455
50,665
95,162
172,346
19,464
47,836
190,239
40,643
5,958
197,760
184,174
24,176
64,971
130,768
92,832
2,112
119,784
77,401
7,7
181,900
110,596
141,117
185,136
31,33
13,64
5,546
163,724
46,61
113,199
84,752
6,860
88,299
127,476
148,828
140,976
163,327
95,678
75,337
87,879
61,285
185,414
60,293
114,657
161,323
167,75
137,595
63,88
148,269
24,984
42,717
60,37
179,620
66,460
104,535
59,882
150,50
151,222
55,729
82,366
134,360
198,983
118,947
96,38
126,497
97,607
189,441
110,659
76,617
166,829
171,47
11,680
90,24
136,289
9,979
107,75
148,823
61,909
113,593
186,376
157,780
124,945
76,918
106,705
151,27
7,247
37,856
153,958
33,133
115,79
88,923
60,969
87,395
3,653
124,198
189,70
90,235
112,964
90,237
177,684
85,268
27,290
82,897
51,271
4,997
138,962
58,240
165,762
33,671
81,424
39,513
85,263
131,389
11,475
23,806
155,472
183,422
101,230
87,736
155,27
83,321
117,630
31,872
14,45
90,457
112,223
15,820
135,764
182,167
185,383
122,13
88,984
193,67
81,465
149,265
50,705
73,707
114,762
122,114
174,332
170,224
10,859
19,17
145,300
146,648
143,353
124,359
188,143
80,552
83,642
74,403
82,645
43,948
106,258
116,761
41,948
164,156
89,237
124,325
189,707
56,727
40,339
179,471
118,356
3,915
180,574
57,691
12,161
105,524
146,464
186,819
79,341
122,949
44,931
99,413
13,232
20,575
190,815
159,264
173,956
5,509
160,620
40,40
19,567
28,372
157,739
142,807
107,252
48,22
92,280
105,493
193,853
168,754
193,859
148,359
138,276
90,96
26,700
9,159
116,744
52,27
183,119
111,494
53,455
161,796
90,180
186,19
15,365
21,102
198,975
146,883
58,665
32,443
123,942
190,409
113,767
3,489
170,443
150,121
200,553
54,622
56,319
88,657
103,239
112,326
124,260
121,408
128,781
153,246
101,205
21,645
157,500
77,191
92,795
190,48
14,443
4,521
26,794
68,413
55,110
137,999
41,908
197,740
36,954
43,117
77,767
31,871
121,366
101,398
91,416
189,565
74,592
107,659
39,523
122,540
78,943
180,123
115,522
76,111
115,104
200,171
106,58
102,16
137,690
5,991
21,167
54,267
173,353
196,858
36,623
108,768
97,317
25,236
166,929
63,621
97,681
186,665
50,351
122,271
76,900
4,527
72,944
171,723
176,448
105,761
76,681
162,34
19,193
12,158
15,431
117,497
200,709
136,307
108,914
88,459
173,695
13,978
196,878
167,106
51,931
46,670
9,167
46,151
90,153
113,790
86,791
112,609
90,821
158,661
16,650
36,101
178,589
65,95
132,552
91,410
145,283
3,444
93,979
75,873
194,669
162,486
125,731
29,97
173,615
42,823
42,444
110,813
86,992
167,461
184,439
181,42
152,370
199,350
139,98
73,632
1,21
143,928
145,319
8,738
94,63
177,634
107,104
151,834
121,902
177,707
41,338
120,139
31,532
153,234
35,921
164,926
2,755
19,280
60,412
68,144
75,523
46,210
29,243
110,603
1,409
95,626
125,443
10,295
160,755
143,902
172,383
196,602
1,946
76,717
51,923
96,818
30,935
129,67
167,283
29,203
52,673
102,84
42,178
47,562
39,761
197,188
29,174
86,56
40,4
33,442
121,483
72,684
66,548
44,836
59,860
12,847
101,997
68,261
92,486
22,945
32,581
130,979
165,444
122,284
124,66
95,882
27,627
190,552
140,889
197,173
59,503
124,941
104,976
144,735
160,658
123,556
186,675
152,485
89,891
128,979
188,987
66,772
45,71
135,432
136,332
135,237
189,313
147,138
183,191
83,385
86,978
87,431
17,977
61,137
30,639
34,972
94,368
45,64
96,419
96,414
20,761
32,885
85,315
186,471
153,370
121,781
158,166
42,572
182,585
122,751
192,935
170,108
57,194
109,316
21,448
74,811
185,513
113,872
123,443
7,671
58,267
126,795
77,547
169,493
68,235
89,202
132,321
161,101
110,880
196,731
84,206
83,103
17,279
198,139
117,237
116,440
186,367
96,287
121,17
105,816
135,430
12,303
22,78
61,977
44,415
180,408
21,334
23,886
20,8
169,566
132,857
68,817
159,91
69,339
28,338
162,906
118,167
177,367
31,22
19,204
137,589
138,541
26,345
132,275
93,103
152,171
193,398
13,727
4,731
174,647
67,337
85,287
158,661
48,948
81,162
106,609
21,896
88,644
162,751
128,408
41,482
168,879
37,911
75,371
131,442
149,766
68,682
149,272
59,839
35,184
184,84
199,730
160,220
18,492
130,540
105,49
154,727
60,455
26,806
142,45
190,153
136,564
116,672
144,822
16,352
115,957
148,469
11,252
107,92
183,141
70,935
175,240
159,437
114,697
14,332
155,185
184,569
12,445
198,501
68,570
151,201
25,717
135,552
42,168
18,887
109,786
8,761
7,539
63,296
42,627
148,255
192,144
63,662
155,524
198,520
133,512
76,733
63,475
135,911
163,643
98,987
73,89
179,430
83,351
101,412
150,928
73,8
61,434
120,538
22,650
66,527
14,221
7,537
181,309
59,631
103,271
81,892
101,397
176,56
74,156
24,641
167,392
25,773
167,346
197,756
151,344
79,69
77,330
18,625
25,52
162,156
125,93
47,393
121,625
64,638
22,260
126,298
35,238
83,635
97,796
118,654
56,615
82,56
134,257
35,43
36,360
178,419
104,597
111,139
105,156
170,467
126,152
137,90
18,401
184,969
88,613
99,275
65,777
139,409
67,13
100,918
73,725
160,742
159,796
141,816
181,134
181,956
145,150
65,2
174,424
58,629
99,9
65,156
58,492
23,142
199,91
115,245
30,293
173,176
100,99
33,197
78,329
119,612
180,709
55,519
55,929
125,754
47,252
129,487
81,700
129,293
123,545
179,514
89,919
81,345
115,149
34,320
125,688
139,341
15,832
23,605
46,759
36,867
84,951
63,690
126,143
124,456
48,29
100,59
16,794
43,517
22,89
120,19
137,516
117,192
85,139
180,353
61,618
200,944
148,964
15,510
50,374
192,543
174,508
14,364
18,999
25,185
77,93
152,774
79,456
100,163
54,498
110,284
173,3
36,453
8,541
133,251
137,505
168,873
9,794
82,12
150,803
93,510
31,14
34,140
88,852
14,450
189,990
129,657
152,282
122,795
88,585
11,432
36,216
167,182
20,479
61,529
167,30
188,960
43,34
75,72
155,571
123,144
77,624
7,935
130,32
5,256
172,617
7,371
196,727
115,502
154,440
180,120
116,687
152,205
165,995
195,594
192,667
142,379
170,315
49,324
163,643
105,113
37,114
40,84
186,603
122,756
124,297
180,7
82,708
8,880
188,213
139,507
145,56
147,94
186,306
192,916
165,142
98,381
130,850
30,100
186,339
113,575
93,844
147,775
114,946
110,276
39,133
26,702
191,120
196,261
121,166
52,742
83,308
72,757
111,482
167,536
135,961
118,929
72,223
38,917
56,883
19,258
110,294
77,885
78,503
35,490
59,803
165,253
96,211
67,637
110,850
156,17
115,943
112,668
134,443
86,842
62,726
115,58
142,913
113,238
7,383
175,588
180,657
174,750
96,797
53,804
127,782
180,114
160,704
195,284
90,654
156,991
114,862
40,244
154,299
178,941
43,589
164,117
66,995
48,431
191,99
157,205
44,939
136,783
27,710
166,614
145,600
101,23
46,849
142,521
33,583
48,902
42,603
121,365
70,813
137,600
134,98
135,330
14,553
29,724
181,450
188,425
123,285
142,778
180,859
47,432
116,336
147,663
196,694
181,691
67,716
112,736
197,754
77,52
187,483
58,1000
7,553
90,209
122,439
155,912
77,223
120,555
77,38
101,917
122,319
38,567
73,970
31,921
64,456
64,500
6,739
117,162
48,570
104,320
133,915
105,867
189,780
144,612
107,165
97,183
156,195
85,174
46,754
198,77
174,456
60,751
199,502
130,725
27,23
159,676
75,94
24,508
164,202
81,336
137,657
50,352
194,687
88,176
144,147
14,180
66,140
106,641
35,629
125,277
41,839
170,226
192,916
125,996
152,104
193,626
52,930
20,834
140,132
26,763
24,897
10,571
111,733
115,191
5,887
168,746
148,671
111,772
60,987
174,301
87,394
64,80
23,19
58,51
117,392
190,706
176,501
168,266
119,739
128,743
82,676
190,509
10,903
113,986
65,812
4,622
166,816
195,52
84,996
33,989
13,575
170,173
139,652
77,391
135,732
61,535
162,302
195,818
95,764
142,35
191,616
26,621
75,740
136,322
118,997
110,156
140,396
195,280
181,646
130,924
180,487
144,105
28,35
156,100
138,834
82,804
143,520
76,352
155,99
92,8
166,939
183,789
113,806
3,844
147,390
166,343
181,663
118,717
184,422
2,683
48,160
69,610
145,469
137,787
142,495
64,795
125,301
15,148
116,974
31,353
90,707
37,142
20,734
173,253
105,559
131,99
34,632
55,371
80,31
50,382
10,248
17,532
39,298
76,826
141,252
48,511
2,295
54,494
136,258
127,643
50,365
11,9
20,897
129,825
2,512
161,80
131,250
163,524
15,408
74,896
9,506
86,845
27,197
36,58
15,427
28,704
113,647
166,941
44,352
129,779
57,9
171,934
4,433
192,355
176,975
30,481
19,325
137,851
43,205
103,265
92,432
63,569
24,880
46,13
62,23
82,5
57,1
66,810
17,21
56,64
198,76
44,993
176,570
17,380
24,618
22,485
36,785
174,109
8,817
147,263
30,574
29,758
66,71
56,645
56,222
91,119
74,9
58,605
59,149
173,215
29,796
12,121
98,644
105,114
200,319
10,552
98,832
151,28
32,191
57,550
178,424
184,841
167,149
157,331
131,925
6,316
132,194
26,833
151,984
95,410
86,630
24,610
144,62
63,266
183,162
156,572
73,234
62,289
21,666
25,923
87,8
179,254
171,680
40,921
34,419
117,77
43,213
113,347
114,318
42,446
57,830
162,731
169,282
54,947
139,163
138,416
106,72
109,887
163,253
29,118
71,696
126,994
93,511
87,411
143,836
171,200
102,145
125,905
20,469
60,659
31,987
161,907
129,37
86,771
81,665
116,413
67,603
27,114
147,311
191,268
122,438
48,100
76,188
165,907
172,733
170,233
63,441
59,868
21,378
58,142
17,985
90,750
74,247
46,118
200,785
9,53
105,617
111,486
174,294
77,919
186,65
2,616
45,447
124,773
101,38
60,794
48,620
76,507
41,151
20,530
155,4
44,631
162,84
152,164
140,144
169,841
152,884
23,357
149,737
169,613
142,911
116,894
159,364
62,776
121,133
44,43
41,469
47,749
62,759
154,635
64,302
28,195
23,988
64,888
136,201
188,81
116,978
116,200
177,856
63,289
177,414
189,703
192,642
34,389
40,442
190,165
172,143
103,28
1,611
151,854
81,372
56,414
34,509
190,311
22,495
119,730
144,518
178,163
165,680
59,214
184,388
140,652
67,310
112,753
104,671
30,486
124,808
35,199
124,724
198,789
109,477
69,907
15,231
105,31
191,865
132,766
16,343
198,1
9,503
34,955
172,889
131,519
7,478
192,263
58,862
156,905
78,502
133,817
149,667
26,723
184,450
198,492
128,896
154,403
6,821
121,757
149,807
122,677
138,169
46,931
86,660
197,168
123,725
184,1000
70,115
113,303
28,741
86,124
38,744
66,877
130,953
1,819
60,975
184,315
111,893
78,633
96,262
90,295
158,332
13,598
109,726
76,448
3,421
121,925
56,366
71,812
146,162
67,856
98,992
102,612
143,871
54,558
11,614
139,46
5,700
14,794
17,447
103,370
77,119
124,701
167,107
130,236
36,895
18,961
83,798
121,308
64,713
163,609
127,539
8,170
24,744
182,506
10,763
24,901
85,28
159,464
191,248
110,80
130,733
69,257
123,866
165,973
133,981
25,560
197,791
6,244
134,234
67,999
192,754
155,58
200,405
68,775
169,359
105,770
71,638
73,824
4,960
174,176
126,591
50,975
19,577
195,776
131,122
18,880
20,216
200,877
87,743
111,427
36,885
75,6
64,671
75,232
6,969
108,447
192,301
40,441
10,514
84,902
11,821
7,174
146,397
171,579
184,437
51,959
196,118
34,510
66,909
11,665
162,980
126,198
156,253
19,231
29,587
177,700
56,567
109,837
181,294
87,760
57,314
117,407
121,152
22,960
131,280
121,480
148,317
78,924
192,801
105,402
30,503
166,88
138,995
43,533
196,471
151,798
95,77
180,426
187,176
109,766
94,247
79,815
130,626
67,167
105,226
59,533
80,648
100,538
116,422
180,70
129,421
101,50
33,794
185,272
74,861
21,123
168,305
175,961
57,615
178,36
62,564
106,957
9,853
191,137
48,875
29,904
135,16
199,180
192,258
185,427
62,944
188,147
174,823
135,48
60,691
102,606
55,716
160,936
16,32
131,518
108,938
91,912
5,991
195,36
69,930
60,875
31,566
79,761
64,86
22,181
22,641
46,234
191,428
141,735
196,355
7,686
22,885
94,433
25,484
165,377
9,985
22,578
116,311
115,237
154,579
37,281
68,115
18,4
144,34
29,864
141,503
122,769
73,760
174,601
37,948
85,157
163,517
182,80
175,834
20,138
104,867
85,442
153,435
41,141
181,385
113,63
31,393
65,52
40,486
53,568
164,422
67,624
139,592
111,276
134,166
161,995
105,270
96,445
149,223
15,44
198,137
116,618
67,121
174,521
179,423
156,6
171,179
172,412
22,719
33,578
127,356
193,652
169,642
97,414
193,122
105,636
50,274
5,991
75,238
84,625
76,198
38,958
78,42
145,763
45,746
83,988
30,966
87,869
114,736
77,942
5,935
178,406
25,311
10,261
171,758
79,591
122,549
155,367
120,154
48,308
77,984
151,201
134,689
107,655
171,646
83,755
127,396
129,902
164,652
36,711
139,106
114,841
35,900
195,439
7,299
115,612
103,938
135,938
18,977
15,965
37,963
152,795
30,428
24,669
99,758
188,429
174,923
150,748
58,659
196,183
136,844
157,291
53,357
78,334
200,421
165,584
181,619
66,5
48,282
196,819
69,73
154,702
76,419
195,344
128,151
61,116
144,33
135,757
140,479
186,537
41,910
78,910
141,538
4,664
142,400
14,811
168,274
36,890
100,232
175,572
60,575
189,639
67,641
42,891
29,708
69,639
198,777
116,501
196,171
60,698
67,456
62,988
45,126
70,55
85,44
17,673
39,841
23,724
27,214
101,635
133,381
96,244
151,504
39,738
180,635
149,365
83,640
135,174
184,415
73,448
154,582
145,715
150,336
193,624
151,637
191,985
196,116
129,153
76,91
17,987
93,218
100,688
41,566
191,926
200,726
183,681
82,941
108,449
132,25
17,10
108,408
196,395
110,132
26,176
84,180
33,913
85,671
123,237
164,349
163,414
124,210
164,218
64,97
154,578
73,700
54,255
9,496
48,748
24,719
166,645
123,809
70,493
49,730
185,246
42,621
25,932
131,548
115,913
99,408
151,878
158,736
3,263
149,429
168,223
175,718
152,600
199,934
18,256
17,144
175,299
160,98
166,298
176,277
96,304
55,739
143,126
196,635
73,846
179,81
77,541
110,909
168,501
66,879
49,70
53,60
182,56
16,727
102,637
48,559
181,878
94,542
47,783
121,797
195,368
8,775
87,212
46,75
92,822
92,965
30,63
90,690
130,60
86,232
62,314
7,828
98,73
11,311
135,728
38,567
47,319
152,941
119,261
129,746
62,981
112,340
1,873
188,349
196,975
34,477
49,530
2,434
45,665
40,434
10,942
39,782
184,746
149,361
40,176
43,680
41,174
3,351
102,205
101,312
150,493
121,667
1,49
107,300
66,956
86,510
25,241
18,483
14,584
116,803
40,156
34,794
4,982
66,732
40,834
52,843
94,54
8,900
55,400
190,975
200,48
32,202
74,435
192,266
171,906
50,28
52,869
131,842
103,386
47,64
177,197
124,152
107,270
5,208
40,652
190,818
27,800
93,967
27,935
25,929
144,413
169,4
167,267
84,30
91,412
170,199
6,653
12,212
11,787
173,471
2,561
54,525
192,122
38,880
2,931
113,284
39,25
62,621
4,325
94,948
44,312
66,619
136,151
111,452
184,147
95,463
169,138
149,638
111,972
87,546
76,539
134,257
84,376
38,655
95,756
157,663
97,749
25,411
34,787
169,336
182,707
138,87
43,689
8,784
190,327
29,831
152,482
171,596
88,113
17,120
82,70
14,166
124,637
189,553
118,647
104,483
84,668
119,121
107,480
85,753
60,882
156,616
57,327
55,211
86,616
84,218
58,193
95,869
80,769
17,347
169,156
55,393
9,551
192,916
74,510
18,361
141,250
10,744
141,593
19,2
45,994
1,468
38,902
146,129
11,67
49,827
80,722
95,49
49,569
31,217
170,384
15,243
190,455
103,498
130,169
54,510
89,182
154,158
177,438
42,355
42,889
168,396
187,678
146,309
68,50
82,998
185,318
13,118
143,298
61,3
97,1
200,574
123,324
189,26
186,594
111,149
107,267
128,549
180,250
23,364
80,860
147,460
78,69
42,136
24,710
144,55
162,774
164,990
45,325
26,811
90,999
131,167
96,771
152,642
142,140
194,396
43,84
79,519
168,507
32,208
56,673
169,421
6,778
156,162
132,333
154,79
79,510
145,904
19,149
90,322
125,431
126,27
118,1000
84,914
15,179
183,553
189,667
191,969
5,943
138,859
43,892
99,344
51,519
46,861
177,429
50,819
184,588
19,321
73,670
59,91
119,872
42,630
110,674
152,556
188,559
165,80
13,543
18,710
188,398
56,685
116,274
47,824
4,30
75,828
59,742
138,997
142,397
184,705
175,810
123,321
52,819
123,889
20,272
47,497
159,998
20,26
192,908
118,865
48,585
8,144
100,149
177,270
185,682
138,119
42,776
1,690
108,528
55,701
182,447
43,360
30,756
40,552
190,263
109,191
59,495
191,188
135,795
123,417
100,105
91,701
60,283
131,469
129,360
127,310
5,732
163,895
128,952
140,129
49,916
101,535
194,629
115,426
110,536
67,343
97,998
149,667
120,430
78,548
88,404
51,485
34,167
20,581
49,158
153,227
79,977
123,485
11,990
52,312
117,938
189,708
81,511
64,38
199,523
76,688
14,512
33,5
120,400
178,211
95,604
191,458
21,350
155,833
167,864
188,1
193,334
70,606
155,334
142,129
17,324
37,653
116,666
128,239
182,545
29,167
113,18
108,505
23,693
23,37
28,689
160,323
35,479
16,238
61,777
83,487
100,551
128,16
142,101
51,453
29,332
154,999
131,401
61,355
131,283
150,513
131,173
169,824
22,344
60,470
80,629
187,902
34,137
148,358
40,987
187,713
13,93
170,506
12,157
142,150
26,847
178,994
139,483
76,789
123,914
24,514
40,339
96,13
108,273
73,147
146,538
42,291
175,319
122,332
74,144
143,688
110,612
114,783
135,213
26,351
46,699
30,472
6,282
184,502
55,196
89,976
46,107
110,78
5,113
193,162
160,692
152,289
63,464
105,785
4,740
118,650
76,715
196,252
86,397
56,652
126,436
38,168
18,159
176,350
48,955
123,304
184,334
66,606
171,229
66,613
98,263
93,991
73,454
140,518
38,727
187,734
122,99
184,936
166,270
28,469
134,164
16,296
118,54
40,682
84,683
183,465
71,60
143,488
1,992
134,707
196,426
54,806
35,172
90,531
183,766
141,690
85,555
170,768
40,731
122,690
79,949
81,572
197,300
172,687
178,546
15,543
35,938
42,346
56,967
73,174
193,785
40,82
159,833
158,436
77,573
131,50
106,285
133,24
135,297
62,767
187,247
72,18
123,61
177,127
159,783
93,8
166,875
59,6
42,650
76,477
152,632
186,359
174,30
152,91
143,680
44,25
121,291
155,811
166,391
88,899
189,76
185,977
161,90
94,408
23,943
37,970
110,683
89,442
171,119
87,755
144,939
54,317
179,397
20,807
171,685
52,60
158,390
119,950
46,210
53,358
178,20
51,748
63,876
24,115
48,22
32,874
43,558
189,819
192,35
116,777
189,277
139,101
95,496
130,249
121,568
58,587
91,411
42,620
175,620
56,376
118,16
4,611
30,586
134,91
115,32
25,906
92,542
114,783
82,51
128,432
117,465
157,431
54,948
171,185
47,697
184,804
189,881
26,256
100,662
116,658
37,630
33,718
183,100
69,475
112,643
87,732
171,541
36,781
193,249
16,734
19,237
72,244
69,628
196,641
123,244
160,382
132,529
188,784
98,444
155,734
187,905
91,972
122,176
67,378
77,218
152,641
4,311
146,167
62,833
112,538
71,381
170,401
166,919
159,230
170,971
81,718
15,969
36,721
95,804
38,949
32,100
171,29
197,183
133,297
79,35
1,470
13,743
19,642
139,47
81,904
62,526
158,749
175,194
170,461
106,770
129,968
61,15
39,368
2,29
147,342
139,398
186,483
74,230
117,210
28,511
174,384
57,184
172,869
136,245
31,918
100,534
106,790
147,985
18,14
41,658
17,761
61,169
10,755
75,106
87,99
80,7
189,316
153,251
175,995
124,463
168,414
114,355
157,888
176,402
73,317
43,632
14,795
89,295
135,199
4,770
45,356
103,903
102,67
96,566
88,493
34,211
95,725
98,786
173,647
51,78
156,185
83,809
57,847
33,515
160,830
23,372
16,155
141,137
91,147
66,96
135,339
2,806
47,90
164,112
111,987
181,815
100,662
159,109
164,34
163,721
37,333
42,517
27,855
73,350
140,573
148,508
78,112
79,823
90,213
124,433
79,69
59,974
62,685
23,805
41,997
35,778
136,415
100,677
128,219
36,695
12,683
87,712
128,713
101,279
82,493
55,509
125,715
134,726
144,781
111,74
198,733
189,399
114,482
24,653
12,704
35,307
178,703
40,309
189,723
88,182
70,396
183,643
187,987
57,183
61,733
36,533
76,165
55,877
41,364
96,748
78,930
73,138
77,983
13,633
35,710
161,196
136,853
17,652
60,349
81,773
162,368
71,382
99,345
29,2
108,838
147,492
23,162
23,302
191,706
47,5
189,332
107,137
164,522
85,168
198,490
141,913
140,958
195,106
124,241
134,656
119,571
89,743
166,154
187,146
106,98
179,333
45,253
63,337
125,341
68,739
56,33
178,429
149,373
22,23
131,709
99,539
173,297
200,733
12,932
131,833
117,327
139,533
22,683
50,266
93,30
49,939
81,413
157,584
165,498
178,395
125,571
45,50
194,412
77,552
84,794
75,531
155,454
147,367
146,34
10,518
198,363
41,578
2,240
46,120
162,847
79,60
200,934
92,982
86,978
24,232
102,491
167,405
27,107
11,101
97,781
103,136
51,668
25,381
104,649
130,825
24,257
199,61
105,370
199,300
41,690
25,1000
99,92
31,286
74,683
26,109
30,324
40,31
116,654
170,643
147,29
44,605
192,210
15,941
95,327
176,482
128,366
7,968
177,410
161,811
108,691
87,387
3,468
150,418
185,946
170,534
34,982
99,857
20,27
144,231
3,25
38,692
192,24
24,94
97,707
89,450
15,144
37,571
97,234
72,343
47,224
195,574
30,143
182,593
141,28
18,124
158,852
30,577
49,351
138,470
44,952
77,479
4,523
108,433
179,894
198,238
188,587
40,283
95,722
127,695
181,800
129,394
45,452
14,707
26,438
178,353
199,331
93,296
33,741
124,93
34,80
69,415
54,857
96,170
21,300
171,365
193,971
8,675
113,58
108,485
40,288
172,930
141,878
128,610
125,291
136,499
45,772
189,936
175,227
38,878
103,918
182,759
122,434
37,104
136,826
191,792
62,222
102,601
38,456
134,75
150,657
25,900
28,245
48,313
87,986
124,597
175,270
186,702
31,276
196,686
127,687
61,534
164,980
96,955
65,229
139,994
118,483
82,948
153,99
200,906
161,776
109,217
147,978
48,204
107,670
56,454
191,187
195,346
93,787
101,654
176,488
189,653
51,587
53,776
139,87
149,665
177,386
32,960
108,461
2,261
187,849
72,400
126,697
187,687
43,761
43,468
39,882
78,525
200,909
182,798
179,458
123,63
75,69
199,465
103,52
52,292
195,79
31,667
97,293
1,197
189,821
145,446
9,681
142,992
117,837
84,287
100,423
104,178
32,89
108,211
55,730
134,417
112,750
189,365
22,210
157,389
4,66
127,625
117,122
127,118
188,680
109,696
84,23
157,445
150,605
21,754
50,874
193,230
13,286
19,241
12,80
140,633
54,709
11,702
20,213
190,321
179,249
14,382
174,431
11,269
157,127
117,910
117,878
183,317
194,391
86,570
94,862
150,223
124,69
90,397
68,283
185,589
71,17
189,311
7,306
10,495
46,178
175,103
128,632
89,626
182,978
3,75
110,201
30,164
18,916
91,840
181,673
60,303
43,56
156,89
149,572
57,608
168,789
68,463
20,125
131,656
74,347
123,776
190,93
150,155
164,889
21,264
83,211
126,46
172,251
197,386
186,469
3,562
197,548
92,284
5,406
110,554
181,223
181,493
104,950
130,711
27,972
165,990
24,488
166,619
9,596
53,339
86,425
192,790
156,541
43,809
152,613
152,470
4,792
55,800
82,827
168,650
119,642
61,883
64,164
160,145
58,559
98,519
39,761
190,593
69,971
49,180
180,262
123,580
32,546
12,180
23,160
118,298
195,618
171,92
52,504
171,23
20,835
41,662
108,560
176,561
45,742
84,884
163,101
170,342
134,626
151,737
45,628
67,920
160,74
66,272
40,137
163,542
68,866
95,898
124,467
182,616
35,238
155,531
44,430
165,4
25,606
111,655
152,291
138,12
109,525
148,959
52,980
177,124
85,8
13,959
105,840
96,384
124,541
103,91
90,20
63,391
187,387
8,168
91,184
68,670
168,929
69,60
52,928
48,623
80,469
185,819
167,190
61,383
174,552
70,385
147,862
129,467
20,964
137,411
12,623
40,783
90,636
147,828
40,401
70,230
76,338
17,70
113,879
197,302
54,417
47,366
146,733
60,285
139,18
93,589
159,857
158,932
46,390
99,99
145,274
138,215
59,944
72,466
188,906
10,397
71,325
180,454
30,551
45,452
76,141
16,853
126,235
122,154
71,76
169,132
65,363
49,187
127,27
97,686
47,962
192,784
102,886
117,793
51,532
87,377
97,391
16,602
49,770
87,883
63,78
51,968
161,531
21,112
165,444
5,681
119,487
58,190
124,396
120,768
194,688
63,203
132,729
24,290
180,25
81,721
172,390
49,693
31,130
72,25
147,892
198,417
168,784
24,339
141,59
184,216
119,565
75,319
9,752
198,466
123,287
39,437
92,901
130,863
79,215
10,595
185,105
109,911
143,433
71,308
23,592
136,447
39,797
20,381
154,93
107,79
107,975
71,509
173,189
200,867
153,66
3,49
57,318
167,554
53,959
172,368
196,747
148,642
102,298
76,564
76,364
102,869
29,919
91,425
31,218
137,64
124,148
176,101
125,950
20,259
79,478
66,869
180,266
169,638
125,285
22,976
100,112
24,571
197,502
36,177
21,59
109,872
111,713
145,724
188,221
112,209
176,915
69,729
32,721
43,650
156,718
106,54
22,722
117,689
41,912
144,509
131,180
58,58
14,493
157,60
3,911
27,544
56,468
34,627
93,783
49,641
3,922
88,400
195,279
34,446
47,664
10,861
1,25
48,130
137,981
180,286
107,801
61,798
34,573
45,632
105,851
77,805
17,802
64,674
94,586
196,493
108,271
64,80
19,412
78,882
3,354
108,820
126,282
113,964
152,23
158,484
32,131
89,123
119,336
54,803
197,459
146,620
50,379
74,337
160,487
31,787
178,753
139,708
116,463
187,398
128,567
68,653
52,420
79,341
169,153
106,21
119,973
96,143
163,569
46,114
188,600
186,31
126,701
106,602
18,193
101,865
101,482
109,21
181,930
170,977
27,783
167,428
154,172
196,151
111,794
113,916
8,144
47,317
23,370
198,84
55,871
8,391
89,522
180,740
149,256
76,538
112,580
31,873
129,713
104,227
123,887
137,642
41,618
53,313
25,738
39,318
75,313
182,350
139,119
191,375
170,589
124,403
38,163
184,294
198,987
191,767
22,888
138,991
170,908
195,744
79,849
84,298
27,541
35,230
38,896
10,92
126,826
33,515
135,395
79,195
44,785
67,192
158,997
85,799
75,851
164,471
54,350
73,224
22,852
191,923
168,570
89,963
92,111
19,281
95,20
129,321
174,302
82,392
48,50
25,903
112,8
144,175
154,700
101,837
93,42
2,760
151,284
93,248
135,7
164,856
155,125
8,66
92,636
130,196
138,579
186,545
165,986
145,544
83,405
80,401
82,215
136,826
96,822
89,193
6,188
50,2
176,58
45,997
128,64
133,14
72,284
52,195
10,916
148,617
109,874
157,532
126,348
77,248
32,67
23,355
185,103
191,198
167,239
162,468
170,804
62,688
103,494
82,825
170,327
46,265
174,158
82,172
160,753
84,57
136,919
96,688
168,951
185,473
46,243
41,372
38,566
127,993
158,143
177,838
126,662
130,741
116,374
178,677
88,838
5,529
99,44
139,382
59,479
100,478
111,799
95,951
11,786
120,479
134,661
99,898
20,649
108,937
120,681
126,284
26,304
164,111
95,827
26,601
67,73
135,839
90,963
32,44
4,605
71,54
157,23
105,163
158,906
12,536
104,342
30,28
169,350
27,327
73,343
100,967
103,316
153,910
55,388
84,24
170,222
184,658
14,483
34,403
54,98
15,357
179,282
175,726
84,568
145,827
84,175
126,559
69,144
157,267
122,33
102,312
31,994
38,764
160,74
147,772
36,236
146,730
89,838
78,319
79,426
2,711
67,412
191,201
173,895
103,563
166,741
11,838
110,45
192,766
22,478
52,281
76,322
154,290
189,473
174,427
92,598
161,57
94,826
187,367
189,399
108,487
126,274
37,17
177,695
79,649
22,374
72,156
190,401
140,717
72,33
50,14
111,501
135,943
114,427
1,170
134,88
118,862
125,778
182,842
93,694
95,320
103,438
87,928
49,255
90,810
116,428
122,249
90,173
120,833
89,800
189,454
83,845
172,837
8,19
140,165
128,540
175,963
98,383
145,391
49,160
151,140
79,801
97,47
185,579
117,403
188,752
180,718
60,350
13,519
99,317
199,780
175,411
177,116
184,933
65,512
95,17
181,694
159,159
139,390
138,443
110,456
151,519
55,78
39,155
92,600
9,748
99,656
24,466
66,815
159,328
137,205
167,910
3,905
110,702
130,665
73,329
64,131
16,85
23,483
59,977
132,28
138,31
1,490
23,489
167,41
4,424
154,317
87,861
70,940
195,442
181,853
196,141
5,545
109,118
162,957
180,849
113,99
55,593
180,551
31,372
135,483
31,361
145,334
15,671
146,547
84,107
163,54
68,136
78,921
81,370
145,108
51,747
144,306
139,947
98,823
20,952
35,150
184,96
70,253
151,209
96,826
170,640
83,688
118,741
67,336
153,221
184,146
11,955
151,706
140,108
11,792
132,538
92,651
128,194
192,337
131,633
145,994
130,217
22,173
127,582
41,652
83,660
51,67
108,718
2,707
174,190
30,54
23,944
154,800
190,619
156,763
56,759
175,64
137,85
100,579
39,877
23,314
148,836
170,941
130,724
95,57
50,712
107,955
197,114
145,124
64,180
35,576
145,691
141,551
200,924
154,274
165,584
39,952
14,592
79,938
184,914
169,857
160,653
147,911
57,41
121,291
67,22
125,169
91,718
181,222
69,640
169,194
103,20
14,779
110,209
79,143
79,494
181,945
104,675
113,202
79,584
126,593
91,248
122,258
171,131
169,771
12,108
35,244
67,27
81,924
138,562
14,569
37,339
200,438
34,363
72,296
200,897
32,124
35,305
7,270
114,983
192,492
83,62
23,341
139,421
120,287
47,259
176,51
68,988
113,450
178,785
135,163
92,923
50,154
152,567
155,736
197,231
99,891
11,199
147,495
36,743
55,309
66,942
154,799
63,38
138,605
47,443
63,209
169,321
108,479
186,218
53,533
71,902
6,183
148,763
164,1
49,465
172,850
10,619
36,222
112,76
121,729
141,332
97,753
99,750
153,373
36,606
191,262
100,675
75,322
195,362
73,964
19,849
153,605
137,272
112,123
17,893
134,620
171,392
118,430
24,277
40,211
88,722
80,453
188,456
73,38
8,734
141,25
127,219
105,689
149,770
67,286
29,943
165,449
88,645
81,441
30,338
137,994
184,367
55,14
138,386
199,97
110,692
181,687
102,483
125,742
114,167
121,216
22,721
174,109
2,116
118,898
75,107
191,163
145,893
155,507
4,519
178,459
85,131
32,406
156,453
96,217
118,411
141,324
18,100
65,111
195,427
138,83
1,503
29,497
170,349
198,534
102,573
83,174
83,187
47,578
25,102
28,948
156,874
32,451
65,211
43,398
26,434
177,184
149,5
111,521
9,187
191,984
170,77
81,802
81,874
11,610
140,396
72,313
62,775
1,895
125,547
188,278
120,520
70,699
1,533
139,127
10,402
135,808
179,574
135,25
22,136
77,363
55,171
98,422
107,642
115,521
106,297
175,256
17,362
75,683
196,645
194,927
162,573
45,352
91,166
171,988
63,435
6,554
51,133
177,377
28,899
135,61
134,587
2,918
18,75
195,243
116,595
154,495
38,343
191,430
173,399
191,338
162,95
29,900
195,589
55,596
50,980
109,976
157,218
57,553
31,85
153,618
199,24
103,922
150,742
169,843
164,702
16,397
81,70
39,792
122,968
127,509
29,707
12,298
16,82
92,924
20,332
125,534
58,838
149,392
104,535
70,226
37,423
55,343
105,111
125,413
99,805
143,743
67,703
82,635
75,504
52,228
129,37
97,536
195,270
137,337
46,969
19,591
27,744
67,842
78,749
156,852
33,465
62,792
19,388
142,408
39,924
178,317
40,827
186,149
195,707
83,772
23,705
125,153
3,96
85,123
26,588
182,700
45,995
74,572
121,305
64,306
76,511
155,645
137,200
139,560
108,157
96,67
180,222
153,930
181,952
190,386
47,800
21,938
38,276
77,627
189,726
62,661
108,967
161,423
69,437
195,200
79,499
186,662
85,653
148,475
18,567
85,38
164,993
28,590
73,749
71,50
48,139
120,414
11,281
137,230
132,679
169,523
187,433
146,910
186,79
190,48
189,153
56,669
178,323
36,560
138,906
151,892
192,580
54,588
13,94
113,341
145,583
107,315
26,710
66,806
113,526
188,325
27,611
74,917
47,372
144,244
189,570
55,37
179,562
129,859
139,140
39,730
185,210
52,325
114,813
130,764
18,367
30,125
162,289
63,209
17,570
174,324
176,976
200,87
69,622
141,904
6,852
36,169
113,880
8,219
193,780
10,408
107,417
94,255
148,753
45,761
160,99
159,368
184,242
122,191
114,448
57,148
61,698
121,117
136,697
189,480
24,439
166,255
56,754
182,384
18,455
111,884
184,43
66,256
26,618
135,293
68,804
195,270
66,795
69,800
9,703
24,108
128,369
169,643
187,740
114,903
163,301
163,882
63,247
192,407
146,395
10,101
31,330
43,875
74,889
152,40
156,103
77,334
74,804
14,101
164,353
43,981
143,360
88,668
170,772
59,740
50,173
74,241
171,259
184,144
55,550
147,855
128,26
136,251
17,627
135,17
77,96
18,35
160,305
2,754
149,15
172,760
133,826
55,184
177,986
154,272
159,696
147,266
31,435
38,483
180,395
9,837
119,255
71,887
56,904
54,642
12,92
105,172
188,471
56,297
190,99
159,921
32,312
45,406
48,310
167,816
196,540
182,588
115,271
113,734
106,671
161,592
10,586
124,442
45,687
104,34
98,388
115,683
47,124
78,85
152,991
191,799
68,484
170,820
37,828
103,418
166,450
191,904
98,781
114,412
53,513
115,904
177,197
1,120
54,795
123,50
25,167
143,942
157,985
67,887
172,954
25,683
89,185
7,260
37,721
171,623
7,117
173,351
109,352
60,824
176,661
189,608
7,576
96,119
58,96
94,880
71,154
116,23
154,981
66,659
150,900
153,596
69,272
156,219
5,378
197,111
139,141
2,368
97,925
29,801
117,509
40,730
49,972
14,11
22,849
54,735
143,557
88,218
193,338
147,967
194,768
17,909
178,761
79,448
50,386
15,527
89,964
120,170
31,541
171,533
40,892
165,717
37,197
146,602
131,106
36,94
79,286
135,828
48,104
125,908
93,538
122,654
175,38
72,817
78,812
36,643
144,145
199,937
67,560
168,434
172,751
160,446
45,113
116,4
158,510
151,490
189,51
175,161
139,969
126,755
53,592
163,304
137,209
32,297
111,943
197,559
35,853
95,82
61,398
106,417
53,716
98,998
118,920
70,575
32,29
7,799
163,911
114,844
199,811
70,482
115,86
194,503
126,475
118,951
193,849
81,887
62,873
34,593
196,285
125,163
188,484
10,265
13,959
107,635
14,747
11,95
56,629
84,336
76,168
142,627
53,886
159,167
172,36
57,420
46,752
191,691
143,203
101,859
86,34
130,393
103,716
157,63
192,471
142,711
7,912
123,748
101,940
52,808
85,62
148,361
150,945
124,978
88,555
83,669
87,379
124,930
7,41
149,374
25,167
134,377
63,889
14,770
197,929
169,443
141,322
30,468
116,630
125,478
144,830
61,84
40,549
112,313
49,437
84,417
150,618
109,657
138,412
13,918
181,980
88,461
101,52
82,743
49,38
127,582
146,502
12,340
199,776
96,531
12,738
174,418
15,251
75,381
115,591
85,988
77,602
135,887
108,261
139,722
159,243
55,637
161,754
174,945
116,876
158,409
195,231
111,53
150,398
69,545
127,484
43,968
200,669
93,213
65,559
153,153
22,865
97,691
191,133
198,139
91,669
52,819
91,48
12,792
51,538
173,668
150,160
58,947
1,63
13,684
45,385
4,372
136,332
33,108
86,362
138,661
101,237
179,928
143,878
102,435
64,322
71,84
83,726
194,752
26,720
161,227
20,784
33,899
15,681
180,597
182,477
189,734
91,374
31,993
182,324
171,712
182,60
131,388
48,845
192,536
132,457
155,456
82,418
14,5
81,852
153,136
102,304
193,533
140,771
13,166
178,389
124,121
100,996
113,751
114,895
98,781
30,298
10,670
53,60
197,946
137,287
149,755
130,608
111,682
97,106
78,423
28,841
122,593
32,30
76,766
124,944
156,412
49,498
26,9
154,138
8,271
69,802
129,255
45,936
130,299
26,408
157,281
5,167
30,418
120,212
126,139
197,477
149,451
31,461
103,400
192,746
171,218
8,516
56,576
43,341
181,977
2,657
56,375
76,753
72,812
109,159
138,948
90,709
127,215
145,854
45,14
3,726
161,183
154,776
57,893
153,436
51,65
170,832
60,132
73,510
158,213
30,138
6,301
54,571
24,947
45,869
115,580
27,652
132,358
75,319
58,85
189,887
111,206
172,21
26,48
99,244
66,498
145,269
4,48
167,695
97,195
195,115
68,204
168,835
112,137
168,896
37,732
31,728
4,500
187,814
171,63
19,601
21,490
78,393
26,241
160,129
89,784
40,79
113,465
155,954
184,929
179,277
139,923
144,652
24,321
179,101
172,420
154,259
4,873
43,65
131,60
16,867
17,937
31,888
147,679
13,224
173,473
42,481
177,680
34,160
58,323
127,763
66,968
188,267
128,448
80,633
112,125
94,555
173,188
106,20
81,580
20,401
127,574
188,551
104,477
77,135
74,748
24,753
22,879
41,769
63,356
164,134
23,837
113,261
96,644
31,66
189,891
179,308
103,817
158,747
139,225
76,137
91,137
140,82
63,744
57,330
44,701
135,158
18,372
181,283
56,453
88,266
57,858
158,458
112,941
90,436
120,602
150,63
170,357
13,13
95,505
99,548
115,14
70,152
82,263
192,974
10,12
98,264
2,751
126,480
189,889
95,522
37,71
61,963
129,642
184,44
21,722
137,687
64,366
84,170
163,404
120,902
133,414
27,750
55,977
168,505
121,521
50,68
162,732
163,154
127,589
162,677
98,903
37,988
170,928
179,998
78,236
65,648
77,959
110,842
15,947
160,687
81,271
17,537
9,445
61,225
66,625
107,853
82,615
32,405
134,526
30,585
169,521
173,813
49,365
197,627
110,476
154,623
54,805
106,629
53,942
159,324
7,524
65,932
126,332
77,689
106,163
11,980
99,474
169,185
65,382
177,225
80,449
112,842
43,166
133,37
108,687
107,116
40,890
88,814
137,444
4,111
180,330
124,574
197,417
9,197
143,89
40,622
41,427
110,488
138,921
114,425
54,361
44,72
132,372
61,972
144,828
28,402
174,140
77,314
92,992
141,401
173,820
35,235
10,957
108,903
141,353
143,241
83,45
150,423
60,889
20,458
199,322
149,796
85,972
24,193
40,462
198,170
180,524
171,297
32,334
155,780
198,898
96,147
160,453
127,798
179,68
172,99
148,482
119,493
109,645
139,520
33,958
41,336
58,426
175,591
114,574
14,470
77,773
117,483
171,501
92,392
45,91
7,122
38,465
15,23
158,411
5,358
174,821
8,242
71,339
172,586
173,530
72,423
136,936
161,573
157,610
189,672
103,899
108,986
8,59
85,806
117,554
196,646
132,888
7,104
44,836
133,78
49,216
187,145
115,550
162,16
45,465
67,920
8,775
134,267
42,775
127,144
153,318
187,212
123,154
13,899
97,131
85,530
142,441
164,68
118,449
143,532
20,524
131,282
157,716
21,314
147,986
90,970
79,887
152,786
68,873
161,798
12,8
64,674
197,868
173,212
58,21
194,762
27,216
148,479
33,246
61,607
85,456
38,38
82,534
33,895
30,348
114,605
86,425
167,108
13,529
161,864
186,776
85,657
63,875
160,628
168,909
31,656
181,943
44,306
105,26
189,457
186,885
144,373
184,232
125,765
38,402
87,271
137,486
86,992
57,15
127,151
38,811
8,91
138,503
106,662
1,225
200,127
102,530
166,15
165,265
197,923
47,544
184,364
130,407
124,801
146,726
100,506
77,422
96,752
175,132
145,544
100,917
172,378
53,914
56,51
44,824
136,136
64,757
5,747
179,755
128,942
137,544
150,56
75,957
106,461
1,534
58,145
182,254
125,121
33,642
200,746
19,828
58,595
2,645
171,989
78,550
170,572
44,312
94,650
120,529
84,89
55,250
80,464
152,574
7,110
125,15
14,184
56,742
54,168
8,161
58,441
74,171
68,405
14,623
25,667
137,1
77,785
93,855
51,474
47,468
159,33
89,629
51,838
27,993
94,652
22,658
172,179
117,831
164,430
200,902
157,687
187,367
75,590
134,565
196,348
10,861
153,492
158,899
102,791
53,409
81,155
75,492
193,790
47,959
21,968
150,181
177,303
166,300
69,34
172,751
113,853
82,560
39,119
164,897
168,989
10,477
71,247
58,158
19,889
146,563
6,221
122,153
18,336
78,331
84,521
170,664
119,740
61,281
191,568
154,920
107,854
107,285
198,798
154,591
51,119
72,644
192,191
134,866
114,445
13,303
48,176
68,19
87,266
164,192
128,926
130,690
7,108
163,950
12,700
166,774
164,181
167,920
64,527
198,935
42,750
163,94
156,559
88,710
70,936
2,725
33,522
64,414
200,701
186,469
81,178
166,332
118,475
38,870
184,247
23,265
183,146
179,532
171,916
66,443
184,573
117,750
67,11
69,884
177,816
25,836
167,121
86,388
176,346
160,133
167,432
192,118
70,817
100,645
97,832
177,49
199,666
48,997
128,686
49,950
69,617
42,519
7,491
91,557
112,199
126,941
113,141
91,91
57,611
109,811
94,903
133,56
150,176
62,851
28,720
61,261
171,936
7,503
113,757
40,257
44,196
95,481
93,252
150,66
30,685
161,272
157,98
17,765
116,250
55,180
139,409
130,969
38,998
117,71
58,126
175,458
85,812
83,297
32,591
90,112
82,868
62,235
32,426
44,734
172,640
10,217
49,532
128,713
182,121
130,263
23,519
195,95
116,599
71,777
74,417
94,5
162,485
151,980
3,778
200,515
5,405
98,745
139,155
17,849
172,485
94,668
101,763
106,317
95,465
90,169
2,990
191,697
15,790
23,200
88,713
46,383
96,590
104,92
47,836
155,975
44,96
8,825
147,291
68,458
79,675
132,164
188,909
121,727
51,414
45,287
9,739
158,563
1,253
154,786
121,732
22,13
23,797
24,240
181,178
200,301
133,875
183,534
63,963
39,404
143,931
162,124
162,506
180,731
196,541
75,810
132,598
69,391
111,319
162,939
9,234
152,268
170,964
79,94
138,570
95,465
23,883
150,918
42,122
92,985
3,147
116,905
143,160
37,519
149,825
90,852
8,464
6,504
25,773
123,326
37,983
137,694
94,868
168,485
116,108
127,887
22,572
58,536
90,320
170,724
123,386
100,854
168,370
11,283
62,166
53,911
57,749
131,462
138,806
134,118
57,205
156,434
51,714
28,606
173,987
182,402
90,763
165,215
65,698
92,573
44,77
114,91
63,153
160,657
6,7
30,667
60,607
148,236
82,143
35,270
117,235
168,95
161,612
71,498
135,645
183,561
3,84
40,358
97,518
59,949
115,402
136,733
132,84
128,273
162,741
90,988
31,759
88,64
4,591
198,20
37,386
2,781
130,2
78,667
2,9
18,318
133,273
196,995
33,123
182,126
151,397
66,935
59,381
187,253
29,701
96,931
171,737
102,728
171,27
64,944
187,29
187,444
87,424
104,165
78,731
157,62
74,102
163,230
92,38
60,470
141,925
101,471
65,917
55,651
139,267
165,311
85,440
109,871
55,816
27,163
116,902
61,718
59,348
195,987
63,196
115,300
184,564
108,5
74,107
7,989
49,257
67,216
167,809
167,886
190,827
148,67
111,134
192,713
189,798
68,731
165,607
114,314
159,276
53,479
30,464
199,894
30,598
191,538
173,473
193,975
106,17
152,305
104,118
125,424
22,556
67,839
32,737
52,104
62,732
29,177
104,365
36,8
73,471
162,989
184,78
152,916
112,892
119,491
159,490
153,824
189,576
200,543
167,970
150,940
117,574
147,505
62,25
88,31
34,779
188,263
164,927
46,490
33,649
67,518
109,603
99,442
88,892
104,3
39,861
36,803
19,790
5,336
139,995
108,212
87,849
12,105
138,596
30,988
4,20
27,582
74,301
163,269
89,404
103,984
110,691
183,239
9,659
151,190
199,241
87,308
125,761
172,588
70,73
166,306
134,661
9,138
50,811
5,767
178,424
194,741
184,303
180,382
124,577
38,815
13,381
30,215
164,376
181,788
78,853
199,566
26,827
94,398
145,105
65,524
1,560
45,236
102,324
40,383
120,896
198,35
60,877
58,678
139,757
53,670
174,226
80,14
59,358
192,860
173,985
169,119
177,811
155,599
97,210
131,357
193,146
100,121
178,896
6,487
76,118
95,336
77,568
198,448
161,190
170,288
116,490
25,292
162,153
24,200
148,977
125,39
36,627
198,611
184,191
194,98
196,647
43,407
106,685
177,206
152,8
181,923
104,242
11,103
91,84
93,122
152,139
197,853
79,63
103,510
52,831
57,292
116,927
151,567
79,86
46,790
11,173
162,156
117,500
14,320
89,298
172,751
142,58
104,122
145,605
89,543
97,822
9,985
131,856
134,478
30,225
136,84
200,566
93,58
79,446
144,617
115,177
180,329
108,874
41,766
66,845
10,662
81,378
81,81
126,673
28,837
62,841
104,263
4,304
91,475
36,650
43,288
194,888
61,961
59,823
39,96
130,491
104,889
94,581
141,987
132,562
57,504
78,443
64,456
21,16
182,325
170,176
166,733
77,343
96,807
183,178
184,713
159,372
42,915
138,197
16,69
2,723
81,183
27,671
35,550
92,732
93,477
130,142
42,93
197,805
85,245
23,875
9,482
71,697
49,33
119,303
127,539
36,817
185,739
172,598
177,529
52,598
107,861
182,408
108,897
135,777
77,177
145,334
110,199
177,950
142,903
23,597
195,496
18,645
53,609
48,90
139,161
112,147
54,392
200,221
1,926
165,509
147,423
160,220
139,179
127,889
129,339
80,259
123,314
138,565
118,493
15,586
176,750
78,54
2,650
58,165
112,228
29,283
118,275
169,791
32,387
123,172
190,202
40,606
157,145
159,580
96,327
26,125
2,680
170,960
134,276
77,576
8,239
21,111
73,52
191,962
106,404
31,268
32,782
147,510
53,161
178,341
3,420
187,223
193,983
13,951
52,964
80,297
140,992
54,918
186,733
40,904
110,890
2,248
3,26
89,312
67,776
117,498
151,648
120,79
196,542
65,505
50,410
23,209
177,671
80,625
38,350
93,34
175,185
15,62
38,958
59,290
25,316
138,747
158,729
158,806
93,590
71,137
54,110
168,48
20,132
99,714
1,655
83,375
162,183
193,330
63,127
106,139
182,684
190,320
114,923
26,38
142,766
144,60
10,334
81,585
155,646
62,935
144,101
172,709
143,696
159,181
85,584
22,519
46,955
160,725
183,940
194,719
86,233
143,189
88,254
114,848
157,924
93,138
8,319
31,953
75,877
70,986
81,862
99,611
79,208
122,236
45,113
45,843
162,323
78,346
110,184
97,20
3,71
73,324
118,29
127,824
94,440
57,707
76,235
12,833
114,822
92,825
106,656
48,677
25,205
21,205
126,712
31,667
81,887
47,508
127,896
34,752
74,478
106,891
83,815
182,810
38,74
128,838
111,505
136,982
150,410
165,482
5,230
167,265
155,811
93,917
77,495
184,939
26,245
128,693
103,502
73,612
112,159
131,156
187,628
187,395
95,15
109,217
16,299
192,712
4,24
56,683
200,63
101,565
118,882
172,765
75,228
21,203
172,276
150,303
141,255
134,896
108,790
49,253
126,823
16,135
86,247
183,910
157,219
7,17
198,507
166,999
135,72
167,79
174,669
70,73
130,450
116,403
98,259
58,111
60,619
199,845
104,542
62,335
69,896
150,513
83,34
18,752
179,427
3,348
78,31
142,372
7,917
126,164
102,691
185,570
194,208
112,34
3,946
118,209
10,996
125,710
6,589
120,571
170,502
125,903
81,992
194,589
148,674
55,571
32,106
180,977
75,262
126,375
118,872
48,196
86,770
135,372
185,440
191,370
28,315
70,624
26,886
86,821
195,389
82,73
9,841
84,446
51,396
197,449
137,127
15,300
66,736
16,841
60,146
42,296
33,482
117,852
105,697
71,8
41,531
68,194
142,825
96,438
43,293
158,202
10,389
45,972
127,256
118,202
97,485
185,442
122,742
94,831
177,266
116,584
147,932
22,915
108,235
36,127
16,875
17,441
128,291
62,867
117,895
70,510
104,410
29,964
64,778
125,970
127,420
11,744
7,85
65,914
53,353
192,648
165,678
41,563
125,217
1,462
172,998
199,746
173,527
26,747
124,910
184,168
132,656
20,976
198,981
47,203
107,328
20,909
106,725
70,933
185,990
192,739
84,299
178,235
75,593
144,415
12,578
150,156
108,585
12,16
200,628
39,155
102,766
31,732
38,790
51,187
60,19
16,401
141,261
166,866
68,161
13,710
97,747
148,984
10,96
100,348
112,841
131,471
93,523
130,479
60,581
184,58
114,790
134,86
198,647
103,989
161,512
67,547
129,822
31,869
175,465
116,748
70,72
24,624
61,747
51,539
14,409
89,742
19,795
34,470
61,48
173,91
37,883
121,796
189,314
94,701
78,857
192,456
104,57
173,180
127,98
104,220
154,300
54,213
59,911
87,194
59,280
101,452
188,996
50,42
141,904
15,814
162,868
48,712
147,903
93,304
37,14
2,219
156,299
169,640
22,747
174,139
88,829
135,727
193,632
183,172
104,211
187,874
56,266
176,749
76,594
174,674
191,750
149,814
93,267
92,680
192,789
196,112
112,115
40,944
138,190
2,965
84,309
144,913
104,209
41,131
162,450
33,930
107,140
176,827
190,669
18,600
140,784
28,699
190,887
119,673
142,187
52,917
126,371
49,220
49,642
148,428
178,426
55,328
17,415
6,806
156,343
12,364
59,970
118,910
62,704
163,629
26,580
39,920
32,752
112,362
79,988
172,870
106,963
9,393
114,854
191,237
33,603
119,175
92,872
148,173
110,567
29,178
40,69
183,701
154,139
2,430
34,819
99,254
200,233
61,753
132,105
139,760
94,777
61,431
19,685
84,48
63,541
167,366
112,776
139,877
18,555
163,845
117,683
50,469
166,668
22,843
103,898
188,114
200,960
27,859
96,276
78,580
113,196
152,732
75,33
137,584
134,908
75,916
156,93
199,438
96,438
14,351
89,184
169,568
138,493
195,440
59,863
95,897
160,453
74,605
158,462
126,318
18,499
5,29
89,148
101,368
76,402
21,359
129,62
134,343
81,912
5,224
98,118
72,275
108,346
45,653
178,303
152,127
26,704
91,30
91,244
38,26
11,468
58,733
111,393
30,105
194,680
133,421
31,128
2,143
183,139
27,159
199,190
97,540
170,435
139,684
159,774
3,793
111,883
13,769
115,92
49,969
32,917
94,918
19,838
60,976
76,699
158,111
31,32
5,322
175,648
101,701
148,306
186,412
177,679
120,811
45,771
180,91
194,651
53,799
18,729
40,92
68,766
43,100
74,408
27,181
67,1
51,690
162,172
163,558
173,46
162,889
26,463
193,593
111,829
173,701
187,261
168,370
147,748
78,884
127,390
17,355
64,246
56,322
7,82
54,143
50,856
62,102
104,244
8,420
180,957
193,387
101,319
35,403
128,884
116,348
73,885
9,932
197,778
100,984
29,398
155,524
179,493
103,221
191,828
20,329
56,229
171,714
165,391
106,817
40,239
18,358
189,243
155,135
115,405
138,824
68,910
174,700
87,880
125,811
130,223
167,268
135,247
131,942
83,93
68,884
174,551
13,172
146,351
160,384
151,677
39,235
143,729
85,305
176,155
191,99
195,449
109,78
145,191
44,424
101,880
173,389
68,950
152,468
96,156
192,853
195,138
59,934
138,581
160,87
79,935
163,646
188,209
163,22
26,106
167,578
48,984
142,743
99,388
195,576
57,108
137,275
128,481
121,458
171,324
37,874
161,11
120,353
16,664
138,577
160,681
41,869
108,651
91,696
111,323
136,284
200,121
55,498
108,45
105,765
80,549
132,752
77,37
79,320
37,134
162,206
175,426
164,792
24,886
75,294
58,670
155,807
172,218
16,147
184,210
61,361
73,537
131,571
103,428
171,159
107,971
79,689
178,90
8,984
84,391
16,888
85,124
182,738
171,770
64,282
161,380
142,833
84,576
32,566
19,157
21,848
28,145
52,782
21,501
192,236
43,1
146,931
53,580
172,361
97,628
1,437
20,752
132,42
147,494
154,71
31,48
57,949
100,858
166,366
13,647
38,84
23,654
118,566
129,316
119,289
19,544
52,464
87,771
192,871
86,930
175,752
160,413
184,9
60,919
48,242
172,662
172,768
73,439
2,923
31,959
6,570
80,711
84,182
94,355
46,415
41,225
167,294
120,100
188,776
131,964
122,129
155,856
67,512
98,123
47,196
80,171
47,517
136,631
55,780
82,810
109,583
42,315
148,873
189,823
191,484
11,913
138,365
200,337
136,562
117,303
40,164
40,465
165,173
161,241
194,809
34,820
29,389
152,416
187,429
196,903
150,98
135,258
77,553
4,980
138,646
102,797
121,985
88,638
2,290
104,799
58,631
174,178
167,883
158,929
150,690
171,105
34,17
126,878
22,564
196,852
90,453
123,316
109,489
40,716
63,855
115,194
98,93
79,187
170,460
164,221
22,208
64,234
113,334
152,240
123,524
167,673
109,296
132,230
60,493
199,284
60,719
139,249
18,252
32,111
152,42
128,243
144,832
181,984
75,178
85,338
115,942
118,455
151,812
185,961
45,70
34,717
108,151
117,164
155,848
2,691
157,52
13,786
17,588
93,399
76,52
13,205
163,524
149,610
147,846
80,364
91,988
54,812
73,660
139,317
107,179
104,615
194,720
28,190
166,929
149,969
131,987
100,270
76,264
145,636
118,491
155,425
102,70
99,454
180,713
156,962
28,284
168,540
126,459
104,235
118,507
92,725
110,596
81,425
31,194
60,990
115,901
7,178
60,272
159,562
137,499
140,257
56,600
151,630
98,618
85,245
110,471
85,583
121,705
69,234
179,912
42,430
4,419
141,70
140,189
167,759
113,739
69,796
78,928
199,553
33,837
136,46
41,949
76,981
76,669
76,379
76,287
14,331
73,621
94,200
85,142
6,494
135,632
48,373
11,630
11,593
25,40
86,224
85,742
81,932
19,904
126,818
28,346
65,618
59,227
40,492
162,871
50,40
132,722
136,116
160,11
85,312
38,943
64,498
178,714
151,608
36,465
99,700
99,7
9,660
129,982
127,484
157,7
124,518
159,666
60,330
193,581
54,244
182,776
89,133
86,994
82,415
131,443
93,828
101,971
53,695
136,246
197,213
111,835
71,888
148,730
114,739
119,258
34,76
142,310
92,230
49,503
42,801
87,946
86,139
116,103
143,606
118,667
80,207
19,732
61,574
116,779
126,136
13,14
89,96
30,188
108,947
106,761
75,573
9,755
26,333
159,542
190,278
155,389
51,366
116,34
25,622
56,912
197,360
116,138
95,527
28,385
55,817
143,175
41,230
42,798
159,200
110,31
53,253
19,822
93,463
138,278
62,520
5,139
10,447
147,754
116,82
139,342
134,100
5,115
109,160
17,125
89,475
88,14
14,825
90,302
105,151
175,805
46,697
159,158
161,813
180,180
62,101
154,363
106,775
143,397
189,773
198,692
155,166
103,650
98,321
21,607
62,460
45,664
7,522
96,447
6,277
164,91
142,243
112,657
105,543
107,852
184,10
164,20
154,660
151,120
24,120
116,696
174,829
193,887
145,205
11,736
137,792
179,413
165,669
130,478
125,35
185,949
63,581
173,297
9,181
99,562
4,417
64,426
137,591
128,432
90,798
146,98
80,239
113,179
198,741
119,713
197,639
100,230
193,876
132,794
16,86
106,713
34,12
178,555
47,165
91,643
94,448
169,38
183,427
199,234
196,973
186,809
119,860
83,355
22,586
32,800
149,637
133,947
142,390
158,691
13,378
59,872
106,793
82,689
189,612
63,103
160,138
95,851
152,566
166,916
60,83
179,194
116,740
49,884
162,145
74,231
37,999
134,937
16,459
84,667
69,574
150,189
75,763
112,202
153,705
82,941
105,78
157,438
42,791
54,801
28,846
7,977
128,283
180,18
17,933
55,638
172,515
134,842
139,522
122,638
111,788
137,754
159,139
93,212
27,542
21,15
21,794
26,129
64,572
112,681
101,735
122,408
162,574
83,424
142,189
185,485
92,130
140,142
47,612
38,263
105,351
112,856
13,176
172,280
115,46
2,452
129,471
156,490
19,529
76,859
152,225
132,883
77,944
129,91
198,659
106,755
57,745
95,235
115,373
183,927
9,81
83,591
144,428
150,641
121,990
196,566
7,937
60,197
120,936
181,992
156,976
148,932
169,674
181,1000
57,662
191,550
118,5
185,717
2,246
114,139
182,854
174,856
131,957
80,964
41,433
31,457
44,149
114,705
38,101
64,15
130,783
63,58
49,552
72,946
21,261
167,833
73,664
178,14
116,700
37,314
144,231
181,805
132,795
4,301
107,733
196,414
96,376
86,387
187,53
152,645
105,53
38,245
101,102
107,688
124,747
171,11
157,806
177,623
63,61
159,581
189,741
126,500
30,387
33,38
50,280
198,487
48,651
114,900
1,193
188,273
12,857
193,116
149,600
113,460
197,357
84,799
54,925
76,723
143,585
125,707
164,173
137,122
131,199
15,866
147,172
162,543
133,701
110,165
34,487
37,67
131,523
156,59
85,939
121,969
60,935
135,143
79,978
102,965
190,551
166,320
125,354
114,649
22,596
101,638
67,392
75,521
39,571
132,250
95,293
120,612
17,269
127,875
10,465
100,494
60,337
84,74
183,197
5,716
46,180
137,250
138,243
5,633
7,911
132,297
69,54
110,92
1,798
151,773
167,38
35,6
175,814
63,961
185,779
94,554
55,583
153,524
70,72
19,339
53,364
13,688
111,967
108,424
194,467
100,376
139,145
9,413
149,669
81,367
21,716
42,947
174,271
166,720
39,569
25,482
36,513
130,971
17,686
38,110
120,926
55,579
110,576
115,110
185,461
133,66
177,175
4,262
188,507
80,442
153,338
27,136
85,377
21,685
145,426
173,865
62,285
41,81
64,161
45,98
84,520
182,205
100,2
137,769
63,160
145,490
164,408
29,126
187,69
41,385
165,397
133,250
106,403
82,762
10,969
1,933
109,447
126,79
11,865
96,849
34,163
70,364
23,719
11,640
4,208
151,53
166,342
113,353
64,939
159,226
114,77
62,283
38,288
23,714
175,383
106,332
79,701
137,417
103,220
23,772
143,55
103,494
150,110
117,621
36,72
74,546
94,431
195,495
147,384
13,341
48,283
4,462
102,370
26,42
33,906
95,784
135,605
63,790
161,629
23,932
69,390
121,859
1,47
23,971
122,1000
108,418
123,644
2,885
151,651
96,863
145,709
4,506
41,851
62,472
112,729
168,746
129,67
125,345
8,766
93,607
23,63
144,22
7,87
100,177
105,73
170,699
128,973
107,376
47,639
67,212
75,668
141,935
59,501
126,631
114,39
29,398
193,833
1,731
54,730
41,61
87,317
181,190
157,6
176,408
178,236
76,641
46,466
126,673
101,954
13,406
16,819
18,336
51,124
60,10
57,26
32,244
135,47
168,878
133,712
47,914
100,927
74,701
181,78
166,607
186,373
2,918
118,475
108,166
200,101
108,774
185,874
183,552
124,669
188,118
58,272
196,396
131,248
161,808
68,138
66,181
124,71
6,535
133,129
76,923
12,379
146,41
40,786
79,578
139,445
72,334
58,240
95,372
13,52
72,255
142,673
41,661
165,634
90,52
124,463
77,979
185,885
68,223
152,416
178,959
155,36
131,1
41,824
33,47
33,558
121,36
96,96
29,969
185,624
177,696
101,725
41,170
53,391
105,224
8,6
138,723
153,307
138,215
111,588
120,418
52,470
74,767
66,194
51,717
174,137
104,599
35,680
185,125
140,948
14,767
62,655
181,830
40,276
90,776
164,164
157,217
32,943
130,559
40,104
161,843
86,920
12,529
178,345
7,166
10,320
47,564
189,457
120,616
148,789
123,87
52,470
171,907
174,713
160,236
190,574
56,586
2,570
161,464
145,474
133,138
47,937
94,234
97,309
152,746
84,152
169,590
90,625
158,232
18,432
26,690
131,864
7,874
127,610
150,90
20,787
70,330
72,737
147,964
147,878
87,708
15,672
112,849
62,734
200,432
98,568
157,518
84,300
81,345
37,228
5,519
46,567
86,78
67,183
184,90
164,985
60,487
188,483
1,466
90,387
181,924
182,990
191,852
199,93
164,305
141,445
91,616
29,952
132,726
9,380
38,272
113,102
151,582
31,755
60,373
110,381
141,295
44,252
146,338
157,893
57,21
56,834
56,209
79,484
90,467
85,631
120,462
129,296
29,8
127,950
181,988
146,483
59,664
105,708
139,245
80,335
179,646
144,885
101,510
16,91
173,745
47,547
9,736
35,599
21,563
2,698
165,74
171,137
92,860
153,933
178,216
61,371
147,587
123,788
139,335
19,603
104,956
57,807
18,900
11,357
78,746
12,4
179,41
24,785
179,818
93,484
64,160
151,764
121,666
144,176
101,621
164,164
116,752
58,461
25,195
180,689
20,477
145,214
147,561
11,580
184,160
151,919
119,824
118,86
97,780
51,775
5,926
179,521
51,725
54,354
81,809
198,174
136,744
75,833
150,518
46,324
102,151
87,730
112,691
87,259
94,337
182,909
51,103
175,384
6,988
97,189
156,809
177,487
44,303
158,351
27,453
85,159
170,770
161,110
119,967
111,949
109,4
160,710
100,126
139,422
100,218
31,611
44,808
145,621
148,692
10,705
65,421
79,959
187,46
157,162
125,102
198,359
151,412
113,594
172,850
102,736
119,458
194,327
75,106
152,163
133,483
108,652
112,706
5,865
94,287
156,61
102,73
17,885
18,729
119,500
95,173
27,226
43,976
82,290
46,996
80,323
57,890
146,577
29,491
70,564
84,518
110,451
104,843
75,82
123,701
132,36
171,200
92,226
195,305
32,986
199,794
65,808
15,720
166,653
186,317
134,722
137,532
22,505
55,675
16,656
148,435
10,630
157,404
4,67
106,33
163,135
180,153
149,386
133,275
112,306
111,52
157,740
11,444
186,343
86,591
98,859
109,129
142,253
65,555
87,953
199,876
149,414
187,280
165,539
83,4
92,943
129,2
82,86
197,876
93,952
44,106
131,828
130,289
45,528
131,253
29,630
192,411
92,84
128,791
77,57
75,284
49,650
126,673
197,192
12,670
80,261
100,783
108,70
94,90
182,840
90,430
49,344
21,460
114,776
23,956
167,27
124,970
85,574
200,172
45,619
176,416
125,766
4,705
29,808
19,502
185,985
190,627
150,607
54,915
43,333
111,548
28,596
141,240
124,130
77,321
20,347
29,931
45,489
168,387
110,542
136,127
21,285
92,589
80,637
38,203
90,281
7,900
50,975
54,309
92,405
83,323
98,526
139,443
134,30
34,906
159,197
89,73
150,500
121,405
64,456
172,622
193,797
155,74
55,552
123,821
9,878
29,110
168,826
175,816
142,469
141,707
152,774
59,208
191,955
112,981
11,913
192,795
101,833
97,63
190,555
157,356
4,250
115,490
57,1
27,689
83,921
146,103
157,528
164,448
88,27
199,885
128,92
115,835
193,551
155,41
92,165
18,345
156,359
168,190
169,601
150,192
99,374
43,228
118,234
158,694
41,239
75,755
20,334
1,135
85,490
52,169
163,283
163,516
27,701
144,405
59,552
10,10
69,112
142,583
40,640
152,434
89,859
117,185
118,355
56,126
66,115
35,733
139,84
150,503
69,197
200,160
28,555
92,503
64,237
40,748
160,974
43,709
183,433
61,920
107,947
24,346
190,195
85,204
168,298
72,644
17,508
52,623
75,255
124,344
127,92
130,439
85,491
67,702
15,368
42,312
70,282
136,40
89,429
173,906
41,698
177,243
86,326
171,754
103,832
175,974
96,982
114,139
80,741
43,939
152,647
20,897
185,490
163,455
66,62
60,940
49,341
124,62
80,836
133,610
39,136
23,366
170,934
126,118
24,217
39,376
131,384
64,513
38,833
55,476
15,93
157,697
65,411
116,407
6,36
166,73
181,335
89,906
156,888
34,94
172,500
110,109
115,538
7,281
55,725
162,206
34,844
112,945
155,688
183,505
189,21
170,831
5,682
60,42
186,620
59,577
186,559
105,707
191,678
63,15
70,481
181,867
186,283
107,53
10,574
191,512
71,723
92,448
190,66
183,595
77,755
148,349
30,969
96,628
73,308
125,240
19,662
81,631
154,357
27,432
111,86
63,175
174,899
195,299
55,486
89,335
115,457
105,185
158,35
10,126
18,691
40,505
69,101
176,803
160,936
171,370
122,861
199,166
130,367
99,320
3,9
124,568
135,591
145,721
157,304
191,787
158,909
25,514
144,981
50,856
37,819
159,773
134,269
15,835
148,5
104,195
139,575
198,302
94,622
69,759
200,474
169,159
78,576
172,786
129,335
171,894
76,762
6,808
57,678
97,379
1,171
151,963
177,817
39,912
106,432
173,505
34,868
185,97
98,986
54,179
194,525
10,788
4,580
174,796
36,961
60,33
75,570
156,501
50,594
132,100
16,759
64,797
119,849
171,824
150,353
31,807
47,608
146,159
119,991
106,74
144,832
73,953
79,713
179,624
126,262
23,13
173,18
41,810
19,734
59,240
20,376
192,610
6,285
55,298
137,362
102,60
144,882
68,37
39,377
74,227
192,644
44,426
8,228
68,902
102,52
95,339
80,292
16,915
42,911
79,116
174,890
87,954
73,967
14,351
84,466
111,644
29,424
145,116
20,226
175,510
29,114
87,566
16,276
153,615
194,331
11,380
101,834
151,658
199,123
118,354
83,925
101,319
109,189
28,292
67,465
55,367
133,536
89,523
188,536
11,624
132,477
101,42
181,764
187,77
46,491
132,120
195,892
21,458
27,860
97,770
157,663
76,37
61,146
138,719
129,919
36,2
117,962
11,132
126,795
130,29
170,780
160,838
80,784
102,689
49,801
73,567
167,211
124,792
163,883
72,924
71,3
165,1
139,389
164,809
124,627
157,792
144,523
112,694
54,722
43,815
76,904
114,803
9,134
88,710
130,771
110,994
110,118
170,298
46,301
13,719
105,52
99,607
10,399
14,78
24,36
41,866
109,749
2,83
184,770
80,771
42,391
158,98
176,724
109,564
159,509
31,149
47,564
109,549
158,8
43,657
156,335
36,304
166,597
95,952
94,422
106,191
81,547
10,769
200,42
102,394
30,161
138,974
63,226
177,211
67,454
5,773
167,900
63,818
136,757
7,372
103,779
64,632
187,683
155,818
101,771
24,845
44,825
160,560
75,661
175,773
70,967
28,37
89,262
86,12
97,178
165,1
141,964
138,724
122,425
18,474
173,621
152,631
32,530
182,891
161,195
13,256
93,4
74,866
86,81
107,713
192,619
196,591
67,742
91,327
32,150
29,432
89,182
187,76
166,476
43,323
11,248
150,403
198,406
31,53
91,20
149,336
59,590
78,796
142,64
143,119
128,352
10,26
25,210
190,330
38,767
115,276
194,800
71,450
169,778
80,654
138,626
196,743
130,575
134,888
121,409
36,368
6,311
154,119
22,655
116,288
92,131
121,526
36,198
42,293
165,988
196,757
91,191
77,92
139,200
42,846
82,649
160,609
17,18
29,154
19,486
115,316
155,811
22,430
71,595
130,555
39,533
165,397
150,150
125,1
161,59
77,315
132,65
42,645
162,810
60,788
41,256
46,848
25,483
109,706
194,793
168,885
114,81
159,842
91,144
191,885
59,136
63,100
13,498
98,548
127,471
121,579
188,757
31,935
192,460
97,123
132,228
96,880
7,856
187,729
57,432
87,748
34,607
108,740
52,261
59,687
38,286
47,682
150,774
140,799
60,781
96,712
36,77
87,664
136,101
175,85
2,462
148,905
150,713
68,104
105,346
21,119
75,339
32,521
167,740
159,458
74,824
122,637
70,875
22,807
84,492
63,467
91,998
18,931
124,508
54,914
158,151
154,417
113,23
117,217
154,346
45,926
50,497
22,26
28,971
139,307
60,484
142,889
119,754
91,919
153,922
119,833
154,831
50,117
160,216
33,828
11,977
127,185
164,619
130,69
125,593
140,588
108,275
95,15
195,526
149,342
126,400
45,108
144,670
84,576
31,429
62,646
5,32
1,202
162,653
50,923
172,332
143,836
35,711
28,989
77,91
72,281
140,528
109,345
179,231
73,361
174,447
38,762
44,754
59,507
47,519
10,893
72,719
156,621
92,388
192,726
177,607
119,21
7,333
88,113
134,558
124,781
23,814
40,273
177,823
153,829
163,465
24,171
8,256
46,749
23,363
136,899
148,435
49,654
45,153
43,290
23,931
96,754
137,727
129,541
9,323
82,64
196,913
97,275
190,219
103,845
61,684
163,690
183,1000
134,688
67,588
131,414
72,483
76,338
146,734
187,434
82,941
100,651
112,367
1,644
16,216
6,100
20,414
98,294
148,687
114,13
157,503
56,234
46,999
8,511
47,683
101,212
151,286
200,154
177,665
56,626
173,77
125,91
2,484
5,775
153,47
104,754
170,773
155,552
55,116
159,975
19,29
64,839
19,465
70,839
33,616
144,205
25,670
38,710
184,632
2,697
100,644
123,392
176,588
94,141
125,481
32,176
71,552
111,241
93,844
161,717
80,410
102,853
89,409
19,728
150,741
166,631
161,380
25,491
104,769
31,951
22,434
168,749
47,260
155,271
70,765
186,927
162,649
165,988
74,522
75,981
67,507
55,87
164,581
3,695
172,212
2,734
190,214
9,598
166,88
6,53
191,808
68,281
187,907
15,899
3,230
4,597
164,96
36,94
15,401
172,8
70,174
152,120
80,711
164,107
143,507
143,104
10,995
32,931
171,35
114,107
169,153
86,400
189,502
57,298
171,691
154,977
27,520
112,539
142,470
136,730
126,692
93,628
171,33
164,361
144,672
97,443
69,252
156,495
117,422
165,831
189,132
31,116
137,290
18,232
171,990
134,173
39,38
111,210
68,147
184,839
181,111
189,844
70,540
25,900
150,437
86,899
58,283
80,230
200,508
109,977
105,647
15,457
38,814
9,245
118,5
145,322
51,426
80,193
114,965
94,759
85,303
119,815
162,246
99,416
139,716
38,629
193,5
166,14
67,864
76,929
67,982
168,112
132,63
91,919
41,815
142,866
195,908
176,966
139,559
45,731
75,714
160,204
6,340
68,883
186,353
1,56
81,2
54,822
39,990
96,956
82,108
53,353
170,118
93,444
57,747
190,205
135,453
40,200
96,303
180,114
140,820
94,744
157,977
122,504
192,474
186,541
79,114
104,420
25,521
161,177
124,189
164,320
51,86
15,531
129,585
47,287
69,452
115,738
47,890
116,199
81,615
194,437
176,520
98,801
49,8
112,544
96,980
53,309
157,707
39,886
24,209
144,552
86,119
115,669
95,478
145,497
7,700
12,75
11,882
44,802
80,976
62,304
63,128
45,773
98,799
92,164
192,921
190,178
141,886
80,402
53,484
79,26
72,639
99,244
187,611
120,798
17,884
29,996
65,425
160,529
156,356
194,276
107,322
20,665
200,530
168,573
11,661
147,380
163,94
41,110
168,692
48,12
114,190
4,8
64,816
155,811
148,821
47,552
85,573
184,201
62,396
137,354
183,45
136,687
79,657
87,106
23,56
168,536
86,533
73,892
141,39
70,834
148,649
160,471
198,238
32,142
77,893
36,729
1,318
145,752
68,107
170,297
136,153
160,298
124,644
77,822
94,857
106,733
8,537
165,909
17,396
83,783
120,556
178,395
21,284
85,187
67,201
183,406
122,646
173,338
46,270
102,601
39,105
50,240
104,849
28,815
105,190
15,242
182,874
71,213
136,224
38,90
144,161
198,498
141,350
24,895
180,23
72,180
39,83
94,10
92,649
83,108
173,640
24,442
14,946
179,83
100,39
111,547
110,938
130,565
162,33
23,444
71,863
4,910
76,977
34,534
195,707
118,285
132,198
103,826
65,81
185,506
46,528
53,684
167,499
124,137
162,783
54,91
153,438
156,806
190,294
184,595
144,836
94,224
13,659
199,550
69,924
72,512
120,682
114,716
37,875
106,672
2,750
3,161
199,359
146,208
155,333
28,418
40,249
125,355
125,196
112,169
137,912
131,757
147,554
103,81
67,534
171,305
140,193
70,313
135,695
83,125
192,259
13,246
163,448
177,399
144,558
41,797
115,67
62,626
99,259
133,587
199,805
132,134
197,50
33,275
119,661
1,720
45,663
40,438
196,156
167,231
145,596
33,868
145,63
156,382
82,32
71,330
118,354
86,181
155,840
175,428
12,961
178,44
166,572
124,55
179,344
149,554
22,28
190,599
36,45
16,281
5,630
65,201
42,332
187,981
146,649
137,686
185,354
78,780
104,381
2,754
110,865
104,418
68,495
166,650
103,142
21,406
83,21
188,329
147,860
165,602
17,574
185,766
119,246
26,776
196,10
76,584
140,539
109,328
93,159
47,556
128,497
198,769
75,367
185,640
102,897
200,491
186,371
119,50
93,412
19,241
150,836
134,562
92,559
91,496
27,890
125,112
173,194
60,64
73,715
63,463
40,545
19,877
199,431
86,67
182,495
127,86
118,464
159,736
125,60
138,451
35,290
175,261
81,568
179,797
194,388
157,522
178,112
180,43
112,245
68,941
68,831
74,274
11,638
160,953
123,468
53,739
108,107
107,580
198,787
139,828
173,834
90,66
154,678
121,278
67,993
143,126
160,106
64,405
93,141
8,673
38,715
41,386
87,784
23,93
82,256
85,638
134,620
190,621
49,261
171,431
133,259
86,482
192,756
197,750
83,5
155,881
8,48
83,78
55,984
28,533
61,452
43,74
179,666
168,791
65,830
152,966
73,10
70,650
178,96
195,369
178,205
126,127
145,492
82,150
98,791
80,245
179,926
184,772
161,153
34,673
23,105
61,414
8,77
10,66
30,847
196,3
102,550
28,916
100,498
85,995
94,867
75,887
66,695
59,669
102,644
28,591
188,516
191,214
60,700
116,251
60,180
197,26
23,181
170,365
18,10
32,981
84,572
63,266
194,358
107,118
88,155
57,222
75,467
195,557
10,247
59,140
90,912
16,805
17,477
4,642
132,567
78,360
181,893
43,597
173,536
41,519
104,119
50,313
147,155
178,909
147,235
73,187
31,959
55,401
6,379
14,147
172,523
76,484
33,195
24,898
144,909
156,516
122,470
70,979
20,15
121,37
13,656
128,559
125,976
86,789
116,324
2,974
167,266
173,787
147,330
76,430
42,105
113,742
7,637
100,112
162,671
76,37
84,543
88,228
28,317
176,671
16,926
193,446
88,655
41,901
5,989
102,346
23,506
53,366
139,181
168,581
46,95
182,500
73,512
49,800
60,706
136,333
151,937
43,647
75,240
124,166
66,183
131,323
77,598
24,841
63,689
67,202
75,145
146,327
6,851
137,605
98,663
153,456
166,674
5,410
21,797
68,626
61,123
56,21
88,893
106,51
103,247
135,666
175,808
89,794
193,531
185,395
26,904
26,366
79,234
142,21
4,780
50,977
57,247
58,973
17,270
108,572
147,376
20,363
176,983
200,920
48,724
9,791
150,63
41,728
195,662
69,664
91,40
89,330
89,416
181,288
178,248
33,866
126,776
128,356
79,129
11,738
7,351
181,214
85,502
68,199
33,486
137,354
133,627
29,938
113,311
115,279
41,749
105,922
129,484
5,667
12,449
78,733
90,561
13,584
102,621
92,96
189,658
43,559
120,926
154,773
90,906
148,463
5,892
71,68
176,19
123,377
58,20
138,699
63,391
58,146
125,838
40,580
9,903
93,913
174,573
185,444
152,589
21,960
98,595
169,66
83,571
82,924
153,132
191,712
4,256
100,109
44,572
182,550
180,965
84,796
14,846
115,755
167,357
200,583
163,700
84,632
133,115
57,992
62,544
114,762
18,892
194,471
186,700
20,853
185,6
83,459
126,546
141,560
7,690
57,839
6,974
58,154
34,232
161,201
198,116
82,956
75,642
100,421
77,59
45,544
95,501
74,951
119,925
144,755
32,494
103,866
161,654
45,512
104,260
185,443
7,654
129,294
149,900
141,950
191,963
18,380
115,59
193,272
124,799
122,740
83,981
135,594
115,268
93,320
151,419
169,436
156,398
59,94
165,278
65,476
42,910
58,673
88,274
44,475
151,232
2,5
32,920
124,549
108,357
82,194
139,251
77,780
125,534
23,682
199,820
175,228
1,15
36,584
103,266
30,109
95,101
7,431
186,969
70,861
6,731
6,861
113,596
136,568
88,480
169,667
19,398
127,291
9,549
69,808
43,735
199,858
199,86
14,209
122,374
92,87
23,620
109,500
78,203
51,713
30,506
156,67
165,802
10,879
23,663
83,663
178,641
46,921
193,601
14,299
141,46
92,700
41,825
144,397
119,275
26,438
134,629
139,538
184,168
108,669
65,371
114,764
176,186
84,562
145,86
112,646
46,808
68,215
163,991
80,49
36,688
153,51
100,690
41,315
153,589
102,43
106,39
50,837
197,55
60,916
47,349
130,514
171,622
82,81
187,38
141,260
108,40
67,71
57,172
39,312
56,545
187,243
166,388
115,36
117,171
62,612
67,155
167,374
141,120
130,524
28,673
173,724
130,163
147,351
99,764
61,715
11,627
85,727
171,175
9,131
77,335
111,279
174,909
61,24
5,873
159,11
66,17
9,569
100,724
128,937
42,453
18,816
148,363
172,654
19,124
46,337
192,483
138,679
193,751
88,416
27,272
28,799
157,445
50,881
78,729
51,249
200,850
76,552
80,380
160,971
91,846
144,166
179,495
148,379
94,432
124,234
58,985
103,49
166,306
8,982
100,704
28,647
171,15
122,710
121,29
166,91
102,783
145,382
114,810
9,363
160,817
128,472
170,895
3,110
161,584
132,219
29,456
156,494
31,703
166,676
134,938
69,672
164,680
44,12
43,265
117,280
77,243
84,249
71,653
70,406
22,2
1,747
14,931
192,608
193,921
55,249
82,633
107,473
186,51
128,813
99,362
83,561
91,444
57,992
158,93
76,607
121,863
128,709
35,250
182,392
108,569
182,931
110,810
192,392
157,980
26,887
101,933
179,757
70,356
191,713
70,842
176,851
80,225
82,372
133,138
25,144
26,988
173,614
138,275
60,802
19,987
181,637
127,443
8,300
57,161
19,107
34,462
112,287
113,125
104,147
159,186
103,849
124,126
194,630
23,107
24,726
151,638
140,773
54,499
120,186
20,200
186,476
140,855
106,94
7,46
79,7
115,587
74,161
172,301
143,246
46,595
32,457
74,187
4,93
186,540
155,347
94,34
170,129
56,511
45,783
55,919
28,311
182,275
74,317
187,182
38,58
45,747
193,531
22,366
191,338
116,535
77,83
50,697
44,174
132,828
51,654
54,653
35,635
37,80
13,50
14,872
23,570
173,341
119,290
53,368
114,858
12,813
56,352
59,720
110,780
187,758
182,8
86,197
86,444
152,597
30,889
167,364
113,844
87,204
91,522
115,617
71,699
193,815
188,295
85,194
67,193
4,231
120,679
161,404
153,947
88,419
51,926
54,987
19,469
133,816
182,463
53,379
10,687
9,849
133,637
183,470
185,596
135,690
140,482
92,94
146,297
120,164
136,965
183,666
65,728
44,993
96,371
71,740
81,606
110,309
109,737
195,927
160,407
173,206
91,222
46,36
95,662
23,112
87,822
126,491
95,936
43,706
182,352
128,620
4,900
158,591
119,266
140,902
186,684
63,153
197,16
2,393
127,380
86,29
69,268
39,66
14,592
25,373
155,276
97,380
70,99
190,459
151,231
155,248
17,850
138,170
40,17
123,197
114,279
61,94
168,98
58,208
3,58
142,116
105,915
12,417
54,652
25,966
129,144
36,490
149,646
24,147
196,77
117,442
32,854
116,426
47,531
59,331
110,480
105,516
196,384
87,149
154,501
176,3
179,677
196,592
179,785
83,428
181,294
64,928
168,878
3,442
107,130
141,469
85,186
149,759
187,892
35,105
37,70
95,837
143,604
182,195
87,549
115,811
108,401
103,429
86,235
138,626
108,519
183,404
140,263
128,282
49,332
173,91
77,863
56,438
24,403
45,798
189,546
162,352
38,705
33,684
77,217
200,706
165,51
41,570
92,553
72,563
22,913
168,377
124,566
37,855
85,938
36,489
33,140
186,430
200,905
112,419
105,423
64,316
17,865
153,318
187,544
5,737
22,31
57,201
83,248
159,208
104,252
136,551
162,396
129,47
14,239
184,920
172,812
153,439
74,104
39,451
52,903
191,346
183,436
86,138
33,825
109,251
1,52
135,981
96,506
62,779
67,889
48,367
135,49
105,995
172,722
200,664
133,385
145,651
87,755
90,518
41,506
91,337
17,729
109,491
134,608
76,719
12,44
47,221
111,832
52,266
21,131
161,982
175,331
133,39
103,826
95,789
129,465
13,118
68,587
27,798
127,819
148,545
68,217
52,776
169,515
173,341
111,292
120,584
163,470
41,567
137,539
43,202
46,727
144,390
16,113
153,613
177,639
171,288
74,714
121,164
138,625
5,226
153,612
117,553
173,7
36,340
124,134
43,845
112,483
163,562
80,153
77,521
127,875
11,44
59,807
23,393
24,919
189,654
155,113
162,879
23,86
89,66
107,742
7,724
127,875
84,500
142,787
4,320
11,276
55,176
185,723
132,722
83,569
145,341
144,101
190,173
60,887
133,760
194,936
152,228
107,610
73,853
90,416
95,643
181,489
134,590
127,906
16,411
23,772
79,248
184,814
159,934
161,497
115,705
103,266
14,890
190,562
136,85
180,85
146,47
56,973
110,667
116,703
135,26
36,35
173,758
13,266
22,866
24,506
74,331
135,701
11,151
163,872
142,350
138,346
140,635
154,765
52,788
156,625
152,768
113,587
11,632
25,639
9,254
120,916
156,117
19,581
16,39
37,197
174,349
36,908
96,512
34,87
71,995
108,518
135,341
122,960
21,212
169,7
12,31
3,953
90,447
38,734
6,163
69,332
171,127
89,874
36,723
50,678
2,771
198,739
159,180
200,767
21,894
17,388
81,436
164,930
169,281
84,1000
26,590
124,512
198,163
157,716
70,882
146,411
40,439
89,405
198,909
16,891
54,443
35,502
120,949
120,891
101,811
140,882
52,969
59,20
56,296
47,189
80,508
31,405
68,131
84,541
63,425
91,552
27,257
96,131
111,739
52,266
137,284
57,921
180,652
177,518
133,890
145,925
197,613
68,874
114,363
168,977
75,173
23,907
12,684
185,242
3,888
25,345
112,321
136,9
21,273
7,156
59,650
125,92
200,832
134,362
65,87
167,590
146,881
151,574
39,295
115,670
118,618
48,407
88,534
134,730
153,808
91,423
34,682
89,172
48,163
164,185
59,829
71,183
185,675
94,197
29,705
180,379
2,752
126,410
170,144
185,87
77,970
99,288
167,903
41,722
28,633
167,89
123,867
54,259
28,349
137,899
138,616
199,364
70,632
122,669
198,936
46,331
171,463
163,147
119,298
14,692
10,273
157,916
167,904
91,469
95,888
74,631
149,302
90,380
153,645
185,359
104,939
138,770
85,427
73,149
127,407
198,142
143,911
41,500
97,735
49,605
155,876
97,684
189,352
133,572
62,174
71,155
72,976
10,718
136,847
88,865
135,793
25,847
22,464
110,707
196,169
16,426
50,662
60,921
22,847
8,238
160,799
60,973
60,696
76,5
30,369
138,63
144,380
153,470
104,703
190,148
146,767
140,767
187,274
71,345
167,800
63,525
88,496
3,214
82,356
118,983
98,642
48,461
88,191
154,373
187,272
65,860
121,131
2,81
198,658
114,998
159,32
163,210
192,581
157,288
185,709
164,697
147,262
169,453
149,760
10,395
32,284
169,71
51,160
184,934
17,203
137,491
71,473
92,188
92,656
116,637
175,442
63,647
96,105
37,400
90,480
45,565
198,393
116,100
120,369
17,724
185,357
74,748
161,207
200,782
8,80
81,618
40,318
194,217
84,717
190,159
60,725
25,909
97,183
4,416
80,873
80,574
169,240
194,241
109,464
166,785
21,447
104,815
174,901
192,208
93,654
161,332
95,826
51,189
131,580
149,299
32,352
41,723
142,959
64,6
62,547
119,915
191,921
74,488
51,849
58,461
68,932
31,385
39,519
105,733
95,625
160,735
161,114
46,309
66,270
18,778
6,198
46,995
186,141
145,393
122,449
123,94
75,959
28,649
117,66
26,457
128,792
158,305
97,377
55,192
43,513
164,438
23,424
199,647
178,270
116,779
178,421
83,389
112,474
38,810
164,495
143,964
152,254
21,602
28,692
113,761
1,843
95,909
152,559
19,958
102,672
175,769
26,355
187,313
91,885
179,828
123,973
113,482
23,651
10,390
117,594
76,377
160,824
37,76
23,546
75,626
187,953
141,797
78,554
4,234
141,213
159,427
101,44
163,467
68,470
120,817
188,124
85,981
81,653
187,677
92,400
104,715
189,24
15,473
170,941
73,685
176,962
125,895
8,497
44,588
66,833
95,823
175,209
102,46
184,874
91,908
81,158
114,576
101,261
182,544
8,327
75,939
144,312
184,300
15,267
123,845
78,801
165,117
161,525
27,168
16,34
82,236
9,218
166,498
55,388
115,775
8,25
143,324
40,427
93,760
195,208
97,247
107,719
78,565
23,508
10,39
28,734
179,894
192,619
173,85
171,626
160,747
17,96
140,50
200,724
46,863
176,111
149,582
156,948
127,389
67,888
130,764
92,70
140,528
20,863
63,828
10,906
114,190
55,403
32,41
168,100
65,239
172,495
200,813
95,656
71,722
26,508
119,498
59,254
173,832
68,506
98,405
139,924
145,274
52,816
25,799
83,8
187,392
154,224
140,23
36,437
134,300
74,535
116,140
106,361
60,727
160,342
1,543
40,385
110,833
184,695
121,503
59,591
82,510
94,358
65,253
66,520
60,181
60,260
119,797
195,796
64,131
196,340
77,12
6,115
29,370
59,828
182,85
177,121
103,517
135,800
53,671
175,706
69,938
10,263
194,314
128,193
67,623
89,696
38,728
18,201
56,692
62,772
31,154
109,12
54,442
199,613
99,233
96,206
32,560
117,694
120,478
146,744
35,112
160,642
158,591
113,636
35,109
53,563
170,291
183,26
199,509
63,246
121,451
164,180
125,128
175,170
83,897
126,883
46,358
40,579
88,218
72,432
14,541
43,644
104,178
2,343
152,636
94,984
105,29
18,819
127,55
115,727
195,276
24,566
49,182
64,738
162,845
16,144
41,898
24,995
31,476
84,214
125,174
188,710
135,444
125,107
21,205
175,184
55,136
144,582
107,448
112,703
28,556
167,31
111,478
136,807
9,193
35,624
191,949
184,240
197,136
102,503
111,583
99,478
28,819
60,584
32,464
2,880
23,856
44,25
57,249
10,536
191,78
187,669
164,508
59,971
80,36
156,336
32,736
14,602
3,488
146,291
8,449
25,517
172,717
98,832
177,585
105,235
101,663
14,827
123,764
195,501
142,502
140,681
57,668
123,237
48,489
136,673
5,352
59,682
11,763
133,672
132,742
108,261
151,782
136,464
179,754
26,91
9,212
54,813
57,714
161,389
26,360
180,507
153,403
87,68
49,983
61,484
160,64
35,828
134,325
163,171
10,666
119,295
24,624
162,435
127,598
163,270
192,160
55,451
109,431
64,347
58,279
165,280
95,475
178,602
20,492
46,727
70,448
167,297
83,670
200,413
45,36
194,180
164,460
130,541
62,154
35,396
96,529
94,193
36,99
95,118
12,757
85,553
142,711
35,129
24,657
93,567
143,289
87,258
191,17
198,333
126,330
131,432
75,618
53,273
120,355
11,183
141,739
97,423
165,815
160,385
48,448
200,708
15,764
157,506
73,758
114,189
154,994
68,441
180,777
88,762
103,246
132,987
164,409
144,715
103,163
31,117
160,375
74,69
95,332
143,413
46,557
137,690
164,380
198,322
108,314
149,6
169,320
110,128
1,962
112,91
110,990
97,386
180,564
191,868
143,570
141,990
159,507
42,131
156,138
148,676
76,471
2,871
164,942
74,445
145,761
41,245
18,699
90,5
14,598
149,696
10,436
137,907
129,489
179,841
90,681
127,799
98,182
65,652
133,952
189,421
131,904
17,536
15,699
170,391
82,962
18,913
14,354
43,559
63,132
115,459
94,10
193,304
169,277
155,1000
37,309
66,384
121,874
23,940
99,328
85,358
27,65
155,494
79,685
196,664
61,878
10,88
37,409
150,17
200,116
109,552
126,307
89,613
172,928
199,29
183,41
163,684
113,442
77,557
132,565
12,607
129,767
10,977
185,547
56,594
177,68
166,776
179,953
188,593
188,705
160,178
77,728
61,320
36,83
125,615
92,512
25,823
198,895
196,917
71,288
93,481
105,768
132,920
103,330
81,765
33,478
10,467
69,288
8,267
9,627
11,538
66,160
119,1000
32,699
75,623
179,508
178,57
176,806
20,696
158,385
190,325
20,165
146,948
25,384
8,157
160,789
41,624
80,32
25,973
15,391
55,307
177,56
117,22
47,281
148,860
166,900
62,136
48,84
154,515
24,530
193,731
49,732
54,129
19,129
157,278
187,614
174,357
54,980
106,816
153,185
125,175
166,483
145,119
22,784
7,541
88,986
182,854
95,216
103,321
178,776
165,651
37,933
21,708
23,352
52,187
39,615
36,844
14,445
58,221
69,537
23,312
152,928
119,502
194,313
127,567
194,962
13,33
76,50
39,343
56,274
65,506
155,263
182,939
37,905
148,153
131,662
166,835
51,574
32,580
108,513
159,820
53,502
186,200
131,403
117,903
152,8
133,309
176,914
60,956
178,683
181,151
41,86
182,928
139,347
101,700
115,253
3,827
50,248
60,478
188,146
126,184
88,553
167,459
161,795
30,873
114,661
9,872
92,166
105,280
34,145
200,56
12,51
75,636
18,666
95,82
131,188
200,783
56,633
7,931
196,486
22,936
6,374
81,774
70,25
159,480
114,111
2,42
109,350
59,16
175,855
176,566
109,654
18,376
53,867
146,553
43,504
149,971
11,852
194,637
75,555
19,403
183,661
27,943
90,531
46,19
121,377
194,380
24,827
41,148
53,19
199,313
91,760
178,325
102,635
54,807
191,441
111,286
199,378
54,434
66,307
63,485
124,24
172,997
77,628
119,340
197,298
122,686
177,413
56,71
82,709
60,559
42,375
132,185
52,29
199,330
60,100
91,804
19,484
86,305
150,249
173,387
44,759
89,950
162,670
191,745
32,888
131,564
42,954
70,777
166,117
149,790
166,168
1,538
100,443
36,26
168,240
155,190
189,962
135,7
108,322
183,911
37,990
149,173
64,829
17,272
50,718
28,478
100,345
177,818
132,186
62,206
116,921
157,598
148,569
119,867
164,225
156,645
97,455
65,428
157,599
199,395
10,613
31,42
185,138
87,416
111,323
184,268
88,131
47,756
170,905
195,705
87,898
94,349
157,178
158,780
106,413
105,327
154,996
69,191
59,69
29,301
60,734
26,927
200,600
128,780
57,304
42,719
180,794
174,505
129,549
56,676
6,278
38,677
146,340
42,100
101,220
63,803
73,956
85,968
171,341
38,746
113,137
5,489
46,857
82,11
79,409
176,829
43,752
10,421
39,942
78,413
85,524
145,929
164,94
97,577
82,724
24,358
120,306
12,787
48,186
79,22
37,47
162,26
140,514
2,466
93,157
85,173
146,333
52,170
120,127
171,645
47,132
106,405
160,694
24,687
190,367
9,879
183,34
89,166
86,451
110,271
98,550
46,947
78,161
32,173
166,135
52,388
182,410
67,610
5,113
160,183
20,832
31,859
161,621
171,950
7,920
160,258
91,800
140,743
13,840
56,59
57,557
169,992
169,917
101,472
197,520
128,135
76,44
114,564
114,974
181,492
125,35
174,350
139,588
66,704
94,139
70,479
35,881
126,7
73,727
130,323
44,437
146,996
77,851
14,351
9,950
150,721
151,717
187,153
47,934
154,837
37,185
139,230
24,95
14,262
11,794
114,312
117,299
52,844
65,268
61,555
122,673
158,198
26,948
150,94
67,568
8,345
34,991
45,442
197,477
53,859
142,267
120,692
5,368
110,928
154,332
198,207
85,679
169,642
6,727
95,633
122,115
42,678
112,203
54,783
135,380
89,368
169,697
80,631
116,430
90,795
80,585
7,760
146,971
39,929
82,530
17,349
74,120
79,664
16,759
35,35
63,823
82,916
124,536
62,198
120,356
41,915
171,306
60,624
73,428
92,542
4,999
22,994
9,606
41,776
8,259
135,770
5,119
23,416
78,30
49,925
17,980
127,700
175,480
70,717
72,881
111,261
36,953
149,537
151,251
100,168
133,792
69,780
178,185
49,425
158,813
48,810
99,217
91,528
48,668
111,425
192,452
111,874
95,403
155,76
196,73
3,509
69,193
192,746
24,735
87,809
54,958
119,14
64,833
82,960
171,426
60,115
97,688
67,283
143,455
44,690
164,616
72,442
35,471
135,591
102,509
22,475
154,479
24,65
179,442
160,163
61,687
131,466
88,600
36,285
145,617
103,802
52,804
169,525
174,503
158,268
94,294
31,406
186,41
76,684
3,199
90,222
191,912
180,593
155,100
89,416
52,27
169,304
190,556
42,938
121,565
52,260
105,744
92,485
29,968
125,786
198,879
153,577
36,584
24,883
161,222
140,604
132,827
157,464
83,67
92,403
50,574
195,478
25,604
63,40
18,371
100,295
170,883
5,604
7,367
129,454
196,105
157,704
140,593
137,642
44,807
90,940
95,689
132,869
74,910
51,457
32,351
136,895
29,795
25,965
17,174
99,16
70,759
69,994
169,767
106,105
188,717
38,348
126,749
120,296
10,343
77,90
174,558
182,909
65,960
76,579
76,464
143,154
33,503
86,246
95,67
63,89
21,739
142,471
191,189
13,895
41,869
130,277
132,720
96,388
36,246
142,853
190,716
165,292
188,319
7,470
139,344
154,780
121,953
46,100
21,70
110,795
65,381
111,499
41,7
25,221
50,884
175,527
188,187
91,305
139,657
132,232
200,57
67,247
4,493
149,178
178,50
25,552
68,614
119,776
123,738
185,274
147,63
100,148
96,110
98,108
28,771
78,714
158,670
39,197
148,898
176,207
8,23
110,38
51,675
159,80
198,765
16,725
56,685
75,306
130,354
78,122
1,612
168,197
18,341
22,547
30,974
103,931
169,941
52,913
74,697
70,797
63,657
123,2
161,892
138,429
43,760
178,134
162,234
59,891
20,473
98,136
22,394
80,753
163,52
74,576
191,239
9,187
104,770
172,274
164,712
45,469
176,876
166,181
189,10
107,532
174,570
57,949
55,157
61,922
120,364
185,396
65,134
156,742
50,635
192,245
166,587
38,815
11,161
197,654
157,186
17,86
131,524
140,139
25,185
56,72
160,765
118,607
32,61
55,918
113,718
94,613
87,31
173,758
169,110
90,404
99,283
162,797
148,968
45,885
40,821
161,407
29,39
79,361
108,129
94,900
138,875
152,9
174,434
170,100
35,284
86,194
86,306
102,384
141,689
167,476
178,793
40,895
99,869
174,951
107,986
183,707
33,338
124,634
127,917
48,189
180,401
131,398
113,501
20,504
127,226
35,362
48,868
24,517
169,341
72,967
107,567
100,180
85,364
11,39
74,812
121,518
9,893
69,654
184,840
151,557
40,323
3,1000
41,610
173,618
110,562
140,815
1,686
92,448
152,923
104,136
65,630
64,103
47,978
158,83
8,482
85,926
194,768
162,233
99,124
151,608
142,432
76,68
19,458
186,525
60,896
156,176
101,101
78,958
135,78
80,691
45,43
134,256
92,78
150,727
65,401
120,829
146,256
80,147
23,279
133,723
111,468
21,88
41,400
56,617
150,207
84,41
43,265
62,72
196,445
42,294
93,550
84,969
47,833
92,9
190,992
12,460
188,490
50,492
153,740
97,208
75,790
3,893
22,879
41,861
23,576
43,854
6,650
161,946
128,573
45,176
124,803
199,937
23,508
16,886
13,61
50,933
39,879
4,341
2,817
2,153
122,416
170,885
113,972
57,215
75,668
62,473
30,862
166,476
95,749
198,955
99,320
161,908
186,452
84,712
92,206
123,553
82,319
10,710
109,496
3,672
103,880
151,883
61,1000
152,537
173,616
165,155
86,828
120,985
21,311
75,115
5,916
22,148
147,131
129,851
1,275
127,304
154,831
35,272
85,867
53,491
29,88
96,902
137,312
113,791
158,319
56,618
132,401
167,68
74,255
56,179
161,106
67,410
153,546
96,497
117,929
109,561
151,677
72,632
52,410
16,160
193,473
94,496
49,84
34,352
3,612
38,788
176,919
89,190
90,396
80,771
199,163
39,557
132,853
120,775
108,749
29,729
142,970
113,137
41,534
179,265
32,775
60,409
51,283
3,36
92,904
31,150
147,543
22,131
92,987
48,515
130,896
86,777
98,900
56,568
86,847
65,433
110,549
148,210
81,353
51,573
103,512
115,59
164,601
193,646
22,643
133,352
185,53
200,980
97,302
83,606
188,292
108,151
141,645
153,837
123,429
192,321
126,403
139,203
195,604
163,870
59,906
49,475
22,542
7,750
166,927
107,870
163,329
95,687
161,144
169,710
147,604
143,794
135,382
169,428
173,310
179,194
170,390
98,128
14,229
103,231
114,592
73,608
155,977
90,897
148,102
48,704
69,956
183,46
137,719
84,858
69,999
162,205
142,277
12,482
116,510
21,511
152,876
53,83
96,766
194,764
168,577
78,722
1,164
63,992
113,798
178,901
177,188
17,971
5,156
86,635
22,46
92,169
75,440
153,869
116,989
8,287
61,302
73,300
139,229
131,454
42,693
92,147
137,918
117,597
72,835
6,728
15,922
73,229
122,923
98,295
109,960
3,604
187,501
182,971
73,342
196,146
170,417
21,448
35,442
61,179
25,565
171,709
79,38
175,294
25,468
41,102
177,905
198,977
176,377
65,358
136,271
17,271
166,788
123,743
184,770
151,386
164,910
48,991
173,232
132,52
72,66
171,63
56,942
123,949
19,713
23,77
137,24
16,715
118,432
192,47
158,502
160,885
190,591
135,731
146,812
99,277
167,30
53,741
59,956
131,124
98,362
190,738
50,304
129,746
190,594
33,711
131,765
62,493
42,558
113,341
153,303
95,167
21,720
99,784
156,418
197,663
68,501
162,845
174,984
190,763
128,540
156,796
147,135
47,345
196,9
18,645
112,300
133,96
89,604
138,599
74,588
93,564
133,223
119,178
49,128
86,39
175,513
96,483
41,764
182,675
161,356
57,373
26,728
161,218
200,943
28,988
110,659
16,8
97,983
8,273
191,215
194,572
32,142
188,647
1,632
200,470
82,439
101,602
55,199
57,977
187,660
63,298
7,680
117,761
8,92
99,999
173,32
198,205
83,141
76,910
143,384
51,363
132,18
9,992
92,291
112,517
15,392
167,170
52,929
114,292
141,893
139,822
193,127
59,203
134,629
47,323
35,590
149,659
14,571
62,154
100,473
51,363
127,405
132,647
82,67
23,527
68,25
31,597
165,553
25,853
41,969
13,672
59,786
54,628
150,557
40,762
167,47
194,24
171,648
178,2
136,934
124,602
111,284
138,155
5,408
70,841
14,404
126,208
189,403
16,211
74,318
120,576
98,507
174,351
158,459
81,59
157,883
48,183
123,806
11,626
155,13
194,80
50,570
99,725
39,66
109,284
137,532
161,894
47,508
120,186
156,485
170,194
143,15
4,118
126,621
120,365
78,952
166,565
191,53
175,937
48,107
39,504
35,169
148,414
128,224
70,207
9,943
44,380
27,637
188,501
28,967
167,508
132,132
114,808
92,209
55,612
26,485
86,977
169,651
102,38
28,35
129,447
178,693
77,535
21,487
117,826
17,563
53,48
125,342
125,647
32,192
195,875
89,928
111,72
67,607
110,759
139,199
66,812
134,128
135,77
115,205
110,678
112,702
164,282
167,239
93,696
101,72
102,249
143,21
25,464
103,416
116,149
13,212
133,262
24,492
78,735
170,306
166,177
90,652
17,494
94,386
80,196
157,923
113,422
188,93
126,738
112,459
22,106
147,544
57,441
12,975
30,991
118,165
191,337
180,135
27,386
21,536
183,228
175,339
74,178
94,979
77,274
97,211
144,150
170,907
36,557
181,746
78,344
59,601
69,533
130,866
151,416
4,270
192,201
171,75
5,904
71,482
123,567
98,572
31,11
87,146
15,78
60,733
95,484
95,476
75,74
169,81
181,43
128,423
167,76
19,166
168,645
109,430
104,671
49,354
102,821
25,333
93,543
37,289
104,365
163,124
125,643
178,403
18,354
17,932
108,231
108,920
28,675
126,864
198,514
48,280
16,927
24,325
69,982
20,823
193,62
66,535
56,772
84,375
32,615
123,634
154,43
195,330
42,330
50,203
113,165
56,790
143,876
2,439
19,805
165,293
89,495
6,810
134,392
76,446
144,705
143,384
81,577
42,369
192,799
5,764
141,855
127,431
72,110
131,741
19,736
181,538
43,180
27,758
190,57
55,534
16,446
128,589
139,406
180,146
106,713
47,52
66,501
29,820
120,80
168,301
31,679
94,763
88,468
196,290
2,758
153,522
17,886
141,142
35,435
89,850
168,988
167,137
143,894
68,584
55,333
3,91
25,81
146,823
13,493
167,910
65,314
101,867
162,65
12,949
105,287
75,652
29,913
187,910
15,174
28,747
178,828
45,817
137,195
162,489
164,838
164,557
17,625
172,208
183,874
173,883
1,631
124,870
75,388
21,347
152,50
100,765
188,133
105,74
22,485
178,832
158,54
20,111
28,875
61,467
124,43
29,962
36,772
113,365
61,346
27,345
74,752
67,976
134,403
116,727
60,488
20,437
197,149
67,112
177,13
166,178
189,82
128,484
98,576
149,322
43,12
67,358
16,233
18,954
138,183
98,875
160,834
192,594
108,120
66,163
150,773
21,557
39,242
139,616
85,260
30,335
82,152
171,860
180,207
115,751
47,787
161,826
199,204
10,227
113,250
153,255
55,587
41,87
53,23
128,315
126,162
195,537
105,841
8,964
18,787
141,540
140,688
26,110
16,636
133,308
189,209
136,842
158,657
187,655
174,829
160,511
173,127
181,980
115,565
39,545
148,64
137,710
170,470
4,685
177,461
95,852
57,336
192,457
125,170
33,218
82,700
177,513
164,58
72,269
14,161
50,899
2,780
52,61
113,784
110,755
46,876
9,642
185,904
194,769
138,417
46,174
56,785
169,950
90,452
38,174
73,402
111,961
187,5
140,211
117,808
13,500
101,163
100,478
109,593
70,320
153,7
41,595
141,218
142,681
76,811
124,608
118,777
182,387
35,365
80,279
5,457
141,649
197,433
36,148
187,451
113,359
126,479
195,54
14,980
199,228
186,75
32,751
93,254
200,93
27,121
133,381
156,185
74,230
155,462
31,161
127,239
137,792
51,874
132,568
109,577
64,442
126,303
93,603
135,712
199,395
175,355
140,933
30,553
131,231
148,725
51,948
149,499
99,813
131,749
27,814
151,454
155,115
124,523
98,957
2,714
131,723
146,471
84,222
31,674
26,804
25,947
124,133
169,450
162,229
108,472
91,951
166,283
149,139
136,921
26,185
98,528
167,256
41,219
115,68
154,280
157,446
131,840
31,167
164,32
197,417
192,832
156,234
35,328
134,76
131,562
51,346
42,246
100,341
173,525
157,338
47,726
19,681
101,94
27,891
25,226
14,643
95,934
25,190
17,126
191,199
43,198
181,297
192,556
183,837
84,184
60,476
65,936
127,611
97,954
122,68
167,701
134,994
97,839
42,716
130,694
173,851
35,922
122,650
3,130
143,452
134,369
96,625
53,570
27,675
90,521
88,526
184,111
200,840
177,632
60,969
67,445
97,665
73,418
122,403
10,86
133,659
158,720
70,43
73,654
181,943
51,561
24,611
102,454
9,180
166,322
47,972
181,433
46,247
191,793
38,592
109,345
105,61
123,733
171,909
184,380
99,403
173,897
86,733
25,838
149,138
33,566
48,973
101,635
75,44
167,623
186,14
188,941
20,561
22,978
123,212
117,917
166,260
77,866
32,559
70,24
54,235
193,841
145,33
52,648
89,514
37,581
120,858
12,672
180,990
32,538
95,716
167,716
130,521
4,940
154,395
53,954
158,22
35,993
151,264
97,331
46,649
131,339
83,18
83,9
147,925
164,190
190,92
190,841
70,671
175,578
185,306
139,705
127,214
82,728
151,676
152,479
97,566
123,576
109,444
88,567
103,880
15,394
151,883
136,203
64,149
176,329
188,635
48,97
82,923
68,921
62,862
165,726
91,743
74,447
165,208
61,941
196,280
40,879
59,445
4,156
4,974
108,328
162,939
160,558
182,597
119,543
152,875
158,435
145,878
47,415
131,690
170,75
174,164
187,621
126,573
180,295
28,153
186,810
171,593
115,653
34,759
8,35
25,213
121,588
60,711
168,390
187,869
36,615
2,189
170,73
187,140
179,998
86,584
10,59
149,11
25,83
26,383
39,57
91,695
123,908
135,787
101,907
122,260
99,810
34,659
110,238
61,911
40,764
198,793
184,506
105,919
49,72
16,928
141,996
138,64
15,130
180,704
112,84
132,502
125,887
169,901
83,376
37,521
13,870
200,705
149,673
197,869
100,299
140,41
96,768
131,121
71,189
72,995
71,424
34,640
87,28
125,977
78,57
108,434
92,900
111,131
93,667
78,319
114,340
85,653
69,795
45,228
193,945
137,781
107,955
118,413
159,484
41,415
76,909
159,59
125,946
169,670
50,918
140,405
12,366
150,603
49,264
126,951
187,680
197,768
124,450
52,796
24,312
115,596
180,777
68,900
181,56
186,843
75,566
183,727
180,43
122,50
51,7
90,19
131,723
113,429
198,974
106,878
62,468
102,345
177,486
184,465
22,766
7,615
41,636
65,626
17,33
115,139
14,543
191,574
95,680
54,880
76,613
135,506
157,232
174,956
3,189
14,695
53,258
97,608
75,453
189,555
189,233
100,598
96,811
23,999
157,467
83,490
184,921
21,594
43,424
61,138
3,360
162,222
127,230
195,710
181,918
164,134
70,24
10,614
195,822
51,289
187,105
12,888
166,298
53,280
155,119
156,182
80,180
192,752
20,596
147,836
100,365
161,637
197,455
180,746
127,602
192,764
36,22
171,379
20,225
20,130
181,252
156,405
161,365
20,660
71,564
67,626
164,394
86,115
74,559
154,989
67,731
98,294
195,872
38,481
166,576
114,387
91,130
153,759
89,231
88,335
31,554
153,53
164,348
187,474
164,944
86,482
39,175
87,751
128,981
69,188
107,671
8,800
126,792
10,771
26,968
84,992
76,654
112,588
29,69
130,448
166,902
189,370
153,963
199,540
171,835
139,83
105,957
158,933
81,859
27,803
182,675
167,260
183,883
23,938
13,906
128,399
57,222
20,70
46,194
94,436
47,131
171,177
195,921
123,898
190,216
134,351
37,53
11,9
7,848
81,776
186,238
191,63
124,722
140,507
88,793
60,95
29,284
8,851
153,536
140,460
184,665
30,568
128,979
59,421
14,715
76,461
83,987
119,481
198,411
138,290
14,274
30,805
105,834
34,805
4,725
81,967
43,645
149,850
173,899
6,789
107,833
141,861
192,264
75,174
62,344
38,179
197,570
8,440
165,825
176,396
22,934
74,780
41,240
41,628
71,888
17,73
26,607
43,92
153,975
173,260
76,281
167,995
133,255
108,490
29,876
69,15
170,472
24,868
79,947
176,145
58,595
119,216
181,381
20,767
51,242
138,269
14,570
185,418
83,714
59,228
168,551
31,813
27,2
195,149
31,592
102,571
66,472
79,686
14,100
175,510
166,141
86,491
54,667
176,432
45,565
31,411
67,714
87,963
103,558
68,813
153,994
15,482
70,579
13,64
192,717
182,993
45,37
129,473
76,77
159,635
143,999
57,288
191,504
105,541
198,853
10,837
144,297
54,132
49,755
80,351
191,313
87,756
26,564
21,162
150,447
155,889
52,68
161,98
114,993
166,251
56,374
81,100
114,757
106,947
106,775
195,281
36,833
22,162
25,584
110,710
176,845
172,752
56,39
168,62
22,12
187,263
164,981
49,262
57,128
28,284
192,284
104,684
121,633
132,421
48,493
95,910
55,69
13,418
196,762
188,473
90,468
120,749
198,256
89,614
72,252
41,661
143,522
72,21
56,253
73,450
72,628
178,460
101,711
166,780
124,934
8,137
24,738
191,592
167,616
158,131
76,41
97,477
128,516
106,515
16,35
50,637
143,282
147,572
104,386
40,125
150,975
112,748
92,456
61,42
5,618
89,65
4,920
65,842
86,690
173,884
169,142
64,397
2,75
107,41
194,931
166,632
42,344
79,28
190,529
168,577
15,26
77,513
129,800
85,190
46,323
193,255
23,363
66,162
117,100
126,672
49,714
73,690
90,441
163,356
134,465
68,452
148,449
144,845
85,22
163,581
94,481
65,637
92,215
24,114
39,313
56,821
15,422
169,793
10,146
69,7
156,987
45,1
31,695
13,42
26,640
83,785
142,210
137,917
52,982
18,117
194,241
51,454
160,495
162,529
177,458
102,158
131,961
192,76
64,943
34,546
16,240
94,579
159,197
15,777
133,560
56,238
145,677
74,542
176,303
48,430
54,470
113,751
50,627
185,411
189,101
6,273
119,870
152,322
145,600
106,768
18,401
21,134
67,484
67,762
61,245
8,62
199,349
90,67
125,504
180,944
148,493
103,728
13,62
123,198
70,691
83,667
164,824
149,810
164,158
37,510
99,691
117,320
15,264
179,497
141,419
126,946
160,981
10,932
59,173
5,171
6,53
2,547
69,890
139,537
114,727
155,249
129,378
22,924
103,694
118,223
131,438
186,747
187,166
126,536
87,694
92,117
18,36
77,876
190,806
122,965
25,483
195,922
101,231
11,983
58,417
50,503
70,732
148,174
105,958
5,957
60,460
160,993
7,615
66,90
194,671
184,621
29,758
9,123
153,491
84,711
74,622
153,284
148,428
12,810
115,300
169,135
69,267
69,2
45,449
122,399
35,487
10,955
140,290
181,752
123,774
200,944
135,980
167,239
1,4
2,382
23,46
195,316
185,747
177,221
170,579
117,681
36,399
62,858
7,1000
141,568
172,73
20,914
158,223
18,768
78,583
190,735
139,164
76,519
75,279
33,220
27,131
134,912
110,914
135,310
125,553
89,515
148,149
77,505
184,995
91,809
127,441
20,782
29,899
135,132
127,554
143,341
172,458
144,618
44,498
79,545
191,400
123,495
166,985
176,383
183,715
8,77
43,172
184,712
176,498
78,889
106,419
122,420
104,905
193,580
46,488
96,879
154,104
140,136
110,761
148,84
182,125
105,411
126,313
115,798
22,102
75,974
188,721
188,98
137,538
82,416
103,363
105,799
40,519
200,162
99,976
176,328
145,180
28,811
83,242
95,609
46,148
76,665
11,841
156,809
125,986
35,407
52,593
11,12
148,364
128,190
131,296
68,467
103,400
106,962
37,455
91,760
83,307
156,388
48,558
47,887
19,897
136,139
66,905
11,411
21,733
156,972
181,424
167,315
96,522
200,971
138,832
14,439
102,170
75,915
42,940
45,554
54,236
107,335
173,612
101,472
161,270
46,258
6,371
134,699
100,775
13,926
187,686
165,430
85,432
92,173
111,58
87,628
146,440
139,496
122,169
60,796
132,449
61,210
105,298
87,85
124,548
158,18
7,497
188,894
79,615
79,415
118,980
59,743
14,936
84,198
81,822
133,139
55,474
185,72
103,112
92,253
108,740
172,456
88,458
174,984
145,450
78,369
89,859
13,233
93,748
78,521
14,328
70,199
102,247
193,359
111,718
96,652
96,554
114,462
16,307
94,371
191,896
145,993
24,291
24,88
9,56
149,477
95,172
31,445
35,482
138,277
177,297
160,323
107,323
32,178
81,825
38,241
187,658
97,407
118,970
15,87
120,100
168,64
87,504
122,216
155,581
120,563
111,915
58,471
4,918
187,867
170,569
97,964
65,125
95,637
27,703
36,190
139,994
96,78
175,640
67,199
63,953
12,543
122,684
145,608
199,173
119,262
23,203
177,427
160,186
1,101
144,454
8,304
106,172
47,48
5,423
1,28
164,401
92,72
114,803
101,736
131,366
195,781
160,815
41,298
188,941
130,682
72,935
152,629
198,825
18,453
57,417
1,829
175,930
109,602
82,634
20,265
95,315
53,752
79,937
170,195
168,429
88,899
150,781
85,617
62,936
150,729
47,508
156,334
5,59
158,283
116,882
41,694
38,11
8,972
190,281
37,758
149,521
81,469
11,423
58,531
138,154
162,939
113,242
31,536
195,33
116,714
12,82
12,933
63,968
194,48
189,508
185,481
198,715
81,623
128,292
118,196
50,384
169,693
72,871
23,344
110,612
84,746
99,469
190,752
89,112
115,237
20,800
25,52
190,556
136,435
41,148
26,592
163,675
79,968
170,120
18,498
153,532
148,669
152,476
160,812
118,979
1,998
79,964
39,786
97,485
167,689
34,228
84,203
129,793
63,894
41,125
151,765
51,974
85,29
78,302
138,652
1,352
112,230
164,613
28,30
164,547
113,512
68,525
16,164
113,33
99,61
2,466
196,134
170,437
95,249
78,174
72,889
28,655
17,548
73,935
141,830
44,371
191,215
145,655
154,899
128,678
172,220
185,536
121,740
142,660
49,975
90,515
146,503
50,229
121,244
6,927
98,819
115,835
155,753
113,61
113,900
97,288
11,915
159,434
148,180
79,280
120,389
186,389
39,402
96,233
59,393
191,778
157,208
51,74
155,610
89,895
111,102
152,208
26,687
28,480
20,125
105,800
106,20
79,907
152,496
37,322
53,588
183,408
125,542
154,409
5,111
160,646
38,92
159,375
100,692
33,262
151,12
72,988
99,236
147,78
192,772
137,193
4,422
6,36
194,583
46,778
26,998
200,98
26,715
9,552
6,581
23,437
106,170
192,187
172,938
179,923
88,83
200,481
138,588
93,554
149,929
25,942
93,32
153,389
156,362
149,650
91,115
199,473
154,703
140,307
149,82
96,647
44,916
67,335
181,335
99,829
194,777
34,852
162,911
131,324
113,477
34,657
67,376
27,562
190,357
43,116
190,755
107,834
117,788
113,528
115,876
179,119
153,529
77,588
154,236
4,290
145,499
57,852
164,48
173,35
98,468
93,984
97,696
89,759
145,934
148,873
170,517
116,918
1,693
143,550
70,875
109,775
57,843
130,15
139,125
24,339
115,572
131,674
85,50
100,705
68,792
67,761
88,384
35,712
142,553
125,387
78,425
25,595
62,326
3,691
200,739
153,282
121,175
8,318
92,1
49,827
182,853
24,900
102,636
18,327
68,166
154,364
19,37
89,324
76,86
165,378
169,250
140,982
6,80
185,946
84,525
102,724
99,784
124,130
76,569
55,972
5,489
121,734
165,702
31,866
80,772
160,155
153,738
122,537
141,244
119,789
16,146
30,814
155,78
75,496
196,678
98,820
200,516
120,487
105,638
37,716
136,423
111,151
23,409
143,860
75,498
160,500
23,514
154,243
51,668
130,643
76,163
75,229
172,626
39,109
186,365
116,357
67,669
104,320
135,953
125,171
55,802
146,895
122,360
40,692
166,257
85,379
128,631
139,803
197,48
28,743
58,703
38,168
155,967
78,668
125,205
94,451
75,759
140,187
42,294
113,824
152,824
196,948
167,965
165,185
76,600
176,141
200,149
13,830
127,914
189,151
32,29
63,460
10,786
161,865
100,146
121,383
75,864
54,218
81,100
165,44
112,949
132,450
165,9
54,529
139,281
74,22
134,626
167,825
173,918
184,82
168,885
33,497
13,245
182,114
109,580
67,482
153,770
199,82
25,757
193,794
50,429
47,505
83,8
176,418
114,768
73,933
107,588
50,991
199,638
11,916
70,479
20,668
167,592
136,877
4,362
43,249
85,279
31,715
183,236
143,752
70,90
11,784
140,28
146,510
170,778
5,115
54,620
71,367
174,53
142,921
78,322
139,547
126,126
185,298
69,20
175,301
124,929
110,97
152,739
98,264
163,180
108,946
107,854
159,100
154,382
131,197
9,186
100,374
103,829
121,7
197,224
144,160
1,851
37,417
124,302
133,653
56,232
55,523
19,147
196,445
95,53
104,436
89,355
102,635
60,475
187,821
100,937
133,438
180,56
105,685
106,919
2,643
104,438
107,241
14,477
1,884
91,162
149,483
150,89
33,657
192,584
195,277
81,561
166,48
199,275
185,879
160,836
25,478
137,1
97,26
167,33
35,666
94,87
61,489
9,733
29,925
133,271
189,823
119,392
119,922
10,598
32,623
76,693
174,188
147,885
28,315
77,644
26,348
12,742
29,830
190,379
165,412
135,877
122,424
177,826
174,475
78,425
173,105
13,39
64,602
168,268
71,870
25,435
29,239
150,725
173,565
200,254
26,416
73,963
170,674
200,638
70,607
198,985
53,304
187,842
23,328
104,334
141,465
78,107
166,611
167,474
146,677
107,156
140,68
58,310
21,620
171,929
142,233
161,109
98,618
120,915
189,306
135,341
149,682
21,620
110,688
162,261
138,1000
189,457
9,393
56,610
51,20
65,920
124,378
41,223
49,567
98,383
145,854
44,651
26,569
107,20
117,256
12,15
97,632
15,617
73,438
133,475
14,801
137,409
154,379
153,812
22,667
55,56
45,529
20,802
58,678
53,837
63,12
188,237
152,199
132,328
80,507
168,169
61,488
140,344
135,4
195,200
194,196
17,676
113,776
168,755
89,13
81,266
199,124
72,76
100,5
7,810
96,152
199,804
183,615
100,721
145,730
172,237
105,230
152,704
148,138
160,153
142,69
151,467
27,187
80,882
163,3
110,471
200,216
144,283
65,160
93,372
76,202
165,140
1,382
140,463
106,809
24,224
3,105
105,15
156,341
52,785
170,128
47,717
125,118
83,207
71,465
102,798
111,431
140,591
122,949
148,345
71,326
35,606
200,852
116,952
62,452
62,981
20,926
74,562
187,208
191,973
147,980
82,600
51,434
33,82
8,684
168,312
194,145
115,99
91,737
76,115
102,567
4,200
106,58
10,403
76,507
58,180
137,675
21,215
35,325
133,51
180,387
30,161
105,835
193,739
75,397
61,405
195,816
74,350
8,688
51,116
62,173
187,286
80,671
52,297
196,672
92,621
85,705
169,676
177,377
108,387
174,522
57,25
83,400
182,515
55,34
42,769
143,848
45,955
21,826
50,456
17,37
69,276
128,833
154,240
148,813
126,389
74,143
83,328
88,531
176,185
109,84
44,962
86,392
152,821
114,934
22,732
176,811
26,130
6,385
48,742
191,964
59,317
191,749
196,600
2,571
118,56
27,716
176,527
127,48
158,678
84,326
89,1000
132,966
42,150
36,591
171,610
103,350
4,763
111,445
83,243
97,295
121,926
160,141
90,47
194,314
146,712
10,458
172,338
115,659
40,205
77,58
52,518
30,555
152,898
11,311
163,170
113,215
180,87
85,7
84,738
144,822
74,687
109,128
96,902
31,675
180,304
118,608
2,567
2,197
93,785
121,510
86,820
54,283
109,866
38,447
61,420
170,482
144,842
165,736
14,770
41,644
161,851
108,101
197,459
98,733
12,961
97,227
129,668
176,128
2,302
11,782
121,486
94,979
167,908
178,731
71,992
119,859
191,163
42,138
101,816
117,218
107,825
53,598
171,938
16,290
23,552
45,268
135,613
90,538
142,599
59,657
58,469
30,889
22,253
69,28
194,947
190,566
162,7
144,50
111,741
121,259
100,941
11,374
19,971
68,288
117,282
110,378
7,691
122,461
132,592
139,355
68,159
7,246
165,418
131,901
112,696
121,801
196,529
128,188
96,40
2,37
5,758
112,963
59,844
70,54
85,162
13,892
158,580
39,335
186,863
152,794
133,431
43,39
91,147
75,867
32,214
92,9
194,438
146,929
120,709
107,334
95,163
180,520
184,907
63,272
162,990
151,394
111,319
97,638
69,334
33,997
171,270
164,562
138,286
107,467
159,559
47,785
6,521
115,338
179,582
142,7
31,604
132,195
184,572
188,788
16,9
149,670
180,887
175,716
99,298
195,231
133,184
2,88
135,711
127,287
183,678
126,55
161,449
189,520
197,924
95,677
128,938
121,439
186,855
34,536
196,246
105,201
139,100
107,887
13,275
90,678
194,759
112,683
6,466
64,103
191,642
60,93
172,938
68,506
171,609
114,766
63,551
175,815
76,123
92,769
93,787
194,482
13,618
96,719
88,507
185,44
147,418
23,314
101,920
124,434
88,469
109,955
116,576
155,47
116,824
7,177
177,736
164,862
46,84
72,752
149,856
37,191
56,125
51,31
120,838
83,98
153,514
101,786
190,551
157,666
44,463
45,862
25,536
151,36
31,339
144,789
119,564
38,831
162,70
66,600
62,885
55,117
112,339
136,221
78,616
61,417
172,782
102,175
130,766
172,530
150,435
88,648
86,130
63,428
37,222
40,925
89,954
86,640
159,326
76,498
168,326
139,407
25,355
150,537
129,275
12,463
165,201
19,999
173,628
168,691
13,16
101,32
83,960
28,709
109,147
108,868
18,681
15,526
86,256
33,848
21,739
16,806
172,300
50,64
190,503
160,742
175,562
193,415
62,357
66,344
163,648
125,805
92,86
66,584
146,781
23,361
137,492
82,173
151,879
60,524
11,590
73,406
115,807
33,526
121,850
101,501
137,544
78,172
35,974
187,916
27,396
94,104
38,578
58,369
17,985
40,75
96,444
188,967
29,473
50,179
11,177
148,798
136,428
171,892
2,153
24,839
108,804
114,259
155,103
40,113
15,282
194,303
131,414
115,293
181,277
124,18
125,453
103,11
33,680
68,895
66,360
55,104
70,58
102,744
71,263
35,594
87,571
200,26
14,970
84,800
129,403
76,631
47,407
68,875
16,70
82,940
11,77
100,377
120,113
127,547
49,711
191,429
128,374
35,661
146,918
138,916
136,501
62,583
40,377
187,152
149,382
90,900
90,523
160,341
156,44
44,636
176,989
144,603
117,714
153,252
123,158
123,88
9,803
14,412
9,68
67,526
179,874
4,896
193,257
78,729
167,655
135,740
176,47
63,396
163,729
95,178
181,233
177,324
72,245
9,735
43,341
103,709
126,688
200,975
185,325
143,354
113,742
96,512
137,872
168,320
109,193
44,751
38,472
180,547
120,344
180,675
115,672
149,850
109,183
71,213
77,669
123,303
116,37
195,5
55,18
59,425
39,685
2,561
4,991
71,778
139,794
190,582
183,369
106,876
122,139
195,445
188,143
192,33
10,692
173,899
130,563
80,385
71,501
13,791
183,269
116,86
90,408
192,652
172,246
70,945
108,109
66,32
84,78
114,352
43,547
132,821
156,318
156,983
158,367
108,637
55,803
122,793
161,784
77,777
189,616
143,705
194,582
144,766
165,400
54,610
112,24
179,618
188,592
18,411
122,576
22,798
86,176
50,248
145,487
172,551
9,312
145,306
184,528
129,807
131,711
90,159
168,263
10,317
69,112
192,872
39,413
44,945
92,289
64,427
10,816
64,998
180,170
78,922
7,237
110,652
188,960
116,877
103,111
17,331
147,266
66,229
191,95
7,872
132,840
81,834
2,927
1,541
111,45
200,202
175,325
85,488
64,422
116,522
69,376
95,522
96,151
183,746
128,535
133,773
38,799
86,417
34,21
72,394
183,151
32,448
55,428
102,269
174,867
25,678
7,597
157,455
14,199
105,305
188,325
20,70
51,519
88,769
148,323
76,407
45,987
197,20
53,861
103,311
142,346
99,555
86,876
58,38
176,573
150,289
110,460
136,891
55,525
147,921
186,263
186,385
101,775
83,774
197,146
144,908
102,801
1,290
30,955
82,554
187,728
172,572
60,315
156,72
135,904
77,56
187,21
34,392
166,585
199,802
170,531
136,634
38,972
55,852
46,631
91,748
20,222
40,579
27,795
96,144
55,398
167,437
20,111
160,428
21,862
158,923
114,623
70,257
85,96
98,38
52,587
12,467
196,55
91,513
142,720
141,754
89,203
47,809
106,88
24,840
44,533
162,9
19,8
87,191
193,241
141,493
189,680
84,316
6,870
163,870
133,777
11,675
59,853
125,210
101,410
107,584
7,113
106,86
56,535
111,858
61,536
90,252
147,891
145,142
125,221
185,132
183,235
44,230
142,808
157,437
173,230
58,787
175,537
118,310
43,716
54,336
176,16
10,74
31,35
166,428
82,942
193,530
113,580
174,883
111,243
45,712
24,768
152,981
107,746
50,977
47,688
188,662
101,576
77,602
174,925
165,812
108,712
134,831
83,751
144,16
81,817
106,274
164,468
140,425
57,154
15,354
39,802
30,154
25,775
122,68
108,408
162,294
57,47
15,994
163,273
27,811
41,273
145,104
95,326
24,51
89,89
92,35
84,858
72,575
95,232
27,694
183,366
144,11
87,716
134,896
174,33
114,817
184,988
111,13
91,600
119,222
42,411
162,206
108,319
190,911
72,173
51,81
148,492
189,648
143,415
86,949
143,301
8,204
134,916
38,157
4,681
89,405
191,930
97,31
179,608
54,671
90,975
134,840
145,425
95,920
20,964
26,711
90,189
73,448
5,783
20,422
169,40
26,55
108,564
141,564
131,729
175,754
148,42
93,221
75,577
171,172
65,171
123,237
172,286
67,594
64,363
49,60
14,26
147,314
184,7
17,520
8,746
169,373
178,961
9,903
97,904
34,805
165,470
14,854
144,319
104,93
11,37
58,997
30,628
157,570
200,517
33,69
39,836
68,718
145,311
36,848
82,684
8,386
119,137
192,737
127,467
185,535
35,325
42,669
174,636
167,264
148,929
142,476
10,219
15,201
80,74
8,126
183,716
181,27
123,69
186,124
95,718
6,482
190,65
77,794
52,917
183,588
168,478
99,908
156,211
184,426
93,206
179,896
121,238
124,283
124,621
44,253
135,301
11,89
133,376
126,906
142,503
47,868
135,579
115,718
20,271
176,181
95,835
62,784
72,374
15,674
20,330
46,42
51,657
123,359
76,891
138,509
68,380
106,634
127,135
56,284
157,166
99,783
64,586
129,258
15,355
58,485
121,519
75,586
56,34
59,495
143,996
148,890
54,936
153,154
146,459
165,859
75,727
164,743
49,133
101,927
27,399
34,775
154,825
42,450
48,815
101,350
98,453
68,469
179,272
90,697
59,31
119,597
171,175
184,524
116,656
181,193
88,626
24,994
170,980
194,713
28,632
53,65
76,626
80,631
6,617
154,727
114,141
195,113
87,447
60,508
175,790
163,271
99,637
123,718
88,179
189,351
22,133
15,285
54,705
123,352
36,119
161,684
43,196
179,242
38,776
159,800
115,92
92,162
17,298
153,590
83,433
60,127
104,670
111,935
95,98
91,338
187,831
179,214
7,865
119,973
174,152
8,534
58,329
26,852
2,320
8,125
50,341
145,570
102,627
109,9
104,678
152,78
8,807
2,899
49,230
2,816
185,683
151,427
131,924
77,46
125,759
51,472
59,286
84,90
138,994
130,455
1,805
163,381
153,871
4,189
165,688
197,263
68,891
78,402
158,772
23,723
179,976
143,244
109,895
15,173
158,404
171,809
198,179
184,828
37,132
68,366
115,117
64,975
133,480
118,104
14,144
87,596
190,232
183,512
157,208
81,891
170,706
146,629
13,789
35,568
195,358
108,914
23,667
82,799
1,536
17,747
183,769
63,865
65,86
177,860
118,591
196,874
150,646
59,321
189,690
93,781
181,849
172,718
31,324
171,67
44,668
65,193
189,402
108,563
13,257
173,562
147,255
35,74
116,761
96,167
10,320
2,743
106,269
8,993
151,13
126,852
89,137
188,424
11,77
116,568
35,959
61,732
101,672
5,454
182,906
34,524
51,56
41,366
171,625
105,874
79,311
119,393
165,972
77,289
195,988
174,331
60,894
89,865
50,248
187,229
109,194
151,334
104,407
90,177
175,669
2,102
31,292
176,219
61,397
188,832
52,957
15,998
104,479
81,200
177,809
13,222
187,487
141,146
175,197
37,815
90,368
57,796
151,781
67,475
44,974
145,571
16,185
119,390
157,504
12,555
149,958
52,618
129,440
130,453
39,88
63,953
196,290
19,280
180,482
170,292
186,167
39,923
47,543
185,53
139,154
41,826
106,865
8,726
54,668
29,588
129,779
135,387
195,822
188,731
183,172
158,54
95,983
143,756
168,724
164,929
197,436
141,769
27,823
63,955
7,598
167,54
76,673
103,470
88,735
153,773
159,178
49,819
77,384
48,496
20,542
89,321
29,537
162,210
53,672
134,873
187,169
183,744
199,618
89,698
43,931
187,652
159,929
19,198
103,695
44,836
73,230
119,929
25,977
43,188
101,586
130,668
25,82
139,540
121,302
186,390
56,385
150,276
31,956
175,758
56,849
161,571
41,452
80,42
84,475
14,841
192,98
199,703
105,428
89,267
92,88
82,776
5,734
16,860
165,487
78,240
146,328
86,4
86,824
95,127
57,729
4,503
125,795
60,689
30,335
197,496
28,852
26,129
125,175
153,132
82,999
111,313
161,95
42,469
48,11
1,670
83,593
64,786
62,335
64,836
78,462
52,398
71,644
164,756
108,228
180,527
199,796
151,149
83,82
57,783
71,702
163,429
138,470
165,162
122,780
180,291
69,823
122,582
167,885
76,961
77,50
70,847
105,811
151,699
139,608
69,888
40,510
119,101
59,242
136,424
123,394
84,43
41,304
9,513
124,535
140,957
30,329
190,915
38,143
146,369
42,886
185,809
80,378
90,962
148,77
26,60
153,748
78,812
72,120
135,892
70,146
67,261
42,183
71,263
178,779
6,869
12,28
90,485
120,995
65,702
103,617
123,900
143,62
39,906
151,237
121,542
56,330
93,856
77,329
156,257
189,546
131,781
196,86
192,425
134,59
125,594
73,430
191,8
167,438
186,683
100,994
81,449
164,704
77,215
123,922
93,879
116,393
3,734
146,329
126,643
192,946
54,548
5,953
49,842
159,443
12,940
134,965
76,373
153,359
144,540
137,416
23,51
183,466
6,921
22,317
2,1
103,58
116,986
66,367
73,186
106,689
50,100
129,406
10,853
170,17
156,954
23,275
66,859
170,85
37,289
148,793
178,767
196,493
127,343
118,534
186,870
181,292
146,996
40,242
131,198
87,841
76,763
106,903
139,139
3,235
75,299
83,548
184,347
156,26
159,536
182,333
39,591
180,564
170,221
139,918
70,702
127,114
158,426
84,293
120,82
198,976
54,641
26,708
176,482
180,621
135,387
153,74
48,927
159,261
32,124
62,345
46,940
192,298
76,587
142,50
41,956
85,560
75,783
180,620
108,295
103,979
105,247
112,173
185,677
17,438
54,180
23,877
116,361
57,849
104,696
156,896
136,9
160,486
120,271
46,387
56,761
104,512
176,404
182,205
188,566
98,594
153,705
27,564
110,156
140,813
12,167
114,240
193,445
105,615
56,251
152,439
1,754
91,858
19,218
15,206
139,946
88,124
29,943
93,578
152,590
153,232
74,934
122,385
27,778
13,164
55,623
144,331
97,322
17,660
151,472
195,609
158,729
55,515
140,963
72,569
38,792
70,1000
37,276
108,583
68,135
5,403
57,664
28,493
104,764
81,761
131,681
40,457
9,508
122,643
108,192
43,81
183,87
12,230
27,527
139,596
135,667
77,961
57,205
138,406
37,130
123,998
128,897
150,428
25,20
153,265
19,815
186,186
164,641
12,688
75,156
65,467
72,610
183,987
189,895
87,573
78,356
121,569
106,702
158,815
12,925
13,574
100,723
94,142
200,192
107,868
88,999
183,551
187,530
53,520
25,197
3,620
76,563
111,508
148,346
63,287
172,881
164,590
47,389
178,377
103,290
94,378
44,140
143,949
70,825
189,18
136,420
151,128
183,911
154,753
191,30
74,139
106,700
82,927
56,779
131,779
76,875
23,435
123,711
67,366
132,707
147,982
118,824
47,408
30,21
51,305
9,346
189,652
143,224
175,875
43,119
179,960
148,146
93,789
161,526
149,745
154,752
165,930
75,132
136,12
129,581
102,586
152,311
199,595
48,331
38,100
174,303
198,906
126,699
163,607
159,150
23,870
129,283
61,328
129,509
80,365
140,734
184,704
107,552
132,115
28,41
199,400
182,482
142,155
51,915
165,329
15,40
34,589
77,893
196,440
125,258
183,304
158,759
133,511
46,571
79,403
168,778
86,342
70,393
189,866
133,292
38,896
161,937
178,728
116,651
95,226
157,212
133,263
187,291
46,375
17,192
27,916
126,345
118,52
5,493
57,634
151,621
73,814
83,205
113,169
22,935
87,45
70,715
176,91
26,219
40,909
46,357
198,966
28,597
136,926
22,418
59,208
159,232
23,209
49,516
145,767
19,722
31,122
165,689
66,398
83,625
167,26
124,722
65,478
6,892
14,2
25,885
179,133
98,8
93,150
137,559
12,922
36,228
184,258
144,974
165,619
185,459
66,679
120,544
146,853
27,302
39,599
90,522
111,377
170,536
88,406
198,217
50,493
183,947
129,50
92,338
156,46
55,451
183,105
67,139
167,166
189,206
91,919
180,268
111,741
188,996
60,914
136,905
88,247
168,777
124,452
27,303
151,383
135,340
145,784
60,43
189,826
69,177
79,937
195,775
32,722
89,797
148,126
8,558
192,954
141,756
12,957
86,189
196,556
103,92
157,367
122,151
118,841
126,183
130,734
12,420
40,898
34,347
99,404
153,714
88,659
143,843
92,766
109,410
144,832
153,936
99,726
8,239
51,12
97,774
187,398
63,125
61,841
64,247
100,5
169,195
84,706
35,523
10,219
70,688
197,345
73,84
44,788
23,577
65,500
122,916
78,828
128,362
53,511
168,963
178,824
82,902
60,782
189,889
120,462
180,125
114,264
73,947
98,515
113,902
107,585
64,508
121,803
192,474
1,587
46,881
70,117
89,877
91,757
32,304
14,91
132,178
140,284
55,463
123,274
96,944
136,725
102,744
42,180
122,975
104,618
167,660
21,255
115,357
195,509
141,119
176,388
45,216
1,951
193,92
74,776
60,148
99,97
104,93
114,66
192,577
29,265
64,204
108,349
10,23
73,514
115,368
119,400
16,921
107,660
154,629
112,37
147,334
151,90
156,956
159,356
97,537
141,949
36,977
118,686
133,843
154,360
175,19
114,12
154,220
77,43
170,114
129,447
64,809
37,806
69,847
150,302
39,417
179,79
93,633
161,206
160,991
153,213
123,468
66,128
141,14
88,238
195,422
25,95
163,205
187,548
88,1
177,258
125,501
155,832
152,161
81,764
139,920
101,186
199,926
161,465
185,910
144,664
20,938
112,769
154,274
127,758
189,988
36,312
16,415
116,606
61,115
63,522
24,231
99,854
112,76
40,46
76,107
43,623
59,334
147,817
131,280
9,574
141,54
26,329
54,366
55,367
48,349
12,545
177,466
128,306
157,42
59,791
22,70
6,865
173,422
132,613
20,362
64,874
32,258
41,912
117,342
54,376
60,797
31,266
10,145
175,362
56,918
119,923
78,429
136,921
126,228
147,322
75,717
11,171
115,26
8,191
187,296
197,282
189,554
118,633
16,381
154,105
93,574
127,420
142,206
71,777
164,353
74,38
93,545
61,990
82,15
77,8
77,92
196,896
37,753
127,289
92,588
21,14
67,517
37,78
107,199
142,9
175,489
62,405
141,197
150,512
193,137
3,970
58,717
7,413
77,894
24,263
144,12
29,105
72,607
139,363
79,279
166,985
47,476
109,229
189,329
72,188
77,430
136,250
112,880
193,480
7,115
61,744
167,943
149,656
73,761
121,815
135,474
104,733
17,333
195,83
96,774
164,608
57,819
110,441
90,488
182,190
15,831
11,96
49,326
32,791
145,98
156,276
44,564
51,782
35,231
158,305
119,431
39,362
123,514
106,965
183,720
90,159
84,850
55,382
77,758
135,730
195,656
93,909
48,232
144,206
35,287
94,676
137,557
76,67
71,327
120,502
83,35
174,729
37,622
181,312
73,157
118,152
181,540
40,106
55,755
127,129
134,640
76,10
27,3
159,139
11,721
91,309
77,993
77,17
40,486
125,716
127,158
3,274
88,311
196,499
182,754
91,210
6,382
115,884
162,544
124,388
102,173
64,186
183,707
9,127
74,116
133,545
151,963
92,902
29,577
169,707
4,21
37,511
67,448
12,555
118,156
58,22
182,682
61,881
131,948
13,208
93,903
186,723
66,968
80,63
193,40
82,644
169,754
47,40
153,571
195,284
132,740
111,445
192,25
133,544
110,816
120,76
194,379
39,349
116,632
41,788
94,158
194,160
64,434
80,160
144,391
175,986
70,212
10,296
67,475
10,221
30,677
105,190
69,685
87,704
56,551
165,518
156,735
168,866
174,644
200,9
181,965
155,602
193,628
21,483
45,793
179,242
16,720
32,104
68,702
32,333
63,402
74,346
140,774
5,4
104,423
170,707
71,18
93,477
90,929
25,122
22,362
186,827
91,503
150,826
88,371
46,118
99,157
56,790
132,728
174,242
87,891
181,312
169,184
189,68
62,881
107,108
10,305
63,985
73,415
189,566
79,658
52,957
8,999
88,20
199,910
93,444
93,567
21,13
83,706
82,641
153,694
25,598
125,676
167,569
59,625
103,797
171,93
168,569
31,59
54,625
49,328
6,830
71,440
84,102
10,539
137,127
81,82
82,327
110,908
40,735
165,248
63,952
65,358
119,936
27,213
35,529
14,933
13,789
132,763
138,284
144,877
58,627
115,90
83,822
119,573
165,236
14,689
176,56
139,632
82,967
3,21
180,108
157,409
69,106
10,702
64,694
84,464
69,519
115,263
7,51
77,501
10,210
128,602
41,747
78,281
70,456
67,422
158,580
81,352
38,136
41,489
91,525
184,149
37,592
119,849
74,125
177,849
27,307
195,388
75,205
196,491
79,16
183,77
181,172
127,896
84,118
57,921
28,741
126,540
164,333
48,760
118,133
21,767
41,109
76,381
169,745
181,759
107,958
132,884
25,491
31,599
185,295
14,953
178,742
45,511
65,822
127,508
129,934
94,551
165,989
103,238
130,244
102,550
58,400
97,419
165,582
79,62
3,895
131,334
26,587
175,317
156,635
85,392
32,981
47,914
61,584
58,523
48,618
111,178
108,612
10,319
164,698
167,410
37,366
176,869
106,974
70,269
64,464
124,963
165,698
136,680
179,992
53,992
172,551
132,87
46,238
113,537
111,715
48,555
27,616
130,305
167,159
31,118
51,24
196,719
35,12
105,510
154,656
97,56
189,826
26,37
143,50
192,277
100,746
24,616
85,366
197,940
7,231
152,633
176,649
112,341
77,97
25,444
87,124
89,683
191,167
158,68
165,463
100,397
74,819
144,188
192,144
79,15
120,879
80,518
188,898
79,588
183,347
11,151
121,647
55,478
123,681
189,171
72,984
58,120
58,71
176,690
112,131
73,478
154,688
55,730
39,924
31,443
4,183
188,263
111,286
181,217
81,985
85,971
121,969
163,911
181,49
120,930
97,40
63,538
108,755
62,261
137,848
93,486
107,742
95,840
3,202
117,306
21,386
166,59
3,631
13,238
75,275
31,457
195,861
111,915
118,669
55,264
77,504
77,835
115,803
26,163
18,811
116,742
185,434
45,994
62,331
82,366
165,716
28,596
39,119
102,68
61,641
65,846
85,528
136,119
72,556
57,141
81,979
160,310
26,416
101,914
11,692
148,629
117,742
189,552
64,153
127,981
158,717
117,33
38,816
180,374
89,461
195,239
108,167
105,759
152,559
46,874
105,864
38,272
106,201
193,31
89,591
184,417
125,291
101,640
74,685
33,731
164,669
67,659
17,713
78,565
92,921
148,617
190,875
100,69
33,63
118,408
191,555
119,112
145,796
131,139
23,810
197,728
97,385
151,9
149,535
90,694
158,109
200,528
155,336
83,13
48,958
50,978
145,431
181,901
188,604
139,816
6,504
113,74
68,576
62,248
48,193
34,79
6,628
49,709
142,606
35,308
92,561
39,658
200,54
132,865
52,99
47,353
18,892
13,656
183,627
23,267
194,234
170,298
14,822
36,684
51,549
77,421
184,609
142,310
124,120
162,681
18,402
166,885
180,515
160,263
159,501
21,637
142,114
107,597
180,611
38,551
158,353
171,107
167,376
188,984
17,78
29,732
198,685
28,451
146,18
76,813
61,604
83,190
76,774
67,183
68,365
91,205
87,821
167,386
173,893
40,909
63,760
128,588
190,862
25,325
162,210
4,824
86,662
44,386
98,192
194,102
192,961
96,586
193,314
105,612
151,627
23,151
197,516
146,177
25,99
188,676
46,746
56,952
91,453
161,890
179,494
55,51
108,467
19,266
102,648
198,945
24,32
193,582
163,66
35,856
28,868
71,393
192,253
69,94
95,748
105,349
90,540
141,930
16,228
121,420
99,772
169,616
18,369
104,252
6,598
79,455
131,661
20,202
8,613
121,749
84,849
131,517
166,91
125,554
58,844
151,227
149,636
85,983
76,471
129,715
108,600
35,247
157,161
83,283
136,875
142,186
19,51
189,806
62,119
141,613
23,377
23,413
132,333
109,855
6,118
139,820
143,381
34,484
116,814
51,765
100,597
129,815
13,102
77,494
166,743
199,528
35,571
163,314
117,768
132,510
16,80
134,209
69,113
1,879
131,392
110,894
135,202
85,285
42,838
186,159
12,859
105,964
19,439
74,764
95,537
150,942
99,603
94,876
30,87
86,995
71,29
33,945
138,336
13,706
68,345
188,807
127,577
42,114
41,763
41,5
198,149
89,82
30,177
132,346
132,925
198,611
25,212
193,212
104,204
124,160
78,594
62,123
134,216
185,767
58,890
163,825
166,217
56,639
32,777
155,202
26,428
78,765
129,376
109,872
10,402
197,33
49,675
172,480
67,892
85,926
98,80
56,14
65,465
42,391
133,319
126,825
171,539
19,278
173,612
61,458
176,769
70,333
183,419
40,817
185,432
146,856
160,438
122,681
88,876
130,638
187,884
64,468
160,375
157,289
32,271
36,645
145,387
11,712
16,601
190,67
126,829
107,390
146,749
150,584
40,245
107,351
20,283
123,75
136,500
135,350
48,450
82,467
167,466
55,859
126,738
36,448
29,813
128,244
195,603
37,626
37,809
57,854
198,922
143,579
32,485
166,609
87,60
179,137
60,813
49,139
187,225
167,99
184,985
124,908
181,657
157,104
6,746
172,927
97,958
109,346
3,345
19,600
14,187
104,941
198,133
35,818
148,786
194,169
114,895
14,88
169,362
122,757
70,165
100,398
70,447
130,933
110,292
8,342
139,699
130,436
12,363
93,540
68,903
52,685
14,800
124,265
188,231
134,969
179,40
47,685
105,102
141,521
194,306
26,744
16,452
173,548
98,836
63,59
50,70
6,500
104,756
22,227
151,280
84,765
143,273
169,19
100,766
178,836
170,190
56,956
131,498
130,293
102,769
131,817
112,181
71,549
17,808
190,780
197,3
45,721
193,17
91,79
31,986
14,588
65,591
6,824
105,983
160,100
41,306
20,726
113,222
185,177
90,658
23,200
162,209
28,858
33,976
63,749
20,759
195,768
158,642
192,438
11,19
7,648
164,373
105,369
174,158
100,892
152,359
175,130
27,948
53,74
98,982
33,403
144,511
47,994
154,449
166,632
190,432
90,633
63,688
114,390
64,545
92,938
88,807
82,468
158,558
133,969
98,597
11,108
135,752
33,767
93,996
113,565
80,10
55,671
169,656
105,654
181,677
70,454
173,719
161,949
185,14
16,730
41,110
107,735
71,537
196,580
165,345
96,49
47,592
197,733
162,121
72,361
60,487
195,737
105,975
100,751
20,695
120,194
50,123
140,623
189,319
174,336
192,535
39,722
104,801
10,536
110,431
61,928
25,967
9,556
174,899
186,225
40,68
55,557
82,650
148,268
116,659
194,549
82,228
90,478
23,365
138,713
151,320
77,587
68,540
163,284
29,634
86,205
79,233
33,106
176,378
179,288
52,243
10,804
106,460
28,297
79,582
135,59
199,617
55,688
7,625
27,679
34,87
6,820
94,732
83,14
45,166
199,827
53,402
101,205
134,348
47,294
100,660
52,61
9,291
51,234
2,473
110,534
193,31
25,531
77,682
64,226
137,146
24,672
111,138
31,417
173,195
145,338
145,114
127,723
86,441
60,689
78,482
170,992
90,852
68,777
166,473
195,642
189,45
187,813
15,152
76,730
179,573
7,665
25,433
96,360
179,911
144,875
114,124
112,170
36,60
136,86
127,116
119,526
189,13
51,630
110,57
87,420
9,632
55,59
15,349
149,771
57,757
73,556
101,739
101,30
175,569
138,174
17,307
79,272
164,889
33,894
163,857
93,196
124,622
116,227
50,793
16,435
15,610
23,490
130,283
22,546
44,19
131,352
80,8
4,614
71,1000
18,647
183,906
59,835
106,60
147,272
66,990
141,647
94,30
24,835
29,406
21,189
86,690
21,370
160,519
91,348
97,4
191,43
117,534
9,785
100,915
161,573
92,441
43,213
39,875
166,52
165,38
111,552
134,170
188,361
161,997
44,801
67,207
154,528
46,641
51,130
76,956
135,214
18,413
85,182
30,822
150,733
177,329
5,825
73,252
87,894
134,96
10,530
1,980
74,606
4,178
44,419
197,544
52,538
53,407
22,528
50,854
32,349
131,152
156,260
127,220
28,446
58,86
7,350
44,256
161,254
140,925
53,529
30,411
7,588
111,576
65,26
145,621
129,62
146,763
42,238
54,164
101,245
74,181
36,238
41,421
162,698
143,406
58,596
107,10
4,495
184,870
4,577
195,423
7,104
7,108
150,548
123,81
58,444
144,206
37,509
31,902
123,204
48,993
50,458
133,147
184,526
36,515
183,437
51,760
165,203
139,678
122,46
128,692
55,139
86,957
114,317
127,836
49,121
155,115
151,888
82,812
138,228
68,34
13,485
9,677
158,257
7,806
152,573
19,116
90,690
139,1000
195,568
198,713
112,245
156,333
86,151
46,826
200,298
90,267
66,781
194,23
149,178
140,871
1,239
20,516
12,839
126,891
65,794
68,535
150,442
191,951
181,163
176,973
29,977
19,281
178,142
154,413
32,703
25,210
1,361
163,60
59,161
29,976
129,440
75,567
132,675
114,837
74,559
39,340
133,359
119,214
27,738
29,244
164,828
44,888
129,271
110,904
80,56
137,644
96,985
101,727
178,958
160,554
93,94
180,97
5,102
10,187
54,735
47,880
112,324
56,829
145,148
57,436
81,871
150,202
115,838
170,9
84,333
163,157
138,230
85,740
61,955
129,63
36,917
180,849
136,525
52,167
60,404
9,117
125,334
174,352
132,334
24,81
187,94
131,6
57,602
150,725
183,659
151,154
63,219
170,158
185,28
79,755
172,61
14,13
153,846
156,342
92,265
97,155
73,105
78,361
111,135
50,164
2,425
22,670
124,568
98,174
157,400
18,638
96,499
94,666
47,427
40,885
161,544
50,974
88,674
177,897
153,213
67,67
53,389
136,70
71,852
114,807
33,988
25,786
56,598
137,984
169,9
68,522
130,590
56,963
62,234
168,649
149,256
109,582
158,328
97,560
199,481
13,701
162,532
35,104
179,913
7,873
95,117
182,832
168,916
194,532
2,301
155,705
36,79
139,589
152,438
39,189
4,895
15,84
52,139
12,93
103,877
17,692
134,834
124,468
15,211
185,770
54,715
63,559
79,948
119,973
154,53
112,757
107,185
197,847
102,175
175,751
141,297
153,66
138,852
189,126
11,898
92,906
54,149
9,787
55,981
15,987
16,60
121,890
102,881
174,128
3,114
24,650
111,528
138,180
155,35
156,932
136,69
124,677
97,115
78,752
26,790
193,319
194,895
17,487
96,196
89,506
156,276
161,501
95,368
122,14
34,42
200,513
132,13
185,95
56,599
146,288
193,48
130,130
143,12
12,373
190,485
25,62
97,72
150,724
67,882
186,445
111,265
3,717
15,833
95,841
155,431
25,370
85,53
83,51
16,637
108,541
198,756
103,354
43,327
85,206
119,2
145,277
160,971
141,399
132,93
74,386
106,390
186,571
52,568
159,16
80,686
42,909
8,729
65,833
171,13
198,701
10,515
77,690
125,116
121,464
135,709
14,842
139,82
175,590
76,430
87,881
90,444
64,599
66,433
189,192
73,139
111,381
122,197
33,119
180,369
24,905
9,477
188,298
197,929
25,83
3,873
144,271
86,642
110,182
180,517
49,990
30,654
118,667
37,201
173,582
174,920
176,181
28,539
128,850
174,264
96,637
76,669
17,370
98,981
146,78
199,690
66,195
8,416
25,5
158,900
86,480
194,279
80,233
130,384
102,405
27,382
49,336
33,56
44,858
171,560
22,548
26,356
32,567
182,314
95,431
179,806
146,15
128,354
63,272
47,823
72,714
192,274
51,932
102,900
58,239
177,405
82,691
25,194
170,451
12,635
99,162
115,688
109,548
126,327
101,645
187,801
151,781
149,246
109,847
88,6
98,685
195,109
137,987
159,248
23,102
118,218
134,200
188,648
28,256
95,787
165,514
180,186
110,342
162,425
145,649
43,222
42,402
148,341
134,64
168,150
117,597
17,754
131,727
184,292
91,267
200,683
155,154
98,818
196,489
100,723
144,252
184,731
4,508
85,847
127,595
73,787
130,287
170,123
126,347
133,8
72,826
101,135
22,973
163,449
177,567
194,959
115,986
84,559
166,460
21,712
127,49
39,13
65,890
200,48
167,836
61,222
172,451
159,96
53,115
16,592
112,830
52,889
196,536
149,350
34,143
115,603
99,260
155,305
50,431
94,407
193,756
128,582
7,293
133,298
23,791
46,624
106,390
132,675
121,313
101,544
82,169
64,755
92,424
137,594
76,709
86,650
47,545
192,665
147,49
124,613
173,183
56,926
19,755
123,481
45,314
145,684
72,781
113,59
192,169
141,668
195,103
193,520
51,898
190,221
83,804
74,99
78,744
172,289
102,615
13,172
174,391
62,664
71,818
60,194
16,33
24,673
79,785
73,502
65,579
13,539
66,501
30,36
179,752
134,379
162,418
65,36
127,374
173,631
162,337
28,281
136,633
55,655
102,660
34,614
95,255
25,114
148,869
140,985
179,302
143,319
133,222
134,414
39,427
91,680
10,908
165,864
165,186
1,290
76,111
10,995
193,602
56,1000
189,572
44,633
56,925
167,856
115,100
183,561
56,358
102,210
125,677
83,37
87,728
123,760
124,533
198,560
182,192
90,35
151,731
115,554
38,396
156,63
99,551
135,781
190,537
159,810
55,884
151,874
34,613
79,155
177,179
84,858
35,918
151,77
41,766
194,352
166,567
28,896
29,187
136,758
36,921
27,959
29,513
186,349
34,240
15,283
134,332
123,40
106,644
68,383
53,124
121,419
41,680
16,79
46,769
99,785
196,428
65,428
94,758
20,267
21,332
60,715
118,223
164,985
41,646
17,207
100,87
178,453
72,457
132,502
197,847
197,292
94,980
176,119
70,580
34,181
105,694
81,906
90,421
170,919
150,911
50,316
26,796
4,461
89,268
190,193
127,752
3,403
177,262
146,160
190,310
165,401
23,947
180,384
48,360
144,709
171,455
111,851
123,377
193,946
186,701
105,956
166,310
22,615
33,831
91,705
10,206
197,559
40,101
156,380
180,744
186,806
182,43
30,845
197,646
19,624
53,790
13,461
104,722
150,615
183,686
58,833
127,914
41,955
28,214
146,385
18,309
88,990
124,298
47,805
196,28
75,563
199,376
129,377
188,23
11,310
185,126
159,509
64,95
198,540
178,845
96,458
138,617
47,612
57,701
96,527
155,55
172,668
115,758
194,341
41,472
10,958
139,757
194,701
149,852
37,972
119,904
70,989
147,392
166,229
185,412
199,386
72,287
47,868
52,499
48,323
6,878
187,752
138,903
151,404
74,811
44,699
83,382
38,451
139,830
7,333
148,185
139,825
91,406
199,882
8,854
184,788
58,827
44,908
58,792
104,312
130,29
17,87
65,433
153,701
56,732
75,71
188,433
198,486
191,305
39,513
53,810
106,300
89,728
183,540
13,907
63,272
114,679
107,943
47,752
129,175
25,699
26,844
3,884
146,132
67,480
169,820
153,211
129,381
84,208
54,535
24,751
160,885
86,427
42,903
88,821
53,732
55,110
4,68
173,333
114,410
43,786
149,21
48,646
69,812
33,362
63,91
175,650
17,403
138,259
32,201
22,468
91,479
80,292
96,442
37,61
5,66
81,970
83,160
97,754
91,141
170,450
62,434
37,669
73,72
114,509
146,452
52,675
190,773
92,322
195,597
166,469
81,875
154,338
98,66
40,704
124,761
149,168
107,859
191,954
8,280
48,27
102,125
39,525
95,401
38,261
95,669
23,824
23,411
89,35
92,16
52,854
180,248
42,672
149,467
48,926
18,897
88,13
155,312
20,743
62,685
79,852
28,863
69,936
71,925
92,68
53,967
165,564
169,617
166,547
70,835
92,811
87,696
142,151
66,414
21,365
138,881
1,232
68,635
81,470
94,154
1,707
192,408
41,378
102,543
130,850
19,509
187,10
164,644
9,855
114,284
130,200
176,562
138,48
78,354
51,227
65,469
75,463
159,340
82,526
3,834
160,348
65,300
142,741
181,733
87,865
77,753
16,50
9,156
189,446
18,508
153,207
193,711
85,393
22,808
73,885
44,875
98,316
72,666
52,86
147,302
160,179
119,930
51,643
56,301
148,561
20,77
116,628
1,877
133,449
49,850
118,816
109,803
46,389
33,438
29,901
64,627
6,35
3,493
164,499
184,103
158,844
48,922
111,103
103,320
139,686
95,401
195,543
167,879
130,884
19,362
44,439
141,250
88,882
60,649
116,494
49,895
98,876
145,610
13,699
170,525
79,80
112,925
11,619
94,692
168,182
109,765
52,108
78,370
56,579
159,210
179,169
100,307
97,630
24,447
101,281
21,259
122,461
144,407
122,358
111,395
50,163
35,290
162,119
189,414
98,771
113,90
151,56
169,275
32,215
89,574
83,994
88,526
27,985
189,668
125,943
21,119
47,257
109,89
38,835
20,898
110,168
10,655
71,346
129,873
18,644
176,346
126,308
74,959
30,64
117,2
168,4
185,579
107,564
7,341
133,544
185,743
40,813
170,83
16,97
167,894
66,653
71,239
16,11
92,187
193,252
136,29
82,392
120,417
35,206
21,474
37,514
61,533
61,455
193,366
184,435
175,878
28,834
29,743
77,253
105,458
164,262
174,435
189,156
51,498
144,727
163,226
166,349
37,844
109,693
130,823
125,641
97,769
46,735
55,822
126,50
14,155
56,644
32,724
26,284
126,144
192,822
64,842
35,42
172,85
181,602
177,98
100,596
99,861
27,496
6,369
103,194
103,137
74,254
83,183
27,652
58,112
28,305
91,979
29,897
96,561
198,278
49,223
43,960
89,306
122,308
41,663
195,436
42,311
146,642
113,158
38,914
49,23
23,259
145,193
42,291
31,254
191,542
61,627
185,430
86,81
161,792
46,6
180,137
81,994
62,863
141,618
32,998
68,416
126,854
175,512
197,300
123,583
89,930
30,469
130,249
27,369
172,29
144,219
67,975
14,945
154,746
85,130
138,373
47,42
97,477
199,440
28,306
110,488
179,598
23,755
49,194
6,633
32,504
123,637
5,401
183,298
123,312
100,958
2,833
152,703
43,870
62,417
17,822
187,301
87,466
5,429
198,246
72,289
78,793
100,450
10,118
111,39
190,271
70,495
65,183
60,112
66,184
158,244
76,604
137,490
183,894
151,81
29,119
56,272
29,229
44,464
142,47
175,613
114,282
110,96
24,296
88,107
118,745
153,827
179,248
111,117
60,209
172,143
154,876
102,760
34,87
46,445
30,630
60,765
9,81
23,461
47,518
133,623
24,277
60,965
69,212
4,640
94,255
45,980
83,208
81,886
86,300
166,690
41,461
6,530
120,436
71,804
40,302
193,559
6,915
147,305
86,762
23,693
200,381
19,685
125,313
81,276
72,677
23,843
110,673
94,718
186,708
38,365
133,891
166,769
192,919
74,963
3,685
104,337
33,612
102,700
183,270
146,20
1,208
146,653
63,842
175,892
118,144
62,578
98,389
128,388
105,58
74,251
162,109
106,822
31,776
119,186
65,911
174,768
10,571
27,231
167,67
194,183
55,443
4,514
153,913
152,187
86,629
100,969
174,745
14,182
76,913
43,87
68,154
48,527
69,965
159,779
143,684
57,78
90,740
21,908
56,31
59,166
22,978
20,957
133,760
184,50
154,949
2,161
88,364
58,355
47,442
153,58
53,481
41,493
132,599
117,38
26,899
90,823
43,299
18,199
12,812
70,316
25,237
175,759
185,332
98,743
105,226
154,50
157,419
86,934
52,381
160,323
1,808
99,71
53,346
65,41
58,768
184,858
151,812
47,893
170,833
74,995
75,132
166,395
105,686
55,750
197,231
126,942
44,99
26,101
104,332
154,520
144,126
191,677
128,673
149,100
185,612
73,460
111,771
119,158
153,24
172,668
111,92
69,988
9,713
174,41
39,854
41,819
146,385
114,610
143,756
42,335
71,235
38,604
39,431
91,262
143,30
29,53
106,89
71,708
121,316
73,934
190,392
144,256
144,669
187,197
139,773
148,438
95,558
125,848
24,740
6,733
185,243
29,895
42,876
99,185
169,854
83,965
24,5
87,36
15,100
170,103
186,318
52,851
4,149
77,280
200,705
180,719
160,331
125,805
150,54
52,436
171,699
168,644
145,6
53,927
43,302
33,349
140,307
102,123
93,673
52,468
157,437
23,360
7,56
41,118
91,975
8,318
173,575
162,4
19,649
21,260
10,941
48,801
169,479
154,179
152,384
126,780
61,455
171,597
79,196
138,258
75,915
34,531
79,914
85,241
75,568
25,533
34,873
23,47
121,871
93,409
18,35
170,336
85,410
186,34
133,173
155,757
108,804
45,202
122,42
52,523
96,318
76,579
47,941
83,38
8,533
87,484
88,223
191,290
85,722
76,638
40,638
53,623
27,210
126,22
121,654
67,880
50,974
115,316
90,855
99,915
185,634
166,20
165,208
194,696
188,822
7,365
19,53
132,353
148,384
22,446
38,635
110,23
105,14
121,178
107,364
30,706
163,420
148,350
92,124
50,790
164,663
24,573
60,712
166,441
169,921
44,806
69,45
135,45
131,842
180,721
195,974
13,665
175,683
171,398
87,712
160,402
62,370
154,319
149,84
17,878
41,831
23,632
42,592
13,32
80,741
27,348
67,37
144,188
26,977
27,969
194,488
40,363
124,95
110,172
158,415
189,552
55,685
138,150
183,42
188,397
28,222
7,495
138,350
104,31
145,887
167,611
165,675
23,221
104,186
113,308
31,992
152,95
113,403
5,526
86,511
49,39
191,670
19,899
190,409
46,39
199,934
60,22
93,395
65,237
53,754
56,4
124,489
78,636
50,153
92,400
38,907
49,800
120,262
5,917
17,866
30,495
143,551
120,910
170,176
57,868
68,258
59,908
101,211
110,41
158,383
166,420
144,617
73,579
97,38
82,430
171,975
151,607
45,873
145,63
155,904
1,199
25,615
47,236
23,145
49,117
123,776
43,434
36,553
137,236
156,788
58,603
54,634
29,205
56,456
178,346
155,236
56,291
148,93
161,921
9,840
44,646
175,383
65,611
37,381
189,924
126,982
143,634
132,746
114,786
184,810
106,485
59,477
33,552
159,743
4,432
86,651
86,937
186,537
194,707
68,454
168,612
69,505
24,434
195,58
171,855
71,325
69,362
129,1000
171,472
163,836
136,36
55,193
39,747
48,121
101,904
195,217
84,288
106,314
18,19
52,847
51,513
88,56
52,351
134,516
28,556
67,771
161,709
187,768
69,580
120,308
80,81
138,783
154,92
40,178
2,5
48,133
40,600
47,473
192,918
78,767
29,384
11,600
75,756
69,387
115,118
64,415
112,733
40,582
168,771
6,992
14,149
183,981
35,653
151,419
130,921
14,987
36,129
5,702
42,254
33,740
117,403
113,837
188,267
44,925
164,633
40,483
85,278
104,618
160,596
3,459
48,512
199,21
27,334
152,356
36,645
131,89
154,206
31,944
109,504
13,980
185,756
184,222
151,517
36,559
42,339
145,199
8,292
127,613
186,487
156,485
173,190
144,472
192,373
106,428
177,25
14,669
39,190
150,827
52,392
145,490
159,794
63,164
164,199
148,787
44,234
142,504
2,619
53,96
199,456
3,480
111,318
194,9
79,225
98,57
113,975
6,730
133,912
42,351
163,410
155,467
144,801
77,972
148,763
97,695
61,878
190,80
115,238
142,678
199,258
84,223
103,477
75,343
51,277
143,818
85,917
50,437
17,867
58,745
191,236
196,247
53,407
124,965
178,972
190,615
109,518
92,662
128,868
11,209
35,922
73,704
5,852
158,398
14,31
59,844
153,724
109,310
62,819
174,598
35,549
73,692
153,420
11,539
155,160
113,880
21,52
41,546
18,377
74,549
8,646
84,769
90,574
130,353
109,480
35,194
99,493
144,228
83,343
109,825
137,351
194,556
169,454
182,367
183,91
165,353
154,273
19,352
187,910
181,72
155,215
58,997
33,447
140,886
192,493
77,360
180,68
131,850
100,862
90,595
98,380
160,132
134,87
47,510
149,289
105,873
89,851
45,904
143,790
10,198
119,973
9,273
51,229
186,357
24,844
38,939
2,871
183,375
77,386
45,40
159,204
157,993
110,303
148,921
91,126
159,455
85,274
104,103
85,831
130,879
74,143
120,448
196,655
68,907
146,538
118,541
52,756
78,140
116,789
133,454
73,89
169,388
149,415
101,460
143,618
62,453
177,546
168,779
153,510
128,459
162,642
183,833
162,793
137,342
105,661
78,931
115,816
94,423
130,316
190,549
195,16
48,369
89,737
56,686
4,509
76,181
139,938
101,546
174,405
8,548
60,973
161,997
191,88
27,762
158,945
57,363
141,154
15,793
84,9
159,49
163,821
74,243
146,914
10,929
97,255
32,358
72,63
32,930
107,503
99,107
194,837
102,402
142,365
99,713
28,589
41,840
10,639
192,246
94,793
68,639
78,318
91,976
179,833
1,79
171,232
167,324
27,362
50,930
168,347
112,195
168,892
58,25
177,110
58,660
19,360
100,854
47,603
155,324
96,36
38,900
177,30
196,813
97,554
26,546
32,341
152,50
128,220
117,622
185,795
9,417
31,270
6,959
23,509
22,181
99,769
166,393
197,669
64,862
36,87
180,805
115,190
109,229
59,838
190,715
167,683
168,48
81,435
62,719
64,718
54,575
157,869
107,199
193,741
186,892
76,880
138,680
121,178
64,127
183,618
95,27
38,368
70,86
111,309
12,992
33,591
71,728
185,863
153,583
157,225
187,511
175,166
71,632
149,63
55,758
186,791
151,896
47,32
68,708
90,452
181,775
43,368
160,176
75,370
6,634
192,524
181,545
143,787
90,868
132,665
66,491
199,461
140,473
199,229
69,701
92,529
124,742
108,880
137,27
98,547
190,267
78,815
193,442
175,194
112,526
46,957
173,442
111,118
61,4
158,179
169,708
93,335
194,729
115,160
131,142
50,936
175,15
140,448
70,632
157,924
78,506
23,204
132,491
137,752
47,215
157,219
171,632
58,103
141,673
195,493
171,762
39,841
141,821
38,634
171,104
154,757
115,907
133,269
10,809
199,162
200,950
161,844
6,774
136,818
17,546
2,473
44,477
129,367
23,517
181,332
184,857
129,160
145,322
83,921
49,132
66,239
166,884
21,302
140,309
50,280
144,64
192,482
12,332
133,594
167,258
1,265
115,644
37,10
31,482
91,153
145,801
105,286
14,456
31,220
72,645
146,581
56,143
128,314
45,37
154,668
166,275
99,407
85,616
122,35
118,494
182,523
183,33
60,228
180,374
145,405
84,175
147,665
137,139
83,900
9,244
80,641
148,28
126,908
179,79
104,900
172,120
151,407
179,416
155,151
28,921
83,937
147,289
96,665
24,137
58,729
65,621
140,181
83,131
153,802
93,579
140,456
125,752
143,936
43,488
13,787
144,950
163,268
55,207
12,756
13,91
78,243
112,860
139,214
184,962
173,850
180,764
123,228
162,824
162,987
90,542
34,894
21,76
17,686
168,655
131,110
109,184
30,198
17,662
127,328
142,282
134,911
71,452
48,83
172,519
88,490
85,388
158,354
146,753
157,863
142,763
83,80
168,13
194,80
192,604
179,898
117,788
164,621
61,800
120,458
132,233
77,175
132,215
161,713
95,358
103,231
180,742
65,679
124,814
25,570
20,171
124,572
121,521
24,32
141,605
79,651
171,491
116,602
90,958
90,817
13,117
6,714
135,137
88,265
79,73
70,785
181,569
9,967
90,317
191,584
1,419
57,98
87,678
150,611
58,841
124,912
37,429
92,634
49,400
49,952
83,57
44,457
154,129
72,687
82,411
21,18
56,214
70,196
184,63
108,957
183,276
75,259
173,621
40,398
121,673
42,148
8,241
95,668
29,721
76,658
69,747
108,183
129,981
43,562
197,410
159,299
52,547
179,658
75,739
130,949
72,762
133,549
80,272
85,160
20,471
6,867
104,109
109,443
37,139
73,443
131,93
7,684
83,220
194,174
185,332
169,244
78,268
76,185
124,407
182,93
140,501
196,712
14,180
59,130
98,547
141,405
26,667
122,638
86,418
180,906
183,4
144,773
108,191
28,886
159,31
66,706
101,736
188,788
3,71
64,81
71,613
102,351
193,884
4,277
43,81
29,627
35,875
11,553
5,561
11,182
196,866
11,694
131,700
54,915
104,700
83,388
105,727
87,306
187,531
100,483
106,301
164,729
87,76
68,650
22,43
36,919
187,178
107,526
155,491
1,28
162,714
169,830
14,843
102,605
170,208
160,383
178,187
128,824
25,789
196,946
14,296
101,770
85,954
41,976
159,554
173,979
188,559
20,207
95,280
86,883
1,458
49,519
117,730
59,848
110,443
65,65
90,355
91,189
78,721
130,252
185,657
39,814
179,717
183,18
23,711
106,929
75,50
89,285
154,202
42,853
163,828
27,418
62,628
19,351
127,414
74,547
156,343
138,934
112,675
183,669
28,426
117,450
119,50
102,441
87,495
193,420
167,298
171,115
186,53
115,823
78,573
73,60
141,998
125,682
29,325
103,938
34,302
170,681
92,340
4,544
159,188
40,734
134,217
189,528
1,610
14,570
101,316
112,310
131,819
63,212
20,29
172,327
173,856
148,552
82,128
144,846
31,756
112,517
32,646
131,867
114,2
191,200
116,639
73,161
50,871
171,428
19,78
190,567
16,992
86,183
140,132
158,888
160,261
125,254
193,905
31,232
40,322
37,651
34,722
47,137
158,339
8,485
84,669
133,360
119,248
181,571
168,651
75,588
109,321
161,685
80,575
173,864
99,60
72,894
120,930
56,251
158,918
50,457
185,738
184,836
97,889
143,60
99,84
38,787
56,963
104,496
116,944
182,6
15,985
121,137
20,671
103,641
182,653
38,228
46,788
169,953
63,295
111,349
190,944
1,202
176,33
161,852
132,191
7,749
128,610
193,480
39,991
115,1
183,5
118,988
14,114
194,271
21,437
1,200
141,881
118,195
173,407
129,958
73,597
135,434
159,268
30,815
69,458
41,407
159,157
34,285
189,842
125,335
77,400
27,188
86,751
9,516
139,318
156,976
74,207
186,752
31,219
193,178
30,816
138,199
109,191
148,910
191,790
72,381
125,93
69,229
21,762
82,481
185,528
191,254
16,704
45,493
120,967
94,302
92,134
56,934
172,310
85,401
83,526
113,885
138,284
23,17
167,807
66,638
185,164
25,698
103,148
11,469
90,145
137,415
27,335
129,22
118,901
148,367
137,426
127,844
158,66
19,780
51,411
142,291
75,348
83,852
90,485
155,586
147,535
123,792
129,981
179,525
142,628
44,783
167,781
174,274
17,267
5,749
199,435
195,440
3,405
190,102
158,186
12,130
166,934
30,322
128,120
139,546
56,268
139,871
101,575
25,618
198,557
170,578
24,104
15,243
132,960
179,691
57,810
5,919
79,761
185,801
58,163
58,288
180,610
8,468
171,985
165,217
52,732
195,702
70,73
18,857
174,344
22,458
111,947
96,216
143,912
96,218
12,795
95,801
113,588
34,230
5,602
44,45
63,732
111,537
125,503
165,210
51,950
57,549
31,301
97,749
58,762
122,361
81,521
180,573
129,800
17,552
16,817
148,521
154,801
138,15
76,841
86,894
156,376
173,725
177,642
38,160
101,472
62,51
178,195
29,930
80,271
74,708
88,832
79,777
182,901
197,444
198,873
159,269
157,147
174,974
142,943
187,180
51,43
165,619
13,574
138,710
33,510
164,661
76,154
63,477
139,757
178,207
162,839
37,213
35,14
198,903
73,569
176,601
9,276
133,185
126,809
92,192
113,588
156,805
169,163
96,573
96,88
50,334
85,742
95,369
26,218
198,406
101,873
39,922
167,514
68,127
35,502
19,909
178,533
173,859
65,985
58,381
200,921
138,830
152,770
19,405
107,886
51,345
47,586
177,127
186,804
169,819
167,13
140,823
183,74
86,394
16,586
143,912
105,604
22,462
113,28
53,723
103,610
63,161
1,861
145,986
99,407
84,754
58,420
171,693
11,565
136,744
93,506
128,273
192,536
175,901
187,729
162,295
4,938
103,836
136,771
163,564
144,412
111,420
111,876
83,317
42,208
20,969
86,175
26,384
175,864
152,206
122,657
100,343
31,332
151,717
14,521
164,208
29,238
145,663
112,243
89,849
107,415
159,859
55,314
149,1000
66,605
122,868
40,13
184,303
137,548
81,744
38,210
75,747
91,308
116,426
2,616
123,124
100,714
86,447
146,672
68,985
89,800
132,758
128,628
174,989
79,638
126,126
168,15
137,881
111,581
53,509
141,946
38,513
35,947
117,136
123,744
110,230
58,817
154,865
67,865
11,397
83,891
56,295
192,56
62,560
18,646
48,542
101,735
108,910
170,27
61,324
147,976
98,251
109,885
100,103
11,262
133,772
29,996
1,578
146,414
67,215
90,395
94,152
109,724
151,699
198,958
4,385
162,504
8,747
119,88
91,694
179,575
11,963
6,972
28,345
97,122
73,738
43,80
106,507
158,853
142,748
64,780
161,185
102,584
197,589
105,929
185,785
77,16
121,335
133,650
73,577
153,22
150,809
88,213
115,763
47,279
156,508
19,475
40,486
44,556
128,441
50,588
93,143
83,301
38,755
64,825
17,392
59,205
157,690
157,674
197,425
157,10
180,792
147,887
119,823
183,14
198,494
138,750
131,991
116,920
48,878
142,737
108,3
70,566
138,938
114,446
22,881
95,404
170,331
57,15
156,684
49,854
73,767
118,79
196,572
170,887
85,153
39,100
187,945
22,57
104,476
57,64
9,923
6,691
191,195
68,696
82,395
28,404
146,366
156,185
69,323
40,208
74,942
173,607
150,867
111,786
175,313
153,299
26,40
125,525
120,910
104,35
159,79
180,831
25,120
87,878
197,467
5,634
86,503
49,587
71,100
138,159
145,475
66,871
35,922
200,813
103,590
135,658
158,104
142,130
155,118
14,967
97,394
171,402
124,747
161,426
150,869
177,280
39,730
158,430
15,687
196,763
19,870
97,568
88,959
33,108
32,429
93,877
109,289
92,219
87,384
142,123
128,10
48,930
86,380
152,380
58,621
77,883
174,521
13,987
148,283
107,364
181,103
66,371
19,654
167,252
154,692
89,359
118,843
185,143
12,346
78,478
162,613
116,257
105,44
115,937
165,976
145,649
190,352
176,658
22,145
136,420
134,302
164,17
199,558
40,341
109,857
136,510
120,488
74,144
41,937
131,501
146,551
57,749
177,134
3,402
73,928
158,684
110,540
194,206
174,835
127,315
149,150
157,735
136,657
45,368
54,239
83,256
84,892
144,181
120,145
29,114
56,367
86,629
170,434
181,636
104,444
11,187
80,754
200,941
47,677
63,256
194,440
68,65
88,311
143,364
3,610
120,855
107,755
39,420
151,589
23,457
25,87
196,288
143,972
150,578
87,607
90,875
132,287
85,268
115,940
35,543
168,365
160,682
9,759
98,585
93,661
161,559
113,299
12,607
28,546
117,207
150,266
148,336
148,918
7,20
200,614
118,649
184,597
35,613
100,246
135,42
103,74
28,102
132,962
174,319
105,593
65,938
134,824
45,775
47,982
154,20
77,743
60,530
134,194
48,118
134,914
34,31
97,40
195,632
147,382
77,533
168,400
162,28
12,680
134,666
51,380
192,712
169,402
61,658
47,157
19,403
168,211
47,560
141,599
178,800
1,76
193,728
62,207
125,391
181,168
18,864
162,265
196,802
81,164
151,198
26,657
175,674
43,997
141,718
54,28
79,400
199,914
104,2
27,951
148,945
179,411
65,945
162,585
163,815
124,977
27,726
186,611
49,905
127,604
53,119
159,572
155,840
61,370
153,548
20,76
126,200
137,145
147,891
194,260
85,852
116,299
119,704
123,5
191,985
126,615
185,280
54,489
178,413
63,420
185,106
169,759
156,678
95,996
159,224
175,74
161,123
65,619
133,393
184,877
47,541
198,891
88,693
8,690
54,714
191,625
121,811
176,104
75,638
3,483
37,70
75,89
153,312
127,823
146,863
170,604
87,758
175,37
101,957
15,211
185,389
187,117
89,693
172,694
132,884
188,736
152,163
12,91
128,577
176,720
195,154
108,187
89,243
126,305
31,129
44,569
33,474
78,165
92,363
99,125
198,447
73,57
125,86
154,401
98,629
95,445
80,559
119,32
83,248
128,146
193,999
114,77
135,826
137,217
199,958
50,779
72,353
138,837
92,848
98,941
143,248
33,661
198,155
106,537
93,632
192,341
39,984
37,490
43,719
156,228
196,653
20,984
9,750
114,421
27,189
21,341
191,569
107,28
175,810
33,204
112,144
104,305
154,331
114,235
131,168
174,438
148,175
157,321
85,955
61,430
185,252
142,756
121,244
123,407
86,452
190,216
135,395
69,634
159,133
59,431
182,373
165,197
2,90
58,602
69,42
148,498
195,433
52,6
99,226
116,952
103,531
190,443
64,377
99,227
3,37
138,562
20,345
117,527
70,361
27,624
162,831
26,997
95,847
57,103
155,82
69,827
52,536
67,730
4,814
85,17
196,612
25,487
90,858
10,109
23,193
113,953
38,956
79,107
197,626
35,117
44,264
56,210
44,669
30,628
167,573
76,674
184,681
137,425
47,527
150,598
125,358
69,268
178,541
117,93
78,458
146,62
59,561
20,229
190,482
4,197
100,552
102,432
199,586
37,736
62,146
99,967
159,497
43,367
12,35
108,142
77,388
36,549
129,603
132,72
93,950
15,997
154,59
99,1000
117,686
14,532
50,729
78,897
8,694
193,719
110,791
16,480
23,481
120,473
191,103
85,587
194,834
162,715
192,578
176,179
61,48
165,195
61,491
185,407
166,313
16,154
70,820
90,953
42,263
139,651
123,229
141,47
20,785
48,944
175,747
123,191
167,8
178,866
117,722
191,740
198,440
20,42
130,871
13,867
31,289
138,77
170,377
67,918
56,331
140,994
50,855
180,913
173,899
157,735
91,890
4,875
13,818
195,122
61,587
48,791
159,301
90,699
24,222
41,803
6,202
116,494
43,657
145,9
158,938
30,364
168,258
43,598
44,839
178,72
199,410
76,366
174,746
163,735
119,734
78,104
53,951
16,844
149,566
74,522
35,703
157,878
142,571
146,634
146,3
61,639
96,24
12,773
26,795
194,787
24,677
60,369
176,763
91,235
96,791
99,276
61,862
182,541
77,720
132,715
129,774
31,795
145,346
40,812
156,798
38,995
81,631
127,240
69,815
105,322
174,724
16,955
120,905
142,60
27,14
159,32
182,699
29,448
96,622
51,527
198,757
12,972
58,290
113,164
98,479
152,36
13,580
36,497
161,489
68,131
79,205
107,470
1,749
107,850
140,958
26,916
96,760
200,194
99,901
171,136
156,547
142,180
197,650
56,447
185,307
183,585
182,294
176,756
54,736
104,896
143,117
104,798
27,209
89,130
157,352
190,853
118,745
103,899
127,656
104,805
200,272
59,206
27,173
135,667
63,562
118,184
91,771
30,104
102,144
96,371
120,370
108,118
192,479
4,177
136,545
197,466
193,87
159,824
73,825
14,479
69,236
59,101
59,671
86,375
112,533
183,746
78,965
179,358
153,134
25,875
80,237
94,647
19,908
71,159
82,3
195,966
156,455
192,793
157,569
17,865
103,431
100,870
34,732
159,57
122,176
47,145
123,196
81,892
116,651
63,498
28,434
180,654
110,686
161,266
4,641
59,89
21,769
88,114
32,346
129,692
90,688
1,511
85,628
153,972
11,101
181,103
188,38
71,248
63,441
82,104
94,925
175,254
186,494
175,892
173,172
113,241
86,155
157,658
53,739
87,416
113,772
173,66
156,911
3,798
133,856
118,130
162,810
64,398
82,499
150,906
156,10
68,107
143,263
187,738
88,42
55,404
65,766
36,774
4,354
50,368
22,495
176,813
166,913
162,910
144,386
119,211
188,210
36,413
112,967
62,423
65,168
166,83
44,655
57,702
58,573
54,470
126,130
2,28
134,316
58,121
44,801
196,468
59,127
86,770
93,881
78,126
141,604
131,219
16,765
160,846
80,964
113,835
183,997
174,196
19,357
12,868
54,427
178,900
78,403
65,255
184,779
141,992
121,24
181,459
136,228
124,171
150,842
165,675
137,382
37,103
74,474
83,501
125,270
114,322
19,190
135,350
89,755
76,507
2,994
15,717
12,9
44,641
31,277
51,530
146,736
157,336
173,96
161,223
119,492
139,307
64,715
149,482
56,38
144,311
114,32
39,304
155,562
153,228
12,618
112,675
131,359
55,588
174,928
55,524
108,41
82,506
160,38
63,376
154,424
45,134
174,323
64,530
141,185
21,86
145,516
186,26
108,566
29,137
159,184
155,843
143,323
125,158
170,128
66,220
37,348
146,798
20,669
33,641
168,441
26,33
120,240
138,243
121,333
84,467
195,663
72,406
132,821
185,625
159,374
125,715
13,726
25,269
58,616
78,676
125,745
31,609
95,332
103,338
132,325
163,150
119,443
73,879
55,891
82,870
199,381
78,876
65,639
78,37
168,735
200,595
117,808
72,748
50,212
138,831
28,321
53,222
9,593
48,917
102,11
177,830
65,539
145,930
65,774
86,211
78,845
101,500
105,13
152,312
153,899
89,765
40,153
93,349
9,441
154,548
90,507
98,172
142,480
3,897
71,657
146,264
55,673
175,959
131,800
165,169
165,458
25,288
95,886
11,44
176,974
160,783
118,911
113,997
191,75
2,787
180,14
29,808
93,2
103,964
199,97
137,911
138,413
190,922
101,134
150,227
89,504
20,123
5,865
41,332
186,129
97,513
48,461
98,173
72,321
139,195
37,156
27,866
85,202
180,649
188,665
103,358
125,332
171,519
39,33
85,666
16,621
191,824
118,739
165,655
53,278
13,571
9,972
2,903
62,601
57,719
183,480
67,433
34,152
160,58
147,761
147,148
76,101
63,388
129,947
179,558
120,800
139,543
151,703
141,813
177,875
160,604
173,260
179,558
169,462
198,180
124,199
110,929
51,456
178,45
86,354
42,465
165,568
195,274
55,512
192,189
59,491
5,443
38,723
143,759
195,192
187,60
57,259
182,485
146,34
33,254
66,605
21,293
74,364
108,640
17,969
71,12
166,95
32,465
144,376
129,29
146,813
184,606
84,65
7,541
106,27
122,6
168,533
199,540
165,191
152,270
116,592
44,20
2,75
127,873
165,178
183,3
175,720
190,614
154,377
83,981
183,155
186,585
60,980
152,255
56,288
60,439
139,331
26,930
36,220
193,329
133,952
16,834
159,457
13,425
149,663
2,623
186,820
71,984
84,564
88,953
50,934
158,188
62,699
59,16
65,287
47,838
18,928
94,763
27,2
138,608
15,745
8,342
18,356
196,32
79,505
67,621
41,598
118,396
95,852
121,416
136,654
150,479
164,822
39,645
40,355
144,347
129,774
194,498
22,890
138,701
20,670
67,37
93,845
174,852
20,766
143,247
147,421
95,906
22,359
153,447
166,32
102,69
43,862
147,631
187,177
9,951
173,689
80,859
149,290
155,845
127,863
120,69
195,493
48,942
107,75
56,62
29,816
80,541
55,55
157,327
84,897
170,570
107,889
148,788
25,865
3,701
142,432
22,937
150,975
108,616
27,902
76,288
67,305
176,177
158,584
62,852
114,909
17,62
123,529
79,982
92,739
113,156
182,489
116,867
26,301
47,463
72,317
74,180
155,820
98,876
112,893
90,134
117,728
9,600
73,912
65,222
44,25
90,881
8,626
49,153
180,318
59,590
70,50
142,263
61,797
79,224
78,294
21,557
57,496
159,254
42,584
143,373
47,64
103,629
182,682
54,8
59,594
41,628
81,152
142,16
59,509
179,192
126,181
123,909
199,309
97,201
163,448
129,999
7,470
135,859
111,760
126,730
63,871
87,465
160,224
18,255
12,964
51,881
82,127
162,726
128,696
25,134
79,675
65,737
63,352
187,144
7,840
160,904
175,974
161,696
175,94
80,118
98,367
108,889
19,38
149,302
139,780
151,611
132,391
42,860
172,25
49,932
56,466
63,761
134,261
69,565
152,691
13,277
56,359
51,337
101,867
134,911
16,962
184,230
41,446
173,654
75,58
109,352
188,727
122,467
137,84
52,927
113,514
18,294
123,449
198,403
9,822
174,262
85,835
34,59
67,211
85,963
10,816
153,510
180,17
126,913
129,570
70,424
31,966
144,853
113,674
17,717
149,313
1,503
10,99
70,935
31,36
191,451
124,248
188,456
21,350
128,708
184,489
193,146
153,431
175,765
7,217
120,426
115,64
32,981
5,805
24,514
123,289
133,429
138,887
137,477
9,706
157,741
117,873
156,570
73,112
133,695
96,368
48,683
39,183
116,664
58,373
99,341
192,621
28,738
22,541
157,539
117,229
182,652
74,547
4,21
128,424
161,361
134,374
45,126
79,398
178,642
4,999
107,823
31,77
87,48
195,850
152,254
126,944
16,275
113,889
102,860
129,732
137,128
9,846
48,297
102,101
178,812
52,829
93,24
115,781
71,183
60,793
8,584
159,842
159,344
66,973
44,819
200,437
176,940
138,600
29,65
84,619
195,259
98,470
65,419
176,596
26,86
10,356
181,926
87,839
120,116
43,974
17,236
1,382
127,476
103,700
131,11
125,530
117,540
11,16
98,382
143,493
84,33
154,66
114,474
127,223
118,257
78,455
200,335
195,413
91,978
142,204
106,644
193,91
146,136
108,413
181,43
86,981
18,654
2,832
85,217
88,445
33,761
153,717
65,208
168,59
104,40
163,76
157,39
35,370
177,867
136,690
63,641
57,823
112,351
38,448
190,129
30,882
26,703
198,119
130,707
101,454
82,5
11,740
182,123
45,80
145,75
184,475
1,852
189,243
140,696
98,113
111,877
107,12
61,850
184,965
12,612
96,873
193,118
34,559
75,318
34,893
157,114
166,107
168,666
26,904
163,528
48,359
24,742
140,876
23,81
2,349
97,199
77,834
106,347
102,615
168,140
151,561
192,687
115,355
2,975
91,154
60,648
64,463
1,733
114,694
48,86
199,139
68,766
62,105
132,688
96,380
161,488
26,556
55,757
188,274
194,306
31,415
105,328
157,729
117,26
107,342
19,915
89,179
126,159
95,239
161,252
16,212
77,130
125,909
114,118
178,947
74,706
98,506
119,895
84,418
7,696
140,639
109,763
109,488
177,5
72,327
78,775
62,845
85,249
12,552
114,551
147,297
42,934
127,804
182,623
104,64
29,356
13,316
79,395
75,417
60,500
169,142
35,622
132,731
145,835
98,322
168,209
11,304
119,425
79,983
65,642
39,355
120,525
82,478
82,430
45,427
125,813
180,366
63,877
119,968
12,530
11,978
186,145
38,245
129,679
170,385
173,292
73,152
184,810
99,44
46,334
2,84
139,552
85,225
4,32
50,605
58,117
47,349
200,801
23,966
64,942
193,234
151,94
62,394
188,290
74,143
94,896
22,957
94,158
179,922
157,901
164,709
48,179
184,485
11,575
36,513
166,996
150,380
70,975
26,850
65,51
177,35
136,208
109,496
187,288
57,287
40,216
197,299
96,495
123,233
56,135
150,296
187,180
29,300
193,346
74,832
14,384
36,979
195,457
189,856
23,606
47,12
17,465
102,42
197,476
70,719
4,266
33,680
83,494
2,696
90,231
100,732
141,719
147,551
33,294
29,470
136,437
193,586
97,518
76,521
191,967
200,451
78,552
2,673
155,85
6,846
44,988
71,546
120,540
20,130
199,562
100,169
156,19
45,697
188,841
98,775
38,372
181,755
122,489
170,916
69,567
114,55
112,157
8,469
47,743
40,334
57,534
55,324
88,96
160,505
129,847
71,384
104,447
173,616
3,283
54,255
138,129
78,705
18,55
121,71
31,682
171,452
38,561
63,272
179,509
34,378
32,523
170,97
67,11
110,695
88,663
76,15
193,521
55,155
130,53
179,211
103,756
133,531
97,215
79,36
171,226
182,742
74,320
113,413
192,22
41,130
61,905
115,634
150,408
192,843
58,877
49,522
2,250
184,281
198,426
90,267
151,120
88,796
8,395
99,578
147,102
184,663
109,316
72,350
47,788
164,252
131,760
197,593
24,450
61,394
187,744
173,628
29,810
5,463
15,4
179,359
2,427
94,233
157,198
97,131
153,141
101,101
42,679
46,316
31,773
40,533
108,180
144,667
126,651
3,128
20,375
196,781
65,378
126,550
62,375
67,656
80,517
146,129
110,941
160,876
14,557
200,706
168,891
113,551
198,134
174,935
91,72
200,94
100,153
128,85
84,890
101,909
112,443
163,164
94,73
116,371
98,476
67,49
81,219
59,923
109,287
175,407
184,448
120,545
159,286
118,760
99,901
146,112
140,479
46,630
1,554
150,109
127,127
95,623
114,601
41,314
94,771
49,58
82,148
116,291
77,98
46,180
131,773
13,364
150,148
59,855
129,671
52,18
42,817
13,155
36,281
116,358
12,225
172,559
123,758
40,463
149,782
88,436
178,237
51,463
87,994
18,259
145,829
182,224
57,560
173,605
60,790
54,778
183,832
174,849
102,1000
105,199
170,97
181,96
164,899
88,628
148,887
148,619
50,688
80,996
194,922
157,137
86,538
73,617
92,565
71,761
62,947
116,40
47,577
58,320
171,856
10,733
169,988
103,508
145,206
49,283
180,926
98,257
137,90
99,438
39,948
69,994
42,311
191,82
32,864
187,640
19,848
191,162
170,793
180,86
17,605
167,378
38,635
87,328
132,653
179,892
174,703
81,410
107,661
113,886
120,184
84,471
135,142
133,191
158,536
112,335
77,404
62,132
154,364
164,683
4,862
13,414
133,674
21,572
81,98
49,595
167,2
137,292
76,468
164,719
94,149
198,215
98,776
184,16
56,495
177,142
61,570
56,380
54,834
45,199
35,251
113,392
123,507
118,310
114,117
73,18
11,581
43,187
189,422
139,293
66,833
126,55
120,687
183,600
109,974
59,127
133,812
151,449
146,39
172,818
23,555
36,467
195,76
69,380
133,883
144,783
154,146
30,140
174,27
190,115
142,933
101,681
150,37
16,554
30,261
79,693
64,560
51,440
149,77
189,394
171,876
13,568
11,137
46,436
33,547
187,115
96,844
94,512
146,882
119,236
61,322
22,72
140,706
57,277
30,42
83,282
152,159
36,654
9,160
124,750
102,40
65,165
27,130
138,459
154,604
140,396
148,981
87,140
180,641
47,743
180,708
188,186
61,266
84,445
108,559
200,890
89,31
197,172
20,381
33,351
179,846
28,498
85,503
187,868
43,700
155,241
27,940
138,244
86,584
104,697
198,61
145,947
152,357
35,899
4,34
34,815
165,77
117,637
166,946
117,147
150,149
185,181
22,383
192,89
157,91
163,412
65,209
56,28
199,368
116,443
191,754
145,133
169,54
200,531
13,565
168,46
128,714
186,666
114,702
50,360
144,885
149,864
179,743
41,268
72,472
29,937
1,275
59,440
79,965
197,228
177,163
37,507
56,2
166,710
126,244
104,81
83,972
5,912
15,142
185,377
51,609
110,604
17,248
100,492
6,463
54,261
182,451
165,865
3,604
196,928
106,782
66,812
107,480
16,990
18,861
75,504
174,978
15,567
60,30
169,505
158,464
15,62
179,916
145,843
69,661
45,426
94,158
165,800
54,551
140,149
94,214
60,564
127,265
132,449
169,86
135,887
118,482
109,561
134,459
62,608
186,205
151,847
152,607
140,11
158,189
141,2
178,116
47,690
89,264
71,925
59,998
30,841
65,643
132,753
86,259
110,422
103,233
33,301
147,343
94,571
135,98
46,407
180,840
72,922
124,77
140,463
154,897
121,361
28,88
111,88
8,729
19,342
125,72
61,198
44,613
124,178
169,634
110,404
138,932
184,199
111,995
39,955
28,933
69,451
125,392
168,7
4,498
181,537
85,560
48,907
63,785
114,581
21,836
166,661
149,444
7,396
121,270
41,386
57,686
148,550
158,983
38,946
99,539
68,749
198,369
34,798
40,274
146,143
186,486
199,20
69,609
126,299
51,83
45,213
43,355
197,407
26,861
124,492
127,545
151,167
176,780
21,976
8,971
137,942
69,553
164,522
79,570
152,555
181,36
9,783
165,176
125,485
49,399
150,488
77,869
113,307
34,419
100,609
39,725
162,804
155,690
125,316
87,889
177,486
75,184
39,843
169,111
2,450
73,682
2,922
32,895
106,61
159,372
57,525
4,569
105,610
86,58
176,989
144,736
138,334
106,712
166,220
41,903
108,467
22,721
76,653
72,56
28,369
115,563
171,795
104,469
150,321
148,744
71,208
163,990
138,257
29,679
85,688
172,397
73,366
36,477
50,389
2,760
9,638
85,205
154,145
63,376
36,403
170,76
83,397
126,114
113,355
15,430
156,144
189,133
94,693
11,610
21,439
60,920
91,302
30,410
117,36
37,6
195,338
65,504
80,501
105,112
105,681
42,48
56,31
181,279
197,423
79,990
143,745
135,858
130,91
135,455
84,876
182,725
108,513
18,444
11,389
17,225
23,715
174,575
147,128
190,745
145,494
99,89
26,679
104,751
105,549
4,925
149,285
29,97
196,138
137,173
151,517
3,893
178,472
16,336
26,188
182,789
20,148
44,757
94,416
127,141
139,720
145,701
2,527
28,24
112,48
39,116
35,770
82,742
134,8
138,133
74,723
151,783
163,674
11,680
22,756
142,655
183,35
21,318
145,433
80,466
103,645
88,527
143,385
46,830
196,879
149,115
182,113
175,704
89,500
75,331
193,728
145,457
3,872
23,466
142,301
56,171
63,290
149,98
36,748
39,306
32,625
124,360
99,491
27,227
8,614
178,234
75,636
50,89
117,244
17,502
54,425
94,87
48,253
185,372
85,775
30,80
76,252
175,877
197,849
10,47
76,187
19,209
84,780
11,117
189,22
156,552
46,814
43,212
1,11
63,845
105,322
153,973
106,396
56,431
196,968
127,399
87,722
18,880
79,779
139,92
48,238
85,923
85,169
189,163
40,967
114,188
12,332
2,627
198,67
96,181
34,52
72,19
2,813
199,969
1,109
121,169
13,590
174,673
75,566
87,676
88,218
89,625
157,570
161,142
81,784
179,968
160,167
146,846
139,734
54,971
115,208
42,984
138,802
86,976
179,780
173,735
18,78
147,838
200,696
5,161
111,498
91,262
166,366
87,126
166,195
102,495
157,362
131,208
103,407
19,571
10,987
177,724
70,71
143,983
22,705
153,308
78,267
131,904
76,926
42,273
29,665
134,803
81,899
81,247
101,31
73,780
47,87
196,872
94,25
144,407
88,264
176,918
167,597
67,91
38,914
131,323
189,548
70,425
191,1
64,234
123,40
174,19
87,371
123,233
145,589
133,333
81,874
177,582
36,798
7,856
1,959
5,697
84,214
73,338
22,258
168,773
124,297
61,379
146,131
142,854
132,337
35,688
117,577
120,970
128,519
90,61
190,414
196,118
26,137
159,513
71,79
88,675
103,857
10,518
87,864
60,398
106,311
2,307
29,547
3,723
30,452
51,356
185,837
180,954
75,932
120,544
123,438
121,862
45,343
126,141
183,242
39,797
147,228
42,211
131,745
110,72
182,985
134,528
98,344
140,85
29,970
136,403
146,909
154,454
57,969
67,843
175,517
47,900
27,483
135,154
14,561
24,591
168,14
81,446
66,947
67,481
97,667
144,987
42,532
105,566
89,200
60,917
78,148
109,842
139,456
76,685
171,309
122,746
62,470
104,655
148,532
198,952
113,389
179,819
88,207
182,291
97,535
78,263
24,90
193,150
95,395
26,762
18,818
102,28
45,555
181,690
71,119
118,685
55,397
70,627
194,22
115,129
150,138
92,636
179,619
88,795
4,177
59,595
130,933
117,901
110,562
115,241
181,870
40,61
168,5
15,586
163,158
134,192
57,396
168,751
165,168
97,650
119,92
190,264
195,9
114,691
150,321
17,744
67,388
171,257
58,203
196,708
71,871
150,136
66,13
78,329
125,505
114,992
132,656
11,738
46,706
80,393
123,212
195,76
134,427
41,837
71,707
5,564
62,231
107,394
95,322
60,510
166,252
52,404
136,947
178,372
74,125
86,639
100,490
6,881
135,386
160,733
159,353
35,926
103,547
196,930
134,987
52,814
32,798
157,159
87,96
53,864
197,933
38,878
28,259
109,302
180,798
144,651
118,555
2,983
99,861
112,332
9,246
188,901
123,748
92,946
72,45
200,56
60,899
184,262
170,231
113,470
81,63
102,319
148,538
178,306
86,748
168,820
64,755
84,778
37,174
199,292
36,734
180,186
70,50
185,930
199,742
195,278
124,608
54,722
135,146
196,692
11,453
168,280
179,538
89,301
185,605
171,166
16,524
8,759
185,581
72,837
67,445
89,382
110,578
108,974
129,771
123,631
11,651
133,761
124,481
132,919
167,747
39,642
129,692
151,209
193,487
46,45
136,157
98,298
153,868
121,364
36,186
107,66
20,222
47,859
35,501
183,987
133,474
14,239
28,225
160,589
65,374
122,983
137,782
11,601
147,544
30,93
180,586
155,195
22,538
55,46
180,800
54,999
121,380
183,164
2,444
77,591
19,261
167,943
30,271
166,287
176,7
111,876
196,4
171,493
137,607
64,430
31,180
85,976
182,874
71,165
59,528
178,128
142,109
114,665
105,148
87,953
14,575
23,154
184,111
144,439
134,441
154,919
181,15
81,159
82,275
47,560
114,104
33,431
104,37
11,540
30,563
66,537
66,75
192,579
195,660
173,710
26,525
56,8
42,254
140,211
74,646
56,930
133,58
132,426
125,499
60,922
77,891
170,183
74,301
119,918
150,869
38,346
152,550
154,361
18,602
160,459
198,279
108,300
37,680
81,391
72,611
89,919
42,969
23,451
31,573
81,852
101,320
189,632
23,320
16,278
24,622
119,515
106,1000
172,895
52,844
181,229
200,839
34,801
30,852
16,284
124,294
60,176
183,731
75,228
127,434
87,188
158,938
26,808
162,267
18,880
86,820
87,763
103,855
163,466
41,986
66,309
133,887
110,630
187,569
86,928
114,444
21,397
191,386
162,857
56,498
74,150
71,482
34,45
4,383
51,81
59,554
163,467
148,96
75,527
157,190
40,765
21,134
31,434
20,68
141,496
126,443
167,120
115,958
127,71
101,196
18,69
89,337
134,552
165,555
141,461
191,403
47,142
35,610
129,715
24,824
197,538
50,10
189,397
194,832
133,646
199,790
70,504
109,169
108,246
96,460
40,797
164,940
24,501
136,181
116,18
8,110
157,472
30,388
121,259
50,649
96,75
68,865
186,594
42,40
48,925
196,448
158,279
66,430
58,371
13,125
146,220
10,240
158,57
41,830
155,63
171,116
120,760
125,708
86,396
88,437
119,684
74,69
10,475
59,730
3,391
119,108
154,157
68,467
155,656
93,397
101,937
34,577
32,804
64,155
62,654
107,317
1,119
28,868
157,962
130,586
83,658
50,645
100,777
114,303
185,861
143,881
90,986
141,453
122,319
71,687
66,865
159,114
27,536
81,137
74,786
39,732
155,292
37,48
14,815
148,271
179,477
48,929
193,84
78,665
135,142
94,451
54,464
42,326
182,183
52,898
55,477
38,320
30,38
67,765
4,430
151,170
41,638
32,900
90,859
195,752
75,551
22,410
69,902
55,694
162,470
192,664
58,604
200,87
188,441
188,125
164,794
54,398
66,493
47,24
125,269
92,849
55,286
59,209
162,47
30,970
128,991
149,132
123,920
198,821
34,450
57,496
137,591
199,946
69,287
140,782
9,75
163,608
148,709
122,519
180,14
117,687
51,103
84,562
88,118
13,503
158,441
41,11
139,663
133,257
124,49
63,778
85,597
24,338
29,745
180,631
39,836
166,427
197,346
173,887
140,550
14,503
182,304
179,198
107,332
26,793
17,655
23,63
114,293
191,421
147,386
70,732
100,490
193,527
180,772
34,967
173,152
157,485
127,76
3,500
199,60
37,722
102,31
6,470
146,190
56,993
39,32
53,738
169,35
91,269
94,281
13,493
134,267
20,82
55,485
184,574
156,748
79,248
96,308
126,553
60,63
163,587
133,103
129,603
34,236
94,170
93,283
164,770
9,776
130,259
154,224
63,267
40,921
179,716
76,106
23,899
154,307
13,413
117,902
68,228
188,311
118,29
191,524
98,62
131,219
108,599
54,823
195,190
66,552
183,486
85,819
150,79
198,604
17,958
118,478
51,920
182,496
60,571
172,617
38,4
104,103
141,307
127,389
148,499
116,71
147,142
94,681
61,14
8,792
109,981
107,257
111,837
74,985
105,801
115,619
162,640
130,265
69,659
101,49
182,220
34,13
127,421
3,548
113,171
130,654
78,634
49,434
10,278
148,867
11,864
120,948
125,928
111,59
33,194
182,548
154,658
132,278
182,350
135,974
186,735
152,879
119,114
107,683
108,137
102,779
67,728
163,69
82,696
41,917
138,294
198,190
58,794
157,719
45,74
19,88
99,392
149,202
133,314
134,125
43,656
173,695
30,586
124,286
195,582
63,39
81,800
72,252
140,996
169,498
138,797
122,898
84,992
9,521
47,934
141,182
61,602
69,395
20,392
142,564
42,380
122,783
150,202
182,389
12,843
88,179
83,159
174,343
47,629
142,644
82,271
87,623
50,441
72,229
154,388
146,611
37,4
27,509
179,924
114,689
118,722
148,155
108,519
165,437
7,318
68,794
95,691
114,132
118,934
108,289
113,182
108,226
195,382
189,701
117,163
9,635
172,640
175,666
54,40
9,826
109,841
182,71
94,284
35,51
168,434
69,267
152,594
98,367
10,384
106,183
159,976
8,902
1,888
86,40
124,531
116,117
151,170
140,511
76,930
113,423
176,749
118,64
138,466
139,932
126,672
78,678
9,67
95,960
193,538
51,520
105,784
57,49
26,471
156,395
9,743
195,18
49,534
110,520
134,887
32,381
155,552
172,268
15,801
111,424
104,403
138,391
57,612
35,11
59,315
47,575
182,957
64,925
48,957
47,433
95,6
141,740
178,218
14,867
24,914
72,329
76,609
120,834
120,726
34,793
190,883
132,743
118,515
118,978
132,237
177,62
188,831
93,415
51,95
200,293
193,426
50,115
7,721
151,423
112,631
30,713
57,145
98,269
15,814
61,128
152,749
131,309
153,53
181,782
139,451
115,770
186,671
73,766
120,2
48,668
104,968
180,420
91,880
52,132
7,902
177,25
8,747
80,745
4,984
68,814
167,340
172,113
135,701
61,337
24,176
184,416
122,464
103,750
124,735
139,79
137,415
67,312
105,215
171,566
174,419
8,758
180,994
128,894
86,114
22,15
156,422
153,228
117,799
129,150
96,911
35,705
57,115
28,117
115,716
89,279
193,861
31,464
170,203
111,883
144,181
31,114
95,109
198,868
189,96
118,296
188,660
88,785
79,8
2,109
153,884
179,808
23,236
150,718
125,318
50,142
10,395
35,824
87,513
170,705
163,684
19,427
180,458
100,151
76,419
17,669
100,793
191,202
97,71
173,104
106,821
179,124
133,449
60,413
190,454
159,998
184,331
141,734
54,926
68,237
154,127
44,470
51,445
110,902
121,132
118,530
193,43
8,935
64,177
139,287
196,759
24,857
36,482
149,558
25,768
182,142
117,628
93,90
135,599
57,515
190,452
23,82
166,276
76,102
145,652
120,873
200,500
7,482
197,293
192,934
198,742
98,724
188,760
58,530
136,295
185,530
110,207
129,38
64,343
140,746
27,103
162,177
47,276
11,917
146,528
155,859
171,1000
8,442
185,295
21,493
64,72
25,259
15,743
1,138
173,692
64,220
134,556
70,54
60,817
193,69
199,689
199,610
149,772
57,586
129,197
166,529
134,665
104,512
82,491
115,666
111,644
150,255
192,865
121,703
51,234
117,730
144,193
107,532
179,248
172,488
34,69
85,159
114,727
48,686
61,626
31,840
27,162
114,50
115,64
177,886
30,538
78,842
102,626
12,414
20,72
24,593
99,3
70,642
79,674
67,74
91,335
162,528
59,341
130,672
192,56
1,194
41,147
174,60
148,447
170,639
118,590
125,493
65,786
35,685
104,826
154,724
82,261
83,989
99,228
195,96
164,88
52,628
65,556
87,478
22,785
52,550
28,189
200,459
53,774
158,889
55,806
42,286
48,892
97,9
64,885
181,122
139,723
27,509
105,822
186,778
17,758
18,486
19,293
189,800
85,44
85,674
58,355
170,691
54,278
120,845
60,985
169,835
3,811
25,732
83,907
49,228
15,870
67,674
12,725
30,478
1,893
156,767
88,760
142,248
128,983
148,866
161,522
156,863
109,488
108,824
139,5
143,126
24,909
3,607
47,553
159,179
30,86
111,28
70,570
57,427
9,20
4,962
7,19
134,428
152,606
132,23
40,846
48,868
35,203
99,666
124,855
171,131
56,569
54,813
195,173
107,971
46,990
199,297
37,786
167,797
63,24
64,367
174,547
153,238
130,82
9,220
43,533
71,322
103,209
89,920
71,5
107,79
129,686
179,180
128,344
143,268
113,74
153,985
86,482
187,34
106,411
186,664
177,504
11,370
106,914
10,762
138,242
11,835
53,898
63,884
152,25
25,425
117,845
128,753
97,902
170,253
165,594
29,307
182,457
63,603
130,939
144,304
72,478
116,300
117,713
196,398
24,945
35,791
53,320
33,909
186,666
84,648
57,459
30,225
46,663
169,867
34,593
89,57
187,299
121,281
151,416
114,492
171,675
121,965
140,573
30,511
59,471
157,867
199,925
137,296
94,514
130,142
22,616
134,695
25,463
143,581
75,659
152,2
160,2
77,187
10,166
124,674
44,981
151,431
13,330
127,438
95,219
189,234
107,609
92,900
184,971
5,719
182,492
171,54
47,457
184,669
4,573
28,526
93,811
64,447
2,482
53,365
173,913
172,670
186,57
70,316
87,285
184,246
78,169
142,377
172,734
101,514
191,935
114,103
40,817
173,534
110,171
71,832
93,49
141,638
134,327
32,701
115,913
45,192
154,207
59,768
156,532
3,391
59,631
43,199
83,596
63,770
182,892
6,620
27,412
138,295
173,800
27,97
62,446
199,362
149,345
16,544
16,298
28,442
93,843
110,800
140,963
96,881
88,673
120,153
51,467
13,626
38,233
8,399
141,399
15,875
53,648
67,59
196,268
91,543
12,716
153,79
157,619
142,629
156,988
51,997
78,820
2,371
112,489
11,875
192,927
39,776
176,58
185,614
28,909
91,469
135,494
63,433
30,530
185,55
37,299
94,511
76,679
15,299
167,359
36,387
30,729
199,201
182,988
88,555
3,226
139,394
138,582
93,458
196,709
14,104
103,12
167,715
68,731
198,660
95,733
30,705
180,993
131,865
3,27
16,369
22,721
104,896
61,817
147,29
59,498
148,613
106,484
39,396
192,412
169,700
21,697
59,563
191,348
159,199
44,381
150,326
129,133
71,179
190,123
131,918
143,425
124,96
176,710
163,367
27,641
171,183
199,266
24,727
133,636
181,875
92,737
144,336
177,327
96,406
181,168
41,940
97,223
171,873
147,83
119,14
93,474
64,380
85,780
80,202
15,434
110,423
139,79
102,88
13,830
20,289
140,734
6,912
48,898
59,50
23,483
55,428
119,797
35,319
113,226
134,587
9,389
71,50
135,89
36,934
186,424
190,168
121,854
178,378
121,216
26,778
36,405
125,587
168,640
113,281
62,541
96,890
54,868
196,408
194,929
167,436
197,372
11,489
56,785
117,816
182,450
134,896
20,498
193,631
71,380
183,421
65,261
190,240
18,210
8,793
25,55
67,680
55,69
106,746
161,694
194,51
101,707
84,909
156,274
137,315
87,335
62,789
159,602
179,901
55,551
8,390
7,509
43,168
38,455
184,30
34,261
92,431
122,177
44,526
62,968
186,603
183,935
42,621
33,40
63,978
49,583
140,362
83,105
79,207
116,544
138,215
35,83
99,825
170,249
26,860
53,771
32,155
35,132
144,645
131,519
56,769
66,866
121,658
162,716
131,714
91,239
113,531
141,185
119,528
190,159
90,107
37,847
89,602
156,181
169,977
6,855
156,493
118,277
80,463
183,837
85,223
168,134
18,773
14,502
171,991
136,483
14,189
20,986
24,167
198,172
178,634
137,797
50,736
126,459
63,991
57,79
45,523
28,721
199,246
33,328
50,903
181,690
80,650
13,118
78,721
103,648
154,702
137,461
76,476
177,863
97,648
110,314
29,89
23,76
63,219
141,390
21,294
128,667
125,103
158,597
4,734
195,115
193,973
66,812
150,128
92,206
77,986
145,609
6,661
61,401
54,381
105,62
59,411
78,481
5,56
164,628
49,109
28,916
10,533
187,107
167,114
192,779
151,301
188,686
142,578
159,639
113,71
16,438
75,731
106,969
160,45
8,576
20,673
186,983
89,625
116,784
185,681
73,923
160,148
172,557
53,525
45,5
10,992
125,653
121,511
84,327
126,633
114,440
141,828
93,608
95,160
29,637
122,991
164,521
47,751
43,580
155,674
132,283
128,193
91,454
58,993
197,272
181,27
42,623
199,325
150,333
38,179
43,838
32,226
98,903
83,629
121,715
129,667
51,480
174,198
134,254
140,979
121,350
189,734
87,287
89,139
105,270
56,708
180,767
37,785
137,737
138,518
88,350
21,188
55,686
26,977
103,397
90,327
119,418
65,108
173,74
20,344
88,723
135,696
117,747
39,239
138,842
108,38
164,304
78,4
116,3
147,974
90,857
200,862
114,293
158,37
115,924
45,655
34,90
41,12
198,949
178,42
90,742
153,201
8,102
1,308
176,425
31,296
6,931
9,962
127,445
160,266
60,499
37,335
118,887
117,912
147,728
77,142
119,942
78,141
116,141
171,29
98,521
107,745
75,594
94,184
27,406
101,396
113,51
158,33
13,595
69,601
66,519
109,352
104,422
148,67
197,538
174,888
114,133
181,209
151,4
37,927
4,237
90,250
99,413
9,869
118,867
27,836
140,147
124,702
95,252
164,747
173,818
60,965
15,208
121,161
145,81
58,540
67,92
107,701
86,946
158,993
191,799
145,961
144,939
171,507
63,112
126,428
132,896
154,223
155,291
134,951
46,837
117,393
81,694
125,865
24,885
34,73
186,141
180,724
163,930
12,709
197,235
29,850
159,682
125,772
164,189
138,32
43,72
89,137
142,225
22,339
100,206
145,186
58,873
78,306
51,779
200,936
71,664
199,36
111,314
176,794
40,609
131,308
185,622
75,66
48,377
87,563
137,807
171,474
153,56
185,441
21,808
120,317
69,4
61,971
186,154
187,70
38,537
194,151
92,479
26,504
111,814
186,781
8,596
176,728
177,418
200,444
59,409
75,544
122,122
43,452
132,412
60,45
93,711
21,240
188,85
170,839
126,612
173,669
65,114
186,343
58,51
153,974
58,562
24,311
7,869
126,945
179,863
14,991
16,502
110,860
178,578
31,729
94,812
162,539
107,198
163,945
10,811
89,164
48,718
103,637
37,20
53,851
133,310
138,611
97,277
69,917
89,746
53,475
194,501
171,938
28,821
36,243
64,621
68,261
189,570
149,217
60,947
134,384
40,323
82,572
44,526
120,716
108,731
158,71
68,624
166,197
162,317
76,841
29,172
75,27
17,527
143,247
168,530
29,880
96,865
147,588
187,961
53,718
117,954
58,831
18,64
118,984
136,66
114,336
188,90
110,332
72,986
61,518
180,295
181,778
99,1
137,77
184,125
101,842
7,961
68,20
108,183
120,757
162,434
36,597
160,99
68,6
157,64
86,582
178,923
119,58
189,471
102,666
74,82
49,431
188,439
29,310
43,835
176,977
26,157
165,365
128,793
66,491
110,183
4,130
53,856
1,932
124,694
72,222
33,176
162,971
106,938
177,419
134,941
192,292
11,174
22,928
191,152
35,131
58,136
2,262
68,780
28,471
121,226
166,193
117,563
86,384
85,513
26,201
42,907
120,445
85,133
90,3
119,638
62,769
53,81
94,959
95,911
20,877
24,113
17,271
99,622
155,573
199,270
184,488
21,273
125,790
48,848
118,610
149,581
32,231
177,740
164,112
117,626
142,756
169,972
89,444
76,661
23,62
104,427
26,761
123,890
139,689
34,627
90,745
189,621
84,566
128,976
119,544
110,898
37,635
142,546
157,198
190,587
87,156
109,349
89,295
56,975
12,204
119,655
174,337
134,14
3,944
70,115
159,506
63,768
11,226
160,322
94,627
74,400
179,440
1,206
65,375
151,6
64,922
27,723
21,833
148,723
185,479
86,101
47,184
193,559
55,491
69,181
95,738
173,979
15,984
116,115
45,987
178,366
22,21
166,51
75,15
97,618
165,464
16,674
81,205
27,433
47,910
106,751
42,201
153,695
169,616
50,190
119,755
197,467
94,427
34,104
27,295
67,877
85,198
65,442
68,141
21,383
107,331
76,369
51,115
160,812
74,650
193,505
118,148
41,794
114,531
61,799
55,886
87,317
20,698
125,682
196,716
176,786
159,500
191,262
52,114
200,724
69,593
109,93
69,184
19,827
149,730
169,542
74,38
6,565
64,313
116,6
75,575
167,77
117,335
117,877
191,506
123,254
39,430
85,443
22,687
92,183
28,900
84,348
141,727
122,755
172,20
29,697
145,477
199,349
173,406
65,731
67,431
130,439
82,148
54,641
40,528
173,78
112,93
176,980
46,732
11,725
193,462
45,391
124,421
132,190
41,199
89,260
135,431
69,773
192,570
137,812
12,439
55,821
190,838
100,37
21,491
162,37
187,281
178,614
34,336
79,711
98,784
198,993
144,548
61,349
185,880
53,38
77,338
117,378
127,351
59,577
195,186
189,259
168,102
3,885
48,455
200,377
114,826
163,283
106,689
81,841
83,981
48,947
17,298
172,578
125,56
157,884
122,418
19,748
42,188
152,561
116,209
61,969
43,635
180,925
48,842
65,586
89,671
109,948
164,805
75,112
27,611
73,4
156,60
38,986
79,312
5,929
2,600
133,460
58,929
63,580
190,884
40,830
178,555
34,861
48,699
90,93
4,405
186,580
99,194
136,897
95,467
34,41
113,218
26,154
40,824
195,925
30,82
198,704
75,61
46,295
155,643
100,633
88,955
24,197
146,58
89,459
139,632
105,824
187,261
112,394
107,323
52,131
150,453
121,161
87,547
77,294
111,633
47,660
47,492
29,360
101,593
19,431
2,451
119,735
146,237
124,828
92,578
66,105
198,801
94,603
61,704
11,156
80,474
187,346
97,44
58,133
86,701
200,165
35,382
52,37
176,656
130,451
142,319
87,685
110,620
107,676
163,29
29,187
130,226
146,20
7,344
75,584
90,319
23,242
44,219
110,537
36,693
74,775
195,251
134,574
113,71
45,907
193,637
138,337
178,878
109,990
197,934
126,552
146,371
178,972
163,575
51,708
14,25
164,554
91,261
122,145
184,124
100,218
29,27
144,423
134,127
8,577
63,469
9,241
147,995
33,541
181,172
4,244
19,51
46,542
26,624
177,732
73,390
145,272
40,585
153,903
156,257
65,596
62,70
33,581
66,936
183,4
105,742
149,973
47,993
129,333
75,379
36,423
84,499
61,448
124,853
60,249
76,418
140,900
166,70
197,514
187,96
61,367
165,122
79,649
97,13
156,660
138,842
65,555
166,322
85,361
91,488
85,488
175,648
41,129
193,638
149,292
77,902
188,608
190,109
112,46
52,299
92,619
138,859
58,572
27,467
69,90
54,158
121,855
124,264
156,789
24,160
119,676
195,152
131,312
12,40
61,77
84,840
157,1
147,611
66,250
38,685
118,220
138,758
108,903
33,825
169,412
124,897
11,467
169,980
177,245
155,151
7,856
42,75
71,700
129,569
152,643
99,291
159,445
88,976
41,900
37,857
101,771
115,630
87,566
51,960
81,702
99,476
43,951
178,274
185,712
30,304
65,156
108,320
57,185
152,596
137,233
9,329
118,530
8,830
23,872
75,579
124,244
191,207
25,598
28,671
108,688
67,356
23,381
32,280
186,90
122,417
196,441
64,667
154,132
118,250
108,102
114,686
99,775
198,850
58,465
11,177
165,671
45,29
190,812
4,64
133,585
144,969
98,154
161,888
46,762
57,692
146,284
33,426
121,605
6,235
113,749
189,939
97,857
24,12
125,253
158,158
7,331
43,690
172,902
29,693
82,50
41,438
81,938
75,804
66,209
174,709
150,397
154,891
33,549
16,289
16,957
184,969
195,275
200,846
20,579
48,53
36,464
197,694
196,984
11,299
47,883
55,750
123,1
175,102
89,724
125,653
36,119
66,375
199,321
130,668
117,16
10,542
177,448
93,632
86,649
121,328
68,218
44,299
162,379
196,775
55,625
28,303
146,745
76,985
174,648
48,645
75,12
119,297
144,842
87,566
111,815
146,492
149,406
123,391
94,882
38,509
181,344
52,329
170,391
133,184
61,43
179,950
169,276
125,660
57,795
1,581
150,150
121,402
45,70
17,32
7,156
61,832
102,640
76,479
45,745
119,362
105,937
37,36
90,734
80,730
44,294
13,940
5,367
19,585
62,514
26,667
189,568
13,494
30,42
104,912
52,599
180,271
150,367
55,533
160,832
69,152
172,933
126,316
138,501
58,182
154,391
10,109
126,369
1,220
130,470
93,552
152,274
108,396
180,973
9,873
65,813
166,270
141,673
63,458
83,899
160,820
15,963
117,929
116,878
177,998
113,905
149,989
160,602
177,844
133,330
135,286
14,329
9,201
174,830
190,907
81,284
189,495
160,593
131,271
129,479
123,983
81,348
66,96
53,329
100,748
101,734
111,27
33,721
159,134
153,948
172,3
91,659
40,293
4,401
3,639
61,409
27,145
123,144
132,591
30,224
193,789
52,494
167,239
53,2
121,679
143,516
196,10
95,343
141,920
103,477
125,666
81,256
50,959
109,30
160,774
147,227
27,304
186,498
34,338
146,1
138,144
73,677
190,596
20,31
112,176
108,918
79,571
144,701
178,855
87,718
57,406
10,902
144,569
126,995
160,424
185,823
175,790
23,731
180,501
147,386
87,624
21,737
103,551
19,10
51,183
165,711
83,72
24,254
180,789
35,311
146,48
31,385
172,26
138,322
31,275
116,492
82,113
94,216
135,595
51,723
99,862
86,34
90,668
70,471
92,406
143,273
71,976
184,187
135,255
134,944
88,909
42,858
6,502
33,959
70,742
49,94
192,674
74,324
114,665
124,744
183,439
77,641
27,150
165,811
178,282
27,651
2,465
23,267
112,377
22,480
114,791
184,907
196,427
37,858
17,491
