1250000
143,929
115,7
56,929
100,530
103,50
85,951
14,403
61,43
102,406
62,445
3,380
12,133
188,544
165,90
166,649
110,273
3,639
140,602
31,12
56,601
12,607
31,169
16,825
190,243
164,30
37,374
35,24
156,269
87,162
177,205
197,966
118,776
95,583
120,713
153,376
60,879
29,589
167,845
48,993
101,43
13,639
184,547
111,45
35,884
119,358
127,957
76,678
83,264
70,646
152,975
36,45
82,293
192,571
155,289
178,293
85,231
132,93
32,571
5,646
144,124
184,562
153,399
90,645
90,543
55,291
73,781
85,408
104,161
43,612
176,380
39,127
127,632
127,54
81,717
105,390
4,241
105,106
108,861
36,318
139,434
8,459
3,304
115,885
164,158
194,432
104,17
34,202
91,819
17,375
130,374
7,73
96,978
51,698
2,70
113,236
174,744
163,974
24,434
128,829
25,324
109,56
89,540
113,586
16,383
34,184
66,310
20,215
63,605
84,315
114,581
68,58
182,385
68,750
191,375
55,100
175,832
82,712
120,598
14,327
186,472
32,587
189,82
195,659
135,653
148,545
102,446
191,960
77,868
184,415
149,220
110,339
100,907
32,568
61,200
83,731
156,507
68,643
172,573
118,406
141,978
2,384
176,480
13,791
48,994
63,764
178,490
122,821
188,91
139,272
63,877
2,826
165,103
145,191
42,27
155,369
111,501
62,223
49,871
37,707
181,619
179,491
55,806
175,137
54,580
104,297
67,41
48,890
144,944
35,330
62,782
42,836
102,958
118,386
159,881
152,669
48,265
43,450
122,941
61,637
182,164
58,739
137,889
87,668
37,48
35,245
176,187
6,590
25,258
177,1
17,434
158,194
59,780
45,529
72,301
36,218
77,507
169,73
155,606
135,153
156,10
173,495
85,840
83,883
22,337
69,707
88,130
100,59
114,332
112,583
177,624
160,72
52,565
57,128
8,4
184,853
101,808
73,252
55,690
40,189
199,777
111,641
186,798
39,936
33,505
116,479
120,224
53,962
20,425
186,519
180,984
9,978
102,412
77,748
123,29
114,4
54,572
93,54
61,388
9,344
158,321
44,639
129,816
78,139
162,295
22,746
10,656
122,811
182,305
187,55
34,920
127,277
5,692
166,890
112,485
195,376
130,172
110,465
108,142
96,583
1,863
111,851
41,15
11,251
181,415
49,825
131,679
92,650
104,905
68,969
106,747
19,290
147,459
69,323
153,498
166,601
54,107
134,948
56,602
179,789
147,696
125,767
148,859
139,726
72,863
154,809
20,264
154,936
181,519
110,36
151,758
159,911
81,834
81,15
73,612
180,820
170,213
37,844
107,794
112,304
56,131
34,764
57,999
152,264
98,104
34,104
41,736
141,600
181,957
137,825
167,77
170,888
27,338
158,296
144,956
87,234
65,17
2,717
19,187
176,462
112,760
179,942
42,141
50,837
152,996
136,721
78,962
128,308
45,847
164,166
88,408
184,473
192,517
179,504
17,868
132,793
129,539
37,931
33,210
116,539
165,560
167,495
15,338
169,560
75,70
100,535
13,394
179,79
188,205
179,741
66,590
165,379
103,314
120,766
148,614
138,996
70,401
7,772
174,333
132,439
176,455
160,276
146,794
100,198
174,555
62,995
1,877
159,879
114,158
52,405
31,52
140,61
147,902
37,428
22,394
103,136
2,102
108,331
92,923
82,751
116,701
130,417
72,339
128,682
134,970
103,331
84,770
195,368
127,361
26,990
45,261
121,442
71,6
2,54
99,537
115,346
134,806
107,828
136,877
34,299
175,59
92,74
107,392
91,262
84,110
40,180
66,883
78,267
18,789
132,603
157,484
76,6
37,821
52,207
136,417
137,437
5,525
199,239
82,841
121,889
11,748
17,464
6,982
63,419
50,47
160,306
69,158
55,525
165,422
16,178
12,817
178,341
188,50
139,627
189,548
58,32
156,796
72,765
18,218
69,685
149,13
150,789
111,654
17,844
156,488
153,497
148,899
125,139
70,345
40,569
69,113
54,372
100,625
70,540
4,306
82,937
11,476
53,363
193,789
97,770
177,504
77,522
4,587
83,511
164,655
58,587
65,694
5,910
87,599
161,780
141,47
36,674
111,2
44,735
158,257
70,151
167,893
12,821
60,993
24,363
136,615
196,144
86,534
72,626
5,480
49,865
80,158
11,233
25,578
191,451
171,471
121,293
137,448
118,372
157,375
30,673
80,69
132,921
109,756
69,931
176,536
185,163
52,4
129,535
194,742
34,860
156,328
165,533
102,714
132,826
71,109
147,431
41,251
166,785
57,173
110,32
189,659
93,740
141,386
184,638
194,287
43,471
108,859
124,300
133,215
26,870
114,198
180,3
99,413
47,864
152,219
169,990
165,937
175,89
96,95
136,946
196,93
120,554
129,154
76,798
38,908
98,844
93,842
88,577
80,425
160,562
152,857
6,956
108,951
40,242
35,472
186,148
57,670
122,122
116,640
129,969
149,28
39,906
44,234
121,696
147,58
10,726
196,439
81,844
70,894
183,556
161,654
115,57
172,910
142,288
120,458
149,331
181,266
19,643
114,431
128,322
81,208
152,538
20,839
140,554
160,702
11,864
116,767
54,474
132,68
91,598
17,329
127,617
15,572
149,310
95,523
156,781
183,643
100,172
104,847
141,216
130,270
141,525
114,421
53,538
6,882
40,983
5,702
123,409
21,155
61,608
103,698
28,185
30,959
162,806
171,618
8,648
86,756
23,561
140,103
40,951
146,663
139,536
165,397
168,803
196,101
131,786
35,836
7,665
126,8
103,398
184,779
153,38
31,49
117,601
34,225
124,799
38,604
143,148
100,567
156,915
60,230
71,928
181,524
170,953
112,678
78,623
117,944
12,249
183,324
12,431
126,336
118,524
158,424
133,802
187,886
58,998
49,347
91,708
115,14
125,453
61,758
26,785
44,861
169,921
56,103
83,338
88,648
11,698
197,326
113,693
9,367
33,660
24,538
123,633
155,692
190,228
133,281
182,842
72,270
12,319
95,522
138,215
27,996
20,319
17,316
124,974
14,668
180,105
193,157
59,664
83,872
13,204
103,549
114,117
84,643
193,403
199,547
155,77
191,39
150,655
113,900
116,633
115,551
14,895
37,238
164,997
78,824
200,643
69,366
110,525
75,270
106,1000
122,589
76,26
195,238
198,434
186,877
110,977
77,834
6,68
111,224
35,628
82,492
56,777
128,519
170,214
31,364
150,968
128,375
116,724
42,616
181,686
38,679
113,240
27,522
101,985
144,793
191,214
182,39
35,579
23,340
144,378
181,678
78,658
42,842
59,233
45,308
24,385
189,382
18,564
89,642
190,261
138,254
150,444
100,25
120,933
54,308
75,814
99,867
121,727
66,399
46,745
32,354
191,648
147,366
140,291
167,85
161,499
69,759
157,118
109,66
114,4
87,14
42,920
43,79
132,681
25,415
145,566
19,662
74,913
26,234
196,308
71,684
123,396
179,911
15,723
152,262
144,209
178,499
116,295
7,754
33,606
185,881
33,549
104,296
171,653
62,995
52,790
8,832
39,435
163,357
192,31
148,744
166,600
99,725
48,120
143,913
49,426
97,464
118,127
154,765
97,426
106,446
20,2
36,321
192,404
62,285
45,831
9,138
33,137
175,716
57,276
158,603
140,41
19,922
54,743
113,996
109,568
57,913
108,500
92,633
190,17
25,486
116,630
19,336
39,651
78,283
104,124
71,301
7,632
43,217
63,796
90,65
118,312
102,930
93,445
79,144
97,834
14,113
141,393
64,502
193,132
98,224
18,582
150,802
193,366
189,927
165,391
157,649
86,365
150,777
41,655
47,498
176,450
97,872
68,832
24,306
156,47
7,222
141,332
1,997
46,761
86,352
17,747
185,214
70,799
74,948
175,262
141,409
124,145
47,547
138,235
147,1
77,481
194,247
60,68
65,948
93,283
97,749
190,713
22,383
176,494
75,595
51,153
92,96
30,267
179,801
151,469
135,530
120,604
82,219
17,138
177,9
75,15
150,330
74,250
113,508
167,446
109,98
132,199
14,716
136,824
96,515
14,62
26,741
179,549
123,989
63,88
80,212
150,87
84,95
17,257
59,444
124,548
106,175
162,107
4,498
141,80
141,468
25,47
158,688
104,647
135,328
109,309
33,339
195,466
14,417
165,562
167,858
1,147
110,842
149,673
51,251
185,74
96,965
68,184
181,761
51,13
104,35
14,190
50,56
48,982
129,443
86,663
177,965
86,932
179,20
173,335
36,173
74,759
25,99
75,808
40,28
104,419
123,38
27,323
20,263
82,757
151,580
37,20
25,881
103,435
64,211
190,532
37,132
35,874
35,285
10,33
82,238
151,134
48,681
46,49
96,387
36,671
8,98
170,757
158,776
12,871
20,117
195,213
66,548
79,215
58,590
26,198
59,658
45,373
47,530
97,979
30,816
55,163
63,751
154,261
86,853
106,696
73,342
33,222
78,191
129,410
77,792
77,625
114,439
2,178
68,598
132,441
110,198
69,179
191,56
187,830
150,974
92,254
112,769
117,652
172,485
161,927
63,284
170,587
141,653
161,370
46,637
121,851
60,365
104,855
199,95
86,705
46,393
104,380
86,577
17,274
125,783
100,984
41,379
64,894
164,524
16,635
107,427
77,108
69,485
95,225
64,415
149,715
95,164
74,900
114,797
70,946
196,404
112,737
82,683
60,347
54,575
149,716
177,717
105,131
196,650
197,591
142,910
87,766
64,158
75,208
182,774
100,506
152,155
77,106
87,487
21,161
165,469
166,715
108,974
51,763
161,561
58,332
70,218
169,294
106,562
85,513
192,440
64,685
148,27
106,804
26,403
188,552
38,304
145,482
152,655
61,631
156,771
195,560
169,80
107,99
91,882
58,690
129,86
26,404
132,672
51,712
119,91
8,251
6,510
54,486
34,389
16,483
177,171
199,851
198,5
25,281
138,629
109,835
124,982
142,926
183,20
143,918
36,396
188,282
147,213
31,135
32,293
102,803
51,607
197,305
198,453
102,189
83,658
72,859
37,767
149,852
163,169
100,863
180,304
89,769
104,211
49,613
28,472
36,767
150,882
151,646
77,12
56,405
147,269
130,867
171,82
171,113
47,658
106,720
99,736
75,581
118,91
159,420
116,689
7,422
175,911
141,230
56,337
57,615
29,34
27,979
100,111
44,359
198,585
8,117
103,795
184,253
146,617
70,749
150,35
195,773
21,200
58,238
70,996
70,221
122,940
171,430
124,673
53,980
176,281
137,814
26,289
12,846
145,559
177,272
23,746
16,978
19,886
112,506
154,222
10,76
65,931
140,94
27,411
3,999
73,593
168,728
152,679
169,86
198,26
13,869
80,672
42,916
10,155
136,576
107,874
107,949
31,414
140,34
192,988
19,898
159,617
11,253
75,148
32,978
198,206
67,514
191,957
85,310
142,268
40,62
54,327
51,77
109,63
179,490
145,688
25,498
152,103
53,943
140,392
16,82
83,807
124,102
180,905
23,810
127,119
53,898
35,802
181,101
150,699
80,949
5,139
78,928
119,686
2,166
134,569
168,91
75,95
31,136
137,471
162,307
82,140
125,957
179,77
198,952
156,219
112,488
131,378
126,390
76,881
110,193
155,74
62,568
21,39
164,512
78,630
29,674
98,126
148,294
44,256
165,156
31,357
73,899
13,78
182,244
22,943
86,224
85,53
106,612
170,444
170,190
100,69
105,562
65,834
89,346
43,331
45,776
168,509
190,320
20,3
36,649
94,290
125,738
17,957
182,478
150,556
153,722
158,283
134,539
92,437
100,620
73,519
146,973
154,227
15,32
95,109
152,644
180,749
88,444
116,357
170,940
103,214
94,373
200,517
76,908
38,873
48,460
164,742
23,467
40,400
104,137
195,670
93,415
94,27
67,392
3,488
6,680
11,85
76,880
168,944
71,114
57,6
97,522
166,979
108,882
47,267
11,807
180,525
114,797
27,898
2,4
164,833
106,419
139,614
16,689
70,996
195,103
125,139
138,145
2,484
105,173
50,514
185,114
32,360
169,166
36,235
37,566
38,186
45,570
40,291
4,549
72,483
84,888
40,539
50,367
156,606
153,305
9,2
70,95
10,744
193,568
69,464
155,822
30,234
96,912
27,722
30,959
64,356
171,31
199,322
50,327
200,967
114,950
38,169
197,659
136,607
34,946
2,811
112,297
31,655
180,959
171,369
126,570
11,614
195,476
135,247
8,131
139,18
19,25
77,105
160,295
183,966
85,249
78,80
157,341
195,130
196,523
195,929
25,953
168,269
74,481
143,420
117,295
188,905
161,132
141,38
45,88
165,523
173,569
157,229
6,395
57,775
89,510
144,658
182,992
7,690
59,476
143,600
198,119
171,150
25,228
170,636
186,927
184,456
65,954
62,842
185,413
153,590
4,327
85,566
83,981
89,937
127,804
96,607
147,314
179,787
6,558
195,285
48,590
189,1
108,618
111,581
164,51
177,306
92,916
40,533
156,821
140,440
4,387
18,746
13,398
85,431
118,247
60,464
194,280
96,455
12,85
103,326
37,455
107,96
58,429
170,574
18,307
151,921
142,60
36,367
57,651
6,525
72,200
123,741
103,631
158,165
164,628
102,303
69,309
118,793
128,881
47,331
3,545
73,692
48,247
191,145
65,179
55,309
132,5
197,33
71,82
117,727
33,316
29,738
85,351
64,965
102,615
28,336
137,347
81,470
73,867
150,951
8,394
45,855
128,577
97,16
42,285
43,378
116,63
62,782
55,227
169,148
159,814
87,692
154,299
92,186
57,869
22,330
164,551
36,538
100,232
12,287
6,934
36,620
112,402
48,927
177,633
154,93
114,162
26,498
76,975
41,615
36,850
34,28
78,90
105,476
139,950
197,182
31,368
176,247
152,181
104,392
155,215
122,880
2,406
57,130
91,770
9,995
56,125
60,601
41,513
12,310
137,799
92,8
48,155
12,429
25,688
150,50
28,591
62,659
63,217
96,634
58,502
155,499
22,619
16,3
15,662
6,189
182,596
166,350
111,102
97,150
48,862
88,386
184,736
174,288
180,505
17,527
190,378
91,994
154,317
1,745
116,594
160,832
37,233
1,293
200,353
187,824
56,140
191,240
22,986
99,667
161,480
120,939
137,787
20,292
85,386
75,452
188,295
63,455
4,802
190,122
158,303
194,362
51,694
158,717
27,943
21,687
116,998
128,439
108,729
110,349
15,353
46,675
121,664
195,429
18,129
7,803
148,164
142,89
180,664
83,489
141,57
105,679
19,817
185,640
16,160
34,252
18,692
30,401
123,642
141,697
114,25
99,645
123,648
110,210
86,252
35,155
51,701
125,127
139,365
150,160
19,890
36,388
163,530
185,292
166,525
95,425
57,934
128,86
22,293
39,621
80,198
6,42
8,962
192,251
117,851
87,792
63,584
193,551
145,930
179,153
63,720
179,75
54,147
67,448
89,614
169,642
129,872
98,390
157,214
33,995
123,774
138,731
67,106
126,675
142,207
175,509
106,351
146,74
88,918
54,942
135,143
11,97
26,798
71,684
8,835
100,824
91,168
180,439
101,300
48,442
114,887
57,893
95,66
37,500
47,287
81,966
89,226
64,501
94,689
101,322
193,396
158,481
106,267
136,452
131,301
151,437
41,169
72,834
148,295
182,377
31,23
79,417
161,142
81,6
106,593
34,994
146,429
84,393
137,952
86,880
29,147
173,56
108,785
33,769
115,897
107,729
127,184
153,968
60,758
82,720
6,629
113,599
200,221
66,702
69,888
36,75
34,590
29,309
112,890
169,381
2,191
38,807
51,300
127,473
141,878
177,958
180,685
187,716
2,294
89,996
127,741
146,475
36,383
30,885
134,299
179,672
14,470
7,209
59,666
157,543
35,96
75,464
143,697
37,793
63,198
114,661
188,902
40,711
15,949
146,716
181,277
82,66
184,945
102,500
103,785
187,456
4,405
51,417
162,225
172,144
134,437
52,5
29,69
36,905
39,28
13,913
185,693
133,300
129,941
69,130
100,837
65,792
140,209
53,771
55,434
116,692
148,391
6,970
131,171
177,554
155,416
128,742
190,654
22,715
53,391
3,873
86,656
174,260
156,940
74,913
112,898
154,137
7,576
95,940
108,287
146,733
14,117
49,150
67,637
95,782
24,930
145,953
56,384
13,845
168,993
1,80
28,921
85,299
101,113
122,354
136,733
177,917
182,658
16,554
13,222
135,752
131,591
164,776
187,753
10,293
66,654
18,63
73,63
70,248
17,357
104,395
131,349
20,704
55,854
85,196
134,650
168,106
71,528
166,223
123,318
118,328
91,518
13,202
11,640
164,13
27,945
104,529
82,391
73,459
29,499
116,563
68,37
24,986
156,39
40,910
119,810
169,106
104,919
156,540
178,573
166,721
53,496
180,106
112,96
28,375
133,951
100,435
133,433
29,88
146,585
121,847
99,450
92,594
189,730
134,207
170,204
41,424
17,488
11,737
83,886
8,341
138,213
96,195
66,366
165,553
18,603
90,433
84,451
181,154
140,379
64,374
62,254
149,672
152,789
195,522
42,290
41,398
103,676
37,97
120,928
199,718
124,344
144,45
18,698
85,553
69,952
109,439
141,497
155,890
54,5
199,208
2,156
132,350
53,162
119,184
123,773
99,441
152,574
166,228
66,325
18,654
95,831
190,728
16,169
82,129
133,380
77,437
28,992
62,5
140,479
49,964
2,549
145,947
121,129
185,863
3,655
117,784
58,569
184,865
43,973
124,813
122,481
117,942
192,973
194,119
31,900
195,514
75,144
82,132
178,751
124,669
130,944
100,204
1,799
155,63
3,454
22,150
19,50
37,734
72,145
50,303
173,298
126,222
174,988
14,358
190,675
124,870
178,679
115,481
25,776
159,855
183,925
110,958
31,695
149,597
162,487
28,386
94,727
157,445
90,791
103,413
198,467
105,304
11,622
157,741
175,387
135,876
61,200
74,798
69,17
5,630
183,376
39,166
73,968
36,691
98,699
183,374
51,800
118,640
52,981
178,187
33,858
23,594
20,779
67,250
160,721
4,470
6,371
178,292
123,688
63,432
13,781
30,343
127,808
164,601
30,85
85,39
191,719
25,45
18,407
182,849
39,430
3,32
130,34
35,411
90,574
147,735
54,686
67,865
120,932
87,613
117,885
143,941
53,226
82,296
130,513
183,212
92,504
23,615
48,111
73,585
104,484
146,94
65,394
63,994
182,518
106,649
100,874
73,696
62,832
40,24
54,94
127,710
36,837
169,418
109,374
38,798
133,146
80,403
138,342
68,879
152,924
43,738
128,686
33,298
1,41
9,706
189,692
169,145
6,560
101,681
13,89
78,683
192,387
5,328
23,604
7,573
197,347
72,214
37,508
30,411
167,208
187,59
166,713
186,203
61,328
108,866
168,932
56,391
154,730
196,853
52,832
4,92
15,59
185,39
151,54
135,841
153,603
61,68
142,455
134,117
187,4
80,875
137,991
12,178
135,660
60,344
179,975
72,67
86,557
154,775
47,640
175,52
160,758
59,51
68,724
57,649
114,428
109,91
63,789
107,404
44,547
165,26
132,808
22,144
36,691
163,440
134,69
90,874
195,586
78,799
118,916
179,263
197,469
1,893
89,934
184,226
19,849
23,38
90,698
141,970
55,691
200,760
63,9
157,444
128,953
52,620
115,634
129,298
36,97
143,599
32,765
79,144
171,433
156,239
122,418
188,885
92,664
8,776
187,107
104,832
125,438
123,707
26,522
127,491
102,891
33,674
136,556
56,419
61,443
140,539
171,683
92,26
23,747
168,407
199,802
164,166
118,947
103,177
152,163
48,436
111,446
114,528
177,528
3,584
180,705
50,459
165,407
22,973
102,837
84,174
48,564
165,617
174,914
183,551
156,1
119,299
149,598
62,828
82,580
138,109
35,332
88,638
123,492
120,156
112,331
155,857
127,390
76,26
141,859
49,935
143,379
190,545
7,325
8,947
19,941
182,964
75,128
198,452
28,914
200,397
85,495
142,597
49,586
18,977
36,605
91,889
102,360
24,548
137,452
21,664
30,862
79,539
110,41
15,894
167,370
199,45
2,736
155,189
68,277
153,721
164,186
134,971
115,575
126,358
164,475
13,642
60,658
5,793
37,604
51,19
32,105
188,899
39,349
163,14
17,660
130,401
161,37
127,282
44,586
194,993
6,412
170,659
154,353
39,186
42,233
49,418
155,216
31,650
144,17
99,173
11,14
128,655
51,21
35,832
67,805
45,927
99,667
182,434
36,266
180,825
147,463
94,245
121,968
189,651
74,26
179,829
84,507
177,95
165,781
71,313
101,969
170,985
153,377
105,695
199,931
127,262
13,738
98,556
127,808
54,371
166,312
65,963
96,225
66,339
186,68
72,390
168,440
141,999
138,679
108,363
132,204
171,766
69,519
51,806
76,576
190,877
59,678
91,671
141,968
110,646
41,876
107,853
127,222
112,402
77,531
81,247
40,31
170,831
118,485
94,538
121,5
131,923
156,298
63,163
198,906
167,419
198,824
157,575
56,673
167,258
77,250
187,441
153,708
87,888
138,33
92,25
196,742
79,327
16,370
185,33
153,180
137,276
103,475
43,751
3,53
118,202
72,177
195,618
195,201
146,47
179,479
115,233
190,502
37,865
152,323
70,651
89,683
161,993
176,5
62,576
8,65
108,142
86,573
90,113
91,40
174,136
177,714
163,5
77,352
6,674
48,983
144,97
80,215
88,233
17,143
119,611
68,791
176,704
173,701
60,845
58,769
126,636
195,339
49,81
185,743
26,115
37,245
169,362
148,30
71,890
43,411
92,190
118,837
68,153
142,445
173,390
47,826
171,353
29,709
14,537
94,508
58,542
50,568
184,694
90,357
75,351
21,266
162,775
111,42
155,844
161,83
150,238
83,97
21,489
171,924
78,353
92,321
194,701
57,706
117,716
9,946
196,428
35,486
48,557
28,426
117,205
64,453
65,395
25,864
36,867
23,684
82,851
122,384
109,737
185,781
192,171
195,436
66,905
26,178
193,435
8,527
66,539
31,524
168,453
101,164
4,604
160,956
16,435
147,240
22,618
111,247
6,810
61,946
159,613
87,973
19,447
191,506
16,319
86,34
183,338
185,631
152,553
37,940
33,937
174,721
186,429
113,234
174,824
26,971
45,976
195,221
72,801
59,848
199,544
143,544
10,316
129,353
24,674
75,666
39,59
38,379
156,836
63,411
77,376
12,880
174,149
142,180
185,244
28,253
66,136
121,371
197,380
114,388
120,190
156,625
17,113
184,340
75,605
7,767
74,644
67,199
22,534
182,208
166,307
64,447
158,382
58,938
22,908
10,703
168,877
41,681
150,496
124,122
174,658
28,329
5,418
38,700
150,118
173,959
120,620
33,400
87,829
17,932
116,219
42,522
29,863
110,145
176,630
22,762
14,749
129,501
59,840
159,160
41,101
152,564
64,407
146,922
20,806
83,454
56,696
118,446
200,496
30,792
7,368
36,579
132,699
116,500
1,453
165,300
89,871
153,759
159,861
187,83
96,885
51,58
66,281
82,53
3,829
46,7
34,795
166,387
191,827
134,250
144,507
143,628
9,909
55,763
80,654
89,902
15,175
153,324
129,410
116,780
102,49
61,665
200,49
70,9
155,800
185,808
53,280
105,702
177,471
174,357
77,641
18,550
183,741
38,246
109,555
130,99
12,78
63,851
141,681
34,458
45,74
13,893
193,322
26,250
63,288
97,62
26,559
80,164
39,3
26,241
138,674
141,174
93,816
61,178
9,790
141,758
51,702
188,79
193,689
100,536
32,742
200,653
106,228
107,862
3,244
138,579
174,684
175,89
167,961
180,491
63,756
98,615
4,478
192,523
152,724
79,664
125,439
124,189
12,44
6,363
34,83
66,716
184,103
200,52
122,936
3,468
30,445
62,276
144,374
8,814
168,688
137,859
156,329
27,185
56,470
2,542
96,83
196,113
200,599
193,83
160,272
165,312
93,266
94,431
156,484
37,632
102,353
87,399
30,615
48,465
110,511
21,242
113,457
188,701
30,705
194,692
129,513
107,769
37,867
109,247
150,363
103,110
35,760
103,784
98,946
199,452
140,225
7,382
94,507
54,470
26,201
140,867
135,490
192,294
12,170
187,144
56,704
168,950
184,780
74,684
98,985
18,310
77,807
101,908
98,181
127,435
53,745
56,1
76,975
175,114
19,825
118,427
200,100
176,306
45,642
172,105
96,191
76,524
59,116
154,407
137,755
108,213
107,269
123,28
65,398
81,387
138,579
100,608
131,925
124,950
6,222
97,565
144,799
60,4
8,285
139,226
125,700
155,943
165,234
103,747
59,707
21,784
89,591
47,765
38,799
181,971
153,117
170,660
43,495
15,393
85,613
58,287
17,45
68,52
97,761
176,149
149,97
21,557
116,175
33,526
41,288
123,128
133,198
6,90
138,117
115,714
150,792
103,668
14,869
123,343
174,459
135,628
187,810
187,534
168,259
148,489
73,596
158,460
160,615
15,324
42,953
35,110
126,128
29,286
140,875
105,810
86,428
92,530
189,98
142,635
137,679
27,964
3,444
20,505
55,648
176,875
181,321
105,883
63,97
105,205
25,173
153,473
94,853
91,460
46,763
193,425
27,429
153,313
156,421
56,500
144,520
19,91
147,860
55,539
177,728
152,664
149,909
150,55
101,544
43,715
13,117
196,213
165,844
4,512
20,437
127,357
49,815
175,713
44,118
100,228
177,200
108,944
31,822
62,79
121,629
135,338
69,593
10,773
12,318
177,617
15,249
122,689
42,616
92,768
76,381
133,796
86,516
58,350
178,432
61,697
154,940
151,562
195,851
32,157
124,872
72,751
56,619
162,158
38,933
83,796
88,109
113,829
70,72
154,718
190,189
83,572
18,645
190,864
66,853
127,889
108,920
46,927
28,839
181,187
181,193
104,831
10,125
179,556
102,239
147,613
67,367
67,101
54,741
198,569
65,326
60,97
81,399
56,795
14,618
63,9
198,821
121,613
103,534
170,755
87,794
160,48
167,602
110,713
170,314
93,904
149,552
119,139
162,285
187,33
144,768
157,620
46,720
28,472
124,652
199,914
49,337
167,969
195,948
24,429
103,521
17,69
53,221
160,482
50,957
110,464
8,490
178,140
31,491
169,232
181,301
3,724
47,313
34,667
44,662
44,753
70,97
177,632
135,901
185,236
16,422
173,935
63,190
188,241
112,321
79,924
4,97
140,103
167,810
80,298
69,173
76,780
142,894
70,160
172,685
8,162
178,287
63,828
194,377
2,715
154,316
113,422
90,719
24,121
172,754
132,437
169,67
87,427
71,9
157,822
148,292
27,317
127,360
50,636
139,635
181,67
50,479
10,328
80,851
163,138
77,859
84,96
176,649
160,58
131,932
46,395
20,684
200,73
7,659
52,326
99,328
158,274
47,768
148,608
45,37
163,980
45,248
123,392
183,391
111,598
170,960
109,615
45,794
43,584
89,240
60,551
99,96
146,257
24,855
17,641
139,802
194,197
156,694
5,856
160,813
60,803
79,130
72,670
162,880
39,302
1,388
109,690
46,525
191,193
70,420
49,207
77,691
133,552
155,236
61,264
54,484
95,105
189,540
98,447
157,261
188,39
130,446
199,828
93,832
74,180
73,256
187,576
46,393
159,968
35,568
85,352
6,461
69,210
88,841
6,592
89,168
195,874
144,649
134,827
160,383
156,279
123,864
162,887
3,255
146,438
155,895
109,291
84,215
83,616
25,860
121,415
85,46
67,469
32,822
141,536
52,5
10,781
152,818
151,349
71,140
141,521
117,218
71,292
190,748
157,661
103,683
97,529
112,441
116,604
138,626
149,265
117,17
105,718
28,469
180,874
165,23
111,599
14,88
67,637
113,930
22,83
7,987
195,221
135,267
184,955
115,106
87,402
123,850
92,429
111,746
84,1
168,347
20,556
187,518
109,967
6,703
25,394
126,679
75,268
145,909
186,700
47,210
73,711
54,993
95,626
164,446
148,530
84,20
72,332
195,932
5,662
86,801
105,419
182,591
59,497
88,319
12,139
183,768
68,923
46,815
144,446
19,483
180,550
151,172
85,821
115,128
77,982
9,865
34,339
15,883
175,880
62,552
83,893
181,503
110,763
45,774
97,896
78,527
19,645
106,779
194,256
133,663
74,587
63,777
192,417
144,890
14,688
99,201
83,525
90,227
5,738
22,23
198,82
196,145
113,563
148,387
154,342
22,991
157,665
54,2
195,302
165,943
129,881
95,151
182,502
118,359
135,386
195,487
13,913
56,397
84,425
38,53
50,766
109,221
65,312
175,289
55,644
153,265
104,521
200,613
97,766
190,736
63,239
27,551
19,691
39,201
57,380
113,696
108,91
123,732
191,924
13,460
57,859
32,908
115,309
72,888
92,473
119,908
110,178
173,424
35,398
63,966
101,456
138,321
179,43
131,629
142,937
155,501
127,272
127,990
198,880
96,628
70,701
74,666
62,964
74,860
129,730
86,142
151,363
49,457
192,471
65,900
8,986
193,803
62,488
100,477
108,571
122,289
7,272
39,24
123,432
120,364
21,316
153,456
90,205
77,91
20,325
194,483
197,213
167,796
54,61
160,603
15,808
9,659
184,48
147,872
72,757
9,816
105,382
102,366
186,519
39,248
191,298
185,270
88,251
135,982
86,671
169,433
94,252
88,977
47,936
52,886
174,134
106,441
9,647
175,938
172,781
4,883
10,267
120,30
147,755
21,72
16,754
63,835
79,599
193,682
93,845
108,80
21,615
177,784
154,514
146,606
189,409
81,83
23,561
27,700
82,515
56,767
115,807
71,412
110,79
80,748
79,482
115,436
24,523
165,783
166,419
131,499
172,1
72,738
119,751
150,422
103,688
167,880
99,561
38,726
158,17
190,382
183,137
95,414
88,615
151,384
5,540
165,634
18,283
184,169
180,239
178,238
1,748
47,589
181,191
128,433
74,876
5,324
72,859
124,697
62,639
137,433
45,937
40,69
65,57
91,69
56,897
23,545
100,386
9,316
125,315
116,889
63,219
142,605
24,260
117,751
190,513
87,172
67,467
77,886
78,848
33,3
49,336
156,269
73,106
5,953
192,895
173,171
185,232
130,493
166,232
92,85
138,938
192,699
180,773
105,424
80,948
128,491
78,98
53,93
53,941
94,79
130,691
49,9
37,364
132,383
51,274
108,791
82,548
21,358
54,974
160,959
135,795
138,374
164,172
178,122
126,564
155,336
88,898
160,827
159,60
148,536
78,723
174,813
20,939
44,995
142,385
85,370
133,860
29,386
118,354
195,636
46,221
138,211
25,602
57,319
137,781
147,94
141,913
184,784
11,750
15,201
137,67
67,887
99,194
67,131
181,622
45,320
41,106
177,623
95,589
119,763
62,782
14,861
151,754
27,178
17,528
81,159
121,927
50,303
24,90
76,742
103,91
51,256
22,341
165,365
93,201
14,976
17,329
58,40
49,61
79,304
3,461
113,546
23,688
183,103
13,632
190,418
93,629
141,311
170,787
81,328
117,417
190,860
182,443
61,768
79,334
78,123
143,760
48,612
152,101
37,417
158,879
154,274
88,157
15,427
79,701
22,958
159,940
188,823
27,24
108,996
27,940
178,767
98,657
98,707
158,96
5,61
193,910
180,745
135,652
34,164
171,257
35,820
190,127
104,549
37,428
129,948
33,156
176,86
163,831
128,365
164,412
44,666
98,856
159,583
200,391
38,32
136,199
162,278
128,587
182,89
191,4
3,354
146,236
36,678
163,649
163,361
127,133
195,136
142,643
117,51
181,207
41,150
8,48
166,677
119,935
69,573
87,631
127,753
33,261
49,570
119,962
32,149
157,359
23,303
86,191
184,831
12,340
174,525
165,24
181,953
38,936
162,971
133,410
5,826
98,45
74,566
8,178
47,269
4,429
92,868
77,908
123,270
116,978
103,710
156,990
88,43
184,594
6,264
22,650
129,996
187,599
130,339
112,402
177,266
53,37
25,923
100,338
161,862
91,442
35,226
132,573
126,544
131,949
131,454
187,902
98,356
109,714
158,639
61,76
53,399
169,982
14,427
166,132
36,864
152,24
23,101
187,889
50,570
98,10
72,494
151,284
171,772
115,925
21,772
148,631
4,220
131,18
54,338
32,779
185,748
66,878
134,601
196,331
187,252
144,173
184,584
75,316
19,604
183,772
32,266
118,829
145,749
13,981
93,239
79,452
33,575
62,603
92,904
24,981
189,419
122,221
164,58
145,340
187,227
33,674
187,404
127,9
143,262
131,778
133,414
161,542
192,789
106,855
85,390
177,677
39,608
43,377
199,680
170,548
170,191
41,539
43,735
138,923
1,779
196,114
135,224
40,252
96,215
11,448
131,527
88,438
138,745
77,698
109,497
105,655
127,515
5,626
103,286
83,821
142,225
123,997
69,752
72,589
84,851
148,487
86,151
21,237
92,652
52,84
123,331
89,701
182,338
154,644
41,946
129,717
160,501
71,551
182,469
71,90
176,66
181,652
75,995
135,396
176,909
41,439
114,331
195,124
192,668
31,809
158,634
127,435
66,343
58,275
157,417
92,807
82,74
197,367
200,657
112,319
29,627
104,452
136,614
110,244
185,9
13,580
53,360
189,517
48,63
29,406
50,858
10,88
195,755
84,590
122,668
164,159
45,945
72,149
33,537
72,778
139,811
191,221
79,791
170,615
43,492
98,421
142,50
146,644
134,785
66,447
168,711
13,978
22,824
163,896
130,995
9,282
3,813
53,202
77,567
2,74
86,892
57,450
192,248
96,814
135,409
103,765
125,107
89,335
67,280
107,902
5,354
63,600
40,914
101,42
158,912
112,497
69,954
192,845
104,649
180,142
127,140
13,645
86,768
53,405
179,874
77,640
147,65
28,614
177,157
182,544
90,419
114,757
161,948
175,158
129,374
189,44
44,88
92,994
83,740
167,859
169,223
143,252
6,690
128,465
88,896
82,563
36,92
41,396
47,427
67,223
156,380
102,490
165,525
69,296
192,405
1,457
144,625
199,853
6,852
124,851
88,85
171,801
145,714
146,961
26,622
130,67
117,495
96,380
18,157
147,694
177,284
77,99
79,619
200,170
87,211
173,103
110,940
71,635
139,183
134,778
173,779
63,530
200,660
87,679
147,488
70,451
114,445
90,389
200,327
150,920
10,493
5,371
84,311
186,628
68,665
182,216
164,856
79,228
197,443
138,483
169,505
27,345
106,820
145,179
37,744
1,850
150,273
197,628
14,499
104,970
178,247
77,886
29,355
54,369
152,475
120,128
14,680
13,113
32,973
86,659
65,474
117,880
59,785
74,630
68,247
170,74
169,269
178,550
124,137
45,361
94,480
129,345
103,261
27,229
88,277
166,990
188,650
125,317
25,403
137,337
167,384
120,220
159,682
81,156
61,882
38,550
94,990
96,358
142,19
199,691
192,597
89,498
192,613
78,853
125,371
129,101
168,419
104,46
40,807
136,792
68,644
164,121
199,199
106,172
62,219
190,754
168,806
164,310
114,2
77,19
120,105
65,411
152,1000
114,649
184,99
66,748
127,686
152,501
185,829
178,252
75,128
143,358
183,328
147,349
11,531
183,222
128,962
73,382
183,785
104,38
32,473
7,196
156,845
100,104
5,80
118,357
158,695
8,675
11,777
27,449
192,37
99,472
147,810
166,277
148,35
126,557
111,718
153,183
136,321
81,697
26,408
181,160
29,768
94,593
200,243
171,563
198,811
150,435
114,412
174,256
91,203
110,499
62,377
173,815
92,721
135,609
105,47
126,60
117,132
35,547
138,220
70,798
22,991
55,237
89,840
28,772
50,627
2,77
70,195
13,619
120,933
80,169
127,651
80,999
158,233
111,415
173,946
58,322
123,730
198,745
146,424
114,788
17,974
178,275
134,987
6,201
181,787
171,12
171,53
117,690
185,234
94,793
161,448
94,575
40,400
7,526
45,998
88,186
172,426
61,919
187,483
152,969
68,725
200,820
18,145
130,885
196,536
100,440
150,107
23,830
33,689
33,980
51,816
43,78
68,642
169,171
83,888
41,825
97,85
28,600
126,809
165,560
146,826
38,864
86,830
159,886
79,404
195,777
82,463
68,645
162,280
97,937
96,717
55,186
96,703
82,287
74,947
20,113
134,100
198,705
137,682
196,927
179,351
22,219
98,944
116,193
131,990
5,704
87,148
15,212
142,846
166,659
139,103
177,608
56,456
185,440
132,309
200,103
138,798
72,883
128,962
21,267
98,687
35,170
8,969
20,268
170,535
63,204
63,332
69,999
16,921
25,114
48,454
44,555
54,934
100,12
51,2
131,494
200,405
75,480
124,48
188,587
3,432
170,681
124,446
28,995
140,243
199,477
97,148
190,619
96,3
124,432
168,495
177,859
17,652
107,190
25,511
38,43
73,559
135,866
133,405
144,51
169,307
27,514
100,834
148,228
12,232
172,166
100,866
77,671
85,815
103,263
158,440
120,306
28,603
157,86
103,38
83,736
176,771
60,624
175,21
100,804
65,816
146,34
145,737
182,769
125,661
4,235
77,134
87,834
170,118
181,985
153,462
175,55
32,566
18,756
96,573
147,103
49,407
140,146
149,401
119,978
3,474
71,180
31,984
86,945
64,69
154,255
164,923
102,747
36,800
88,976
44,412
1,144
45,116
109,586
189,952
194,26
141,725
131,467
94,812
71,527
3,145
155,238
51,792
95,559
60,775
129,848
77,197
175,860
160,655
22,5
105,371
115,246
84,872
22,492
80,347
65,387
147,223
198,707
181,354
32,27
42,753
21,312
13,930
196,91
39,933
140,251
49,89
147,339
95,526
163,597
181,494
145,593
4,955
57,348
195,884
155,465
26,505
127,84
125,717
7,197
9,354
106,513
116,930
15,915
147,311
19,133
65,932
179,392
2,338
24,987
101,260
139,829
60,780
163,647
143,605
83,214
62,459
99,573
67,119
194,571
117,783
104,469
119,887
171,447
16,10
100,287
58,318
84,965
168,864
183,954
151,819
184,466
174,651
172,863
60,863
21,655
196,484
195,243
12,234
58,182
68,595
108,767
185,743
116,342
194,512
68,890
88,120
200,1
78,556
72,919
137,880
12,601
78,718
113,743
56,864
30,555
24,353
100,21
88,866
75,167
124,53
117,609
200,870
150,913
93,838
149,736
77,823
123,424
31,108
28,53
124,977
148,485
101,315
116,371
75,690
191,360
108,350
119,154
132,579
117,156
43,397
175,591
54,304
130,346
69,966
175,26
195,209
149,11
156,520
67,980
176,390
136,879
90,760
107,12
112,389
186,605
187,612
47,945
167,736
105,70
56,532
34,954
105,801
141,488
9,640
197,883
114,905
113,912
117,450
153,384
120,42
194,670
53,584
145,915
105,148
97,229
128,480
151,189
191,828
195,945
114,72
172,805
22,57
113,778
62,367
32,134
142,612
108,177
48,677
9,417
139,991
168,939
43,295
52,168
60,198
176,965
199,248
14,807
37,221
158,604
59,259
72,389
6,807
103,834
182,911
8,855
97,580
67,725
59,697
1,409
157,353
168,134
49,350
113,551
101,331
200,144
154,313
24,140
130,352
63,494
184,855
13,34
98,883
68,260
136,908
143,345
74,545
123,799
88,252
28,120
149,647
193,784
134,803
3,263
43,371
90,987
80,927
37,543
2,332
64,998
114,421
195,310
34,374
86,820
8,492
143,881
109,564
136,653
115,558
102,29
174,185
11,235
185,605
34,173
32,256
20,940
124,36
24,637
184,926
84,574
103,988
107,945
54,975
152,795
148,678
34,553
121,580
135,796
124,164
133,509
52,847
180,79
65,821
41,825
80,582
93,817
105,178
148,838
29,486
171,592
101,318
77,118
110,9
61,200
195,188
139,571
130,7
121,5
5,332
21,719
11,184
135,500
80,347
176,82
39,962
6,151
175,164
188,721
168,771
1,85
186,909
126,370
77,376
70,69
102,283
136,511
159,141
169,886
179,70
15,890
69,416
107,135
120,328
167,758
5,799
26,365
44,416
175,697
147,459
65,283
44,846
14,236
185,408
15,493
137,931
197,350
75,753
139,955
49,207
4,587
96,520
127,146
61,706
143,222
102,548
182,660
3,437
13,815
23,886
67,344
115,609
40,235
35,411
125,78
69,760
170,545
88,513
181,103
159,650
118,8
25,374
12,740
28,580
111,509
156,868
124,686
34,29
159,133
90,76
147,134
12,123
144,159
141,742
185,362
33,244
59,722
39,993
145,461
1,852
69,590
166,872
51,773
123,600
88,518
42,608
27,352
138,988
162,931
96,937
83,831
32,80
110,863
55,822
155,662
114,86
73,616
43,997
5,926
120,343
118,310
179,880
29,811
80,937
47,307
144,831
120,847
61,597
106,163
99,134
89,616
21,530
140,244
178,72
46,308
168,589
121,746
116,242
195,947
166,445
182,809
119,492
44,904
193,265
77,196
163,314
51,645
88,881
78,638
119,532
127,169
155,998
97,371
122,113
87,926
104,771
183,872
79,229
133,888
174,664
12,855
41,629
147,49
196,826
58,277
137,663
5,657
76,129
76,483
149,885
108,985
13,642
8,739
13,582
74,10
154,68
108,716
91,495
59,490
107,131
74,901
43,416
98,712
200,993
178,854
36,129
94,268
153,158
9,227
106,801
154,237
14,610
195,87
184,981
69,946
162,998
16,935
26,696
86,152
120,248
28,967
182,117
193,472
48,840
47,406
80,934
17,265
126,984
85,432
147,993
4,900
3,650
17,535
69,129
157,817
58,223
85,626
136,755
70,460
79,168
41,590
138,653
63,855
195,663
196,331
158,428
176,426
178,493
123,817
22,362
64,884
153,21
44,171
111,788
42,760
78,477
187,799
61,413
84,11
11,737
52,147
155,577
5,589
10,721
163,57
111,308
117,417
18,886
166,320
78,150
116,516
126,256
189,723
84,326
67,675
14,732
73,181
165,255
32,411
159,505
154,148
186,723
192,63
189,444
114,974
94,831
69,969
147,231
160,202
79,979
60,701
148,410
151,20
71,328
55,758
200,688
152,886
47,811
177,356
45,526
121,572
178,228
86,468
51,255
131,101
57,253
6,957
124,239
71,349
64,645
174,214
13,186
59,434
80,104
46,157
76,777
122,956
65,23
163,584
138,384
49,732
118,162
15,248
59,356
12,332
19,410
13,129
64,842
34,335
25,839
8,500
182,92
94,970
92,333
137,880
128,56
151,979
69,650
179,54
70,156
39,917
166,838
176,692
77,970
88,403
79,73
21,608
159,161
96,833
96,877
23,135
83,239
131,821
10,964
125,790
133,78
151,94
64,843
188,998
89,926
6,358
184,761
58,747
177,318
157,985
66,954
196,998
18,632
183,896
121,113
86,709
128,879
194,322
92,509
32,916
101,443
60,178
132,647
167,135
72,420
63,18
111,124
191,421
35,866
20,688
172,894
138,673
94,914
184,443
61,324
34,10
200,1
118,447
19,321
11,297
40,57
81,622
144,676
99,513
92,684
167,431
153,457
118,899
20,314
49,703
56,710
109,25
130,44
191,784
152,39
28,46
21,939
73,784
194,428
188,99
13,751
56,615
39,498
132,538
129,571
26,551
153,213
10,288
101,673
30,396
63,569
134,117
105,991
131,485
182,549
188,361
23,541
176,362
108,954
153,47
90,643
10,677
152,391
86,410
195,571
138,777
42,390
123,181
135,36
4,491
40,732
125,161
1,742
164,568
29,690
172,967
75,459
40,648
50,470
54,361
108,290
5,478
133,229
187,742
183,800
8,983
137,228
13,788
103,619
114,976
134,779
154,599
161,584
96,106
165,262
89,291
156,562
53,422
119,914
21,267
100,493
68,578
10,967
112,389
135,528
186,428
116,382
18,890
144,346
196,504
26,87
109,312
91,442
12,360
172,623
94,841
103,213
78,255
193,92
129,50
161,672
113,215
151,955
38,17
185,34
35,358
136,855
89,439
85,777
55,246
198,481
181,489
124,814
62,19
174,205
26,388
127,705
143,493
28,607
42,860
107,111
96,290
141,493
173,158
4,873
27,148
68,681
15,142
96,979
75,346
83,25
169,60
88,303
152,33
130,763
185,38
171,578
151,941
141,864
54,582
127,412
162,470
61,533
131,490
35,318
97,100
101,220
4,208
198,289
64,539
57,791
172,61
8,31
149,82
75,229
81,162
158,315
159,960
58,19
126,709
183,285
28,449
146,580
165,423
81,278
106,773
100,157
132,635
128,710
50,368
26,535
156,818
97,161
38,345
40,464
200,336
162,414
15,5
43,131
64,39
34,230
74,40
96,392
191,480
116,874
27,189
93,81
169,378
133,578
189,45
68,105
133,872
162,170
198,883
130,904
4,345
18,423
104,442
12,727
139,821
30,871
47,223
149,131
125,540
142,301
198,283
125,651
158,35
150,571
98,819
50,427
22,335
36,486
101,627
83,850
142,830
73,311
78,160
4,149
41,819
67,711
143,153
65,550
140,857
101,196
186,73
63,890
119,241
119,79
77,376
11,232
19,858
29,936
137,33
179,157
98,696
98,647
151,832
32,943
68,807
32,619
196,255
172,588
105,7
99,88
7,271
117,954
24,895
129,582
191,128
27,835
149,824
158,129
188,323
97,980
169,693
154,147
78,744
125,420
144,566
172,796
55,297
17,993
12,226
68,81
72,96
51,774
18,529
27,114
144,649
27,320
3,972
88,944
22,715
181,238
41,323
163,119
114,895
151,685
1,318
80,462
10,515
93,425
1,587
191,282
13,827
99,465
26,304
170,838
129,470
135,218
18,23
51,108
68,829
91,782
100,279
81,486
33,970
196,157
118,336
170,484
154,276
14,466
186,275
7,228
55,879
116,272
67,634
161,595
158,944
135,461
1,619
59,253
156,110
182,235
101,766
158,296
23,191
162,415
77,73
2,854
99,18
58,172
110,778
116,360
60,963
17,720
166,570
12,357
126,948
102,248
23,702
10,84
7,547
155,416
165,341
76,417
25,170
83,232
102,39
100,954
74,22
16,288
113,298
134,410
119,614
77,898
144,388
199,651
163,598
133,606
70,521
65,530
18,479
4,920
167,253
104,828
28,26
14,944
117,818
120,5
193,74
114,498
196,883
57,670
124,321
147,930
80,610
51,829
52,836
10,455
136,106
29,954
19,453
28,588
181,778
109,853
14,38
72,631
7,175
24,275
74,301
23,968
92,343
152,434
115,287
59,238
60,682
170,532
78,680
145,748
105,719
88,384
42,235
146,112
123,795
175,28
55,745
60,369
63,929
1,898
194,57
80,633
178,817
150,598
47,394
161,414
90,220
185,396
184,115
190,629
123,664
117,242
27,466
56,985
146,890
78,782
110,712
40,280
130,508
184,741
39,952
51,812
192,832
144,843
90,867
135,386
85,994
170,250
160,158
123,675
100,567
117,680
24,268
180,81
62,281
148,206
32,917
196,494
156,400
113,960
9,441
2,375
94,573
165,104
123,894
59,845
82,474
156,129
31,902
184,125
100,140
87,26
101,715
151,571
157,193
95,769
68,403
78,411
54,840
152,548
178,611
115,16
27,962
76,679
161,662
84,370
125,6
60,614
184,244
65,678
34,487
179,861
26,742
139,405
102,977
192,598
39,371
83,130
155,854
167,57
85,25
160,947
45,399
14,8
13,683
21,803
29,684
198,768
15,86
84,435
19,426
19,867
150,471
50,576
67,807
65,992
198,765
160,642
132,84
36,971
23,876
60,2
13,689
190,570
132,144
168,783
50,544
78,682
97,853
147,640
14,783
175,704
182,840
144,874
104,490
33,202
173,955
56,76
16,271
171,269
136,128
127,693
120,972
161,251
161,423
93,993
82,743
108,72
156,142
33,74
198,544
141,140
36,22
106,219
193,84
135,745
102,842
74,125
124,394
17,654
162,643
184,229
8,160
49,424
68,783
30,707
161,447
156,245
109,519
49,325
161,625
152,68
106,868
119,445
71,16
63,151
58,801
148,683
18,731
147,752
59,675
46,352
36,808
137,153
163,825
103,825
117,934
27,180
98,910
155,247
119,598
67,620
160,582
83,866
43,959
48,321
48,929
158,425
195,264
67,309
176,533
72,779
64,821
192,645
110,786
181,748
139,446
130,116
30,77
80,802
57,227
12,437
66,25
155,725
134,26
83,576
128,491
22,862
86,325
180,357
153,692
169,801
178,58
198,656
100,716
43,799
124,544
123,952
157,54
44,945
92,591
26,705
39,17
183,748
69,978
100,977
61,480
44,120
106,183
186,990
102,405
186,24
56,150
49,332
131,305
19,549
2,180
160,328
89,674
159,604
146,975
126,480
198,233
185,467
147,201
155,851
92,501
149,324
196,355
18,578
165,836
38,261
185,463
69,699
22,76
17,491
173,222
101,987
117,13
56,728
136,436
38,985
91,403
168,475
111,107
27,165
94,971
143,299
187,871
42,211
54,32
4,557
11,371
102,980
64,33
191,971
131,717
38,592
43,644
65,653
144,143
131,478
58,985
44,819
29,41
121,700
184,535
135,208
22,176
163,452
59,734
110,362
196,942
75,558
90,153
48,3
121,137
2,66
158,460
6,564
76,142
140,482
65,850
173,72
112,699
184,165
126,628
179,441
196,910
54,645
102,335
17,161
160,749
188,336
91,340
24,701
182,20
5,980
94,907
21,34
132,118
159,311
177,551
197,263
182,132
33,440
45,213
177,49
4,215
108,11
116,138
34,247
83,40
40,764
168,542
60,3
181,927
49,686
70,700
37,899
164,282
51,468
85,827
53,589
30,446
197,587
37,870
144,31
156,115
107,727
102,227
32,433
110,627
99,857
143,483
187,693
79,10
64,212
1,261
96,286
65,66
5,399
26,447
101,271
149,476
2,32
176,560
74,298
189,340
142,29
26,338
187,672
25,502
105,307
37,595
106,851
178,175
133,4
151,133
76,99
31,368
2,326
5,670
157,988
105,631
147,723
107,102
188,737
198,200
32,338
42,726
85,382
41,715
63,714
42,137
170,813
142,958
13,333
129,858
141,198
117,664
114,652
78,241
90,944
70,758
15,978
180,872
183,314
128,415
45,961
88,765
174,204
153,373
12,791
28,90
30,937
85,795
41,837
84,328
130,703
112,855
47,475
115,722
140,566
138,182
103,42
57,85
114,283
137,602
5,993
61,21
66,931
92,822
137,913
130,8
181,778
152,483
31,857
140,443
18,819
80,847
34,183
156,915
57,377
180,337
178,787
76,677
188,374
153,901
47,47
84,755
91,578
105,454
83,456
127,614
156,874
23,110
175,193
115,607
141,229
5,726
79,777
85,479
106,995
37,453
65,333
197,889
175,107
23,399
1,563
146,914
92,992
136,585
119,934
10,818
194,112
90,676
43,186
30,796
53,207
98,727
134,610
199,385
16,8
132,201
70,470
111,698
192,73
34,688
130,651
148,910
133,601
159,739
59,8
176,943
127,288
100,925
28,759
30,766
64,749
147,619
194,655
123,592
153,130
120,108
163,929
85,713
101,958
13,935
57,217
134,694
125,767
139,904
133,693
91,904
38,526
94,752
165,987
144,882
158,525
102,525
167,108
140,792
197,265
199,241
148,479
102,714
63,53
183,932
146,9
166,5
121,243
128,602
73,631
150,627
187,670
77,801
71,321
119,701
165,676
65,891
80,284
29,871
12,463
104,596
44,762
110,139
99,656
198,949
88,292
168,238
77,788
116,851
91,582
28,706
101,32
188,266
64,350
149,668
132,215
157,529
85,978
161,653
182,883
146,759
14,474
156,721
147,990
110,373
130,876
81,462
130,775
58,945
173,509
85,427
171,817
142,74
97,489
135,317
56,314
174,40
126,862
178,216
15,454
167,687
26,826
176,861
120,477
100,97
176,653
50,324
169,27
165,642
1,504
131,548
56,398
150,161
39,196
51,733
183,514
83,290
4,242
49,419
149,602
155,349
34,977
142,342
175,785
12,746
48,230
23,784
36,953
175,821
101,323
51,163
118,244
81,712
172,728
85,829
31,292
160,462
40,269
153,707
14,193
36,992
33,252
69,494
125,77
75,435
157,338
9,600
63,728
92,322
95,353
178,463
11,936
39,38
11,421
30,482
65,76
50,429
80,272
93,578
71,819
121,819
101,114
197,164
28,565
145,256
170,612
24,980
163,152
123,694
188,774
4,863
108,333
8,449
189,415
27,928
40,173
39,929
139,665
61,672
182,648
7,374
99,304
73,430
143,712
91,255
172,5
66,380
95,332
88,595
86,53
33,993
105,218
181,341
110,7
128,511
125,787
138,621
173,320
56,238
166,141
125,420
50,591
186,616
16,270
174,844
106,37
8,533
46,711
190,845
63,410
145,387
185,677
37,971
109,912
145,18
48,970
176,189
39,64
145,455
96,972
87,693
6,411
27,469
198,621
10,443
165,962
119,25
185,69
88,695
28,177
10,58
54,599
54,259
80,627
9,469
112,614
122,916
42,935
30,392
47,746
19,565
167,199
176,244
194,703
60,603
189,651
19,759
153,162
148,942
97,802
167,625
38,116
1,871
87,230
7,492
22,164
45,942
107,44
15,920
144,129
38,524
60,669
119,456
192,287
47,465
200,56
81,293
159,574
83,503
189,555
138,911
114,809
43,913
141,956
38,64
103,199
39,163
178,677
133,851
178,766
191,27
21,172
108,1000
148,567
14,924
75,265
107,721
108,375
129,594
83,141
190,903
70,503
105,14
146,427
178,842
5,663
110,908
68,451
40,712
161,264
88,182
93,473
56,464
141,477
178,257
121,507
141,928
138,268
4,453
1,830
179,716
156,280
107,326
123,480
118,795
14,445
23,146
158,527
129,622
117,977
40,559
79,159
103,535
16,815
154,140
132,816
38,916
103,704
185,73
182,660
194,387
66,123
113,28
1,350
51,887
127,77
166,529
109,35
86,397
187,735
102,556
132,11
52,77
177,860
165,412
97,313
121,993
148,859
95,652
17,148
120,597
135,196
32,902
45,780
196,269
35,571
176,370
61,383
173,703
70,86
103,811
5,87
148,619
22,632
143,698
67,570
6,535
113,3
180,122
121,2
178,527
200,742
176,410
125,894
27,376
44,41
123,479
167,106
186,972
15,483
74,60
73,232
58,435
141,593
96,750
114,612
98,464
180,156
166,934
76,423
22,686
14,336
18,94
9,949
147,948
1,53
174,481
14,835
28,509
143,755
93,29
186,181
4,382
13,153
90,682
74,579
122,168
176,781
161,236
181,700
159,180
9,84
4,691
45,635
121,374
160,810
155,485
69,664
118,691
178,670
170,881
86,656
59,889
154,433
83,610
192,463
192,317
66,852
195,172
89,155
99,680
174,697
158,782
190,265
172,665
43,58
73,86
104,292
29,358
200,737
55,452
75,41
175,872
94,96
49,245
118,960
200,628
197,236
114,809
109,816
193,405
190,588
198,803
176,623
115,389
137,118
191,693
97,786
2,858
136,328
88,509
197,91
118,309
154,674
12,820
93,534
77,631
186,401
133,522
21,282
70,603
157,36
132,60
55,979
87,516
103,176
73,753
12,691
92,455
66,272
85,28
145,633
148,572
112,215
47,265
96,784
63,325
38,998
113,755
152,112
25,923
30,93
178,986
15,933
180,531
96,820
178,883
19,986
137,257
106,694
109,919
131,625
142,685
187,330
153,228
43,79
63,366
148,422
31,513
171,215
14,839
169,465
186,712
51,667
71,710
137,9
195,41
40,152
169,880
108,272
40,355
158,992
127,679
35,9
86,872
85,304
140,847
42,843
148,530
124,944
141,886
27,736
157,145
17,875
195,824
73,482
175,262
156,747
139,287
115,313
99,6
76,179
150,254
117,982
27,494
185,561
65,699
122,814
47,83
68,441
21,470
47,512
87,549
13,829
70,353
37,637
47,434
115,886
110,635
129,531
167,634
117,604
139,538
119,964
121,339
76,286
85,526
67,905
116,777
76,990
18,242
72,5
30,941
157,949
35,740
149,709
55,426
1,708
85,986
155,446
47,713
117,341
170,66
179,596
54,258
97,918
64,529
155,28
29,157
72,862
136,294
76,491
155,249
109,737
172,358
105,122
18,369
105,568
103,140
181,136
180,944
62,889
16,990
120,29
169,429
86,629
65,531
8,888
81,992
60,105
97,36
34,724
34,461
163,946
77,248
64,55
55,858
113,984
173,181
167,733
193,931
126,70
138,424
163,665
42,292
77,468
91,429
49,883
17,819
27,134
161,79
54,557
179,15
126,558
48,571
125,553
195,818
13,928
102,427
20,327
179,904
77,356
160,883
131,340
132,411
97,238
91,444
84,726
76,82
134,953
8,170
161,876
142,697
134,181
87,143
20,961
44,937
170,536
181,554
98,444
150,43
81,855
158,280
100,604
183,621
135,780
80,180
138,514
41,710
137,294
115,905
10,337
40,46
63,82
172,226
173,172
158,554
143,888
118,94
188,773
43,215
191,164
5,213
111,968
98,536
112,301
33,807
114,952
192,493
140,399
35,438
139,720
170,797
87,191
121,148
136,474
190,388
8,740
63,154
2,518
124,460
144,232
69,449
21,980
191,8
105,187
171,550
59,844
57,273
164,649
89,833
194,775
163,722
95,492
63,351
109,178
50,977
167,133
116,512
165,731
197,38
15,261
85,219
87,544
92,723
150,482
56,63
33,795
119,226
191,652
172,845
33,175
141,353
115,945
6,320
182,168
66,43
196,745
40,340
88,346
75,931
106,534
155,744
180,701
58,593
116,914
118,665
10,301
27,107
107,489
143,551
18,369
150,432
164,804
74,410
166,472
60,541
101,862
88,390
156,11
77,988
72,528
172,950
68,765
172,442
128,765
59,213
48,729
46,639
19,988
177,167
73,558
155,339
91,548
120,941
177,449
8,11
169,870
109,913
42,245
174,630
68,963
81,597
152,694
72,982
41,432
71,33
125,423
7,652
143,609
83,212
16,88
33,967
184,49
58,881
63,590
131,30
178,121
62,739
130,511
24,888
195,385
37,558
58,254
92,435
141,640
14,329
141,794
20,40
139,690
5,970
30,375
56,212
118,287
51,334
104,470
6,133
163,672
116,503
43,524
197,472
19,327
98,375
156,442
169,636
95,474
179,939
149,684
76,362
127,349
146,352
157,584
95,1000
95,27
88,332
167,246
177,645
100,138
145,728
162,85
114,118
77,527
94,897
74,920
20,573
58,640
89,965
42,707
81,135
190,874
170,919
94,147
16,966
117,916
172,793
136,661
129,168
199,778
20,404
167,321
25,895
18,625
162,727
48,95
77,853
96,504
76,728
76,328
39,62
53,42
171,139
122,646
99,784
160,903
68,475
52,27
132,749
199,561
37,308
15,194
187,372
175,879
62,177
186,960
24,805
44,756
73,900
74,10
189,720
45,597
52,792
112,240
75,660
6,590
65,93
46,817
184,91
142,923
10,371
184,851
169,169
91,490
147,325
150,582
16,725
7,290
123,623
65,91
35,820
168,243
40,333
78,417
3,89
142,922
153,90
30,209
78,759
187,239
68,821
129,728
94,485
18,207
55,616
197,703
160,443
178,181
119,438
140,426
23,191
127,245
75,840
33,119
197,120
39,27
198,170
159,89
179,725
53,515
22,230
11,95
75,607
79,574
9,167
159,539
155,52
143,559
166,541
183,72
149,389
174,423
78,829
93,162
49,120
147,111
174,590
152,37
132,158
18,687
56,197
83,402
144,745
179,212
25,453
39,240
195,442
161,409
126,56
77,998
183,902
179,71
124,88
3,879
168,223
177,562
145,95
159,118
130,813
196,491
75,37
83,833
8,115
62,740
53,801
41,24
196,909
64,279
68,607
95,441
8,982
127,79
66,916
133,487
198,401
89,60
184,508
117,356
193,721
40,367
182,881
168,471
39,232
20,846
97,775
192,214
31,404
7,856
51,679
128,983
165,516
187,79
24,668
172,763
197,57
81,790
177,774
113,1000
8,978
49,778
147,627
98,881
198,211
16,435
103,891
119,24
4,354
153,623
72,413
153,884
102,407
176,620
63,882
184,141
197,254
56,707
119,61
8,505
28,761
175,326
134,839
3,801
7,594
127,888
17,281
168,50
144,431
51,256
47,222
77,221
8,819
193,416
87,911
137,797
126,301
74,903
179,555
178,539
142,198
160,897
167,176
63,480
86,615
188,6
148,505
48,146
135,872
84,936
139,859
178,145
176,383
141,969
87,761
71,365
81,892
29,217
159,788
30,916
148,978
108,801
7,987
55,942
80,532
43,797
193,241
110,508
139,575
53,561
182,501
51,406
145,862
163,198
38,976
62,545
5,34
67,712
61,422
66,450
94,532
80,424
108,921
71,530
111,756
123,967
183,273
26,403
60,503
197,91
34,40
103,234
28,469
86,354
44,589
114,493
103,39
32,267
92,526
78,5
132,106
29,768
199,276
65,819
21,379
113,183
140,116
181,320
183,220
180,389
18,75
107,552
98,122
27,315
99,940
8,881
51,899
97,78
23,529
156,171
103,767
192,23
86,350
87,727
162,277
98,995
90,932
67,180
190,408
129,994
64,389
130,772
66,948
200,995
60,512
116,92
69,827
7,204
75,899
174,280
162,703
81,288
87,868
146,363
173,421
109,30
3,237
2,872
23,95
154,979
106,659
36,156
128,795
39,980
57,992
134,386
151,483
69,704
33,708
26,668
187,990
197,456
191,894
54,400
136,238
137,377
169,805
15,965
149,333
174,647
116,22
150,199
67,31
200,734
155,588
22,417
175,941
93,34
140,117
18,194
106,823
178,810
67,877
193,793
5,247
71,836
136,644
65,576
70,194
191,985
122,833
119,35
4,708
108,177
125,951
147,339
183,677
148,344
182,128
79,831
47,609
91,262
73,628
192,397
110,590
85,301
36,856
22,760
193,714
122,863
179,715
91,866
112,134
122,352
44,513
2,991
4,115
107,991
191,911
184,886
18,664
115,210
70,314
119,594
170,802
73,714
193,327
150,189
60,321
173,121
105,729
55,565
59,844
42,433
72,932
188,527
156,499
184,94
176,979
175,873
12,55
24,456
4,477
143,990
27,129
175,730
160,291
163,672
87,460
104,975
20,756
190,246
11,877
70,895
200,970
145,309
144,289
24,716
74,178
161,723
164,869
63,321
183,360
199,154
139,207
164,219
124,174
173,548
121,731
92,881
104,675
126,588
143,128
169,214
13,941
36,425
84,388
71,653
117,974
183,484
25,848
22,350
133,574
34,905
187,747
17,856
135,887
120,983
10,692
134,810
153,285
19,955
185,959
1,500
187,591
31,119
107,123
20,308
103,264
66,391
183,666
21,992
27,597
130,247
16,777
148,469
93,820
78,177
188,786
78,895
126,218
188,833
198,687
133,940
140,879
167,784
87,994
182,190
62,509
185,686
124,994
75,573
173,859
187,508
118,5
15,481
144,574
31,648
38,349
63,177
86,954
25,161
23,769
167,745
198,569
8,564
42,774
43,416
124,586
150,62
158,419
171,416
106,746
5,152
139,441
93,933
185,864
53,563
56,849
147,663
93,471
17,420
79,413
195,846
172,543
35,999
28,787
184,2
4,194
175,763
121,10
194,768
152,864
6,458
12,831
63,500
134,796
16,541
162,525
193,751
107,942
183,722
196,446
193,827
149,231
43,38
128,820
193,724
9,585
132,241
70,517
70,609
40,689
178,709
112,504
185,312
139,451
105,957
176,181
158,420
89,61
122,818
74,690
69,832
88,405
82,453
35,438
121,405
93,694
71,92
198,613
131,165
129,106
115,601
70,511
123,592
90,4
11,199
79,342
196,136
194,153
16,191
112,999
46,407
157,232
15,222
33,866
191,399
170,975
66,354
44,976
96,976
114,229
62,11
157,933
184,778
9,473
193,794
67,795
195,41
188,391
59,344
23,444
132,352
38,663
39,279
120,410
191,491
95,126
33,351
182,572
52,494
195,649
148,608
7,64
185,818
92,861
54,410
186,947
197,418
154,954
54,199
35,505
112,237
56,265
34,154
137,967
91,714
103,164
198,970
198,533
60,477
36,917
57,510
173,181
48,346
193,594
54,105
10,239
59,735
121,845
197,751
179,732
14,8
140,710
150,320
37,671
54,258
9,210
191,457
3,274
51,196
60,909
195,202
175,127
162,642
138,909
132,216
137,288
94,409
163,785
22,131
93,662
125,913
141,641
4,276
119,225
113,104
152,537
182,658
161,381
193,958
176,694
30,489
108,586
169,395
139,17
168,643
99,303
95,865
181,366
79,310
187,852
177,148
25,377
126,682
179,553
57,475
159,685
41,446
75,31
83,212
183,149
162,844
116,203
166,993
155,439
134,543
93,632
53,270
186,985
34,539
143,219
163,823
147,39
57,618
117,629
156,480
174,689
133,884
56,694
55,83
178,382
6,244
43,97
153,523
96,776
149,845
173,431
89,818
93,799
21,698
176,745
8,131
85,12
102,447
112,898
189,665
135,415
164,688
197,38
104,662
118,229
77,507
107,483
24,892
77,849
146,591
174,545
110,253
37,573
150,367
186,631
23,912
188,1
60,541
86,190
80,151
121,391
44,157
27,334
91,580
195,411
62,930
174,453
76,211
147,693
107,234
153,619
66,630
87,939
153,296
2,206
143,577
90,329
191,293
107,371
112,798
170,669
95,204
20,482
15,526
126,223
9,55
39,757
24,17
170,150
189,827
120,963
53,390
172,386
57,700
191,997
43,360
189,400
169,814
119,210
185,722
48,175
187,210
73,941
130,463
69,578
55,613
17,437
171,401
2,817
25,595
32,35
155,11
78,562
133,442
102,738
187,24
192,453
54,1000
191,158
106,317
78,947
194,459
199,788
143,908
147,644
177,203
171,481
132,366
158,372
162,962
72,94
124,442
15,806
158,687
6,614
51,508
25,941
107,300
198,725
169,678
94,654
144,111
4,293
90,770
126,835
64,733
70,429
112,985
148,856
77,262
127,812
55,706
60,553
113,787
141,904
15,763
198,806
183,334
34,514
147,31
169,340
100,448
89,941
23,567
49,454
139,819
78,758
116,454
24,608
136,945
193,553
129,243
114,281
63,835
68,364
12,621
104,521
82,634
55,516
11,405
41,765
83,60
39,246
12,524
147,661
152,849
173,400
72,403
156,976
164,170
68,953
57,306
199,896
60,367
65,542
104,610
85,182
29,192
27,703
92,399
9,843
61,517
116,66
2,534
140,47
54,339
80,430
160,298
98,438
1,927
77,602
16,218
123,413
67,452
71,471
111,753
150,126
169,760
21,437
21,191
46,119
87,46
194,244
187,589
175,415
179,321
90,565
105,728
129,729
180,72
164,577
164,46
11,807
78,126
81,534
155,227
56,222
96,135
140,426
183,733
170,411
1,103
58,528
81,324
192,1
197,884
7,172
151,347
124,198
133,12
28,897
8,71
48,877
76,831
91,877
120,97
139,95
96,573
15,395
192,937
168,828
24,613
76,623
146,790
149,119
49,936
103,641
186,383
10,899
92,345
31,590
25,688
190,831
152,228
148,422
137,449
21,514
111,815
170,505
20,495
2,550
3,658
80,625
38,612
53,725
42,770
143,929
184,978
94,18
126,941
180,104
154,433
22,158
152,226
54,833
36,77
196,200
72,591
91,168
35,44
145,893
198,828
68,43
171,54
55,490
174,75
121,508
93,535
143,358
99,159
184,460
66,554
2,398
103,109
18,708
47,927
107,808
190,135
185,34
167,236
16,398
152,851
95,966
19,440
82,503
173,96
44,113
31,568
111,50
165,65
139,84
32,684
187,135
172,728
166,799
59,896
174,630
156,949
57,201
16,187
84,366
150,896
191,521
197,508
149,738
35,61
110,807
39,227
30,810
73,836
170,350
154,441
143,674
177,518
180,620
27,867
6,903
150,721
100,649
28,585
196,415
141,50
74,368
8,353
42,92
17,145
194,51
56,812
109,7
133,126
104,805
71,795
27,965
177,912
143,788
4,260
66,766
105,860
11,898
139,719
20,709
157,512
27,263
10,824
199,566
61,280
109,578
84,270
72,580
91,31
104,12
152,697
190,341
129,36
106,848
34,709
117,269
88,408
111,609
143,226
176,634
164,560
90,586
168,42
125,265
37,623
71,81
79,147
171,634
169,17
75,636
92,466
167,454
111,184
81,869
49,691
195,643
137,295
117,416
193,400
155,88
154,826
89,200
12,99
101,961
74,508
36,538
162,411
32,481
76,689
183,385
133,328
150,929
4,138
176,397
34,624
115,981
100,87
31,777
100,397
36,788
185,554
103,446
3,787
49,316
153,535
33,277
103,898
141,609
162,805
173,423
124,667
12,128
102,379
97,162
128,764
126,842
176,303
12,162
17,919
94,842
128,975
34,212
23,735
38,331
38,281
46,985
52,349
39,350
191,400
9,1
134,329
191,858
134,858
159,317
154,400
17,464
47,111
93,979
15,348
198,154
3,641
93,930
188,919
59,339
51,786
23,193
185,122
132,279
96,941
106,18
85,628
160,236
74,680
39,249
39,130
186,736
183,127
2,620
22,905
38,944
149,278
67,911
191,232
186,112
71,931
179,657
20,288
8,827
138,949
125,525
57,272
178,929
51,698
163,477
124,606
196,558
39,706
78,47
194,153
25,951
30,438
136,151
59,95
56,504
160,963
145,887
175,923
191,530
21,515
28,669
4,984
11,824
175,581
99,155
80,167
105,353
119,532
198,632
194,825
112,831
56,696
86,371
130,485
116,996
73,795
89,888
33,428
55,786
180,308
129,536
137,148
51,767
194,506
161,153
81,319
76,766
48,132
164,330
52,335
30,70
120,994
135,696
143,776
48,567
7,340
12,256
65,345
94,236
142,754
135,192
131,986
121,163
2,269
113,407
122,446
98,938
97,726
12,546
33,554
140,994
127,307
83,724
179,848
129,458
21,741
171,133
15,641
121,321
54,74
176,863
56,734
100,569
93,619
49,106
96,796
193,727
35,406
33,98
169,671
9,493
76,729
22,264
68,226
1,651
32,16
100,84
72,945
74,365
37,606
153,392
79,361
182,473
80,278
53,219
18,610
157,871
123,100
32,700
93,233
59,839
63,909
71,805
149,956
116,169
160,443
158,479
8,95
7,769
12,765
53,811
163,310
58,302
78,615
154,509
94,757
183,556
180,365
142,735
106,642
18,752
136,537
130,95
122,525
104,55
182,953
34,119
94,587
152,158
128,622
66,223
117,448
57,528
33,503
74,598
12,976
54,220
31,165
43,191
59,892
155,330
68,571
11,952
113,15
75,462
53,703
31,320
188,965
189,899
135,224
102,569
119,318
118,483
186,880
128,262
2,471
5,227
104,395
106,881
196,362
103,13
1,689
116,387
184,143
42,876
141,873
40,124
47,807
176,661
138,131
31,595
55,880
129,426
138,169
124,569
67,781
113,137
110,268
182,810
56,614
53,203
3,929
77,740
200,369
165,601
111,584
43,679
195,38
103,411
169,990
102,34
70,557
91,238
25,187
52,259
168,937
68,211
88,534
187,284
149,900
144,94
29,990
134,674
80,881
111,360
26,158
67,186
31,30
100,768
61,479
143,699
23,486
194,725
5,315
144,728
186,961
58,809
97,259
161,973
136,98
22,706
106,745
87,594
90,948
93,756
142,826
161,727
96,587
67,171
19,638
64,512
147,773
51,944
27,214
196,874
105,199
177,404
87,591
128,182
126,410
119,438
134,505
122,500
94,582
54,370
144,436
19,214
199,317
23,498
66,610
19,599
89,226
199,834
143,25
141,669
140,819
77,184
111,806
126,876
34,197
52,623
156,14
174,831
126,870
104,118
94,887
8,34
25,77
21,230
157,109
86,316
135,991
1,316
73,188
192,204
106,996
65,512
159,161
195,77
67,600
155,14
23,3
186,538
101,100
99,796
65,846
118,721
156,19
80,860
161,820
169,618
147,979
23,351
124,230
136,678
7,391
117,628
147,391
119,683
60,397
116,186
10,599
173,404
31,47
47,780
50,470
47,443
79,230
173,178
15,373
131,818
100,582
145,450
41,918
69,934
93,636
121,107
171,865
193,662
94,371
175,455
159,201
41,787
126,479
2,122
30,698
86,316
174,634
25,854
120,693
128,211
161,828
47,748
106,5
151,435
131,349
105,521
142,705
138,889
165,704
141,431
194,65
9,951
194,537
88,690
155,486
52,965
89,513
97,992
123,883
152,301
55,972
179,938
50,876
106,281
70,905
128,53
44,392
52,154
126,406
127,674
109,907
196,896
90,609
101,828
68,754
86,531
114,672
190,397
99,634
67,839
150,649
68,996
114,763
21,358
91,863
161,829
189,245
71,875
114,929
65,885
82,664
10,735
164,133
65,25
199,374
62,454
127,174
154,663
2,573
186,280
174,852
192,537
157,408
81,900
59,658
160,265
86,899
7,243
113,825
90,287
142,888
9,792
124,538
2,384
59,545
56,204
187,547
96,948
104,595
49,192
185,622
31,254
105,616
98,311
190,538
11,714
71,831
200,30
122,227
118,215
15,991
71,90
91,2
185,902
99,224
46,831
181,264
8,322
27,47
189,901
37,418
93,529
59,891
137,463
162,596
111,211
52,913
75,947
102,479
72,664
110,273
178,808
101,885
111,764
10,254
56,872
35,926
125,202
147,635
122,271
29,344
153,151
14,726
195,590
73,838
18,55
23,22
46,644
126,447
12,495
137,113
175,895
153,336
30,402
77,531
68,607
119,488
145,650
121,208
133,202
61,884
6,438
23,270
65,221
83,458
168,381
70,723
122,541
152,216
88,24
89,685
194,787
165,703
47,420
9,191
195,479
8,744
104,882
136,482
86,444
194,482
16,493
22,652
180,555
175,965
31,965
41,615
47,245
185,409
25,884
56,584
29,131
49,504
119,260
94,613
166,603
134,989
77,983
173,105
180,755
54,932
64,511
106,958
129,457
3,343
178,518
200,12
126,593
17,777
12,644
193,415
165,373
31,908
8,839
110,274
11,508
10,989
117,541
53,780
138,698
166,309
113,544
188,276
132,993
51,825
3,234
66,530
197,360
119,219
111,953
85,676
73,707
174,8
75,899
68,636
34,491
48,527
15,630
3,194
31,888
116,568
130,251
170,805
100,823
66,252
190,971
22,439
127,763
133,334
192,640
129,849
69,971
67,274
11,565
144,675
147,923
81,761
151,221
7,205
48,996
161,35
119,642
96,447
2,866
183,845
88,159
109,635
160,800
14,128
191,371
41,212
167,39
34,622
154,675
160,412
98,201
57,22
154,843
43,933
63,367
103,362
68,993
1,251
8,451
153,659
152,121
91,282
16,824
47,700
119,214
42,27
31,150
161,624
92,221
24,572
84,5
6,300
33,206
21,681
137,144
180,40
195,710
99,956
133,130
15,309
136,896
32,801
178,34
146,244
15,932
89,305
136,295
182,460
56,938
133,368
114,775
125,615
115,907
53,601
135,964
192,154
70,851
184,338
164,697
84,243
135,850
27,384
22,549
41,498
38,881
174,193
196,528
36,448
71,873
34,601
91,889
26,517
88,190
93,374
166,479
176,429
199,541
135,678
186,82
87,927
87,606
11,250
14,960
132,127
148,434
187,745
159,337
78,269
190,514
117,397
27,692
87,16
182,781
76,525
142,289
150,758
30,907
183,866
84,755
8,523
147,140
168,262
74,417
183,298
11,244
86,28
114,956
106,610
93,355
91,616
179,820
199,957
54,378
86,521
131,80
16,520
194,729
35,680
40,458
113,795
85,308
115,787
116,643
128,957
127,279
96,589
47,379
73,901
182,121
33,223
132,459
38,872
74,755
151,832
64,495
153,482
158,40
5,506
16,728
73,896
85,915
94,615
73,561
80,583
177,755
107,473
68,945
185,866
28,447
110,136
51,695
145,350
108,675
126,121
40,338
94,601
57,352
8,953
44,796
116,442
115,270
160,752
6,385
78,127
40,934
199,157
126,152
174,495
102,370
51,825
17,965
73,837
95,972
29,711
161,207
71,106
128,929
164,839
13,58
87,290
94,345
143,247
75,362
92,638
87,910
94,946
112,821
48,982
32,435
143,980
170,220
53,382
169,496
180,994
196,425
107,522
14,574
157,365
195,8
78,823
191,595
24,31
129,428
195,735
14,301
52,82
122,91
95,933
85,697
121,573
83,785
41,96
161,736
149,468
150,238
58,401
143,393
12,798
158,699
63,892
18,685
175,431
10,537
148,979
133,519
140,359
166,696
7,91
9,378
96,810
196,566
51,612
21,96
28,379
53,178
12,166
104,292
13,34
157,726
49,703
174,752
61,725
56,964
147,444
63,512
151,44
48,932
1,682
172,911
61,557
144,652
115,532
44,967
168,975
17,574
137,630
55,541
77,291
116,533
26,771
194,423
198,464
111,414
64,766
70,902
35,757
3,557
60,307
132,717
24,191
76,191
191,785
104,446
75,493
72,153
187,836
106,315
71,869
8,264
119,664
144,199
197,701
196,171
195,507
154,841
112,417
62,453
153,804
167,336
133,96
175,710
141,486
114,845
78,280
157,581
44,319
100,540
115,680
23,314
66,394
157,223
146,632
181,343
64,95
84,339
112,414
80,670
37,201
158,286
3,965
40,642
97,812
150,778
3,868
143,962
145,825
97,275
197,979
151,398
100,429
171,828
133,66
32,678
138,187
36,591
38,249
171,791
167,646
166,140
69,393
144,503
36,191
14,232
120,213
59,498
181,572
199,277
14,397
173,730
17,209
132,424
126,942
78,724
134,987
84,508
129,251
14,951
68,807
85,336
150,395
176,820
84,692
199,461
170,409
167,840
171,939
96,846
118,515
99,576
174,3
14,908
91,346
18,871
189,135
102,653
192,491
167,435
67,655
66,964
155,271
55,992
107,938
58,170
120,38
95,421
28,262
112,364
50,904
65,819
65,182
11,63
75,155
23,702
131,442
114,257
117,733
26,887
95,141
13,256
84,85
162,589
24,586
136,356
172,967
169,23
88,419
96,643
26,242
58,325
141,328
13,557
23,641
68,193
48,853
48,727
145,513
122,921
109,421
182,210
48,875
126,688
152,709
184,49
200,286
33,213
53,562
25,2
103,42
191,820
130,631
20,755
126,45
10,373
39,130
155,84
136,274
90,471
168,798
76,595
197,417
93,633
154,22
86,868
34,485
5,721
47,360
158,636
110,98
29,822
75,221
82,926
129,842
50,46
80,965
2,643
124,491
188,919
190,737
94,127
57,42
110,79
3,610
193,157
36,112
103,563
151,467
74,348
52,843
118,113
73,458
62,990
40,45
73,252
22,625
33,455
73,255
23,184
106,436
106,360
102,877
12,180
57,207
103,89
106,992
92,348
131,23
108,782
38,257
117,334
85,347
39,432
117,963
36,916
14,691
62,415
162,914
122,766
15,148
117,742
81,116
2,8
92,926
192,866
176,946
112,564
125,43
110,593
1,327
119,980
20,792
19,995
46,86
179,536
24,870
99,465
177,614
52,830
47,996
62,374
49,589
59,779
179,942
60,18
162,886
95,280
136,289
188,597
180,328
21,892
108,339
122,838
15,918
114,596
76,193
38,882
28,724
136,233
9,152
70,181
102,700
68,423
192,542
86,644
176,339
190,114
147,26
37,739
9,312
18,877
199,669
17,331
182,313
140,517
9,798
81,101
13,622
57,195
73,401
199,374
186,254
58,427
52,783
61,7
81,494
182,791
95,717
78,199
120,718
14,3
148,840
139,922
73,123
104,790
68,239
116,952
115,34
164,663
38,99
119,11
192,277
113,63
29,839
48,350
181,717
160,174
142,921
175,855
58,884
55,943
161,840
145,763
121,95
115,658
139,384
98,542
28,465
97,620
114,384
10,364
155,97
127,975
190,243
177,793
145,245
8,782
180,71
15,703
89,739
93,914
151,86
199,388
156,788
141,194
64,735
167,76
125,603
55,911
97,295
165,512
8,532
155,731
66,741
77,45
99,359
181,735
162,304
91,848
39,758
86,585
52,954
95,479
6,680
128,873
98,886
95,7
148,268
101,185
4,481
138,902
166,329
109,151
168,965
185,187
116,114
149,678
41,421
7,779
33,955
162,674
99,807
190,839
17,125
144,447
132,882
6,758
31,28
156,908
57,447
1,602
167,70
151,286
147,4
143,69
168,479
13,51
51,140
128,707
104,683
44,541
7,353
172,683
177,537
119,477
126,872
127,804
13,87
72,688
151,476
35,715
99,519
34,903
26,108
145,344
110,664
168,792
189,615
103,314
112,29
126,461
52,651
82,985
153,371
100,713
145,703
29,608
43,153
10,363
31,995
53,378
103,246
187,854
146,957
190,679
118,817
73,749
136,802
172,625
45,361
12,50
127,366
28,435
120,765
69,901
185,538
107,655
122,194
93,555
31,565
34,749
29,502
187,509
68,522
116,967
73,512
116,622
62,383
158,951
160,683
174,968
86,671
141,315
56,550
61,382
99,619
149,605
121,770
32,182
90,149
198,37
21,627
52,64
179,390
66,437
164,592
32,153
98,830
126,115
148,92
146,431
150,590
49,216
95,245
174,39
55,643
20,252
196,569
123,571
56,41
83,657
101,544
34,528
189,742
123,383
60,242
85,864
85,183
109,707
44,55
35,613
173,284
199,563
126,260
123,517
32,117
48,572
41,413
152,876
171,604
51,298
191,378
32,463
60,585
43,820
33,141
149,227
22,452
166,472
131,442
86,928
3,813
63,582
167,284
176,739
113,383
195,660
166,57
81,334
124,710
170,507
186,495
200,866
145,81
118,308
53,76
33,686
78,217
78,657
82,212
90,254
129,948
179,79
18,707
85,507
91,33
151,145
118,162
13,634
70,528
9,751
49,390
152,719
96,462
165,361
107,191
157,263
51,205
148,103
105,549
97,912
118,1000
2,826
134,550
81,333
5,410
147,778
70,234
199,945
149,659
70,273
28,62
184,70
5,308
38,879
125,799
192,608
122,267
160,198
90,286
150,154
30,943
1,110
135,819
19,518
140,899
164,630
107,626
160,657
30,220
40,781
161,601
63,379
115,995
83,216
136,315
129,910
163,80
26,92
84,734
128,39
49,307
118,379
102,55
165,95
106,294
176,166
99,192
78,853
86,931
83,291
107,167
1,934
46,985
32,851
60,350
182,257
100,638
182,713
44,148
170,256
146,292
2,502
22,769
114,253
171,303
59,283
99,393
16,941
160,949
88,854
67,484
176,51
185,678
13,428
13,816
64,949
147,539
20,53
114,592
199,367
28,401
49,346
35,77
67,648
196,756
22,758
46,1
44,170
75,649
28,500
87,409
18,393
132,43
156,346
112,260
171,850
22,542
188,978
86,277
32,197
56,691
51,446
101,369
188,823
4,144
133,349
153,820
18,337
111,714
195,901
82,566
30,450
166,628
26,683
96,745
122,562
44,580
16,721
85,182
189,823
78,607
46,175
22,834
150,884
30,659
176,106
167,290
41,585
150,933
156,277
129,116
75,113
73,8
193,87
56,836
132,985
93,711
181,407
148,596
49,595
31,292
44,423
83,158
2,928
31,849
42,841
182,32
28,462
78,912
11,156
14,635
130,663
78,719
79,447
159,516
132,984
134,401
104,373
160,305
140,76
177,556
38,475
48,963
154,128
64,678
99,469
172,335
156,975
27,936
107,320
70,711
164,591
32,931
81,196
39,737
30,574
168,27
25,101
49,64
133,323
36,223
27,368
104,849
137,786
44,909
61,297
47,557
65,957
184,997
4,745
33,152
186,898
189,944
65,405
45,966
101,489
21,645
63,800
41,11
36,321
64,960
194,903
65,163
62,550
109,452
11,834
115,486
99,31
80,792
35,634
188,203
167,650
170,677
152,770
138,506
164,724
110,726
102,932
121,310
14,995
139,718
128,499
35,77
11,460
167,347
46,813
75,864
177,54
6,247
56,716
10,904
95,875
19,20
177,690
194,613
183,884
127,990
38,291
119,824
36,353
71,188
111,355
75,907
17,448
191,831
171,545
152,688
54,608
46,498
112,771
186,977
193,727
183,240
149,565
82,717
48,225
143,674
27,825
142,174
131,591
49,930
98,664
50,994
172,642
43,796
118,563
167,437
133,22
123,906
189,941
11,281
47,667
60,361
117,792
167,237
21,534
158,617
95,593
61,73
21,743
110,699
149,608
48,691
21,667
49,327
64,320
182,479
185,59
89,8
121,876
168,4
127,491
96,7
186,572
142,941
199,925
77,580
73,675
148,625
157,812
103,203
89,468
97,517
107,722
107,129
197,73
61,560
3,832
84,934
149,368
19,626
200,843
66,566
72,758
92,285
192,176
42,922
95,597
86,345
26,201
49,725
9,761
84,628
18,360
76,99
149,424
54,676
177,363
29,943
192,721
26,27
153,421
128,317
88,110
173,236
110,235
103,775
92,752
155,11
86,752
8,258
17,504
61,509
37,145
61,268
35,430
180,499
129,806
120,890
11,727
51,905
174,177
56,649
140,115
36,529
21,452
17,909
135,836
160,670
186,584
193,236
91,968
79,691
114,760
175,873
192,328
36,978
31,73
42,452
192,325
149,434
63,776
128,913
56,73
23,314
156,862
53,245
27,920
5,548
129,413
42,998
62,56
111,750
197,343
149,910
67,690
7,28
61,834
137,98
131,821
5,250
181,428
77,561
96,733
24,694
10,940
12,133
18,513
40,312
20,724
65,25
140,90
115,47
35,531
68,996
109,65
109,650
141,482
137,457
165,812
162,197
48,778
17,289
146,622
147,490
3,215
171,132
6,287
49,660
80,681
127,262
55,742
53,315
79,133
27,45
106,370
17,892
12,825
6,302
102,2
17,13
162,300
29,205
32,241
87,376
86,984
191,467
147,311
35,49
185,484
195,1000
38,702
175,131
174,238
153,984
92,434
194,882
178,476
34,673
22,501
97,814
200,79
182,536
196,615
195,573
150,568
128,733
142,928
117,503
109,488
189,449
95,886
17,223
129,492
119,673
20,132
55,622
138,87
137,995
147,229
158,468
165,652
42,43
72,519
122,231
10,282
93,120
151,259
82,350
190,514
105,952
131,828
22,661
189,810
117,849
186,229
72,117
138,569
176,32
128,985
149,674
104,798
80,746
174,42
64,642
163,815
28,357
125,825
82,523
85,635
50,929
146,109
197,553
164,334
62,678
101,738
36,34
93,923
72,848
79,616
49,786
61,598
47,459
21,691
145,324
65,32
106,234
133,322
108,918
117,9
36,56
190,480
163,77
197,364
51,470
144,673
72,191
15,704
89,368
175,665
90,737
87,774
57,690
82,274
73,960
195,870
10,461
195,962
133,726
152,694
106,467
120,716
129,896
135,551
151,950
43,660
184,920
187,139
28,781
9,759
10,467
200,144
174,683
3,948
71,23
197,775
159,318
127,779
18,128
45,303
104,109
177,455
94,685
126,551
178,16
72,98
6,976
178,319
142,438
105,496
21,535
108,264
70,153
111,130
198,300
77,844
128,61
179,265
145,562
107,482
22,118
5,121
129,475
120,798
4,237
63,161
84,475
199,49
178,293
169,301
58,805
194,30
119,251
35,316
97,676
109,792
136,580
158,896
124,674
66,616
174,62
194,219
164,795
15,268
59,526
26,823
119,453
160,610
190,513
152,588
37,268
104,862
147,165
73,479
6,290
136,125
27,952
175,197
16,96
131,437
197,296
63,140
64,86
68,945
92,706
98,836
96,100
131,807
32,171
119,377
153,83
122,59
6,252
70,248
195,472
70,203
187,864
40,363
98,826
175,481
76,30
177,339
54,390
36,323
24,897
167,688
40,211
32,75
87,265
28,653
18,117
152,857
7,656
36,29
98,12
126,105
64,755
103,666
150,209
14,803
9,370
33,181
20,692
80,272
42,663
109,803
113,670
63,767
194,375
52,574
68,686
35,324
199,435
31,127
105,112
176,321
172,783
160,585
184,626
80,277
189,146
106,812
180,88
137,282
85,323
54,450
196,793
82,549
40,412
136,131
185,657
160,378
16,547
28,277
157,595
169,319
9,188
50,137
50,356
143,380
152,236
90,524
15,711
53,972
172,755
161,342
166,176
131,531
8,345
8,949
127,324
12,894
128,734
171,521
23,600
176,904
162,841
116,828
55,370
67,808
76,934
34,367
47,288
181,719
122,505
126,495
65,293
200,932
71,580
100,271
151,252
9,314
110,290
14,50
112,9
99,582
137,895
131,947
35,400
77,560
112,129
190,688
118,373
94,822
54,509
119,608
59,805
144,361
167,887
75,669
98,22
150,104
36,125
6,908
66,25
120,161
93,260
91,749
51,618
112,45
24,774
112,62
147,854
158,875
57,145
162,762
65,480
8,451
145,147
102,976
35,370
172,961
27,724
123,304
52,128
176,404
199,59
56,135
96,61
167,846
60,768
175,710
199,599
77,253
173,650
153,521
136,265
69,961
40,471
143,587
92,160
176,947
63,438
24,806
128,606
68,584
107,744
68,345
79,620
179,767
91,729
160,363
117,751
130,897
30,178
115,743
50,744
28,505
182,896
74,698
187,884
169,821
37,450
187,110
136,235
34,871
38,955
175,287
7,166
55,615
54,404
171,937
34,488
100,105
119,419
70,728
8,785
171,284
11,285
187,946
100,345
170,376
26,83
42,566
97,237
130,82
32,988
5,359
2,961
35,725
34,545
184,618
42,39
123,794
167,299
174,652
87,602
92,174
135,736
35,453
200,954
108,503
124,814
70,187
53,640
54,326
179,272
56,933
193,235
164,902
117,199
188,807
35,733
113,533
56,623
108,789
192,593
48,82
89,123
11,13
36,389
1,502
113,775
43,70
66,199
161,642
65,977
179,535
99,980
146,683
98,995
88,222
128,70
93,925
92,488
64,115
7,365
47,5
144,582
144,200
17,570
117,228
8,682
146,371
14,488
160,215
60,479
116,871
59,108
34,627
122,198
71,964
22,760
80,530
88,53
197,164
176,707
117,686
96,622
164,850
179,28
135,153
106,558
184,19
1,623
16,484
39,177
8,575
168,644
123,88
41,967
193,125
134,599
193,999
72,356
47,252
153,659
180,332
146,424
198,39
34,241
54,78
84,831
159,929
200,916
160,529
185,476
90,118
118,370
115,809
159,31
51,172
51,15
142,539
138,59
112,885
1,908
155,290
18,477
87,13
44,978
188,287
32,970
57,956
7,49
114,526
161,560
109,506
167,358
133,718
125,333
88,700
139,347
2,602
87,589
193,100
78,344
12,304
159,849
113,181
64,401
106,637
75,694
101,132
115,183
129,440
87,107
139,934
32,295
197,707
35,41
79,813
58,667
142,277
196,679
83,936
12,699
177,266
103,150
28,499
99,268
170,199
76,620
52,879
147,926
74,110
109,803
184,771
97,460
66,992
9,453
143,916
174,574
173,899
178,430
145,524
189,854
179,920
93,546
81,458
70,636
20,981
193,89
14,405
166,831
112,469
165,155
110,297
24,517
115,640
61,669
149,461
138,626
82,222
117,485
14,75
41,286
148,218
29,442
190,273
92,693
172,612
134,151
67,253
113,560
4,277
113,3
75,41
124,644
151,206
100,353
18,822
131,859
115,383
101,806
149,183
111,922
179,925
151,143
194,52
199,797
57,685
186,163
121,976
54,988
88,795
128,121
37,373
100,913
124,190
19,159
64,5
7,566
200,350
118,676
130,884
148,358
151,118
95,240
37,723
79,186
88,795
100,390
6,8
149,553
186,875
1,897
86,939
126,831
138,218
105,670
156,48
179,977
53,32
52,924
69,75
63,842
164,416
87,670
49,129
151,528
83,445
188,959
138,274
158,912
174,617
114,887
185,822
113,836
8,755
128,821
12,437
12,26
128,279
97,102
72,807
62,254
114,33
14,803
72,751
152,82
187,889
170,500
80,914
73,202
100,574
113,85
170,746
164,846
98,245
129,933
180,470
112,191
21,929
92,914
123,725
126,820
78,853
2,757
84,262
96,854
129,448
110,125
135,153
75,779
139,742
128,315
18,281
44,501
130,371
60,643
17,257
28,744
188,619
129,513
121,178
108,213
182,265
176,586
45,85
163,165
35,210
183,225
148,891
150,855
135,919
41,126
81,577
7,15
119,716
32,217
36,678
179,7
75,736
70,971
131,265
200,360
108,465
124,73
94,850
171,273
29,752
119,666
179,389
100,8
76,324
107,562
151,858
60,591
22,914
26,412
176,839
190,318
95,451
168,411
126,943
171,969
116,770
103,955
96,837
122,737
111,395
103,882
65,493
101,48
144,362
33,9
129,688
189,951
88,871
165,144
151,447
80,338
83,949
48,73
126,373
16,295
147,639
138,532
127,542
35,608
143,514
125,148
120,370
77,759
71,146
43,6
111,79
176,717
142,371
178,42
107,912
156,175
153,847
138,479
174,238
166,539
111,804
176,283
9,64
98,820
123,144
79,425
111,208
150,39
63,167
23,264
64,57
50,92
140,714
49,581
62,248
6,919
21,112
29,821
131,270
172,22
103,363
65,514
137,332
88,536
128,328
96,137
179,297
92,158
146,403
27,352
20,284
50,422
156,469
65,355
117,725
134,217
82,75
116,981
147,901
140,205
167,514
117,730
23,673
62,337
90,993
102,979
109,936
159,443
64,673
53,828
139,730
148,364
182,907
191,551
112,681
65,70
119,670
137,946
37,335
175,397
12,710
32,615
158,768
150,114
199,842
189,443
34,271
109,957
155,314
163,482
108,721
44,607
51,403
176,959
138,291
36,442
135,881
93,857
30,497
152,469
49,445
124,579
187,859
156,908
13,93
2,135
168,953
127,833
20,622
195,60
174,806
159,321
185,759
174,885
33,857
3,193
139,979
170,466
41,104
33,128
199,882
94,653
20,586
11,650
71,921
91,749
98,176
79,836
186,278
107,706
47,155
10,97
101,345
109,418
56,648
61,617
55,695
91,38
134,160
74,194
188,135
99,132
83,247
173,552
24,978
71,15
61,55
165,507
81,321
153,775
135,859
73,68
173,281
41,63
37,906
73,542
77,195
193,971
89,51
125,287
95,15
195,978
191,615
55,756
64,965
48,528
14,876
150,656
145,623
120,26
36,272
70,5
78,951
52,89
7,930
159,13
120,496
25,686
143,179
61,694
85,720
177,248
34,775
126,487
162,659
57,502
112,364
88,264
113,408
17,449
33,455
92,488
58,346
83,318
143,949
28,296
120,961
25,185
100,417
110,109
87,913
175,253
149,223
198,591
191,891
33,622
69,184
119,725
14,853
36,985
18,355
16,957
165,101
54,906
66,851
57,652
64,584
13,448
41,484
159,876
190,553
157,660
85,517
47,914
74,832
115,485
49,221
181,906
145,72
34,618
155,886
12,227
116,942
29,706
154,113
38,453
89,614
63,581
179,807
93,323
119,684
23,972
74,822
47,87
190,92
108,963
173,192
46,35
181,401
168,739
173,334
154,91
12,4
184,283
65,195
101,258
56,402
69,298
65,216
42,767
200,577
108,603
24,259
38,161
177,779
182,8
162,58
119,645
39,170
114,408
184,513
62,327
41,473
131,49
161,520
115,944
140,328
172,494
28,58
155,938
56,193
139,769
96,224
11,15
12,603
12,922
16,682
109,217
163,999
36,351
132,749
109,661
122,955
115,906
85,291
104,379
142,424
31,491
43,567
169,317
119,670
8,248
75,281
108,654
56,226
48,729
74,840
97,363
167,808
195,687
106,877
136,292
198,67
86,304
192,421
189,206
86,124
120,321
127,209
81,997
194,70
132,376
28,807
187,864
128,406
146,691
99,368
181,837
145,370
149,419
84,809
106,13
11,805
164,944
197,941
59,723
57,459
191,323
40,187
146,864
102,755
70,529
66,653
36,91
3,578
41,189
33,334
24,750
68,347
91,492
151,650
95,860
185,203
117,657
34,236
125,407
106,47
70,72
73,148
110,315
55,59
48,634
121,48
140,80
57,810
125,159
46,605
144,147
32,17
159,798
52,371
164,776
39,319
172,195
156,157
43,622
164,379
9,90
184,690
171,967
79,582
101,920
35,571
67,27
118,825
111,694
166,684
152,830
85,203
155,56
140,480
138,957
55,676
169,302
193,511
104,469
176,639
7,52
113,518
40,319
78,409
111,402
97,623
80,705
144,228
111,952
176,840
2,697
145,649
80,216
133,419
130,163
175,762
92,928
187,17
136,335
86,594
47,343
163,438
43,585
123,812
48,387
98,580
193,871
38,216
200,147
84,459
189,835
41,500
63,648
78,736
106,944
139,840
184,621
183,170
122,985
15,746
175,277
120,182
50,800
173,697
62,260
164,258
111,427
102,108
12,362
26,960
77,614
187,762
99,90
140,50
97,891
132,406
44,515
141,396
194,757
192,533
179,535
121,966
158,991
44,279
65,619
66,911
5,773
63,697
195,666
174,931
160,369
22,533
110,637
182,332
107,820
23,236
171,307
70,49
144,999
139,234
179,672
61,890
26,558
64,558
8,125
102,594
190,196
69,481
108,600
18,824
35,661
53,506
127,617
64,647
157,565
1,94
199,690
41,164
8,79
99,221
25,514
196,376
47,32
2,643
40,247
149,102
94,156
56,75
50,249
102,653
195,703
56,696
18,299
197,5
152,567
46,82
43,497
12,188
63,126
141,610
110,496
48,36
29,188
160,357
155,19
63,101
170,792
117,498
163,328
103,926
148,715
177,15
2,716
2,707
27,672
149,655
193,767
21,975
119,386
88,864
55,841
194,179
76,871
80,543
62,264
56,803
131,932
200,493
30,382
19,321
73,737
127,312
112,634
30,117
120,1000
161,60
184,707
142,464
3,137
124,145
137,991
48,928
9,865
66,55
12,639
61,673
188,737
134,10
140,956
187,207
73,643
183,582
165,117
46,858
53,172
29,390
171,698
4,26
96,882
154,892
182,220
46,272
179,78
140,240
36,700
189,773
90,192
183,462
99,165
93,152
168,890
11,906
42,91
57,115
26,448
120,578
89,743
75,170
136,978
191,221
43,912
99,506
174,28
26,768
194,86
103,457
130,114
29,823
111,946
120,814
190,550
106,755
35,976
154,8
46,328
25,342
49,520
102,896
66,773
44,443
114,240
200,17
44,176
11,630
147,307
22,495
176,827
87,214
165,878
6,290
173,13
93,811
51,80
156,535
72,799
20,63
171,351
8,459
83,815
82,3
136,266
129,328
42,561
75,423
126,458
16,239
128,517
65,447
116,625
126,51
188,8
144,671
186,233
7,667
116,403
70,676
76,851
11,348
131,238
83,336
184,918
2,87
128,925
42,453
43,466
165,610
114,249
186,141
141,192
145,27
31,868
177,561
61,134
3,370
28,93
193,162
17,847
50,262
8,438
51,871
99,547
8,75
159,611
11,373
8,184
78,43
103,323
17,68
173,481
164,731
70,877
122,822
20,737
23,472
13,685
101,279
139,361
113,581
112,935
131,570
104,975
50,646
169,92
42,916
66,850
15,459
189,677
155,26
79,650
77,557
176,83
64,556
169,534
31,592
16,936
32,103
193,972
71,841
86,716
105,512
178,412
119,450
107,924
19,599
87,133
69,579
103,756
8,99
124,40
146,157
25,461
109,314
85,77
124,891
120,777
11,133
40,682
53,569
2,258
181,359
59,313
116,517
42,451
118,673
35,331
49,747
39,61
159,940
91,652
151,660
177,187
137,275
135,578
143,486
61,370
182,515
128,179
118,981
44,635
156,898
49,221
161,743
87,718
121,914
176,643
5,168
180,923
66,31
157,249
148,516
103,682
109,201
183,621
136,316
197,394
74,547
74,273
35,694
117,255
150,571
60,327
186,778
101,816
174,356
34,728
62,618
20,567
188,567
107,678
117,415
43,808
40,485
64,342
58,851
61,878
80,917
1,962
100,646
41,58
27,421
109,200
63,277
200,61
30,269
177,899
35,95
96,408
177,201
66,904
177,352
46,996
107,217
103,176
136,570
108,187
56,200
94,471
9,291
71,273
94,372
184,121
190,930
168,966
79,209
70,893
75,957
38,87
20,108
120,348
68,911
148,272
76,582
86,490
165,296
43,784
21,647
142,545
184,307
46,877
161,787
77,388
61,518
29,921
94,77
42,640
29,126
105,280
193,503
165,626
45,924
65,677
100,296
46,601
153,900
129,453
45,260
113,746
53,331
55,668
160,634
136,904
127,384
196,661
146,832
31,369
62,875
1,63
119,324
31,268
95,967
167,78
136,226
72,492
146,182
176,920
61,50
87,981
120,833
143,176
67,333
190,202
20,27
186,516
24,144
65,415
77,926
62,761
123,548
164,697
99,963
44,316
53,763
13,838
163,73
69,648
107,14
109,431
189,762
152,399
30,743
7,387
153,642
106,249
192,457
80,622
27,903
38,819
17,532
126,613
180,644
10,396
87,10
109,80
198,273
113,86
90,596
3,105
28,923
43,327
1,143
187,196
21,426
12,2
66,780
14,192
124,170
143,951
159,555
107,809
131,986
59,655
35,116
45,62
142,401
21,271
192,719
158,562
76,145
96,38
119,634
102,782
98,633
155,834
163,771
116,518
67,168
9,954
16,663
18,293
22,285
70,140
66,402
4,658
122,229
126,174
64,723
137,940
109,70
184,363
149,378
44,532
181,949
83,758
154,726
154,280
117,999
83,676
121,715
112,219
193,920
126,720
196,624
129,175
152,236
8,349
81,511
123,589
121,676
154,657
137,869
54,400
114,445
5,481
80,738
161,103
11,378
151,224
155,280
187,689
138,106
82,5
198,288
59,584
15,999
61,350
112,760
7,896
35,544
92,786
142,648
105,634
162,987
99,436
184,16
159,430
55,366
79,693
120,929
101,18
125,335
21,817
44,90
15,91
129,298
34,399
43,680
36,389
80,859
168,293
27,540
6,898
34,876
72,354
150,301
16,514
90,806
156,649
60,330
104,383
62,345
41,821
71,657
63,482
198,465
196,748
152,339
10,843
115,741
107,944
175,949
93,793
199,331
118,918
58,498
65,574
192,819
187,362
187,943
192,159
85,78
44,175
85,961
191,565
75,430
118,813
152,866
164,53
22,676
126,825
84,792
44,873
41,873
123,604
193,650
45,637
71,577
176,780
110,336
42,215
160,407
128,261
174,895
150,974
145,632
14,146
16,840
58,681
133,348
69,39
113,1
16,574
68,778
23,351
147,732
22,964
33,290
37,425
145,758
82,482
82,227
178,557
88,71
182,207
173,965
156,892
124,385
181,254
86,165
158,292
107,73
80,134
186,445
192,172
6,278
16,524
91,145
6,408
63,210
68,907
105,79
18,540
154,511
135,508
49,460
37,534
46,667
98,924
90,618
49,675
56,709
130,43
74,105
183,978
157,68
124,88
99,50
63,208
189,823
174,237
16,517
96,299
73,89
136,666
78,256
108,669
111,56
171,186
174,17
162,620
51,90
57,483
142,554
13,749
41,701
18,33
149,247
107,498
186,1000
186,955
106,511
118,802
119,466
62,874
107,351
196,978
117,387
80,366
90,306
85,633
15,214
65,922
130,114
158,339
179,257
52,367
198,757
185,114
28,924
13,144
98,640
53,588
81,381
53,241
13,551
159,750
193,139
50,708
64,194
168,969
22,211
94,696
191,72
80,998
168,533
81,345
192,805
8,476
6,147
97,257
5,443
36,820
109,15
99,451
73,735
28,328
162,127
192,845
77,314
130,489
112,161
28,955
108,983
74,576
63,753
66,677
35,465
179,900
149,465
64,56
45,598
73,55
112,581
84,845
123,941
44,354
43,683
9,162
59,759
199,981
93,520
159,212
117,474
197,115
42,384
140,186
138,271
136,785
144,618
22,606
172,912
184,604
77,851
155,367
22,394
174,743
86,640
150,69
192,724
180,598
71,322
101,673
76,306
111,258
197,330
37,244
150,7
8,265
19,992
95,174
78,894
40,898
189,539
97,508
138,375
85,262
127,912
3,807
18,515
151,482
196,500
154,704
89,783
12,128
176,309
97,463
12,767
158,696
193,234
109,502
37,777
165,976
88,926
12,761
33,930
129,715
8,59
177,318
171,79
119,496
183,34
163,508
62,277
180,872
109,44
173,255
28,424
26,227
170,306
4,765
125,602
159,131
176,764
23,395
69,359
124,332
46,500
89,296
166,184
184,515
183,944
171,895
52,891
33,779
144,773
103,502
176,921
129,347
24,983
91,697
14,434
101,534
131,72
89,368
191,480
29,710
84,374
107,694
107,83
108,425
144,597
78,45
145,246
108,957
192,245
100,257
105,655
4,350
146,904
95,322
31,713
106,120
19,225
54,602
86,426
49,192
34,268
96,954
20,524
39,383
102,622
104,69
152,132
21,972
38,657
182,440
146,462
190,914
80,572
195,717
100,594
125,567
78,539
124,585
193,848
130,643
156,419
190,203
22,586
109,953
58,60
89,166
127,643
14,267
182,210
100,585
47,185
196,356
145,750
21,433
65,137
61,5
31,138
124,289
104,601
184,785
3,114
125,400
53,997
28,772
156,93
147,846
129,883
109,250
120,699
167,18
135,372
171,355
58,832
100,5
108,808
39,178
50,13
106,194
90,428
121,212
165,755
91,503
117,383
101,636
188,297
43,785
156,534
80,820
17,2
77,901
3,859
182,37
56,876
191,164
121,209
5,224
193,131
79,786
135,179
182,456
78,886
178,391
53,767
84,131
175,743
59,806
88,860
106,83
30,571
132,708
193,155
4,989
63,855
139,4
176,864
110,878
173,721
185,597
85,518
171,423
36,678
18,576
86,205
167,991
171,896
17,728
27,97
168,953
42,515
196,81
120,497
155,31
54,653
101,435
99,403
59,402
167,738
158,312
123,180
130,76
167,253
41,425
84,596
132,287
87,11
50,206
176,504
157,51
184,178
171,680
154,285
8,853
58,503
93,224
89,649
177,203
171,761
28,676
52,160
182,257
190,352
33,866
177,459
177,338
107,463
26,597
162,351
13,833
188,256
14,379
104,514
117,569
16,468
18,129
180,879
198,408
85,156
73,870
160,300
139,619
19,513
92,164
186,614
130,244
130,515
44,932
2,929
183,76
84,124
71,602
120,453
128,424
69,589
23,252
103,744
22,419
91,452
106,860
89,141
131,924
43,982
35,721
193,397
28,860
146,672
84,673
69,726
145,683
7,911
34,577
79,576
68,595
200,304
49,688
191,834
66,759
82,470
123,854
105,885
102,79
185,903
61,941
139,549
112,352
161,349
5,796
189,980
9,725
150,872
24,715
95,609
89,738
103,763
114,528
49,146
54,578
179,667
190,804
196,374
194,606
194,193
99,827
4,946
30,594
200,292
23,158
164,471
8,426
99,109
144,794
84,688
59,420
9,723
136,505
137,43
113,140
1,685
36,30
58,949
163,730
55,564
141,103
18,162
3,777
148,633
110,406
123,439
57,454
42,967
5,205
166,455
58,303
199,257
129,230
97,371
108,495
1,472
164,104
149,645
179,3
89,416
169,878
84,503
74,860
50,604
105,501
123,35
82,267
101,839
116,207
154,250
20,402
65,744
153,6
152,969
191,350
70,436
141,670
137,508
192,991
62,736
170,52
194,363
133,992
129,440
137,128
15,871
42,339
55,97
35,991
151,821
46,433
108,131
81,279
127,797
131,917
13,703
9,578
84,529
14,314
4,870
24,799
76,396
32,852
81,623
120,788
188,14
11,27
19,939
149,688
15,990
9,462
54,532
130,961
82,264
101,452
195,727
60,646
80,746
128,290
63,865
103,772
147,238
147,652
9,568
155,283
27,216
28,589
136,326
148,388
128,70
135,225
37,112
52,983
4,359
76,129
170,555
164,260
168,812
182,180
92,646
18,107
23,990
150,672
11,202
194,362
154,308
192,15
148,301
43,678
148,290
17,846
47,322
145,460
160,640
190,841
151,38
187,700
59,779
198,143
64,572
139,727
115,696
108,480
100,874
111,38
162,397
43,862
187,537
148,961
82,918
19,916
52,800
80,18
166,218
145,627
121,564
56,547
119,294
75,686
180,669
50,22
136,103
131,202
105,245
42,708
194,583
171,210
163,639
176,839
115,723
3,185
99,771
98,249
131,171
2,484
32,357
80,573
21,565
84,121
57,229
27,80
121,522
107,58
88,449
115,416
116,506
19,608
35,722
171,573
142,622
35,782
9,896
59,61
40,544
114,328
113,277
9,367
129,640
193,930
48,244
174,857
4,215
107,14
97,449
126,543
124,114
153,893
165,174
69,778
153,484
170,952
45,388
83,350
193,902
120,66
49,946
104,289
148,862
107,489
67,715
94,98
178,763
80,324
59,464
92,784
46,364
114,737
77,996
77,695
133,545
38,877
83,143
185,430
168,864
155,588
13,725
29,836
134,375
27,781
27,839
29,323
189,444
122,915
64,807
60,557
89,77
82,471
110,294
189,431
127,38
167,378
16,677
106,769
137,10
156,558
52,517
189,215
18,881
150,229
67,445
83,720
16,182
195,497
82,522
110,53
64,944
161,307
192,764
89,386
52,705
62,875
53,797
139,592
39,251
77,639
93,142
72,788
83,463
14,348
20,325
87,740
121,874
136,962
164,137
104,197
138,557
2,844
164,208
43,985
69,694
190,895
38,476
23,387
29,682
135,766
172,400
198,165
184,952
177,524
162,387
149,958
119,982
189,257
124,428
186,825
47,976
56,648
121,26
54,701
143,353
167,286
121,574
194,455
193,892
178,190
106,540
25,585
49,941
32,816
157,159
46,742
147,975
72,93
198,814
183,987
45,956
180,229
36,523
193,714
1,888
196,876
101,190
90,247
176,594
65,889
188,98
129,370
71,350
95,285
17,864
139,628
43,326
138,920
136,910
62,88
67,785
1,53
60,356
103,231
8,208
41,518
39,442
122,196
84,684
78,892
157,10
79,458
149,833
194,560
98,369
114,103
110,849
129,599
183,448
168,143
24,200
38,799
190,813
94,62
135,428
45,871
139,418
138,322
99,300
161,216
77,449
99,52
176,697
135,844
138,180
54,21
148,175
93,558
113,182
134,613
167,656
75,405
120,956
171,219
101,215
20,407
52,250
5,873
142,301
100,43
27,481
41,763
101,991
39,527
197,15
61,968
54,718
104,320
156,51
132,846
73,802
171,512
73,585
21,647
24,444
62,261
167,725
57,880
175,36
59,966
25,63
183,974
177,101
100,422
61,788
97,442
46,770
37,537
71,372
82,314
19,298
193,3
137,651
85,465
158,936
97,156
42,917
148,361
20,783
27,650
1,524
80,540
110,82
10,392
188,793
107,766
12,758
169,810
16,188
100,913
2,304
108,606
5,653
27,453
68,628
169,344
52,524
163,640
28,931
185,389
35,924
80,285
19,988
7,427
100,642
126,559
140,295
82,482
57,869
38,931
20,441
90,58
46,934
175,281
40,919
55,793
135,586
50,355
69,761
66,868
4,472
20,820
18,658
4,704
119,775
44,632
133,384
7,173
63,678
169,27
89,655
192,32
109,445
114,97
65,554
87,240
57,673
51,795
32,512
196,83
66,467
148,779
82,366
66,754
17,175
145,942
142,712
43,300
193,777
149,183
41,6
47,520
172,923
141,74
92,806
168,186
13,522
151,881
175,363
36,114
113,894
101,561
1,124
41,428
156,441
43,343
12,872
84,778
15,489
189,234
183,140
72,768
154,65
60,909
154,303
62,56
64,838
177,769
44,375
12,760
194,173
125,257
154,407
39,808
62,575
59,518
73,303
13,777
174,860
60,494
165,403
91,264
54,611
150,607
69,159
188,576
194,365
189,538
5,196
58,27
134,421
164,261
25,295
143,422
168,252
33,605
167,48
132,327
6,341
15,773
70,960
172,524
127,677
28,343
150,29
81,121
143,129
55,478
125,175
27,61
158,54
124,260
74,264
121,587
177,238
146,110
178,74
121,128
125,963
65,875
183,11
8,206
182,263
92,404
136,696
130,705
71,938
136,406
85,691
125,773
54,491
76,800
72,614
97,415
97,969
2,454
35,225
101,388
187,60
197,300
121,270
27,152
2,572
28,557
1,198
112,530
153,216
129,655
40,365
34,810
137,695
150,641
73,5
79,222
149,253
199,374
30,412
5,141
102,623
199,726
85,495
113,383
34,707
111,429
144,297
144,958
14,223
171,759
26,438
51,410
121,536
18,471
81,154
67,855
166,567
18,255
87,250
125,395
69,161
157,850
132,236
194,628
57,12
54,980
160,782
92,247
154,376
35,759
179,904
102,43
134,670
138,355
49,186
154,826
144,857
120,901
61,298
181,886
8,96
22,261
159,830
155,501
185,312
117,337
70,745
126,207
173,891
168,461
119,38
71,780
151,976
158,41
148,428
118,547
18,618
80,374
100,881
87,589
123,969
116,239
157,395
25,799
9,680
52,792
176,257
6,352
121,211
103,555
187,595
25,945
14,532
191,21
76,830
29,723
173,509
81,440
160,655
72,912
55,33
122,877
183,934
42,825
27,920
176,515
170,813
130,468
170,465
18,694
185,435
148,603
26,397
82,519
119,186
60,421
64,316
196,72
31,33
68,551
85,451
143,940
183,430
116,956
29,964
38,395
84,829
123,711
41,563
18,567
37,862
198,601
31,171
126,777
144,639
165,869
137,522
94,934
167,169
67,592
173,597
17,640
104,27
164,543
75,103
185,713
90,694
144,798
86,897
95,198
120,731
59,64
181,814
72,220
117,921
107,209
32,543
83,378
145,414
127,23
127,842
32,446
193,638
66,262
141,728
25,278
192,313
1,5
16,765
188,279
10,804
114,379
106,47
39,245
199,883
32,53
187,433
80,993
199,42
114,788
156,498
41,599
106,537
190,166
46,751
144,516
170,920
85,768
79,158
117,947
53,761
69,265
151,729
125,590
190,614
39,918
96,118
165,942
153,492
177,200
106,418
162,844
83,283
115,751
94,521
119,857
144,720
171,991
187,250
171,496
18,933
16,860
180,331
49,998
151,763
179,147
91,664
183,605
15,816
111,710
127,471
31,572
83,200
183,411
1,787
163,110
122,297
58,718
6,264
16,987
41,359
97,977
16,48
76,124
52,922
26,419
175,407
127,477
91,152
123,796
1,449
29,160
115,590
181,753
177,480
27,450
111,219
190,981
84,10
106,895
195,303
46,714
118,162
146,738
156,939
7,705
76,216
132,561
162,104
125,931
185,417
119,408
35,956
43,869
113,36
37,756
90,320
64,974
19,406
164,238
148,69
82,523
80,432
70,908
124,130
86,429
14,846
73,394
120,913
132,162
168,46
175,210
112,636
6,401
178,930
28,328
182,815
180,360
9,680
48,403
17,244
66,31
180,639
121,232
24,886
35,159
198,689
15,836
183,443
99,450
112,416
83,294
168,5
84,240
189,651
46,285
41,643
167,117
178,884
106,579
72,227
86,230
180,171
129,764
112,936
19,478
141,682
4,375
142,911
18,246
133,33
86,464
58,192
30,229
97,795
114,878
143,776
168,574
99,304
92,341
96,137
105,113
81,123
8,452
3,753
90,682
94,510
3,373
41,638
96,37
144,409
137,505
69,297
24,130
198,196
88,951
173,601
150,858
179,560
151,445
168,178
82,575
102,612
39,896
103,253
81,442
7,36
99,664
48,343
171,355
17,375
23,495
195,975
151,894
194,458
178,975
93,78
150,206
122,899
134,257
151,343
56,69
45,466
51,274
196,890
65,827
86,543
166,21
172,68
160,505
109,705
41,115
51,961
69,427
196,92
102,284
175,386
20,328
39,962
180,824
111,789
86,255
39,832
37,131
173,810
67,925
199,461
11,760
174,523
25,3
28,277
136,708
28,172
150,738
114,75
158,572
138,280
12,793
143,616
169,258
64,459
197,810
78,568
171,783
166,745
188,903
31,829
35,916
103,528
29,500
194,949
154,256
3,746
4,534
5,332
132,555
152,623
4,338
168,931
131,43
140,124
69,17
50,222
73,730
7,349
9,567
190,116
178,740
13,348
97,972
182,227
88,981
165,531
185,844
169,443
152,605
10,650
48,985
28,797
61,71
25,421
180,425
146,311
108,23
36,984
163,77
42,935
75,928
111,986
115,850
109,795
67,148
130,118
39,723
176,742
187,356
145,537
49,407
199,163
14,469
69,637
131,844
144,803
68,599
177,742
83,614
20,868
45,399
2,883
149,153
1,251
58,81
186,864
67,763
111,379
107,992
176,363
127,733
31,778
108,401
91,503
132,647
25,217
6,293
148,639
89,870
15,311
61,950
129,584
173,772
102,298
167,103
102,278
91,41
136,395
37,897
186,724
145,899
83,195
34,788
33,868
58,24
121,152
70,915
187,566
126,395
66,97
48,424
26,915
56,686
146,373
200,372
126,258
83,558
102,122
130,764
4,705
83,876
130,205
148,252
80,906
10,531
57,378
70,649
72,861
37,692
164,486
132,544
91,579
140,951
131,128
151,177
4,444
157,393
96,391
157,201
46,380
171,938
154,425
37,975
118,447
177,168
36,246
107,552
61,85
45,482
88,237
66,126
137,211
157,758
156,721
193,353
87,651
121,856
144,841
192,798
9,165
35,916
132,19
23,882
117,510
21,695
7,431
34,578
76,372
5,137
192,396
170,777
147,294
69,466
58,796
94,683
55,285
25,902
165,289
179,253
160,75
8,761
56,191
62,754
180,127
136,442
170,767
110,990
120,878
147,653
13,910
109,433
164,499
191,264
121,494
166,650
35,770
14,730
25,82
170,894
16,303
1,565
59,522
65,253
190,480
143,178
101,19
22,658
140,458
121,729
122,805
159,772
89,660
57,193
192,955
73,146
35,333
55,606
58,964
158,133
35,271
33,369
196,505
123,462
198,186
117,468
65,371
115,691
87,50
43,110
169,824
134,539
89,192
24,103
73,539
80,443
9,233
183,388
49,544
59,597
102,729
197,548
126,556
130,895
77,181
5,777
192,815
171,293
119,340
177,641
178,906
151,791
144,253
95,680
129,811
153,319
115,771
122,58
99,591
180,976
185,850
63,699
151,182
135,349
62,134
166,655
14,154
82,318
105,84
108,730
171,721
166,486
152,974
75,422
192,456
166,464
135,681
18,533
195,584
133,807
112,221
184,425
192,942
21,895
58,891
147,334
159,736
75,799
164,336
150,139
181,996
17,118
183,574
86,767
113,178
59,976
162,341
162,53
23,634
72,472
55,507
125,585
109,141
103,691
51,518
150,389
91,300
197,983
145,967
160,899
127,696
119,584
22,725
123,568
161,647
40,830
35,21
12,564
184,661
32,24
8,100
191,262
46,517
105,684
107,611
15,405
47,328
22,330
126,332
151,349
28,260
150,786
194,780
11,579
180,408
114,101
162,715
172,824
4,680
131,9
1,731
68,647
91,528
178,496
47,280
41,675
45,496
173,922
165,301
185,709
151,982
101,434
90,721
169,132
159,305
133,204
12,973
89,118
117,128
151,476
40,761
85,66
47,669
56,886
66,211
195,966
61,336
60,968
111,475
96,692
115,697
124,510
114,218
65,925
185,806
34,398
197,343
137,875
124,331
13,212
171,72
3,307
182,663
152,449
154,95
66,2
121,935
123,77
162,917
176,643
47,889
131,31
106,88
170,591
153,37
124,863
68,404
101,909
182,423
155,782
128,853
172,280
122,156
192,93
118,123
193,959
44,297
197,236
95,400
109,513
169,830
63,802
189,52
56,158
90,776
51,397
147,381
184,148
93,334
137,457
187,754
98,502
53,328
187,11
122,993
144,778
24,765
15,678
128,181
134,706
58,669
153,305
119,862
99,275
186,426
192,695
19,188
175,388
23,267
157,715
164,808
156,210
169,415
172,955
61,110
198,587
102,181
113,342
101,715
77,262
58,595
196,40
150,327
17,645
155,857
87,403
103,223
5,64
167,404
52,400
38,729
31,812
14,368
174,80
100,266
15,457
131,474
190,989
183,868
166,57
77,860
129,111
24,210
190,670
94,784
193,201
177,747
122,767
162,687
162,253
155,426
94,954
41,495
161,909
42,784
153,325
149,768
140,402
113,472
121,714
16,343
93,306
133,607
150,732
198,38
122,92
47,711
151,943
155,394
156,784
154,953
25,334
75,721
141,188
123,10
13,673
33,588
64,223
199,713
27,218
33,401
131,586
50,483
68,431
6,161
17,256
112,777
140,865
138,295
20,369
128,494
22,710
35,760
156,70
135,273
45,718
161,662
96,65
185,605
91,816
106,771
22,485
112,683
94,345
143,615
41,159
57,710
95,371
34,708
140,331
143,503
172,27
112,200
2,803
171,155
197,152
141,797
183,182
156,951
58,817
61,366
37,557
113,540
157,510
27,384
186,916
50,360
154,665
105,308
125,966
41,421
135,681
80,871
189,511
69,423
71,693
93,329
9,466
176,155
134,252
27,777
3,946
32,564
91,744
176,51
135,560
13,958
139,492
81,413
190,318
90,769
7,766
174,347
139,114
167,13
82,543
3,112
1,576
165,570
175,844
108,499
153,504
67,260
128,446
21,603
55,458
137,831
198,748
141,978
110,386
50,850
99,805
163,303
100,782
85,249
57,240
77,837
114,454
71,762
147,419
59,204
123,592
38,160
178,441
44,515
30,631
20,354
1,186
56,497
75,212
141,908
164,511
63,296
81,52
83,987
43,119
154,297
3,328
163,4
65,485
34,770
107,28
160,490
165,578
110,168
153,78
70,364
151,499
116,242
105,387
5,586
137,770
190,959
82,595
30,622
143,96
113,770
77,497
185,238
100,447
94,210
158,452
166,542
135,359
135,462
77,519
192,610
175,697
89,925
168,894
93,464
30,251
29,819
162,627
138,260
68,271
186,616
100,67
112,249
145,328
47,348
123,257
123,489
124,285
61,450
164,162
21,146
57,520
71,528
117,456
95,393
19,805
159,84
141,775
145,853
133,481
86,383
127,607
172,551
57,130
188,192
153,42
164,798
8,941
16,332
151,13
82,294
90,758
30,449
59,389
83,564
94,292
9,331
187,581
18,586
58,284
78,948
48,298
105,129
169,758
121,106
35,193
157,240
64,961
15,794
196,417
87,243
52,381
50,898
183,378
157,968
121,322
150,687
139,21
147,406
41,516
48,748
181,123
153,414
1,538
126,574
126,783
162,334
163,482
130,668
142,150
200,719
122,195
120,873
109,254
13,603
121,467
57,595
165,833
132,743
64,889
112,866
99,422
7,583
128,674
146,511
129,830
84,953
86,1000
3,810
194,57
176,659
75,285
94,678
12,455
181,144
154,410
41,968
157,917
187,995
198,759
7,703
21,18
114,627
60,728
47,707
38,415
92,152
115,530
41,354
75,396
61,17
86,637
78,687
21,756
90,436
128,124
18,470
114,328
53,599
142,861
198,981
186,969
114,169
72,821
164,324
142,93
184,901
152,806
142,472
172,36
130,688
129,312
2,507
85,729
81,784
52,708
141,826
1,374
51,760
101,347
159,642
123,146
112,535
56,892
159,969
95,35
197,465
190,715
7,358
22,817
49,873
12,419
156,426
115,187
17,799
33,548
28,326
100,561
63,567
116,801
8,848
47,496
134,960
86,230
116,583
143,790
40,115
74,984
186,588
44,318
22,229
122,106
123,248
1,892
110,706
50,580
10,849
136,381
136,221
9,418
144,268
175,944
129,210
109,798
196,529
32,434
114,166
51,549
102,436
87,683
106,48
103,487
124,381
90,578
92,460
63,753
193,810
84,298
26,831
1,327
191,776
164,686
114,493
169,134
91,13
76,41
46,337
177,845
192,546
167,630
189,515
141,67
7,644
139,934
82,826
84,542
115,155
55,351
125,516
75,775
93,804
121,645
39,48
135,22
40,296
30,17
74,88
95,61
120,753
196,311
149,251
30,416
98,15
134,688
31,439
197,697
30,89
88,651
94,645
98,993
112,92
60,664
73,18
181,283
113,680
168,365
12,44
11,893
80,344
142,309
9,972
165,568
151,142
34,642
123,24
104,896
147,638
175,39
167,394
80,622
79,639
62,341
112,665
90,757
179,873
167,845
130,969
11,943
174,231
168,404
55,576
56,414
75,499
36,892
43,312
93,334
198,523
191,100
125,40
135,748
57,242
90,67
196,792
76,893
165,684
48,267
70,663
163,893
157,646
182,417
103,720
64,688
156,37
198,42
187,36
67,366
55,606
182,562
5,280
180,997
186,564
195,557
189,428
127,648
43,863
81,107
78,11
176,590
97,113
190,449
14,579
149,515
115,216
19,510
4,976
152,514
30,909
102,993
105,983
137,933
144,106
58,915
5,236
161,559
76,389
155,112
174,185
141,99
94,56
26,391
65,334
67,950
105,395
40,379
113,238
29,159
90,225
108,111
33,452
104,608
129,464
102,177
198,888
42,806
194,967
150,364
128,811
191,655
150,965
80,501
72,373
10,569
16,647
145,664
130,632
116,123
120,926
60,668
57,92
195,345
199,508
25,956
109,38
72,177
98,961
22,272
198,259
115,90
107,341
10,869
68,269
197,108
95,190
111,268
73,992
89,699
169,513
190,649
37,614
107,757
153,293
187,378
66,89
169,690
147,818
30,856
57,955
187,838
119,572
12,261
153,519
125,849
110,139
6,618
49,831
141,828
50,455
64,609
101,954
84,754
43,320
45,837
122,687
107,3
181,821
125,289
169,693
31,319
112,268
196,915
70,4
44,446
178,127
49,361
49,290
40,334
91,350
99,89
143,203
37,837
111,738
40,852
23,213
137,262
32,884
177,369
89,75
3,590
171,361
70,953
34,892
161,371
198,145
124,348
2,377
103,925
139,516
164,64
131,927
71,663
135,945
45,714
4,450
41,483
19,155
101,193
53,315
9,709
170,189
169,634
55,501
136,959
27,751
64,156
105,482
41,463
64,250
40,900
105,129
115,458
185,440
113,299
112,904
158,344
130,813
131,881
32,595
163,865
75,781
99,551
115,656
181,469
193,302
150,703
39,1000
148,297
69,622
157,199
19,207
107,501
89,653
127,161
187,769
104,419
130,267
182,835
155,988
2,932
176,339
59,415
167,433
113,662
129,215
196,192
9,196
20,407
32,924
183,729
199,212
28,496
116,612
4,350
63,310
11,938
54,568
175,547
57,194
52,105
168,327
171,964
187,99
132,17
27,408
104,287
139,838
3,162
64,434
35,551
15,890
31,893
153,228
129,542
178,756
158,660
94,978
50,74
29,363
71,794
172,916
62,577
124,558
25,369
125,252
67,829
23,881
82,594
22,23
173,387
199,437
4,513
108,867
47,242
184,390
91,62
75,407
10,974
37,421
168,179
37,319
127,566
164,620
34,149
87,108
164,801
141,714
38,890
110,985
165,102
199,251
87,45
107,129
17,62
136,297
9,80
83,888
123,865
158,912
149,509
167,19
102,140
182,630
135,66
10,578
157,490
165,363
48,889
109,544
102,429
96,51
137,220
108,566
24,782
101,571
173,956
42,117
75,43
114,977
58,483
51,56
135,703
117,85
72,773
51,593
5,200
159,11
155,916
40,27
14,350
190,681
101,182
102,816
11,494
2,648
46,668
73,505
74,526
84,915
168,460
160,536
184,548
136,631
44,65
60,173
119,234
137,121
85,962
45,157
153,804
54,178
35,589
117,687
174,179
198,336
66,39
29,304
152,687
174,255
141,701
76,502
198,905
95,299
61,657
22,519
138,412
80,370
154,275
117,560
14,59
122,834
162,852
147,178
189,277
193,439
56,410
106,614
134,248
123,863
90,369
164,666
94,664
5,287
87,558
63,553
127,370
10,14
190,512
192,476
9,632
149,56
188,193
30,455
38,98
162,900
20,813
59,785
93,602
181,513
1,290
50,215
61,113
194,384
173,431
149,431
68,19
30,50
22,320
104,32
24,908
159,694
52,944
54,335
48,8
112,171
45,829
99,56
176,581
54,80
100,762
71,134
195,396
103,858
59,237
30,389
25,300
14,926
141,977
40,195
27,8
17,487
22,708
115,124
155,814
150,303
82,477
190,257
12,343
196,113
155,682
164,587
93,30
142,76
154,918
182,12
2,862
194,834
86,423
198,452
60,653
92,162
107,232
94,613
95,90
121,819
111,245
93,187
68,113
62,668
8,154
181,191
135,803
194,386
123,101
14,407
107,335
191,434
6,173
76,596
43,991
50,376
115,451
114,295
21,681
78,594
12,377
121,88
128,346
50,155
33,731
127,885
175,640
159,868
127,711
174,787
90,168
101,125
81,540
119,967
134,640
181,932
135,610
183,119
103,836
187,568
64,102
123,995
28,325
30,96
18,265
42,741
68,119
41,300
180,826
129,320
94,909
79,990
107,451
56,77
173,958
53,455
20,946
190,482
183,271
24,588
1,699
105,412
153,329
80,927
82,671
14,556
91,488
190,834
2,197
66,8
32,666
24,956
127,413
23,473
8,397
27,212
167,898
10,117
27,689
33,463
55,546
57,878
24,681
134,647
167,90
117,167
8,961
63,988
82,482
151,390
92,978
109,266
4,32
17,584
17,682
199,873
167,953
189,933
82,298
34,800
103,741
15,727
113,567
39,873
75,77
32,432
72,211
70,781
177,177
78,984
170,725
18,857
32,260
122,325
75,675
102,966
112,148
71,932
193,541
38,130
59,976
16,660
109,917
76,130
191,76
21,433
131,268
103,57
58,531
153,829
90,101
161,719
87,629
39,244
72,942
177,433
101,327
38,67
193,508
74,435
66,333
49,780
60,101
111,771
70,595
81,10
111,35
200,332
166,842
74,106
25,708
55,488
168,107
58,658
173,298
165,436
191,907
62,648
27,776
176,13
128,557
154,869
176,47
164,496
138,439
148,856
176,768
83,464
192,385
14,115
143,820
197,540
59,15
71,110
179,690
83,650
72,655
73,501
79,858
128,247
61,274
180,229
96,671
168,878
156,481
64,443
195,618
123,36
25,681
110,515
198,369
40,857
93,857
62,79
171,829
180,496
82,50
66,5
145,220
122,19
22,934
192,119
133,336
160,408
143,587
179,459
69,660
5,756
159,368
44,579
6,336
186,807
169,961
91,34
154,359
124,944
147,157
129,70
136,274
115,748
40,400
102,518
13,407
53,759
156,621
163,914
45,295
20,437
163,98
24,612
89,883
69,37
177,739
186,945
163,850
98,182
190,500
132,662
157,27
131,546
189,764
168,56
101,515
52,92
196,126
39,984
171,842
31,472
150,341
155,143
142,153
200,846
42,215
62,979
21,190
85,400
125,511
36,355
1,845
177,726
55,532
89,966
194,914
110,127
109,180
177,472
180,119
67,95
49,286
45,509
168,726
127,194
37,207
81,667
126,239
180,502
66,185
26,693
80,740
39,13
156,259
48,36
113,609
62,918
124,268
29,379
167,521
117,68
159,726
158,295
37,351
13,881
170,338
146,140
170,983
85,232
165,827
1,885
197,589
94,368
177,869
190,701
141,504
127,623
181,622
58,405
76,688
47,501
54,472
150,357
117,153
57,534
185,642
26,433
175,804
19,131
150,153
22,246
83,107
27,676
163,76
62,672
54,52
28,31
122,337
49,382
196,693
12,183
67,415
148,286
135,853
199,833
74,729
188,898
27,175
55,143
187,130
47,234
44,929
9,572
124,805
64,537
193,330
181,881
122,61
197,776
196,737
148,312
54,599
27,255
123,13
135,999
91,576
113,982
133,211
123,633
44,127
58,973
29,435
190,568
48,144
97,666
14,529
2,633
153,215
115,70
96,110
160,238
20,948
115,863
140,309
70,732
154,558
144,806
198,824
64,554
1,203
114,654
72,666
113,910
190,824
60,557
32,99
58,813
54,457
16,688
65,589
69,406
44,314
94,321
79,32
113,877
125,904
4,16
83,936
60,941
92,330
167,966
130,532
34,875
53,940
68,566
186,104
171,128
200,524
8,684
143,831
46,579
167,764
60,530
83,60
35,747
137,288
126,493
152,999
142,783
43,985
88,528
125,754
91,225
119,72
96,437
198,302
26,329
61,222
191,35
115,791
5,391
106,427
175,914
127,63
166,912
170,715
103,219
196,928
60,93
26,587
18,736
111,714
24,107
152,341
87,762
57,27
153,251
126,211
186,117
49,262
176,59
59,500
127,638
20,996
120,9
199,971
56,498
147,647
167,217
8,425
25,831
138,595
36,901
14,918
4,294
95,530
34,47
123,148
25,401
47,849
70,460
178,306
33,306
111,573
70,955
123,250
38,369
83,63
197,435
85,855
35,590
170,621
7,344
184,913
57,394
113,640
163,123
34,25
116,163
192,746
9,637
89,489
141,833
170,993
155,24
60,322
179,999
180,329
3,943
138,102
146,619
193,822
107,553
192,270
72,330
112,335
181,458
191,714
185,552
200,82
187,458
68,302
48,35
81,267
15,949
163,371
22,998
95,946
177,682
84,430
124,817
72,10
145,806
45,50
30,747
101,662
128,819
81,616
189,612
174,249
10,947
7,74
58,906
66,885
161,81
78,895
9,358
189,645
138,54
100,646
123,20
147,74
66,803
70,977
111,368
80,532
66,6
13,14
11,911
76,39
6,300
183,423
66,870
92,258
160,474
99,542
55,303
188,991
138,830
113,360
44,370
105,20
73,917
142,595
155,146
73,406
109,138
81,455
109,62
22,990
50,544
11,714
121,617
85,757
21,92
130,115
44,684
28,812
99,362
46,698
169,382
16,571
173,121
95,580
85,617
6,316
62,112
87,963
6,450
19,795
128,263
19,648
111,701
71,493
124,878
197,994
185,678
100,900
49,839
198,854
26,641
11,708
59,796
41,718
64,125
150,470
103,484
15,167
93,315
97,103
106,523
66,943
75,285
98,608
108,290
94,780
165,518
156,925
195,185
65,700
79,87
171,556
59,190
131,917
198,69
23,877
62,885
114,648
33,279
191,700
175,286
197,505
183,610
182,161
200,593
118,767
184,333
148,95
184,880
69,938
77,995
136,932
148,314
6,911
2,589
170,317
99,348
195,885
140,262
104,241
149,159
165,767
75,574
190,864
129,507
144,19
165,981
123,770
63,490
102,683
164,690
123,429
66,875
147,482
53,464
136,47
83,255
71,878
38,360
29,577
26,876
138,466
32,434
33,868
138,586
115,314
114,446
118,443
109,711
103,772
15,709
157,84
151,124
154,195
94,168
98,859
65,130
88,591
169,665
157,216
29,460
112,886
149,509
4,544
91,431
193,878
115,327
148,120
7,644
96,867
168,447
188,806
55,816
188,606
167,688
107,497
12,678
78,877
72,804
115,489
124,939
29,279
9,364
116,867
120,968
15,139
94,975
192,19
179,88
93,378
73,263
159,289
10,656
159,709
160,900
138,329
118,832
83,136
95,399
162,222
126,265
69,957
192,563
69,366
87,751
87,727
172,671
122,400
193,690
105,216
62,848
87,707
70,995
48,4
182,927
86,28
145,921
88,975
56,800
3,703
116,165
121,951
188,482
34,541
161,724
179,794
37,487
100,586
84,689
130,902
143,510
16,970
184,569
149,280
41,754
166,437
104,24
61,420
109,831
157,554
8,807
163,192
200,476
112,698
79,271
139,177
165,927
198,615
74,202
178,370
12,58
124,618
102,822
27,443
91,230
123,508
200,479
175,539
66,143
72,503
28,431
74,578
17,601
29,399
50,968
175,439
149,342
6,876
176,483
45,352
156,181
89,37
26,398
156,76
90,438
157,488
136,64
123,640
131,146
54,55
123,686
12,22
135,65
51,221
194,871
192,316
189,594
5,145
54,970
198,492
77,238
46,852
111,588
184,180
195,799
72,639
73,101
142,4
24,714
98,689
148,655
91,930
157,628
31,121
166,711
45,587
77,431
68,41
64,70
28,556
40,567
119,614
25,270
112,937
92,605
90,99
22,670
38,29
49,847
60,577
192,61
95,618
99,443
175,444
166,594
65,158
56,588
75,847
49,572
173,213
185,494
92,902
174,764
74,908
41,543
129,308
99,249
122,737
123,248
79,643
141,646
200,333
14,753
63,10
188,184
115,487
35,701
21,465
148,210
20,411
41,367
12,972
85,361
51,162
109,455
159,621
38,285
168,649
79,692
199,720
131,252
177,478
37,405
143,736
119,781
182,500
151,907
62,752
131,901
171,540
146,853
69,882
153,82
44,876
135,991
112,454
43,519
125,492
66,510
138,393
158,86
14,302
5,454
98,722
43,612
97,887
159,981
98,322
47,855
192,289
26,762
82,498
57,77
171,527
13,145
5,293
6,271
20,722
3,472
27,581
18,138
153,795
72,256
177,255
117,58
47,433
94,449
136,946
26,299
159,406
57,820
92,326
8,81
150,215
95,215
17,678
21,32
30,737
83,524
78,379
102,454
58,978
24,833
57,489
15,712
12,742
179,734
17,681
178,473
71,581
49,95
116,369
107,975
8,822
128,239
2,190
27,723
180,871
114,219
117,219
61,854
153,493
163,675
12,86
2,101
170,903
75,580
44,424
41,79
142,632
41,942
41,973
186,694
67,16
1,426
20,214
135,391
86,277
178,608
110,949
104,55
44,938
167,321
22,1000
70,256
88,556
185,43
71,849
121,86
17,850
143,729
8,806
9,980
78,348
14,85
81,765
63,945
18,725
29,586
84,626
161,417
15,851
39,494
104,615
200,196
180,884
71,816
194,507
125,622
112,428
13,868
84,263
129,863
86,386
39,325
121,359
3,858
70,174
46,318
103,886
67,776
15,397
152,898
68,679
192,709
129,425
194,113
200,747
195,504
87,874
67,901
28,757
133,164
128,796
128,112
30,308
144,572
25,392
15,378
143,22
20,582
128,688
85,363
126,44
143,175
103,504
189,562
98,871
84,909
12,269
70,752
75,94
77,928
72,765
36,640
67,785
38,767
104,506
162,20
136,552
16,717
89,869
12,67
85,839
32,233
113,686
132,674
107,790
46,421
131,259
159,971
114,45
76,147
66,65
106,744
145,682
130,120
76,154
2,456
98,676
138,81
113,670
3,46
110,548
20,924
68,226
110,369
148,484
40,688
58,611
192,667
120,401
106,755
27,700
13,321
65,125
118,803
22,331
10,30
127,443
4,83
177,852
118,357
194,985
29,728
191,550
2,6
115,935
122,567
65,184
130,291
95,372
117,448
27,543
161,439
124,494
12,444
110,500
34,705
24,619
186,164
46,567
195,239
77,601
31,266
53,11
163,607
39,114
93,163
116,975
46,764
94,638
125,548
57,201
109,977
119,934
72,804
177,56
135,695
148,105
44,704
198,47
89,608
150,828
69,828
74,705
120,644
198,401
152,753
137,882
139,30
24,181
172,793
43,351
194,415
34,63
137,222
107,99
191,15
144,553
10,153
92,503
169,40
18,871
104,896
167,173
184,49
189,670
102,736
62,469
16,232
96,950
87,634
91,907
160,109
82,127
101,449
97,772
20,447
181,424
39,587
104,897
89,555
102,946
192,198
99,877
14,136
200,369
63,883
97,526
125,193
37,829
16,634
38,183
84,895
71,369
12,825
141,968
6,397
158,275
5,628
113,573
119,840
53,843
167,883
144,510
25,837
138,937
52,652
74,914
31,773
15,53
164,5
112,399
83,553
75,528
74,984
62,873
183,774
145,237
7,775
2,284
111,64
58,719
81,857
167,732
107,2
182,547
156,714
161,509
10,394
71,579
175,251
121,382
160,816
2,292
73,479
157,53
163,851
81,766
142,842
63,60
68,482
4,130
126,671
136,591
7,164
117,436
68,378
30,193
2,703
197,49
83,944
162,815
13,919
31,917
160,559
84,938
126,337
77,494
54,925
139,521
199,1
139,290
47,497
79,25
98,164
131,169
129,334
1,456
42,353
81,230
48,14
95,711
36,986
138,370
19,328
95,920
15,120
49,338
41,259
120,83
24,821
113,567
131,486
173,780
199,354
4,737
93,126
54,887
160,765
178,124
136,651
69,90
132,26
92,767
24,842
75,105
33,23
183,959
1,505
67,648
11,282
189,383
18,340
110,595
155,937
55,222
198,158
122,417
180,640
38,804
199,392
144,586
150,272
115,232
131,477
157,208
11,581
39,691
95,183
53,618
13,385
14,376
106,204
106,831
12,450
21,153
78,850
32,209
123,211
157,866
77,631
23,141
166,321
138,834
18,582
57,916
111,399
149,295
49,442
77,213
110,359
174,710
50,87
169,314
190,992
81,710
153,999
72,382
108,566
195,121
95,33
194,557
150,328
28,939
76,391
180,239
168,952
28,547
115,633
141,593
123,899
106,800
59,246
173,778
12,132
51,9
72,160
54,247
57,709
133,538
162,778
62,107
170,584
99,5
197,149
84,28
157,744
183,675
40,508
5,265
2,25
200,318
63,794
140,939
112,952
98,440
132,311
120,42
128,668
40,399
11,756
42,476
81,489
188,519
156,429
110,208
106,516
8,366
53,995
125,199
136,60
143,794
135,1000
38,207
49,905
12,578
118,31
24,624
149,556
44,302
119,512
13,647
176,478
93,102
135,710
102,142
27,4
145,520
170,641
168,850
106,860
49,414
118,541
176,179
130,665
167,70
109,558
147,397
3,15
97,794
103,875
130,698
135,65
41,499
151,49
80,745
42,379
44,558
173,273
97,331
129,952
6,433
140,795
20,694
116,612
35,161
162,293
26,682
157,625
117,620
114,9
56,127
11,571
16,544
55,271
144,743
2,633
140,937
89,907
186,265
66,931
136,467
142,588
12,967
70,919
137,253
50,262
107,922
82,553
97,940
178,469
189,650
35,397
16,188
26,222
18,687
130,705
8,433
181,433
192,745
107,305
15,328
164,621
148,488
163,701
78,228
164,25
136,511
186,570
3,863
180,217
114,537
45,945
165,795
86,723
62,450
28,130
108,753
135,541
128,24
74,917
21,342
82,499
139,974
163,101
61,647
188,451
52,732
20,291
43,997
31,861
123,685
87,398
36,277
124,609
155,283
185,259
64,202
29,509
140,163
116,232
185,827
10,361
167,885
158,490
105,446
35,33
136,317
4,944
113,534
71,733
103,260
4,783
30,341
114,460
76,417
99,143
30,615
158,715
125,524
170,325
110,352
162,129
81,925
88,680
77,154
68,343
144,808
109,412
117,179
157,183
147,622
15,475
42,139
184,431
121,631
70,45
111,683
7,102
81,793
67,107
59,530
42,449
184,947
60,571
105,688
138,539
56,243
158,139
52,855
138,683
193,621
135,400
36,159
92,663
65,434
167,514
190,432
48,577
106,915
111,89
16,233
93,412
96,510
69,657
142,54
144,936
80,206
126,668
21,723
79,853
198,594
42,421
38,493
60,642
94,5
166,409
9,54
187,80
39,842
110,423
74,876
100,652
10,600
112,78
73,620
10,581
22,7
13,612
28,441
101,365
171,608
83,317
87,966
80,958
185,255
10,56
25,486
133,891
69,875
103,134
168,753
126,745
77,883
195,667
177,161
2,934
166,323
47,842
183,134
88,682
173,564
147,519
118,703
51,58
128,793
51,162
28,422
102,383
199,923
103,584
28,47
192,459
16,643
137,696
171,414
193,930
17,886
31,834
127,96
55,686
65,1
164,151
92,35
6,417
70,181
38,470
108,930
66,252
80,853
148,662
79,782
172,424
87,144
111,690
176,937
92,63
82,997
50,292
128,911
126,689
68,82
21,422
4,161
131,383
180,587
91,197
184,859
141,551
185,511
88,368
154,655
144,506
82,578
190,192
16,267
186,72
173,353
83,168
136,756
43,782
59,51
26,409
71,747
60,21
169,253
161,990
35,618
127,469
181,286
76,659
199,295
59,234
199,735
38,608
180,317
89,696
117,538
110,972
128,710
165,750
73,900
182,56
76,878
121,966
117,133
68,652
163,783
101,737
71,936
159,493
39,806
190,825
131,217
170,793
76,106
145,815
3,420
116,643
169,892
20,23
9,611
147,453
144,299
75,178
158,521
43,593
146,254
17,389
163,266
34,125
33,515
33,434
92,519
90,984
155,482
199,52
197,185
73,529
152,74
1,351
165,373
121,578
147,582
23,371
197,869
136,762
67,235
68,695
90,914
97,359
30,667
38,790
58,294
53,942
68,282
15,734
120,709
7,527
198,21
107,874
167,222
19,963
188,246
152,337
157,665
75,245
83,956
116,553
192,803
168,939
69,878
84,635
6,761
121,215
177,746
32,160
134,168
19,653
26,814
19,187
101,316
164,156
25,996
169,524
21,328
66,269
197,508
142,518
150,223
197,476
163,995
117,54
125,60
95,877
8,455
7,637
95,970
166,739
6,654
103,956
34,395
172,223
48,455
104,184
66,731
169,895
196,899
52,134
110,343
116,157
1,981
197,508
156,538
14,262
190,503
11,493
132,637
191,869
165,248
113,619
133,511
127,680
85,167
180,994
167,196
159,604
160,446
50,399
145,825
28,831
133,308
93,284
69,111
174,826
151,559
173,230
130,937
93,464
184,912
146,158
135,170
103,828
38,761
155,19
26,430
91,108
81,618
186,592
81,170
124,951
73,458
140,852
190,506
26,370
165,340
189,230
50,985
53,73
166,457
147,964
199,234
19,813
171,219
165,306
127,338
99,901
17,632
109,768
25,880
119,389
93,646
13,146
29,822
6,822
6,805
12,176
128,542
109,316
170,626
198,577
92,910
134,687
194,890
119,58
197,6
90,124
163,129
84,233
132,920
167,55
167,805
108,198
25,629
180,3
85,922
56,909
127,855
99,613
54,175
187,570
120,649
148,929
176,172
182,892
128,294
173,863
99,794
48,184
102,933
132,693
157,488
82,200
23,79
192,903
90,168
172,267
195,813
53,552
126,138
169,27
114,333
115,618
50,751
25,318
167,307
65,670
156,275
30,608
181,579
97,676
70,324
174,589
195,782
167,394
46,649
68,686
52,567
72,7
148,971
184,849
37,786
127,458
171,77
91,462
59,682
163,424
136,340
2,663
114,61
83,691
29,918
139,160
90,91
166,930
31,810
8,961
50,92
168,545
112,464
34,20
123,364
149,108
71,285
190,383
107,440
20,635
105,826
104,746
118,703
97,816
3,992
24,738
86,56
184,277
61,279
1,788
21,2
48,402
168,381
88,465
97,712
78,473
95,430
165,867
198,858
102,372
191,469
50,743
36,603
165,489
123,998
78,86
196,61
87,3
111,533
84,630
6,812
193,822
186,156
62,250
14,627
77,913
110,780
180,191
31,319
180,497
163,24
108,858
26,858
97,974
86,226
119,226
4,330
53,795
76,169
140,611
1,974
126,727
136,72
163,913
107,153
149,208
16,957
148,823
167,387
29,361
15,491
29,880
13,443
102,125
102,619
14,226
111,868
118,60
85,591
16,276
31,123
118,673
147,656
175,481
114,624
111,691
52,107
153,590
73,423
114,34
146,953
160,397
173,50
141,473
70,631
108,848
18,884
39,154
155,884
131,225
5,526
172,769
126,555
133,319
183,481
116,870
145,553
131,929
130,157
66,797
56,467
90,637
104,544
190,402
138,704
111,182
115,260
129,192
179,240
4,894
200,968
10,584
183,451
17,921
84,264
125,834
86,605
91,17
30,832
50,873
195,822
56,394
116,879
39,745
169,90
17,856
84,392
115,784
188,535
17,284
5,549
41,929
137,187
76,771
104,316
156,658
31,657
62,461
21,431
84,58
146,286
172,656
43,680
56,677
28,383
146,419
164,242
121,552
22,816
58,121
168,850
157,65
94,109
132,745
20,727
62,391
149,823
6,27
71,925
113,609
13,312
111,752
79,289
154,269
16,789
89,699
140,67
85,101
155,779
58,632
66,930
40,507
144,579
24,887
181,641
19,638
176,165
112,809
137,611
14,22
160,513
110,981
174,52
164,433
134,75
75,316
21,440
164,437
185,399
25,106
123,778
120,702
39,856
156,285
42,994
1,420
121,52
143,993
8,351
190,532
191,353
142,158
72,695
3,262
160,664
123,497
183,701
151,999
180,331
180,496
46,292
2,35
60,61
51,86
94,67
192,806
134,886
106,95
115,356
151,572
156,446
46,792
39,703
80,626
78,649
120,430
68,661
26,625
70,604
89,885
130,955
55,186
93,78
154,587
10,85
3,140
104,238
55,269
160,856
35,149
114,942
193,498
179,779
122,57
137,336
148,314
174,170
109,519
45,241
158,675
191,370
190,380
68,204
178,285
66,552
47,94
62,536
163,5
31,124
81,664
87,489
104,617
71,798
26,689
95,891
27,216
160,559
196,915
93,378
64,161
53,482
93,15
130,777
56,625
127,249
31,474
82,919
43,836
82,154
175,735
57,151
72,241
65,716
38,99
190,210
146,358
190,495
148,908
111,334
112,170
142,7
126,203
58,383
5,13
108,727
67,878
177,334
198,334
185,536
12,915
79,801
133,175
157,914
75,43
122,879
174,555
41,532
98,192
94,753
89,535
113,767
47,591
49,889
188,768
116,24
197,439
193,162
162,656
93,890
130,975
119,742
56,390
5,537
16,377
91,552
35,847
174,140
108,148
194,208
181,681
22,996
105,472
96,870
6,66
22,379
51,871
35,652
116,766
7,795
56,856
77,786
25,850
74,960
114,489
87,776
98,872
179,558
131,714
173,432
55,754
125,92
61,451
152,602
138,484
3,538
8,883
177,995
86,255
130,189
139,958
150,564
190,78
46,722
39,671
199,229
169,890
157,400
85,464
177,766
94,866
50,778
166,499
195,399
70,826
74,341
30,163
161,336
99,159
44,157
4,555
169,211
72,791
105,852
66,693
69,820
34,603
145,704
188,396
32,215
133,59
115,77
144,695
97,46
187,443
146,607
167,208
155,614
68,349
20,38
99,674
136,205
133,738
39,632
37,73
98,150
150,529
188,387
4,314
178,190
125,520
96,718
127,815
28,769
15,252
108,667
49,650
4,369
97,613
86,667
167,774
107,935
46,324
161,36
176,596
99,629
77,76
36,220
82,173
141,542
140,630
150,692
1,694
141,911
132,778
196,532
99,781
8,538
18,94
1,472
26,290
153,763
45,937
53,721
103,27
63,799
106,524
8,520
167,342
143,679
130,294
67,801
198,279
54,822
125,138
200,116
51,178
111,880
183,728
127,508
107,218
144,801
58,795
19,733
151,78
176,945
130,57
78,239
132,914
77,716
62,48
198,606
121,584
125,338
198,385
132,734
67,181
31,569
32,570
195,984
9,68
135,869
192,484
72,474
43,613
24,731
178,913
59,108
32,164
99,366
159,709
113,317
100,8
56,59
34,703
55,110
35,74
126,541
30,459
193,18
79,182
181,251
36,506
81,539
140,565
24,894
21,546
82,626
43,25
107,224
7,878
67,120
98,353
34,887
117,172
102,92
142,910
146,106
3,589
89,231
25,957
11,20
18,471
155,675
47,776
83,66
58,407
164,174
40,200
140,668
5,77
56,679
115,978
9,181
8,871
145,669
144,909
24,853
153,320
2,77
194,284
100,631
100,85
181,242
104,37
120,508
37,916
126,161
10,648
191,290
94,50
179,731
147,979
142,8
112,754
53,707
176,909
90,235
62,984
53,372
7,115
103,728
48,432
34,334
18,37
80,864
148,279
97,961
31,497
63,37
93,682
20,830
187,971
87,103
53,227
169,129
8,606
102,454
52,57
151,855
39,301
1,490
80,96
164,863
52,347
146,647
175,430
107,346
62,243
145,52
57,815
99,231
170,530
93,493
72,206
57,620
26,603
82,895
130,20
180,12
8,815
142,306
27,402
37,699
97,500
93,45
24,731
80,441
133,247
166,125
69,401
93,6
5,231
148,262
197,649
95,889
93,524
184,692
186,736
75,398
191,295
165,166
16,101
129,109
196,662
154,22
36,219
44,3
25,385
90,108
154,535
141,954
155,8
104,762
5,864
153,115
125,785
90,34
117,993
88,123
191,593
42,400
119,485
163,363
6,288
103,97
101,664
41,678
38,690
164,930
132,643
73,201
188,619
173,442
89,436
138,901
191,892
163,572
195,655
128,804
43,11
37,910
1,264
143,498
21,912
8,849
59,393
173,348
59,292
125,386
193,303
23,259
75,805
37,740
182,882
192,481
30,703
150,959
113,961
76,346
56,66
76,373
149,378
91,16
144,985
14,51
38,644
159,920
5,437
185,597
90,313
121,201
81,435
66,139
115,705
36,608
66,209
106,645
24,39
157,26
145,534
41,268
83,59
166,535
30,271
182,441
171,305
114,43
39,857
51,429
2,451
76,116
126,61
110,14
43,178
93,174
86,331
52,677
169,83
49,261
191,96
116,432
48,192
140,29
148,355
77,949
18,504
95,273
174,33
25,398
64,460
158,38
90,790
141,275
142,169
142,117
115,193
158,210
55,774
157,761
104,634
162,926
27,27
195,940
196,911
140,168
150,434
167,677
91,445
28,140
16,801
98,292
99,285
185,419
123,386
67,475
143,837
92,392
44,339
13,569
67,944
91,60
191,697
20,665
79,254
147,595
145,159
92,480
4,902
149,593
44,527
111,123
3,148
134,353
161,343
196,853
28,257
62,542
174,879
40,331
175,342
37,12
64,191
173,890
186,555
195,420
87,853
145,121
138,781
32,882
145,811
136,37
200,358
48,543
53,829
155,790
11,871
87,200
4,995
111,501
57,911
4,752
172,555
58,832
14,233
144,923
135,297
5,108
189,442
164,487
119,811
103,607
37,713
177,892
17,596
166,126
189,18
85,14
126,903
26,593
118,36
155,363
125,301
195,314
90,959
181,285
7,871
112,606
30,911
80,254
131,466
112,483
54,566
165,313
63,120
198,709
163,326
191,821
96,424
127,435
156,323
154,937
119,640
42,577
97,185
189,419
59,169
184,488
56,172
68,971
59,501
194,44
49,693
163,631
21,585
171,42
84,419
104,784
83,700
28,947
68,65
176,240
79,196
6,915
115,407
133,668
60,154
148,799
130,455
99,831
178,561
22,657
163,767
111,35
91,830
185,643
23,598
27,483
2,164
175,275
48,887
61,439
192,247
114,257
187,678
56,474
64,547
12,69
56,994
20,539
68,198
74,77
49,353
173,494
184,123
112,768
144,147
106,128
17,112
190,294
119,391
44,26
114,210
66,473
138,494
193,235
188,353
80,124
72,845
83,955
90,813
107,892
79,463
50,66
167,101
200,406
132,547
84,607
46,415
104,237
122,653
186,20
4,559
166,536
155,275
58,562
50,47
32,306
141,684
94,486
130,754
27,415
96,924
111,11
133,543
13,912
174,812
68,919
18,521
176,636
10,770
172,133
73,292
103,826
184,190
143,540
44,443
17,479
53,269
178,387
9,950
140,469
56,783
112,855
52,81
68,578
50,707
24,529
22,195
116,933
35,782
39,604
189,207
134,763
2,313
87,7
167,235
1,795
165,538
190,236
71,582
29,671
21,412
74,502
106,262
149,190
186,489
51,575
177,998
105,569
25,209
60,949
187,487
167,135
179,166
163,500
179,800
143,106
143,77
94,354
54,675
149,190
94,705
129,548
64,35
45,91
52,408
125,65
105,53
167,245
63,516
80,75
186,485
195,534
117,414
4,159
131,505
80,613
4,484
41,424
177,703
65,544
131,73
1,347
178,32
64,602
23,428
124,550
20,178
136,523
172,250
114,625
163,227
155,664
139,337
163,581
58,965
194,60
199,570
40,989
48,807
115,662
133,99
71,436
147,357
64,608
82,251
199,432
152,529
187,153
63,970
199,179
11,450
43,648
77,834
131,425
26,881
174,88
88,443
173,852
200,771
41,237
14,838
178,399
128,566
8,67
174,590
72,395
126,39
22,284
181,80
39,575
1,262
76,449
27,909
41,39
144,207
194,430
33,292
141,458
79,516
85,413
48,220
115,558
166,999
143,436
180,72
123,949
57,823
34,817
116,471
105,26
181,426
195,193
157,898
167,704
85,656
17,723
62,418
143,583
150,51
110,369
198,486
75,77
179,423
152,562
65,660
57,982
107,415
182,250
173,253
122,760
96,427
200,88
130,279
91,227
88,494
116,494
183,508
135,371
145,142
177,625
71,988
87,518
60,424
19,549
175,952
132,934
179,197
113,299
80,555
145,926
43,195
195,635
97,39
73,134
69,274
84,5
47,360
100,509
164,64
40,124
123,832
133,178
159,341
151,569
140,935
19,936
102,778
28,741
1,986
60,449
185,421
54,783
42,604
75,3
58,855
131,840
186,980
8,312
55,503
66,93
161,161
112,626
141,961
3,525
188,385
82,327
31,16
135,424
199,874
27,630
152,474
1,888
127,869
186,765
129,212
160,810
53,695
21,241
33,638
78,34
43,693
121,814
94,603
75,186
92,924
11,68
104,383
115,374
94,328
122,309
134,388
55,650
39,569
19,996
3,702
171,508
172,767
194,4
88,404
16,893
87,323
123,216
134,735
161,782
73,119
14,586
104,7
200,30
192,442
98,848
30,418
173,883
18,676
88,199
21,452
97,416
6,824
178,169
76,299
178,384
97,616
119,720
152,94
131,87
76,219
59,778
177,918
100,888
159,999
116,337
118,341
93,270
101,805
5,394
143,196
69,794
47,428
6,382
50,242
135,560
41,833
162,318
156,722
151,976
112,603
103,387
186,52
140,722
186,833
176,119
132,478
194,328
133,570
10,296
28,297
164,21
50,430
58,961
79,540
114,267
86,108
36,822
191,400
31,930
145,901
62,888
116,628
15,887
43,162
168,761
156,214
6,616
166,705
75,302
56,967
18,703
42,87
51,282
183,332
85,852
113,622
157,611
8,942
11,487
48,351
103,397
194,571
125,135
64,59
98,657
54,964
108,357
115,885
135,999
51,453
179,76
166,698
95,112
14,292
26,242
103,498
117,495
98,499
156,370
149,673
178,660
52,762
33,737
34,278
154,393
123,224
120,82
151,432
121,322
85,799
116,597
31,829
34,31
155,314
86,271
172,25
42,552
181,640
177,285
77,209
144,948
189,542
36,387
151,458
104,586
72,979
31,242
173,398
100,499
70,785
140,534
110,862
130,619
150,401
155,893
3,532
197,491
133,435
60,579
21,978
77,126
139,710
62,332
150,40
191,743
160,293
157,55
176,289
75,267
120,286
48,470
14,464
36,371
77,280
88,744
39,492
144,422
17,63
155,343
65,472
167,168
141,487
71,927
15,468
82,93
158,252
157,127
65,391
2,245
115,560
44,573
8,234
81,424
134,973
154,624
177,118
174,926
5,574
167,663
96,548
127,492
118,1
185,481
92,31
28,196
148,670
173,640
56,859
154,643
45,331
101,992
116,858
157,953
123,709
198,312
198,693
101,835
63,95
196,491
200,494
18,532
104,186
105,417
188,451
189,784
136,422
18,414
60,815
58,784
144,402
54,811
137,123
62,11
51,146
191,819
105,133
78,702
158,529
108,311
7,625
65,413
102,376
71,581
125,464
8,797
81,231
101,305
69,987
64,837
66,989
145,666
87,295
27,136
28,669
120,390
44,50
139,668
9,869
20,718
46,885
136,631
64,919
66,940
130,168
137,10
7,809
173,604
42,843
5,364
64,880
99,330
7,296
163,364
103,538
110,634
108,614
11,40
21,616
44,898
56,193
23,805
81,137
77,15
70,914
32,951
81,653
117,335
132,707
69,712
38,474
109,530
107,1000
24,668
45,492
115,834
187,978
147,761
51,824
62,232
62,849
85,447
158,319
40,21
24,565
69,263
83,459
101,987
97,86
107,890
184,685
45,906
148,862
184,790
94,55
188,425
73,67
4,219
20,548
79,65
163,667
125,910
63,685
47,654
105,378
36,218
66,650
110,379
180,915
93,289
110,766
17,131
169,820
16,226
195,778
139,288
189,422
117,692
45,447
67,310
173,54
20,894
155,967
193,526
159,178
181,523
155,118
77,696
54,848
86,218
87,898
164,269
47,352
162,733
111,129
137,685
109,826
192,663
1,509
178,524
22,856
195,255
130,291
183,466
86,868
19,251
190,784
66,794
12,475
173,280
159,91
129,891
189,325
5,384
179,898
138,906
36,686
67,54
195,355
172,957
81,788
69,428
183,360
20,135
16,412
158,24
170,643
166,442
28,99
160,970
185,358
198,607
117,224
164,451
40,337
62,810
1,238
31,324
137,280
97,317
59,990
196,611
65,278
195,131
141,17
177,329
66,689
5,63
150,169
200,933
188,773
54,111
148,364
13,979
121,574
128,249
4,902
88,701
49,596
7,870
10,246
195,279
163,749
196,648
54,969
48,764
160,163
100,146
7,916
85,698
94,788
182,377
181,355
186,392
38,910
130,309
156,510
96,394
89,751
114,560
178,225
59,609
63,617
149,792
75,213
19,31
149,699
90,82
139,517
131,362
196,456
141,451
136,944
48,805
136,963
4,696
145,349
124,185
186,890
131,249
155,457
133,204
4,699
19,575
155,576
111,834
93,647
165,603
197,697
134,300
104,775
163,709
188,19
116,772
75,350
108,162
172,328
174,765
97,656
120,4
54,935
41,459
26,962
137,827
164,520
115,366
134,463
85,55
149,566
9,681
34,36
125,350
170,929
33,47
65,410
150,934
13,908
119,295
54,595
6,648
103,846
67,942
137,258
123,507
49,629
43,43
39,306
162,814
66,845
200,276
4,699
123,242
163,104
147,496
21,931
139,669
160,767
173,1
31,70
47,60
194,201
194,408
126,932
47,626
175,994
167,74
189,405
159,825
162,259
33,915
111,85
164,796
101,426
170,431
71,496
17,30
126,712
147,226
89,188
114,350
108,376
35,718
182,26
140,254
28,977
176,923
196,770
50,12
167,6
20,755
99,82
163,887
135,227
46,93
85,163
146,958
12,61
127,303
18,827
190,393
97,729
179,275
54,973
10,564
97,25
76,152
143,878
170,241
25,408
126,144
55,134
77,392
190,259
72,486
30,40
98,50
101,63
111,466
165,243
126,930
117,542
137,907
159,169
19,262
32,557
31,41
16,471
42,826
156,27
129,677
66,483
159,830
137,738
12,744
27,672
25,468
16,753
89,786
101,278
120,654
174,439
190,339
139,645
95,466
194,374
116,607
6,908
58,825
188,231
103,644
119,892
187,328
163,604
193,746
72,787
126,955
155,86
6,838
150,780
159,734
159,598
161,223
191,845
124,542
73,553
184,874
103,323
42,223
198,45
138,5
74,324
55,199
68,899
55,26
68,627
140,179
7,807
119,870
9,3
7,158
101,976
197,480
90,346
68,458
89,208
182,795
158,445
75,809
183,92
109,216
136,143
88,83
27,483
37,840
163,208
14,198
90,520
42,92
122,821
45,398
58,702
64,887
8,558
197,929
14,802
192,941
67,567
164,654
4,549
177,528
183,440
178,81
28,171
198,377
129,22
78,312
180,901
60,62
102,327
175,849
200,476
124,130
24,103
35,456
28,720
104,529
28,1
145,544
25,988
169,894
117,426
110,998
60,935
95,132
22,342
39,955
108,496
52,848
168,463
30,75
4,463
196,7
102,547
106,539
166,444
71,430
189,852
79,104
75,485
61,359
156,861
80,438
141,583
86,197
163,478
75,191
88,177
82,471
114,948
98,552
150,855
146,656
178,504
184,494
193,227
175,850
147,383
23,398
161,923
99,35
58,743
42,998
172,667
64,673
123,758
8,103
68,693
186,18
158,362
183,662
16,696
113,816
166,831
20,360
165,787
25,636
157,969
98,746
171,647
189,228
37,229
15,667
79,500
126,155
87,735
152,429
20,719
24,371
164,988
165,624
181,353
176,702
162,880
59,236
200,518
199,299
24,403
33,947
194,700
149,700
199,18
112,190
141,753
196,522
23,329
185,713
187,419
102,55
170,849
50,28
148,548
15,360
22,655
134,221
68,954
52,281
146,210
105,256
83,446
136,63
178,956
134,511
114,631
162,942
194,990
64,292
125,149
76,924
180,267
25,721
109,475
100,148
25,820
138,503
191,298
62,22
159,417
74,512
78,134
155,656
52,144
101,541
61,747
78,536
124,25
155,737
164,177
150,869
86,107
108,689
44,574
182,604
11,570
80,357
68,539
40,387
36,449
123,928
53,229
27,883
48,346
134,99
34,687
197,974
144,934
120,403
104,229
69,8
66,817
27,638
114,999
191,259
67,943
120,436
88,733
47,871
197,133
78,411
157,411
133,818
85,963
196,118
106,607
46,69
123,380
19,473
27,254
96,705
169,148
162,567
77,336
67,658
117,30
183,642
84,8
161,24
91,825
113,267
175,341
182,540
12,497
107,430
80,548
118,531
77,118
58,559
171,256
31,184
117,447
12,508
138,792
61,202
90,622
74,554
46,653
33,943
66,372
33,294
194,555
138,122
100,894
4,680
49,902
94,827
64,317
28,499
109,717
91,319
105,110
68,102
27,661
197,593
168,112
9,670
26,300
173,795
119,886
57,582
165,677
175,909
21,645
44,849
148,519
167,241
81,533
65,289
144,917
182,9
173,102
35,470
122,76
35,908
114,502
179,108
83,395
166,514
87,200
155,5
152,99
175,462
73,278
125,584
65,15
135,3
169,197
8,813
194,551
153,752
41,171
145,651
12,883
104,268
25,620
159,783
100,334
143,767
76,34
40,712
145,251
119,431
65,330
33,842
107,656
82,569
116,990
34,538
4,952
44,244
141,900
99,328
108,183
106,45
4,568
3,374
149,557
7,686
31,884
135,787
142,524
4,8
179,254
1,1
86,951
50,468
138,158
140,996
102,887
135,754
123,645
42,805
186,672
161,159
14,931
194,196
3,466
19,63
139,65
196,435
147,756
44,963
43,210
182,605
120,388
166,401
43,116
94,276
18,357
179,70
149,575
16,457
1,859
200,696
33,466
188,138
159,680
43,852
178,609
79,870
40,679
144,419
56,341
138,788
61,314
150,172
181,904
100,206
144,597
198,918
164,840
139,500
166,671
69,631
83,360
156,91
14,625
37,790
199,765
59,963
62,369
93,870
135,517
90,467
39,914
132,666
57,269
103,671
56,664
133,836
156,100
112,84
170,615
7,359
83,984
143,500
94,213
5,715
163,154
151,420
23,279
185,600
154,686
195,59
174,879
157,305
17,439
120,580
84,643
169,161
167,44
48,476
153,800
131,630
175,749
177,99
71,337
68,945
139,83
19,576
158,982
31,485
161,166
132,287
87,802
133,309
138,757
124,277
151,264
11,862
12,591
45,431
48,566
200,530
102,355
189,554
6,907
127,673
48,22
15,571
164,678
6,365
117,822
6,83
146,926
128,293
54,988
196,674
171,330
115,330
176,151
169,930
158,132
85,353
179,778
96,895
163,432
129,26
180,705
141,275
109,838
154,747
4,2
27,348
178,669
144,114
33,800
55,390
40,280
181,192
76,636
166,700
74,804
124,695
10,5
35,997
89,119
147,710
11,403
167,460
36,316
178,276
200,436
13,637
93,829
122,706
125,920
41,858
74,546
123,497
74,470
99,249
14,967
176,545
55,342
113,136
172,550
155,31
159,97
173,59
10,734
177,850
107,256
69,657
118,315
161,789
173,83
130,15
68,911
199,138
12,695
40,161
50,16
81,800
145,489
89,468
64,220
199,846
111,569
199,669
193,192
129,870
123,388
89,981
116,369
187,366
89,143
85,522
106,571
83,964
99,898
139,369
7,743
110,781
99,274
129,489
135,172
169,411
80,896
131,485
29,230
12,53
14,180
88,361
67,415
165,272
88,869
64,245
74,456
160,522
90,140
150,272
163,642
131,294
74,467
2,294
31,706
179,319
96,37
85,683
191,395
55,784
51,494
11,438
155,932
86,665
28,874
17,536
27,605
101,664
31,203
137,661
113,877
94,671
158,357
84,578
72,168
46,589
135,962
27,682
49,253
166,156
74,79
158,684
158,472
119,737
23,83
134,6
28,731
178,387
114,714
118,302
50,389
14,850
68,559
160,996
1,887
152,533
85,619
40,450
26,265
58,701
107,588
198,278
121,259
155,211
163,314
199,492
100,714
133,547
150,218
184,518
107,84
101,648
189,93
180,945
135,682
124,825
118,393
79,991
187,324
135,691
15,553
75,194
21,809
159,425
163,326
42,744
18,927
178,458
145,754
10,656
8,881
83,199
170,67
35,430
6,380
82,714
126,307
16,144
161,819
137,771
78,949
87,637
95,551
196,992
114,434
147,329
96,579
25,656
44,426
133,93
59,36
127,531
62,462
54,112
134,712
177,248
90,596
79,112
44,755
61,784
191,268
84,597
184,177
52,181
95,710
133,58
192,186
74,356
82,857
128,80
27,785
99,184
180,477
70,790
54,341
27,933
73,612
33,527
106,206
35,508
180,57
40,211
26,476
66,650
9,133
135,762
20,46
98,3
200,647
125,398
60,851
76,281
54,213
72,697
107,3
47,666
192,385
54,252
186,376
102,285
19,728
104,654
46,607
141,680
127,39
44,339
39,97
93,739
185,897
23,276
174,656
187,234
90,875
25,487
34,666
51,685
98,946
130,375
12,270
187,763
169,320
138,373
44,398
14,649
193,146
185,252
86,295
168,482
40,899
44,263
10,913
82,950
186,956
93,823
61,47
196,416
20,985
30,232
157,18
2,273
94,672
136,935
155,139
122,373
163,170
51,275
14,519
126,37
193,384
108,576
171,231
57,343
94,973
92,412
62,522
95,605
143,65
135,789
40,570
67,905
54,628
145,797
113,305
136,810
100,594
144,44
12,896
89,734
93,501
183,983
54,846
52,930
135,4
118,639
189,993
33,416
162,398
1,592
173,296
3,312
65,467
95,27
27,466
81,16
86,423
174,859
101,356
83,529
153,784
157,650
192,40
166,408
83,548
102,889
152,509
192,729
183,137
42,207
44,297
47,44
65,246
5,63
103,245
177,66
147,108
10,847
110,874
145,481
26,757
64,391
195,248
88,606
21,781
172,817
24,866
78,736
38,854
13,1000
40,561
102,112
35,836
37,222
41,568
106,696
195,124
70,3
184,790
34,652
74,953
85,306
35,150
67,756
153,160
44,295
62,23
39,237
177,135
199,720
15,16
7,99
49,133
115,540
155,176
140,676
173,165
68,679
61,341
16,657
151,857
126,581
25,732
60,344
59,778
42,619
83,997
98,120
163,964
125,421
48,603
72,916
189,714
133,282
105,753
125,820
97,293
15,922
197,551
193,990
153,890
117,470
149,957
93,221
97,71
71,4
142,194
1,658
120,41
153,56
101,252
61,386
15,132
125,972
49,932
32,739
86,434
121,860
186,168
108,71
126,764
200,203
110,192
151,150
75,329
154,685
140,586
121,725
116,886
117,201
140,744
190,187
177,308
50,970
129,160
17,287
111,171
153,164
43,191
42,969
136,875
58,202
134,739
22,202
129,962
84,181
185,168
56,346
154,29
99,149
125,698
8,790
149,883
181,299
11,899
185,704
25,285
77,77
44,319
87,947
42,190
152,159
65,831
95,398
114,692
7,535
171,844
166,581
57,590
181,233
179,660
90,36
72,425
41,711
158,709
49,202
165,978
118,286
29,361
51,880
88,567
187,907
60,213
184,535
115,521
165,966
150,374
160,82
188,928
157,23
88,249
196,34
149,655
191,275
88,575
124,371
147,354
16,521
180,190
89,829
123,133
58,187
190,715
175,196
4,6
124,5
144,432
18,571
112,618
78,516
77,404
175,468
73,478
185,646
193,359
44,761
159,101
69,561
64,758
94,978
166,390
93,43
143,654
198,391
147,140
171,859
36,470
170,1
192,177
86,839
34,694
175,378
163,685
181,271
161,106
29,764
171,64
193,896
95,364
190,421
46,670
78,74
37,433
169,418
115,431
166,520
7,805
166,957
146,848
68,973
13,757
81,583
103,310
124,37
64,206
109,842
69,175
74,863
197,333
195,204
184,160
7,441
82,278
186,751
58,144
105,650
18,303
57,306
16,713
171,928
197,853
54,490
19,354
39,911
183,273
49,814
31,45
156,67
86,693
106,547
64,667
8,634
189,374
62,745
20,766
48,168
94,168
189,881
198,412
71,601
114,289
113,563
119,64
112,449
167,642
172,391
75,289
42,519
106,643
60,38
120,675
189,31
118,537
21,753
11,750
18,751
10,112
35,302
75,537
198,10
96,402
156,656
77,966
33,108
29,757
131,494
79,734
151,669
6,27
72,263
150,72
14,674
200,741
16,450
44,716
50,705
19,750
76,940
146,178
8,291
146,616
54,17
183,981
107,297
15,910
68,88
34,76
16,470
11,688
71,702
53,77
8,820
90,380
3,223
23,374
187,535
132,467
141,325
10,397
107,16
198,441
114,990
92,664
30,274
30,272
134,234
89,960
19,341
104,22
146,360
31,273
185,135
118,486
14,702
40,67
88,798
59,553
100,118
27,988
86,126
31,82
182,445
45,886
186,483
25,263
54,770
95,632
50,270
29,37
101,108
166,878
108,987
84,11
162,261
179,895
128,192
82,357
56,125
179,37
128,205
128,919
20,192
38,8
113,149
83,752
9,559
166,314
83,834
186,766
46,308
6,562
133,448
185,811
9,758
157,439
173,608
33,326
197,968
59,833
61,418
10,102
173,16
150,754
168,628
148,244
20,854
152,101
198,723
69,792
16,27
153,626
175,518
30,169
185,883
160,463
182,114
151,139
170,718
165,190
133,534
115,879
79,751
20,344
182,606
66,638
39,820
92,272
163,197
77,725
85,841
12,153
104,437
67,661
45,491
63,546
182,444
161,610
101,861
112,916
72,562
17,900
22,39
86,72
197,176
145,656
187,139
179,900
120,152
70,194
5,754
110,505
121,510
159,530
60,680
99,467
118,520
18,12
127,4
131,708
35,258
14,516
157,812
58,649
92,86
184,712
57,196
191,781
25,364
117,591
46,57
144,185
172,255
111,395
22,849
182,397
165,168
5,85
115,847
39,604
84,752
30,696
36,391
165,863
103,60
175,576
108,974
151,434
199,114
23,872
6,568
70,2
173,246
160,28
191,582
47,675
168,688
123,401
124,222
194,422
6,794
136,428
59,910
53,224
150,610
166,994
89,46
101,401
180,415
165,506
110,9
184,349
91,21
135,662
7,665
10,348
13,696
156,55
141,224
12,427
161,637
48,370
13,709
182,605
195,518
10,360
95,913
111,951
76,320
20,600
147,767
74,794
18,865
33,268
55,428
17,402
13,381
4,716
47,611
163,770
150,625
11,451
103,95
149,121
196,646
130,113
190,920
80,626
138,216
106,506
134,270
157,15
61,138
24,461
114,286
145,854
179,96
31,786
123,446
113,341
96,24
178,684
11,286
49,846
127,348
165,892
51,756
27,341
115,363
166,963
171,881
34,915
46,636
83,54
184,552
64,844
144,404
10,929
51,970
150,61
55,435
127,299
143,440
114,871
93,904
102,484
95,874
53,791
84,966
20,910
81,255
67,678
179,506
73,207
154,957
35,509
1,531
27,175
15,470
140,46
196,847
184,27
54,505
139,92
1,119
1,256
163,147
2,515
39,868
62,264
25,833
197,415
3,612
176,630
7,591
119,356
126,722
134,548
91,117
103,409
22,577
5,511
102,267
80,273
154,50
72,229
152,296
191,688
181,914
103,735
20,445
166,145
33,707
44,478
177,861
114,136
111,108
5,349
69,800
166,811
10,174
186,391
5,764
47,536
167,310
106,365
185,340
150,146
24,725
136,602
82,393
139,520
103,925
65,895
160,590
56,871
50,685
150,461
71,361
49,898
156,987
17,546
11,181
60,555
76,570
113,421
22,804
164,312
78,262
58,750
184,868
58,686
174,787
113,926
60,387
198,660
166,38
159,993
16,525
85,449
87,229
200,756
120,618
79,454
101,772
56,108
136,733
56,670
66,185
182,587
5,14
41,293
152,170
165,499
138,960
88,161
52,303
103,742
169,81
82,72
41,115
194,834
110,504
104,753
2,841
134,954
156,419
12,91
6,388
110,895
82,518
160,457
129,694
41,723
80,133
189,379
108,370
142,134
194,591
56,571
85,257
180,654
11,644
169,308
185,302
161,345
5,706
60,903
148,564
103,199
135,905
51,765
65,387
100,618
194,24
134,123
66,302
156,544
101,45
36,620
183,415
85,231
47,704
143,727
58,887
20,353
170,959
52,23
123,18
120,914
154,818
27,633
11,816
75,723
135,713
128,529
109,967
6,78
92,64
132,728
196,653
58,934
62,953
71,829
82,73
46,621
136,153
155,662
191,258
89,280
193,90
131,214
52,798
128,574
134,111
78,667
126,771
182,315
38,905
90,25
118,823
79,228
135,865
35,47
52,610
92,846
173,61
167,729
15,454
131,439
115,458
86,343
1,36
199,329
49,996
192,327
124,815
164,648
99,731
16,668
57,402
116,214
56,399
18,276
47,996
65,484
72,87
92,783
24,851
112,753
58,154
158,324
112,426
182,66
165,282
131,903
197,814
177,161
180,271
168,248
107,309
140,351
20,455
136,166
179,461
175,371
191,508
122,208
16,781
100,70
67,892
101,31
21,505
172,262
197,89
153,387
79,27
186,62
16,846
187,603
40,336
106,693
131,810
52,927
174,338
154,671
110,849
33,457
134,256
161,827
143,486
123,491
98,337
67,1
35,230
77,962
121,781
32,290
89,118
50,463
70,675
2,799
33,545
166,801
42,429
92,817
166,791
111,988
88,186
146,229
171,386
123,371
100,184
117,379
195,258
88,691
67,15
60,798
79,599
163,992
131,775
147,253
155,460
93,636
92,338
61,409
169,306
161,962
44,186
176,51
149,269
113,35
85,264
67,507
102,367
130,898
182,716
52,625
170,786
182,875
3,70
144,747
168,480
99,792
177,895
156,169
115,64
70,879
62,524
139,340
186,151
133,462
17,872
91,788
177,531
60,278
167,996
167,797
69,231
7,135
150,635
177,679
120,921
184,246
141,326
80,277
46,823
72,63
40,631
197,266
138,784
2,309
179,435
132,538
99,720
186,912
161,635
183,981
143,652
160,48
139,730
116,411
52,910
66,961
169,179
125,170
79,450
120,107
29,360
115,564
117,199
123,801
138,88
88,911
105,126
104,161
17,759
126,217
97,955
122,866
22,241
190,541
185,508
51,65
75,21
179,656
56,928
20,583
177,864
31,408
109,426
199,736
31,435
44,319
192,691
170,407
159,742
140,536
186,592
165,750
111,492
101,177
189,78
129,142
47,320
119,584
162,646
47,129
66,506
104,668
142,434
113,44
176,467
27,402
114,95
164,275
133,682
147,368
118,625
37,342
117,550
95,709
45,197
81,155
153,515
15,27
159,194
75,777
18,229
199,453
62,258
88,276
33,293
123,853
194,99
17,355
81,531
48,879
47,972
17,571
29,847
145,342
22,456
24,801
155,992
1,462
7,446
117,484
168,438
171,621
51,847
30,215
25,813
101,924
77,321
63,567
51,198
103,912
76,166
90,331
3,876
58,985
93,251
63,712
189,766
186,990
45,835
188,91
9,103
42,346
77,715
104,462
84,788
153,71
75,594
151,685
155,367
147,782
194,460
121,44
60,98
180,825
123,2
93,439
137,674
186,129
95,566
51,192
11,69
69,821
56,338
79,380
100,824
50,805
102,896
121,631
131,528
176,823
59,448
129,444
61,430
162,873
77,686
80,737
80,920
149,520
30,32
170,414
50,770
34,803
106,881
115,780
50,579
36,649
7,387
182,804
6,282
36,889
149,302
38,631
157,885
36,775
20,92
158,850
45,273
115,269
55,658
195,811
162,350
13,442
155,680
124,555
44,62
148,593
189,213
129,492
35,896
31,97
36,954
5,221
131,155
186,607
158,518
50,602
194,841
153,902
11,108
95,911
1,800
171,974
200,694
95,637
90,963
77,502
110,81
112,573
193,63
186,644
100,526
9,973
61,40
80,745
8,7
84,699
179,277
108,534
5,82
180,788
52,122
71,217
62,427
1,938
92,506
68,201
48,105
189,904
28,123
89,273
148,341
159,647
190,672
166,639
34,592
21,777
175,486
153,754
28,611
98,863
160,819
169,49
155,886
18,241
98,300
17,502
165,427
82,978
180,583
33,19
95,588
78,556
163,209
102,26
146,28
20,431
134,14
28,775
22,349
170,222
190,427
5,640
99,299
54,624
77,373
162,865
51,671
69,917
156,505
54,130
16,4
150,424
9,969
30,381
51,343
52,824
162,998
8,368
57,184
198,353
111,763
45,950
79,694
144,560
190,880
144,663
177,840
139,18
77,611
127,45
68,422
71,565
180,339
83,365
25,700
104,584
188,216
42,735
73,33
86,914
196,654
116,775
173,977
75,103
21,934
164,580
53,379
51,581
26,642
1,241
132,660
199,594
19,711
102,834
197,410
128,452
176,28
160,889
174,369
40,75
130,936
86,693
130,871
97,544
184,44
67,712
49,621
67,148
152,15
9,812
132,694
170,544
151,147
84,793
139,849
163,333
124,527
52,624
184,839
140,47
50,490
7,220
116,483
53,770
22,158
14,378
142,810
143,420
146,658
177,314
133,364
53,709
16,468
65,533
118,971
142,80
49,263
6,741
152,358
177,670
31,947
71,15
82,59
191,74
142,104
63,728
182,396
20,507
9,3
10,992
71,528
92,312
187,673
28,742
198,989
190,139
175,197
171,257
130,948
27,9
186,597
73,695
84,170
82,335
64,717
147,395
38,331
93,442
21,279
69,104
40,680
184,782
178,799
188,578
139,457
16,65
15,627
49,678
34,125
86,150
151,262
28,509
111,113
29,99
79,528
60,162
65,769
181,39
154,416
192,352
194,139
174,422
20,135
32,398
106,732
145,306
133,91
180,866
164,62
1,79
17,169
182,213
57,713
6,126
108,466
149,846
98,346
95,641
100,667
119,928
63,192
57,562
187,663
50,398
130,315
26,301
62,315
73,403
44,180
130,24
192,499
68,679
155,659
15,322
52,525
173,881
187,586
200,657
4,351
187,629
95,8
158,782
187,994
70,166
135,657
18,447
140,237
102,157
85,976
115,504
46,88
7,717
129,503
48,479
74,977
32,977
13,853
96,597
21,939
90,759
118,927
147,522
192,858
192,897
22,383
87,345
24,566
80,608
92,736
95,172
160,435
66,253
161,326
36,142
25,496
51,132
142,313
37,271
199,538
123,949
165,687
44,581
137,62
170,166
6,913
40,633
20,659
118,177
99,322
199,109
168,664
63,737
68,150
9,320
161,344
126,529
193,114
63,110
75,372
196,885
98,141
185,382
59,63
56,62
36,288
17,225
5,16
30,116
54,68
73,435
78,853
79,190
22,289
64,477
165,490
129,695
174,29
96,344
170,931
158,142
190,137
123,989
122,25
170,130
110,55
190,314
145,478
103,638
167,485
157,598
189,990
133,960
116,713
48,360
104,688
152,447
166,799
79,80
17,217
90,16
115,708
112,806
75,633
160,390
116,172
180,458
181,413
49,223
145,421
130,27
11,454
29,933
28,631
73,512
81,49
169,972
200,365
163,189
33,47
25,68
37,906
124,835
3,750
73,146
33,980
180,379
146,743
58,242
167,735
36,216
196,566
22,828
78,238
55,115
105,917
20,442
104,757
160,901
171,483
79,695
79,934
106,597
125,41
125,118
29,619
135,827
184,594
85,920
18,811
29,121
95,506
140,925
117,132
62,597
16,936
51,507
31,330
166,378
133,411
3,187
103,309
34,216
104,891
46,742
78,348
131,551
185,293
183,386
190,595
53,457
18,832
72,473
166,565
128,355
7,532
172,24
92,662
178,471
161,68
18,911
128,542
67,648
79,286
13,62
40,751
125,846
67,793
131,617
66,175
71,315
60,453
156,846
53,416
100,439
14,294
80,552
194,407
189,470
30,123
138,537
20,417
18,539
44,758
126,735
113,661
57,303
115,475
74,603
107,449
133,759
75,384
180,129
119,918
61,709
63,658
163,656
27,656
133,850
134,108
82,426
127,335
73,124
55,811
86,284
161,786
163,361
88,678
113,612
117,653
8,742
118,616
185,63
122,915
114,658
15,853
80,647
164,383
87,992
54,28
6,73
125,201
27,795
68,107
39,483
45,985
90,602
45,112
164,188
148,642
142,366
98,459
177,131
67,54
94,375
88,808
166,938
161,167
84,872
27,511
121,296
163,545
91,442
83,160
167,414
79,935
40,778
192,277
56,449
79,159
130,763
35,801
40,25
48,131
14,282
19,4
108,300
147,416
11,469
42,386
88,161
183,64
176,110
186,286
132,473
108,49
160,422
116,974
60,450
44,383
9,57
147,245
42,998
31,753
147,351
100,738
160,200
46,61
96,751
1,433
187,356
11,407
146,398
161,117
173,739
197,344
139,533
65,280
172,360
33,223
102,257
149,929
68,74
27,928
191,28
9,814
174,175
9,551
146,385
126,414
192,35
77,60
106,148
63,969
48,99
93,123
179,987
120,323
32,617
97,485
152,812
46,912
148,418
8,346
134,441
91,240
21,973
70,696
55,277
46,184
9,508
12,924
74,223
21,809
176,47
117,469
44,170
37,575
120,260
159,954
153,892
86,935
130,581
50,752
103,499
76,169
139,746
102,34
22,498
199,402
177,657
121,684
136,462
55,928
129,782
133,59
31,107
17,826
53,34
168,359
45,704
149,155
54,543
57,373
43,152
54,477
127,344
12,277
74,815
135,822
8,408
168,248
162,192
68,286
141,698
157,409
141,257
105,36
72,865
29,949
183,174
108,108
102,742
191,376
84,647
80,133
120,600
64,202
169,603
147,481
15,136
31,910
77,687
98,80
190,395
157,850
191,777
9,320
122,686
98,75
13,153
157,878
110,678
195,665
167,376
68,301
22,602
192,46
194,816
68,204
126,477
9,171
159,677
107,470
9,339
3,211
83,424
200,847
44,244
116,838
48,772
71,407
171,275
198,334
102,10
76,551
195,919
92,894
23,88
150,608
9,934
104,328
193,403
188,241
46,883
48,690
104,497
155,73
195,119
20,834
126,521
87,117
47,356
155,729
44,698
117,183
149,80
104,612
75,967
36,782
38,134
156,146
90,253
140,264
19,566
114,339
123,990
100,89
126,415
96,696
125,166
41,686
67,884
94,861
134,920
134,884
61,447
111,15
128,600
144,222
61,679
73,49
132,206
188,834
50,484
131,224
101,871
163,116
91,854
163,591
47,873
100,425
134,416
98,660
133,25
139,968
6,493
151,379
107,344
62,53
7,51
48,832
37,497
94,14
158,207
178,419
169,834
5,288
121,895
2,634
40,574
10,241
57,464
23,272
37,699
29,222
121,296
116,844
46,511
146,234
149,180
162,148
176,418
186,721
129,638
72,896
147,336
67,162
128,843
107,760
33,626
64,747
187,780
64,963
102,749
147,894
131,220
37,771
80,31
174,483
45,818
132,88
158,849
89,627
129,108
162,932
171,427
20,681
129,27
151,819
130,839
193,32
154,548
144,742
16,270
5,640
54,237
101,741
46,449
38,276
200,310
85,849
33,191
124,369
155,266
35,400
126,239
35,707
181,728
181,496
46,190
38,105
81,357
61,150
82,52
199,99
101,634
149,193
199,895
48,581
114,260
93,99
22,722
171,405
87,835
180,800
18,433
2,560
103,178
199,983
76,854
152,803
84,900
28,231
52,596
109,437
185,5
189,974
88,848
119,332
39,657
148,416
102,762
79,929
123,68
175,96
132,88
55,935
35,675
1,465
40,198
189,588
31,597
182,90
138,270
103,338
94,882
14,794
106,960
56,444
149,712
171,879
131,349
17,994
97,470
189,891
108,665
93,364
159,634
193,595
20,965
153,389
106,600
114,416
16,759
48,142
51,388
71,314
147,727
147,813
89,703
27,868
75,241
116,683
2,756
69,202
175,258
40,304
156,107
108,160
111,203
31,510
120,481
196,279
182,923
70,152
47,149
26,879
48,697
78,135
166,111
184,814
152,862
123,197
132,95
172,751
175,591
8,939
60,264
114,209
27,465
84,104
9,678
46,606
94,554
61,747
144,335
4,519
189,211
61,173
122,104
7,306
81,213
189,979
83,90
56,326
167,437
188,207
173,726
76,231
17,714
113,987
20,620
173,987
162,990
17,916
98,236
51,778
90,268
115,644
22,719
92,893
67,887
55,249
164,649
130,968
43,332
78,111
125,821
106,558
147,988
37,706
173,151
9,408
139,137
146,970
166,607
186,261
88,792
142,705
11,178
132,954
78,355
118,122
173,571
107,587
176,103
194,578
170,660
132,996
22,438
191,181
95,965
76,612
155,201
28,943
78,330
64,748
108,347
26,206
56,943
133,990
112,114
58,425
120,709
75,870
99,84
111,103
110,846
3,327
70,247
58,464
175,21
124,771
172,813
178,852
61,392
121,81
33,511
180,266
124,5
107,621
193,937
96,987
62,824
20,179
28,465
136,835
197,610
78,877
1,679
176,398
160,789
116,144
153,437
115,145
14,280
23,568
111,174
157,201
17,631
194,109
166,387
114,566
162,464
81,762
177,959
143,395
177,265
126,988
67,15
200,905
30,623
37,654
94,353
64,899
31,464
86,335
1,267
101,859
27,445
29,303
181,240
139,866
188,925
70,51
59,618
120,129
97,489
87,289
89,451
108,839
151,648
15,596
76,92
67,133
92,957
169,771
16,632
91,402
51,419
174,749
15,224
131,339
166,330
42,520
194,536
48,195
30,964
54,153
159,635
110,498
132,222
80,208
92,549
180,700
172,374
159,593
28,893
156,475
199,478
105,254
132,371
132,954
101,721
169,590
38,146
86,730
166,715
70,233
125,709
105,201
108,415
46,515
128,100
20,473
30,989
112,380
55,989
164,351
153,776
86,356
50,621
69,948
95,827
13,436
171,582
134,631
87,515
200,674
33,622
68,552
106,242
16,622
147,749
119,721
39,534
86,334
178,643
71,125
115,595
53,718
197,632
77,935
57,88
80,919
145,722
31,270
41,933
19,365
65,318
185,895
9,594
103,474
100,151
80,932
37,564
93,507
67,34
80,24
200,379
41,763
172,709
125,652
177,477
6,206
95,258
119,442
98,957
60,52
116,809
169,903
114,585
156,501
83,79
171,661
1,597
8,405
181,672
91,785
26,637
73,24
125,174
59,288
105,106
93,744
11,279
31,730
190,65
128,52
132,157
145,156
36,54
151,147
82,91
194,717
54,634
8,5
46,600
177,365
12,66
189,96
78,452
66,925
173,849
115,181
158,586
15,726
89,380
83,130
62,494
130,193
178,633
8,259
157,984
127,354
123,720
198,300
81,386
140,290
73,140
98,238
51,216
63,796
163,572
140,914
79,906
187,888
107,351
17,585
11,213
183,298
144,205
14,573
36,302
23,214
11,121
109,814
13,416
170,790
66,678
190,270
149,43
52,375
164,763
145,249
75,950
31,989
125,700
124,758
161,200
53,292
184,704
167,240
193,726
162,44
195,721
117,114
141,737
39,852
26,641
137,164
24,821
99,687
5,906
112,682
49,583
43,985
57,69
136,951
97,473
163,682
134,117
173,87
170,825
7,558
16,158
61,941
139,571
62,909
103,592
175,492
2,789
173,144
172,813
92,461
156,904
82,246
92,434
80,277
169,66
18,621
168,698
49,358
75,932
200,463
178,190
134,401
64,607
145,719
101,167
79,827
5,680
41,238
129,720
68,992
160,148
15,231
19,487
163,354
160,78
67,329
3,622
12,616
165,25
168,196
160,692
94,786
123,142
134,917
97,631
62,630
88,242
148,974
164,801
23,26
99,871
184,493
58,226
55,942
134,189
114,394
82,840
56,971
195,303
139,686
14,880
46,709
77,591
100,401
134,631
148,722
44,242
143,371
141,354
186,340
190,187
7,76
1,697
29,650
180,974
178,947
175,373
174,318
78,793
79,564
80,504
153,145
2,458
70,59
94,108
187,844
177,563
120,15
49,695
35,175
27,740
167,463
117,337
158,627
14,138
89,797
65,767
161,612
136,247
147,77
7,985
54,181
2,708
71,109
186,54
59,656
125,135
131,781
18,57
39,931
193,903
153,465
45,610
88,838
115,335
92,906
30,160
111,220
119,58
165,58
127,781
156,437
198,950
168,763
55,213
180,24
47,163
90,106
120,397
110,448
137,638
157,179
31,928
43,501
74,428
42,102
54,220
78,374
148,912
184,356
144,182
164,638
95,986
102,960
90,408
41,66
149,978
44,613
186,334
154,34
150,918
188,581
78,896
77,77
193,306
128,374
54,780
113,438
51,774
116,780
143,929
182,843
45,358
107,958
75,789
131,363
140,439
80,510
112,428
150,367
170,332
174,509
125,741
2,330
31,575
105,883
94,964
14,406
119,614
187,793
149,424
72,886
87,69
26,384
150,657
2,321
158,141
85,423
129,468
1,318
43,435
68,387
157,512
159,366
12,869
187,559
13,805
199,307
177,407
105,860
2,710
161,400
57,520
181,801
47,517
96,33
184,303
27,428
37,782
119,339
1,880
162,655
42,29
164,630
41,185
86,179
29,189
197,795
58,575
4,179
149,837
173,739
73,272
180,840
98,900
35,920
127,388
63,332
185,99
76,524
119,270
152,874
121,646
24,323
172,100
34,690
153,971
85,283
95,772
144,613
62,748
140,321
58,920
162,887
59,340
129,885
170,301
147,624
161,857
155,699
158,864
193,69
111,605
89,229
90,945
196,661
166,615
183,348
37,137
141,733
122,668
174,330
21,133
2,586
178,46
17,562
23,509
171,310
194,589
118,256
197,65
32,82
74,916
156,434
62,215
109,872
7,579
139,625
184,99
14,323
172,3
73,689
193,330
155,770
100,651
27,634
168,464
167,986
69,64
8,868
181,371
158,503
94,796
134,213
68,933
173,298
92,615
189,280
44,92
5,734
77,167
5,693
131,927
76,834
23,898
132,192
140,643
105,329
70,584
10,854
120,561
114,179
84,337
9,724
96,319
31,343
31,621
13,588
53,469
95,855
115,778
120,3
114,849
149,389
169,925
8,879
175,412
24,930
172,434
151,283
29,217
195,374
26,176
139,269
143,210
98,869
154,321
199,804
93,603
94,552
41,497
119,755
16,710
105,598
159,867
34,908
35,426
154,859
169,114
96,398
145,689
172,913
65,613
8,446
6,872
135,661
46,510
109,128
5,12
44,729
58,363
20,674
36,28
160,782
67,375
151,726
200,393
150,113
86,975
200,481
53,721
67,616
67,902
50,576
89,950
163,677
109,206
53,489
92,581
132,712
185,276
152,710
22,249
188,554
189,485
181,542
128,892
1,116
144,529
23,645
170,706
181,698
23,123
185,237
60,816
122,625
84,899
172,959
41,214
52,97
69,241
43,283
21,645
114,13
172,477
195,781
26,149
126,516
125,791
155,427
62,252
191,523
125,778
158,662
11,862
132,743
18,197
173,971
45,177
189,52
130,961
37,186
14,313
73,532
76,675
184,245
82,115
155,503
132,795
200,576
26,426
66,601
91,488
29,823
195,36
75,996
37,685
88,638
152,18
4,721
162,191
131,302
43,137
71,784
25,511
12,724
32,553
200,670
58,873
161,805
25,245
127,505
174,283
54,264
9,230
16,860
88,757
171,485
147,175
86,725
164,94
128,229
58,252
89,534
30,239
105,513
42,779
42,49
21,644
86,878
40,628
177,499
158,429
142,377
74,414
45,84
24,395
116,9
163,55
107,169
12,527
36,968
28,844
34,275
3,469
199,673
97,444
73,737
163,652
87,684
55,399
40,849
148,131
30,775
179,252
186,341
12,649
26,108
62,278
66,947
156,387
139,942
177,904
149,335
7,605
34,840
145,85
135,293
131,964
150,953
152,263
92,279
172,934
185,598
72,753
153,450
37,361
76,478
38,675
196,57
74,502
65,806
79,129
174,111
115,857
93,422
60,583
66,601
1,964
68,833
99,334
26,894
73,309
67,313
108,711
93,497
80,530
18,818
75,757
82,164
82,138
181,909
131,775
131,547
171,817
101,306
98,326
5,907
144,626
59,917
7,257
61,85
122,951
143,301
40,79
61,962
153,101
58,796
112,720
156,633
128,349
67,540
57,631
55,500
125,496
34,767
199,452
189,125
93,258
39,168
66,119
43,325
196,815
1,734
53,873
135,694
54,282
194,101
48,295
122,141
47,236
117,936
38,45
114,305
18,614
124,354
56,843
123,51
173,54
110,242
42,241
153,940
155,571
170,643
143,925
126,961
117,215
58,979
96,164
25,1
136,350
136,194
164,472
94,365
175,952
140,914
46,993
107,967
58,163
23,541
155,288
198,785
95,901
26,745
16,571
134,355
196,520
145,723
177,593
133,997
182,685
24,541
32,934
26,819
155,636
70,186
144,123
128,838
182,574
61,293
35,799
165,3
106,262
49,206
169,941
151,764
168,915
82,348
49,831
80,201
49,291
145,694
117,730
26,788
153,456
33,641
4,277
13,849
145,692
56,190
75,152
71,794
51,848
161,995
198,857
9,887
7,628
166,83
175,759
196,471
58,115
97,198
57,137
76,664
59,4
169,529
168,816
171,510
196,984
44,314
66,492
129,245
147,755
8,945
125,122
35,86
43,375
127,635
139,966
151,443
154,80
13,151
78,872
29,583
129,857
169,184
121,784
42,288
75,668
160,369
46,39
113,394
147,597
161,835
20,365
37,836
139,216
22,93
199,580
119,505
130,591
92,110
110,416
92,875
15,954
28,901
137,50
14,382
71,304
6,770
37,478
113,400
16,120
171,887
33,228
25,399
36,348
121,377
24,26
9,20
56,396
106,769
138,358
121,882
80,245
150,798
122,659
61,562
70,879
116,995
164,837
24,763
178,560
69,822
94,515
20,887
100,233
13,949
46,110
45,607
20,549
41,197
105,199
122,996
35,339
29,96
36,611
170,534
9,762
53,978
194,738
23,54
40,390
40,239
113,26
93,38
99,802
117,690
76,571
186,956
45,693
90,164
40,590
41,334
73,870
101,345
194,721
173,286
127,386
57,832
20,443
155,95
77,380
91,921
153,976
14,212
99,347
58,364
192,948
73,163
53,452
41,262
112,435
116,888
99,764
33,172
105,934
179,494
100,76
127,312
165,451
151,13
72,825
92,770
86,963
43,775
37,302
186,775
44,709
12,369
153,801
110,267
38,376
74,619
116,546
14,385
70,235
124,86
159,863
168,950
102,41
178,663
49,298
193,823
131,638
125,935
57,71
28,439
12,126
90,390
88,241
145,618
95,190
24,99
198,760
164,749
175,326
72,832
47,262
2,96
89,24
174,760
67,219
164,477
157,1000
16,721
135,426
141,28
136,824
132,247
87,540
184,767
95,914
91,515
166,971
58,438
67,329
68,649
144,460
96,784
157,460
148,579
198,780
183,495
67,137
90,752
75,945
42,648
149,664
15,749
197,869
78,219
99,543
43,817
123,335
104,528
66,600
127,908
173,541
84,64
178,912
116,536
165,895
111,930
124,949
47,782
82,239
15,778
131,110
86,543
2,557
104,987
113,535
173,797
153,268
96,111
28,867
155,925
57,696
41,823
73,423
124,73
166,732
165,577
158,608
40,476
87,176
56,450
28,21
3,742
38,746
160,985
95,890
157,657
99,196
82,76
197,573
125,360
116,57
94,209
47,43
145,736
63,386
20,227
176,647
6,67
74,320
105,281
28,637
124,162
182,578
169,296
19,674
15,217
110,505
84,544
4,397
146,800
185,228
40,727
187,791
198,741
135,914
152,273
11,73
24,468
20,853
49,906
9,769
64,973
181,497
8,634
118,104
136,271
106,854
118,606
15,566
120,488
179,240
122,222
164,109
107,822
147,814
37,459
89,625
44,503
80,424
13,87
12,17
103,653
156,934
167,835
114,482
75,53
1,609
177,474
15,65
132,221
34,380
162,692
177,802
102,391
191,888
19,558
3,387
25,4
135,933
87,806
63,831
117,42
2,512
16,850
6,103
2,942
39,769
36,136
186,120
44,720
102,574
56,895
158,43
82,99
191,37
32,945
20,780
140,931
18,752
97,580
51,809
69,744
151,115
2,802
98,938
119,447
158,531
123,864
17,41
29,289
158,313
21,84
199,436
59,857
46,573
39,762
39,372
29,582
98,264
198,139
152,960
85,520
162,396
32,444
115,150
28,65
125,21
40,833
84,260
78,806
153,400
81,335
10,996
41,724
71,946
190,161
184,86
133,680
37,938
84,854
68,652
135,52
85,713
120,971
89,633
85,3
44,302
37,992
65,667
197,142
108,221
63,989
96,184
59,119
169,475
162,329
74,516
114,510
32,865
176,985
50,158
1,159
5,411
24,707
53,631
164,134
4,241
28,797
135,426
116,436
188,805
119,287
79,531
43,183
131,764
126,568
3,511
50,630
16,45
77,627
111,236
9,715
149,937
99,428
101,888
115,776
112,179
146,388
9,648
41,971
182,624
112,969
167,320
157,613
18,929
164,43
66,812
183,505
32,425
77,842
153,336
66,851
83,654
129,870
68,751
78,932
105,353
120,473
184,970
31,252
177,835
163,462
29,353
51,261
43,477
129,765
149,217
163,863
45,534
119,789
56,150
199,178
120,786
97,437
83,264
194,752
137,647
75,132
128,882
79,787
153,789
75,439
177,313
88,644
71,664
16,194
187,31
185,29
40,659
26,871
77,240
99,426
84,775
145,301
92,921
52,568
142,177
56,140
64,313
86,741
63,224
90,397
107,528
42,136
199,780
135,614
188,784
107,836
94,789
124,687
95,311
155,924
163,153
171,6
57,862
180,630
141,1
29,207
60,829
163,478
164,407
19,812
157,80
94,689
117,494
3,102
80,898
23,118
21,365
192,791
136,111
163,390
40,217
18,363
63,625
70,165
141,76
29,367
140,474
185,942
104,346
10,591
199,66
97,207
154,460
164,374
6,378
113,840
191,621
193,805
195,141
31,893
95,66
10,672
155,571
24,64
8,660
149,876
68,302
57,16
10,143
118,500
58,142
193,15
174,385
86,407
145,297
38,458
165,423
161,194
142,9
163,539
45,392
51,957
43,893
101,830
114,428
189,232
178,657
26,90
80,253
21,765
16,470
87,235
153,516
122,81
71,112
69,871
48,443
185,917
75,138
152,227
8,814
97,687
66,749
98,910
29,289
51,519
188,207
187,519
191,65
106,510
77,726
186,138
177,554
186,610
81,931
80,894
14,365
137,292
169,486
67,253
143,810
150,300
126,899
87,137
131,972
151,496
42,668
79,342
156,470
145,570
151,557
46,192
74,349
89,709
76,28
187,667
72,156
32,22
3,116
77,652
152,626
103,122
29,780
122,457
135,330
72,381
54,580
190,857
167,33
185,355
113,721
159,560
98,394
33,1000
191,442
153,181
56,243
146,347
62,949
188,856
3,34
191,688
161,917
33,671
89,756
90,965
51,610
86,882
169,188
164,379
103,710
53,466
125,685
192,224
28,180
92,162
80,371
136,737
126,827
9,126
57,98
189,834
30,65
114,360
32,503
61,684
53,374
143,201
106,146
76,853
145,648
46,128
87,89
87,440
149,317
80,226
142,508
141,488
18,469
18,237
83,974
176,906
156,221
90,918
179,686
132,698
150,86
15,936
90,803
72,552
198,795
45,339
111,163
185,931
124,219
157,435
72,204
173,798
52,877
32,441
22,786
40,1
165,614
158,145
141,431
170,547
170,740
181,488
143,301
40,683
178,484
124,339
27,323
57,407
169,451
36,49
178,605
113,882
192,968
91,37
99,385
158,608
27,701
165,132
188,560
81,989
189,406
133,338
145,882
71,299
21,431
74,842
147,243
53,102
197,927
22,90
82,391
194,653
182,555
82,320
8,175
100,767
33,102
133,43
101,734
178,673
3,733
63,769
105,256
44,237
176,379
190,126
141,334
44,149
153,675
23,438
91,409
24,205
178,917
16,857
113,753
62,819
159,528
113,81
166,687
75,524
75,698
83,977
70,316
51,31
2,476
166,300
87,835
173,782
116,756
126,481
75,125
166,910
76,921
108,842
192,845
89,889
26,514
54,100
103,251
52,776
45,907
94,228
63,723
111,202
11,341
117,753
91,475
177,518
98,414
15,465
15,192
87,24
117,737
98,438
110,46
99,590
165,690
92,20
132,959
93,729
38,437
21,972
13,431
132,632
105,382
89,881
189,215
35,395
196,261
128,278
28,665
182,266
17,185
173,279
4,691
193,858
67,201
146,447
134,291
132,865
54,326
150,807
198,398
13,8
2,904
18,566
169,703
40,8
132,500
28,397
162,222
136,909
142,125
152,221
182,694
149,647
165,149
123,84
145,98
130,607
148,827
57,573
28,977
157,548
123,897
155,132
25,424
86,3
25,869
135,979
19,477
189,371
117,432
191,9
27,524
9,989
134,442
183,451
176,863
82,768
33,130
106,135
79,612
23,342
33,703
133,630
58,173
131,110
104,894
112,346
192,83
125,971
126,206
20,212
22,867
158,787
118,923
75,584
63,119
62,334
36,731
191,501
174,973
110,820
47,803
89,351
158,253
126,434
169,379
17,96
133,900
33,329
112,772
109,642
199,346
29,393
55,611
29,467
44,481
25,786
85,258
137,710
50,424
45,548
24,890
189,968
50,295
32,240
86,25
49,207
73,412
4,731
122,319
152,426
163,985
130,452
84,457
78,662
191,303
110,717
81,312
182,260
138,146
30,528
126,223
158,572
169,182
28,777
33,916
85,928
84,523
140,962
126,982
121,287
11,922
200,360
15,224
197,67
88,68
54,318
196,682
98,383
14,559
181,679
107,331
178,429
159,577
110,707
191,225
140,503
69,301
123,906
126,81
59,316
23,170
87,763
62,657
133,856
179,945
199,656
64,270
23,27
109,378
199,470
35,626
187,743
159,967
115,432
98,376
108,783
41,973
183,792
11,898
108,838
128,647
13,888
61,914
156,239
55,385
113,876
175,499
117,263
80,868
25,35
189,918
176,573
65,208
150,481
32,768
198,781
29,533
48,722
15,924
4,224
172,940
71,37
160,754
63,344
189,774
131,188
123,754
176,117
125,203
176,748
35,836
14,217
21,681
3,448
102,405
73,923
112,720
93,99
129,955
69,487
131,810
131,511
184,928
165,638
120,539
141,525
78,359
129,641
181,743
126,635
188,901
92,477
180,595
123,88
26,300
154,89
118,940
155,863
76,427
18,663
157,56
97,604
182,930
46,820
58,654
184,585
91,99
6,552
167,986
186,800
189,934
53,972
35,781
127,687
133,986
102,402
134,878
109,556
170,621
147,538
78,150
5,22
59,192
99,962
85,62
165,234
13,900
82,938
36,268
25,99
70,774
44,41
188,454
105,383
25,826
58,222
87,183
145,290
154,383
122,448
14,255
183,646
193,584
107,884
177,73
8,553
70,806
162,697
146,169
194,736
152,490
14,309
198,325
53,535
109,556
114,408
18,147
178,770
146,460
106,503
97,156
30,973
163,963
51,344
77,647
83,414
193,70
72,739
59,872
31,353
190,203
171,939
132,642
49,701
78,572
165,591
151,731
93,251
17,183
13,33
134,785
85,591
11,320
13,996
200,31
45,287
27,694
116,33
56,415
184,258
47,906
63,818
126,741
64,223
20,210
77,837
163,153
80,65
75,906
161,451
32,822
132,587
124,893
101,167
20,778
123,803
121,621
169,835
188,745
76,746
37,985
165,625
46,101
9,836
27,507
35,508
69,555
197,137
21,726
88,915
23,925
123,786
87,21
188,956
126,701
146,432
61,83
58,148
71,704
16,679
187,957
71,601
100,837
21,638
108,716
165,998
163,327
24,625
102,402
44,493
24,283
90,496
14,435
82,949
177,545
177,444
200,520
112,167
198,946
55,453
131,381
179,769
115,474
25,693
119,126
46,68
148,605
147,991
50,875
178,672
155,807
23,505
98,739
191,490
1,682
193,502
164,12
1,131
44,663
113,592
109,794
42,755
71,314
87,188
114,518
75,972
51,1
180,993
3,225
156,559
128,513
164,773
11,431
74,434
88,854
145,315
189,612
23,675
196,876
139,425
139,662
188,844
78,616
167,524
125,714
70,617
182,199
179,183
2,215
185,596
37,171
97,567
104,514
121,27
166,702
53,482
94,382
189,812
126,545
95,805
74,336
124,723
178,919
99,909
84,220
2,594
37,267
192,977
108,295
53,19
130,115
57,133
39,178
89,472
95,20
67,78
36,168
108,403
79,771
62,709
96,749
195,4
147,288
81,379
190,663
165,455
60,101
74,789
146,155
169,981
109,433
46,149
169,260
126,449
110,3
52,569
39,825
175,990
129,61
124,985
18,63
13,148
66,324
135,792
184,541
174,777
110,280
29,645
118,671
151,246
154,618
100,628
123,618
63,674
194,801
164,230
194,815
157,785
52,252
130,201
186,201
135,457
110,568
132,216
142,737
103,535
149,810
136,154
89,526
32,983
115,216
143,892
185,445
138,105
97,357
47,761
37,256
86,39
126,828
163,618
182,647
158,242
123,557
126,239
188,647
93,137
30,594
155,536
7,386
133,262
153,414
8,683
51,952
54,952
75,181
153,931
200,632
186,360
15,555
102,475
40,737
40,419
170,647
112,190
137,91
15,461
104,451
117,759
114,826
199,552
106,985
114,687
183,235
180,617
124,78
137,70
156,47
92,668
148,449
68,930
111,514
147,917
146,234
56,34
93,221
178,498
72,44
172,435
41,998
66,144
100,121
15,727
61,248
39,287
143,710
121,511
49,399
90,112
136,550
71,799
156,114
158,550
105,773
101,84
55,145
149,309
6,410
61,968
94,996
121,187
68,479
104,869
53,614
141,357
122,784
38,828
102,677
180,536
83,36
3,477
36,567
174,724
77,864
59,521
166,730
178,364
135,794
3,28
149,637
151,935
131,440
112,921
176,956
180,583
42,803
179,1000
69,661
81,707
5,953
84,67
69,632
8,318
129,774
120,766
58,354
185,622
125,384
70,232
74,975
83,241
98,862
76,634
145,402
26,733
16,500
128,739
147,620
163,456
117,146
39,165
37,715
110,315
97,748
173,87
194,332
62,243
9,11
38,509
3,140
118,794
94,760
16,877
122,863
108,825
157,482
196,915
178,448
178,577
63,877
138,709
10,919
82,111
65,367
62,892
142,387
167,609
174,11
30,953
112,529
19,159
195,980
10,510
88,894
2,56
7,413
157,880
198,927
159,701
21,974
90,375
136,906
89,951
146,225
150,916
170,161
37,888
67,263
82,365
112,347
47,218
47,131
25,311
191,996
138,630
80,287
197,86
49,637
199,586
148,383
168,88
115,412
145,615
51,214
14,245
142,82
82,445
150,335
151,935
11,494
4,358
189,676
173,783
112,613
95,726
17,14
111,842
54,422
29,667
17,828
36,532
125,299
11,722
129,664
29,66
117,848
49,26
176,385
148,814
154,235
136,149
18,283
81,136
140,452
133,597
155,776
149,911
145,407
35,518
148,985
61,8
200,658
48,566
74,58
93,148
20,515
92,49
83,393
14,574
49,762
28,585
25,154
168,419
14,269
180,748
140,363
191,541
146,432
84,270
157,959
142,70
141,997
70,279
4,609
62,557
110,362
79,471
18,638
198,192
128,657
14,704
96,260
131,469
79,543
121,38
87,409
98,157
58,29
187,49
96,402
2,599
167,317
70,642
101,893
28,370
3,880
25,142
200,689
200,744
57,939
86,54
107,405
161,384
97,444
15,867
93,30
90,633
6,855
131,874
93,660
96,713
118,439
85,497
138,913
148,218
122,587
180,991
64,598
25,949
155,316
125,273
58,473
39,898
146,864
152,43
181,196
84,891
40,85
178,810
197,795
146,750
100,828
5,607
32,28
36,467
109,929
70,510
19,932
196,788
79,192
65,692
167,234
44,83
26,77
162,595
13,134
112,664
107,781
173,137
61,497
116,197
162,955
142,112
57,972
64,8
157,928
138,250
26,270
95,167
64,503
137,944
197,815
4,213
80,396
56,820
51,756
47,528
114,271
163,158
94,427
82,414
142,403
106,779
137,35
192,675
86,943
142,42
9,51
184,369
143,590
169,359
180,772
56,558
30,336
121,853
96,886
14,935
24,874
81,277
57,702
140,705
192,825
86,465
139,110
144,651
13,985
124,465
159,990
183,820
71,635
186,942
28,819
73,902
136,533
30,356
172,776
163,806
30,979
76,278
110,417
24,910
153,674
153,350
65,114
117,96
10,4
105,941
94,425
37,933
102,401
110,550
142,371
75,878
81,684
86,241
199,895
163,702
103,226
128,954
128,436
111,370
155,636
91,634
154,47
44,679
59,283
73,945
199,817
34,239
144,105
110,186
48,391
110,996
69,523
80,629
166,111
135,664
101,100
80,395
42,562
133,240
104,224
183,344
138,964
16,676
96,770
53,206
23,675
93,85
162,205
20,694
51,354
111,117
28,969
114,919
2,168
125,519
75,487
49,305
79,468
148,808
50,457
44,767
45,233
198,636
192,113
124,782
98,78
157,716
105,571
42,903
44,355
134,560
88,683
134,971
70,678
51,124
56,650
181,770
81,713
175,698
127,312
4,541
115,315
115,281
8,887
116,200
157,489
39,589
161,430
27,764
125,356
105,350
113,497
151,586
15,395
32,519
63,759
75,269
39,337
32,89
130,39
153,324
67,342
81,80
150,920
170,130
75,107
95,945
34,527
111,243
80,561
65,7
18,986
110,866
198,90
172,463
13,913
167,684
98,258
156,932
31,312
79,334
55,252
127,706
90,864
46,21
25,839
93,391
157,98
71,446
173,112
98,702
77,79
90,903
122,234
49,487
109,918
133,277
2,742
159,91
52,274
19,645
126,519
18,16
159,6
125,114
147,384
124,658
27,673
77,926
89,105
80,597
92,102
72,597
177,668
92,335
137,794
49,556
125,879
55,393
141,38
120,180
153,404
110,744
20,866
133,51
137,264
62,917
134,532
18,392
139,319
136,144
120,731
44,201
167,907
6,843
153,619
9,467
5,807
80,741
99,283
65,349
1,242
6,679
2,387
172,3
67,367
183,742
32,691
157,630
13,524
22,859
132,491
60,217
14,30
46,505
164,844
97,245
183,143
117,188
43,212
128,228
110,628
83,61
68,852
54,150
167,396
12,340
150,50
67,476
60,366
54,336
37,169
108,776
169,933
94,267
151,211
14,989
195,353
54,985
145,480
49,788
79,864
95,99
50,694
169,356
158,602
112,304
38,431
16,649
98,844
16,733
7,625
144,638
181,470
41,479
66,904
3,718
81,92
67,671
179,249
30,939
100,298
24,811
18,623
158,876
23,719
52,445
94,430
80,735
13,997
165,780
41,715
93,947
74,907
45,439
11,44
106,131
139,771
166,589
169,188
43,194
134,266
53,369
119,624
158,193
138,662
153,327
147,308
95,898
144,579
43,160
84,66
165,495
72,889
125,330
46,611
70,638
114,470
91,408
94,323
27,167
132,867
199,830
132,690
159,688
86,447
52,549
49,439
126,418
109,356
198,465
15,216
21,753
1,81
43,131
161,74
63,230
165,779
180,989
133,505
92,805
54,657
199,697
68,183
19,309
74,755
131,220
86,296
174,795
195,340
194,803
117,296
145,519
135,730
161,237
159,436
134,994
52,576
178,131
93,155
96,889
74,221
10,639
50,961
88,706
64,955
194,348
45,988
17,361
17,502
51,697
74,809
98,431
6,963
111,976
137,742
147,656
145,829
183,753
39,996
192,262
121,105
92,488
200,329
107,913
27,18
140,48
171,932
20,40
55,839
6,167
46,912
27,733
36,215
150,347
94,110
46,99
107,611
132,230
35,196
40,569
91,934
67,102
68,1000
33,958
43,420
60,643
35,423
191,765
33,117
76,271
82,208
122,109
87,662
10,274
83,128
159,403
126,557
113,506
141,513
9,785
21,696
32,655
91,780
156,103
54,183
109,550
77,191
51,929
45,724
176,403
49,346
91,813
69,425
157,697
11,213
50,735
100,843
189,577
181,193
23,36
88,456
22,582
117,254
46,206
181,562
26,363
76,349
87,141
117,991
144,748
121,448
164,797
42,646
98,7
47,900
56,338
110,292
6,693
150,239
4,638
157,779
158,547
111,522
156,81
154,742
96,13
124,713
144,448
127,961
146,402
146,586
156,580
56,684
135,974
28,584
166,127
161,582
75,576
175,472
70,399
31,178
61,987
169,86
154,713
170,9
10,146
75,94
93,345
29,507
84,533
195,406
56,921
116,216
86,210
52,170
122,36
34,517
199,835
152,620
103,419
112,514
111,829
137,378
139,854
191,276
55,72
23,395
42,936
18,61
183,688
178,415
91,884
194,87
79,718
158,260
119,212
158,958
104,752
94,701
75,768
52,81
5,349
91,450
127,68
170,47
53,697
15,678
198,148
119,339
147,425
11,571
162,559
149,782
85,562
99,625
116,623
49,340
134,307
53,262
42,193
26,269
146,284
197,342
43,760
26,173
89,725
141,444
12,435
36,659
195,6
194,640
132,111
142,46
175,280
13,669
148,894
185,747
187,849
159,599
30,325
32,818
78,764
27,299
1,367
16,572
90,15
171,82
181,248
173,273
123,645
70,733
42,994
154,705
103,931
57,803
107,261
19,911
47,176
106,311
116,139
82,709
69,706
57,717
148,758
46,293
88,217
154,951
186,408
4,868
75,130
65,27
138,978
22,465
73,725
162,284
36,377
173,243
147,717
180,843
188,825
103,541
167,346
193,641
48,464
111,516
46,20
146,101
141,664
141,105
43,157
79,803
197,394
100,126
67,905
41,799
197,550
11,620
125,2
42,9
156,781
120,602
181,16
156,446
173,253
92,888
26,851
176,326
160,80
20,481
88,665
55,242
31,451
15,139
172,866
90,917
53,245
128,613
122,2
137,399
14,316
166,242
120,782
123,944
89,564
118,185
197,377
51,479
23,505
36,37
176,118
83,236
62,233
7,8
52,948
48,345
98,590
107,279
114,782
65,939
18,196
61,72
26,366
24,610
107,516
59,625
75,553
193,809
178,309
41,145
106,672
111,203
23,377
78,905
55,19
152,902
158,31
53,658
168,967
80,709
146,121
64,78
92,841
98,656
88,201
182,389
111,509
23,213
103,314
108,903
181,201
85,86
192,951
78,333
44,189
132,773
164,139
55,143
84,704
56,851
80,524
169,329
186,192
184,610
115,781
157,582
55,730
66,611
105,364
113,468
81,563
62,657
57,355
46,123
172,623
128,1
175,397
76,7
111,296
23,148
51,952
178,968
189,657
20,332
72,42
40,316
67,472
129,210
3,905
116,912
86,15
28,410
51,146
128,650
6,982
49,667
69,585
30,259
27,887
5,692
89,129
98,972
155,644
102,206
106,957
77,172
119,955
40,748
19,192
104,970
67,701
81,964
73,208
100,499
108,522
166,968
197,493
157,980
111,491
169,314
100,491
162,877
48,396
153,527
105,727
50,5
23,708
60,212
57,136
125,630
199,575
189,822
185,564
35,832
25,850
116,2
44,657
107,683
124,124
155,581
99,73
76,878
155,290
160,97
139,361
31,316
189,471
91,433
32,999
107,757
11,816
54,558
73,598
84,999
177,154
102,30
108,528
48,861
41,994
129,470
145,321
182,414
19,315
200,87
193,12
145,936
98,392
18,689
95,630
44,636
49,162
188,346
116,541
154,48
141,517
86,816
12,434
146,16
49,57
181,900
198,228
74,754
192,979
124,755
187,984
195,753
19,81
48,51
36,481
55,26
167,143
60,895
136,641
93,654
147,853
85,720
25,711
176,143
152,642
40,976
10,476
40,151
51,47
53,249
96,754
142,154
57,230
148,554
159,692
92,70
28,716
31,981
62,642
196,635
150,510
196,760
121,942
63,555
170,469
155,162
113,565
120,400
113,965
137,842
41,252
101,8
163,565
183,301
47,134
152,789
99,830
195,869
105,337
27,312
66,703
67,816
131,386
87,471
70,203
7,920
104,159
6,392
136,67
80,693
174,997
143,652
77,829
145,630
161,127
151,518
180,450
37,52
45,864
152,527
21,65
54,11
195,5
133,279
61,945
166,224
150,123
75,920
22,594
181,563
30,773
20,718
163,449
152,421
64,915
50,22
161,346
1,466
193,975
72,586
87,55
73,290
62,868
44,452
25,846
152,171
147,572
167,988
2,146
181,533
72,1000
167,271
196,949
29,816
105,89
173,387
152,219
176,985
105,829
46,280
15,533
190,539
197,339
30,968
168,668
110,239
34,247
130,107
51,502
4,922
189,328
124,730
171,302
20,39
63,488
106,950
41,180
107,874
187,343
154,275
32,736
84,132
93,954
137,216
135,359
22,822
111,240
81,505
133,76
31,422
73,807
199,285
183,445
106,843
129,282
123,109
49,175
176,933
159,61
26,795
16,909
46,853
155,665
26,963
87,534
198,880
173,883
88,702
31,860
26,565
95,539
21,938
31,847
14,97
74,394
12,135
49,785
191,380
64,912
87,650
152,995
102,522
42,523
152,16
25,804
70,985
13,551
30,870
36,710
63,345
110,234
21,409
127,837
98,405
13,147
116,98
102,575
150,185
119,542
163,569
143,282
120,525
198,703
118,982
23,559
20,875
158,204
137,236
79,511
172,920
114,766
12,357
23,13
166,838
196,760
184,262
122,239
1,643
143,32
48,530
43,965
25,221
30,722
21,714
77,859
131,177
80,645
24,851
190,309
189,240
6,281
195,303
80,391
146,476
137,642
151,304
38,816
84,577
106,227
77,594
193,17
195,22
24,605
116,430
135,738
187,624
58,253
71,369
2,63
67,107
159,373
23,683
23,203
162,45
55,27
114,795
100,880
100,73
123,5
100,720
28,398
176,741
103,570
188,275
106,319
177,552
173,934
35,816
165,998
8,954
154,535
126,130
136,317
197,536
19,525
28,548
100,588
101,619
36,232
200,288
66,919
66,58
84,379
113,146
80,511
194,473
44,85
57,800
147,420
51,666
104,157
7,725
150,77
105,8
170,992
70,599
174,944
76,975
29,489
189,718
41,885
50,70
160,30
17,450
15,716
100,434
135,944
97,249
113,138
26,715
140,813
93,806
143,590
56,863
89,526
65,745
185,945
193,671
14,827
79,493
11,798
94,711
117,91
41,852
107,326
100,985
89,394
178,285
26,697
110,324
102,400
108,469
25,344
118,792
29,995
22,842
31,144
10,960
127,19
27,535
177,673
5,710
87,642
135,787
146,197
196,377
146,433
126,647
151,828
48,824
105,187
93,739
87,141
89,472
108,81
90,29
183,730
61,193
89,893
156,818
161,526
166,265
138,49
133,428
17,517
111,689
195,686
177,651
133,759
49,770
3,839
65,210
72,977
38,165
152,618
171,862
127,554
96,223
34,847
32,708
177,4
17,730
62,225
150,558
145,847
56,10
145,15
72,8
13,254
126,955
108,353
142,317
189,942
169,581
170,853
5,109
78,44
87,444
86,754
1,152
91,461
141,501
10,689
190,837
154,48
157,333
157,58
37,699
119,754
155,578
2,278
101,198
102,620
18,797
153,782
148,933
29,529
196,198
197,535
108,903
69,544
194,554
49,390
35,419
151,932
107,82
106,718
50,399
114,688
122,907
18,467
182,469
82,190
154,421
184,946
175,585
181,307
173,808
47,706
99,638
26,367
70,725
139,648
158,474
139,558
187,91
172,652
68,99
177,142
67,336
42,815
114,771
121,37
93,40
137,824
121,346
87,42
83,441
42,272
76,863
137,83
140,761
191,896
185,550
137,676
99,453
133,984
152,733
95,885
7,104
58,909
147,116
148,206
135,473
16,449
72,859
184,83
77,897
44,23
26,247
71,857
160,836
169,809
138,880
80,217
142,909
192,179
140,680
196,952
20,959
80,18
75,400
46,320
122,546
112,704
187,201
92,861
113,950
193,190
56,421
170,167
124,938
59,239
13,514
170,585
3,248
79,327
199,304
80,407
168,513
73,823
64,988
195,183
17,1000
192,965
11,887
153,330
76,982
154,397
144,429
27,499
118,822
184,682
49,59
121,580
1,587
159,78
178,892
185,585
157,657
163,668
129,866
72,407
115,430
18,477
5,612
148,382
31,95
193,41
56,732
90,414
187,993
42,327
124,710
102,137
18,59
186,641
153,35
37,540
7,355
117,777
152,998
180,352
96,24
7,824
15,784
66,305
71,76
89,437
197,392
175,244
11,968
96,745
115,918
41,509
96,445
40,822
48,23
42,117
116,327
139,582
46,843
144,218
145,718
6,329
