2500000
50,471
8,121
191,233
165,490
182,402
180,759
8,990
171,468
48,5
172,854
56,157
188,286
133,623
50,851
199,145
59,664
120,913
124,939
94,431
126,488
157,947
70,958
97,398
140,333
53,851
48,284
30,991
196,301
130,290
40,429
167,576
155,521
141,746
10,909
125,452
92,488
163,958
74,448
89,543
87,693
192,450
141,381
101,842
77,376
23,795
179,596
46,284
36,460
146,248
68,396
138,698
33,868
168,632
172,573
93,94
103,355
37,188
171,534
126,999
54,335
28,89
141,479
124,544
101,247
67,643
18,281
73,574
123,682
125,452
77,456
105,797
51,599
115,675
185,80
5,198
18,537
138,450
199,978
46,510
125,895
146,972
108,992
15,896
105,684
139,518
134,686
98,449
171,732
73,748
45,975
3,339
176,720
8,681
84,482
137,992
76,414
45,148
18,415
54,269
198,417
85,95
137,739
104,879
82,791
30,355
60,88
34,66
76,914
19,693
60,730
134,129
161,631
129,658
124,639
13,545
192,851
188,441
170,522
110,323
28,943
164,260
112,859
105,828
14,803
27,507
4,820
197,756
90,581
61,629
107,475
10,110
177,343
95,709
43,189
100,316
20,756
35,270
99,980
96,343
40,705
169,958
189,616
93,736
125,575
116,990
51,942
82,118
98,557
62,143
2,964
47,163
119,734
32,85
55,669
21,513
13,62
37,85
192,285
154,532
14,33
185,784
137,261
114,998
176,323
86,369
115,701
125,253
75,704
166,222
39,574
47,235
156,70
49,131
170,724
17,563
163,247
107,400
149,832
186,269
160,530
64,367
151,526
165,11
135,279
100,615
133,833
193,510
53,142
148,801
117,914
81,523
70,776
86,438
37,486
28,923
166,195
120,55
161,148
67,937
77,402
157,538
71,357
145,555
158,744
8,617
16,389
103,953
8,588
77,479
135,204
14,836
107,151
109,298
104,738
85,515
137,945
145,605
142,512
46,275
69,778
77,399
63,85
37,746
136,701
72,816
36,704
11,594
45,470
79,600
63,702
146,848
12,604
133,95
176,82
37,142
10,187
193,76
88,672
25,142
166,702
130,363
21,216
99,522
72,33
84,298
28,733
100,686
85,170
59,501
3,2
197,551
116,511
122,381
20,630
14,769
12,211
46,163
186,442
7,488
62,294
195,894
119,522
192,294
62,165
110,479
66,902
137,318
109,279
163,225
20,796
16,837
54,144
56,238
140,955
170,828
91,831
66,249
115,733
112,982
124,242
15,765
92,562
88,551
45,80
159,433
191,285
196,350
155,983
157,430
140,153
36,278
53,96
35,697
171,901
21,153
92,976
94,965
129,514
158,533
51,754
158,173
177,211
6,489
140,123
69,114
33,946
199,787
85,479
6,679
106,462
15,469
128,852
159,721
173,749
185,668
166,191
77,260
183,838
88,308
189,846
121,334
168,617
113,72
27,237
29,383
194,711
107,820
135,854
125,216
30,690
11,134
77,162
100,824
76,325
154,743
110,908
60,586
72,990
110,542
74,381
132,219
182,102
4,820
147,15
50,878
89,569
174,354
129,730
122,139
97,195
175,192
178,823
122,359
9,859
48,503
163,73
156,159
100,314
48,114
191,7
45,241
141,800
113,834
42,952
133,978
141,32
126,256
112,1000
107,957
189,913
199,732
164,315
146,988
127,43
97,665
160,845
81,593
182,636
1,746
188,700
162,120
145,842
104,679
162,837
69,226
191,678
183,246
89,424
37,194
149,342
7,177
19,912
20,883
31,904
131,483
2,703
12,984
2,42
138,893
36,184
33,57
92,242
34,768
43,44
139,601
61,590
184,368
99,785
13,542
147,542
8,299
109,393
19,870
115,120
4,886
24,293
121,885
138,186
68,829
120,845
91,919
145,629
185,103
197,125
125,197
146,46
101,429
83,60
189,413
132,544
162,746
129,374
119,735
110,798
10,188
120,971
51,125
109,21
62,850
90,55
40,706
79,922
88,16
101,843
52,130
190,475
16,956
177,712
173,358
40,865
71,937
23,677
110,624
66,797
197,651
191,322
111,919
77,391
138,426
97,479
102,792
163,955
169,750
183,261
106,629
31,285
43,732
130,313
3,18
2,957
4,857
179,113
55,779
114,270
49,459
131,278
126,750
25,18
195,487
62,520
46,196
47,151
84,868
186,965
170,702
139,707
58,229
124,438
200,790
43,658
187,145
54,738
61,276
85,46
30,351
71,122
121,506
104,378
119,552
108,835
112,81
11,716
167,52
10,20
90,613
23,873
32,543
98,167
165,750
69,512
156,771
62,639
56,641
53,981
78,521
171,592
22,293
15,132
102,994
151,658
173,399
58,89
82,994
180,356
163,360
174,539
13,665
5,516
124,380
128,791
87,472
85,101
177,218
29,522
196,229
189,742
142,140
50,503
14,682
190,551
72,282
66,398
138,956
164,328
5,108
171,203
162,555
23,251
130,376
184,928
174,306
28,563
80,182
158,232
42,974
104,758
72,331
117,48
17,482
115,256
59,862
125,677
10,69
13,433
93,198
103,46
89,302
186,847
145,499
22,189
122,592
60,81
161,39
137,160
100,169
166,664
124,480
81,429
199,947
187,613
156,721
158,768
1,445
178,23
77,119
130,445
158,841
100,11
157,993
93,394
104,885
26,87
189,881
143,192
141,592
34,885
23,724
5,493
81,515
111,312
57,370
144,829
61,23
150,505
83,229
51,708
97,203
29,981
68,593
35,514
162,606
105,593
25,529
176,414
31,676
122,328
166,405
140,443
56,257
82,676
71,818
152,983
98,959
72,684
176,174
45,30
107,829
197,582
195,588
171,157
87,793
88,542
199,247
14,12
51,819
90,548
16,680
180,725
142,796
118,378
104,642
63,261
191,297
158,100
185,878
11,520
133,357
60,298
143,937
140,246
22,916
156,854
194,925
48,452
186,168
116,866
114,519
54,296
13,509
150,856
176,642
49,141
129,81
143,92
99,679
122,89
126,463
171,97
31,7
58,292
12,179
14,988
126,893
57,448
17,511
80,328
117,776
67,109
122,642
158,68
129,279
164,542
2,19
16,29
193,16
24,234
62,61
176,654
44,739
31,283
141,603
5,262
3,82
24,745
64,855
198,658
147,166
28,364
170,652
143,886
186,901
20,595
39,478
197,504
38,273
74,256
166,460
182,431
74,331
97,78
133,749
190,904
80,437
144,588
26,383
177,651
140,763
51,212
102,967
85,636
195,454
80,500
12,953
162,986
152,107
75,528
119,760
177,122
155,190
179,690
156,772
4,887
131,808
58,229
134,910
34,864
191,385
89,433
32,581
121,548
163,823
200,595
97,557
19,139
97,413
106,700
158,595
31,395
187,867
147,865
146,894
41,747
184,469
116,691
7,692
129,832
163,435
179,804
97,364
117,943
76,949
138,751
109,381
153,461
114,680
82,615
119,503
112,494
55,709
171,812
161,520
5,41
119,326
9,750
106,538
35,197
168,749
64,800
122,241
58,580
62,286
120,791
73,708
24,949
171,737
45,445
128,576
129,415
87,460
14,458
63,661
140,927
95,268
104,4
191,762
194,369
40,84
118,899
54,139
18,255
56,4
164,341
132,818
113,697
144,598
43,819
161,521
135,909
4,169
183,795
174,966
41,603
169,837
89,342
199,770
128,408
159,775
56,57
132,536
138,221
128,834
176,33
113,613
188,597
186,71
178,689
154,803
186,11
107,131
49,702
170,665
22,355
190,289
58,792
79,301
160,81
145,847
126,318
117,4
164,560
74,555
191,407
125,128
29,721
113,773
198,163
76,625
136,647
81,849
150,387
62,263
52,433
96,851
186,879
13,994
158,257
27,428
37,647
179,799
178,791
101,988
117,183
69,12
130,622
98,168
144,681
127,59
22,912
183,253
37,868
26,382
102,435
115,64
17,694
159,79
131,477
31,476
29,8
69,805
86,733
157,587
154,163
184,912
12,488
21,932
133,888
156,564
172,23
39,177
21,249
27,569
150,664
102,34
81,36
49,941
80,395
28,889
163,93
122,244
76,93
124,921
181,263
23,286
105,856
89,373
77,336
22,826
47,982
64,881
53,957
88,373
151,77
107,813
194,309
191,635
23,358
168,421
104,199
7,707
51,392
52,239
132,422
184,316
131,410
86,20
14,458
76,269
54,334
46,921
82,868
167,2
17,581
23,424
94,237
102,266
119,21
101,667
112,629
110,865
161,799
174,492
125,520
161,102
54,272
17,317
88,154
71,971
71,561
111,282
198,598
17,702
81,222
89,940
7,585
5,685
68,202
90,753
194,78
134,284
11,971
97,961
54,613
40,616
183,264
164,750
104,373
26,799
53,149
117,88
13,36
77,634
168,597
27,887
45,440
197,977
200,287
193,242
133,272
194,484
183,27
188,625
144,101
148,821
41,663
5,372
13,953
156,98
99,880
55,245
146,693
189,965
39,675
63,838
101,131
82,597
57,138
142,439
93,502
192,805
31,114
178,884
156,173
182,301
147,762
28,144
131,788
191,932
198,217
1,906
7,438
45,892
62,777
137,116
132,217
168,638
44,275
94,119
107,506
147,92
127,461
103,126
175,733
147,448
3,504
159,830
22,98
121,145
157,972
39,243
59,969
181,335
145,126
64,750
54,371
53,85
96,254
91,443
43,729
194,557
118,737
36,736
80,363
179,849
163,23
198,280
184,952
178,29
148,260
27,273
115,682
128,93
194,853
110,564
43,545
171,625
138,178
20,550
167,132
75,293
99,561
42,833
25,410
50,385
34,613
125,5
55,536
111,874
165,292
165,888
179,984
169,655
165,450
60,145
184,167
56,928
36,981
36,259
41,877
111,205
116,892
143,743
55,403
132,765
21,163
88,258
27,301
88,140
134,797
125,964
139,287
123,356
157,8
72,265
120,290
179,93
114,435
80,220
70,276
20,4
89,470
151,307
171,750
9,396
177,330
47,774
90,223
46,593
64,648
33,275
77,856
69,679
138,773
60,285
187,384
31,591
151,378
82,942
2,772
141,668
179,619
116,495
82,945
68,506
35,735
140,804
31,762
83,685
116,29
110,434
46,355
183,1
27,723
110,962
45,192
7,308
50,676
115,455
32,266
157,887
74,562
122,169
73,531
65,599
34,440
30,357
45,948
133,893
194,702
174,244
2,331
193,436
141,137
187,53
144,876
13,521
45,22
186,486
165,515
2,609
129,527
47,176
10,595
34,365
46,642
30,5
166,721
152,281
197,148
51,651
89,696
67,503
145,84
55,51
187,161
126,887
200,595
34,602
149,12
43,323
23,24
4,815
173,936
43,174
123,613
144,947
35,865
93,858
119,586
147,849
132,922
135,254
86,808
157,708
190,684
65,951
55,173
111,809
9,238
46,861
44,307
13,565
2,877
167,480
122,658
9,13
60,493
198,547
27,503
28,806
89,51
98,556
84,152
76,391
4,519
131,913
144,816
150,379
148,166
173,52
139,335
30,969
92,87
200,192
36,662
131,427
99,986
12,23
147,598
160,736
117,990
177,297
148,288
29,106
200,453
29,383
150,920
16,241
104,303
129,738
126,255
121,129
179,353
158,690
170,796
6,773
28,150
81,617
148,437
130,286
134,707
53,276
195,235
179,139
145,954
176,705
114,554
170,437
161,503
20,344
80,963
169,882
48,829
188,842
146,707
196,919
87,690
159,946
153,778
83,823
125,84
149,310
113,688
168,509
14,46
120,91
154,832
22,760
165,722
191,944
13,238
94,194
57,412
58,925
90,640
39,118
161,956
121,184
52,273
3,981
87,772
162,89
96,329
137,986
185,954
140,662
112,431
64,838
29,675
167,279
171,227
139,478
15,385
29,66
88,312
38,879
30,116
179,535
195,513
159,826
87,627
66,612
182,916
30,639
38,743
182,396
84,688
149,344
31,488
53,239
101,670
100,434
79,562
31,286
58,91
56,808
116,923
68,24
196,763
1,717
24,581
140,60
30,846
28,5
105,254
143,169
47,281
70,241
41,394
89,792
68,989
146,843
188,322
21,683
132,623
161,673
129,124
165,594
125,513
168,680
85,880
84,67
116,613
29,355
73,894
62,411
149,572
11,914
165,920
55,277
94,617
183,263
137,979
153,210
8,999
73,632
70,51
135,48
156,900
18,35
2,427
151,334
103,628
139,96
155,549
180,222
49,957
49,88
102,482
151,983
195,173
100,819
99,295
5,781
180,244
182,50
115,356
1,345
145,839
148,581
7,672
111,285
6,529
30,62
97,459
29,59
148,108
114,639
97,379
26,19
84,620
42,850
7,554
98,337
56,742
128,297
149,279
91,708
92,730
137,201
153,193
22,538
94,889
188,446
99,751
184,341
66,906
145,988
63,262
119,979
131,109
38,788
106,530
141,527
188,128
2,481
161,945
162,760
143,895
97,722
161,688
62,181
16,83
154,476
11,644
56,24
126,643
199,538
31,476
190,434
33,256
184,177
84,344
136,558
30,87
166,759
184,855
160,666
30,170
189,451
119,429
26,904
93,872
25,559
8,461
129,881
69,319
33,270
100,480
112,802
180,816
5,63
66,891
169,966
36,824
89,623
114,903
106,324
128,95
48,347
66,306
90,559
78,817
113,582
171,818
91,90
153,401
17,261
147,875
158,19
18,850
169,721
68,29
178,900
151,980
6,343
78,954
166,308
80,877
147,433
44,665
191,946
96,149
29,432
90,253
142,925
158,468
199,974
190,223
150,1000
173,50
118,923
104,400
191,412
125,366
180,156
66,660
77,187
4,991
62,107
197,329
124,604
152,506
3,415
89,803
143,68
27,135
72,378
194,60
122,449
141,240
112,230
84,44
173,817
160,432
189,524
13,896
27,583
36,150
118,123
196,796
108,426
44,212
156,662
59,367
47,926
108,2
22,473
162,982
115,178
107,352
86,518
18,858
53,131
112,101
49,344
168,814
67,961
35,845
116,943
2,85
172,995
142,132
55,208
166,794
34,660
161,929
15,53
43,333
176,229
12,283
186,409
121,752
80,18
200,465
25,558
198,736
96,226
60,116
195,80
88,414
76,714
130,226
83,871
107,182
190,569
118,348
50,703
28,796
131,265
139,957
61,244
97,295
145,155
29,353
39,841
181,892
151,425
65,373
134,479
193,65
97,394
50,666
157,215
184,49
54,136
42,99
112,777
142,731
132,48
120,4
25,525
40,891
22,852
180,844
86,345
126,270
173,90
35,971
193,377
26,183
27,558
140,196
178,200
75,16
167,80
121,589
183,75
152,924
78,273
179,727
88,645
94,904
122,917
112,755
100,951
149,774
183,386
39,353
52,421
116,854
27,105
125,126
192,140
12,234
79,999
94,707
123,709
69,126
162,992
114,349
98,353
159,739
45,214
2,49
34,190
75,183
34,237
116,94
104,395
80,234
56,678
187,198
189,819
178,365
22,831
154,638
159,463
161,762
41,940
17,68
18,325
35,982
158,166
114,771
3,859
158,954
175,593
55,743
15,432
121,440
162,263
33,49
163,975
183,716
30,746
198,96
128,943
195,855
178,884
63,77
11,80
11,628
30,32
175,785
68,402
10,50
85,191
166,946
12,319
150,349
100,921
107,548
103,728
89,92
6,206
141,863
153,367
54,484
176,649
47,139
118,792
181,798
136,236
147,928
47,756
154,9
43,349
55,186
79,275
136,557
140,888
6,504
198,420
154,837
186,728
112,366
119,485
103,323
80,219
147,361
153,978
43,568
146,103
66,434
61,781
19,171
168,790
76,351
176,243
67,465
67,596
181,697
17,972
20,416
9,745
131,272
174,826
120,558
175,972
31,572
41,149
42,219
165,731
69,696
70,650
147,818
75,286
117,808
171,816
78,549
78,538
91,805
171,405
200,635
189,318
78,994
85,83
180,269
46,121
162,377
119,144
159,761
151,96
66,136
98,736
15,492
17,225
52,809
149,88
70,240
137,133
113,413
73,680
102,119
197,136
55,751
154,361
83,271
94,758
164,943
38,918
86,742
147,797
29,857
54,453
45,859
3,844
106,814
120,452
164,882
171,223
16,967
159,986
174,472
144,28
62,874
157,627
186,219
66,410
144,405
42,53
183,491
88,992
55,577
30,837
154,90
195,676
164,597
49,563
41,530
176,578
22,523
185,216
186,329
4,454
61,638
129,311
137,654
83,348
3,372
10,401
131,122
89,97
176,89
68,425
35,472
129,342
102,789
163,417
42,74
121,958
181,772
101,949
42,692
119,897
184,182
80,236
130,849
32,982
79,276
93,420
90,86
182,867
69,607
155,464
88,209
167,36
18,304
67,395
192,218
63,558
67,330
84,291
86,819
1,92
33,672
37,144
19,930
158,998
176,819
134,663
129,305
144,103
53,81
33,996
14,983
92,898
156,251
15,567
147,533
159,730
60,25
145,719
39,670
48,156
183,41
43,735
80,899
18,829
128,437
105,938
152,450
12,840
175,414
136,207
179,561
41,566
43,388
182,419
115,297
16,701
5,683
2,613
170,493
125,227
84,708
76,595
169,420
48,375
171,850
154,359
152,19
188,119
37,93
56,373
86,939
49,54
31,166
87,228
65,702
51,443
187,265
100,440
149,228
120,64
110,487
163,337
112,306
75,24
54,645
23,275
132,180
47,123
19,635
187,267
85,976
194,715
127,185
5,912
89,384
82,233
42,104
102,830
189,755
167,929
200,798
142,860
84,901
91,325
1,158
100,844
153,292
95,15
91,991
134,836
54,745
101,56
119,163
39,574
129,289
149,591
52,984
149,154
187,847
137,650
144,749
183,729
105,898
100,518
149,542
4,101
8,410
162,695
88,964
197,911
186,185
136,353
73,978
80,752
51,33
81,179
170,217
192,436
27,972
66,889
196,98
111,849
60,669
114,19
118,654
42,509
67,723
36,918
8,47
169,908
164,875
90,55
47,666
159,301
2,908
114,584
158,233
155,932
114,486
188,575
132,866
22,49
68,521
95,600
26,961
90,791
153,26
190,368
68,175
76,570
194,458
134,290
163,46
79,108
197,315
128,992
27,267
2,697
132,881
194,930
133,475
125,835
148,778
90,868
20,332
179,964
103,625
151,851
42,138
152,118
166,205
117,648
197,597
9,644
17,408
142,537
73,691
4,316
179,490
104,707
61,236
3,800
160,709
149,318
121,794
165,611
26,313
27,926
81,671
148,191
197,978
129,310
36,479
98,503
117,285
27,444
87,248
200,456
72,940
105,753
97,782
113,570
88,848
108,211
176,454
26,387
76,243
102,70
168,723
30,97
104,825
133,378
151,831
96,900
36,319
19,928
127,121
111,535
127,309
126,561
42,323
105,654
64,280
188,758
53,178
84,90
3,126
21,28
43,674
143,536
52,711
31,804
69,586
171,792
18,277
20,55
22,92
190,133
12,826
21,663
117,832
79,479
67,718
144,96
81,704
122,583
112,99
151,891
71,908
34,194
200,513
15,191
190,70
45,264
83,823
178,552
40,269
200,490
192,9
131,992
7,768
128,45
150,185
119,530
165,806
93,460
69,750
50,420
178,296
42,338
71,183
174,318
174,473
16,971
45,396
160,900
28,645
82,844
170,300
103,416
112,622
161,135
1,496
199,716
45,586
118,153
34,803
193,793
61,718
30,738
134,664
113,1000
7,521
106,965
178,247
54,848
78,774
188,284
90,237
150,451
93,896
12,563
45,584
168,21
177,206
132,737
83,399
180,878
153,514
12,980
36,571
78,286
1,956
40,462
133,205
108,709
34,675
97,566
184,930
71,633
76,112
176,897
174,903
76,828
118,614
15,271
74,467
84,84
89,241
126,649
156,171
103,916
164,19
195,442
6,918
139,789
34,256
175,530
38,12
175,17
4,699
163,177
153,484
138,9
108,654
124,749
142,143
161,275
109,322
162,322
52,5
157,151
39,186
44,124
33,527
141,106
103,639
6,210
82,840
138,839
56,793
45,735
39,234
43,507
37,231
79,266
36,275
19,921
197,903
101,871
15,529
55,570
135,957
165,684
21,261
194,557
150,664
153,278
139,961
172,171
172,169
55,703
50,130
46,515
187,309
109,773
102,123
155,598
146,456
21,47
131,725
25,785
131,410
51,151
29,246
165,233
115,960
193,710
82,733
175,876
46,83
200,267
89,678
92,846
78,264
115,135
40,490
8,732
14,895
68,529
157,941
175,653
159,505
68,791
66,170
45,674
88,629
175,881
116,206
9,224
126,260
132,881
94,664
14,538
55,803
113,860
69,867
57,149
188,52
193,927
14,410
169,5
166,801
141,253
1,655
117,500
63,978
112,765
171,391
124,779
94,978
130,365
149,532
114,927
125,978
24,745
188,934
189,325
120,861
60,232
60,341
57,514
55,511
197,994
151,990
10,189
64,547
186,953
192,607
75,801
173,58
84,448
153,749
75,696
118,389
196,108
157,173
119,962
190,908
135,123
40,761
174,924
12,473
156,648
103,159
72,554
10,901
148,817
158,362
41,164
68,673
35,773
117,336
110,119
116,734
63,920
115,155
14,81
122,872
187,710
6,66
29,457
83,654
85,341
178,401
117,471
76,492
64,378
29,45
108,465
184,311
77,267
178,620
156,810
131,578
11,805
182,503
32,718
103,500
161,504
133,918
190,729
132,54
61,19
43,294
193,590
35,225
173,693
187,2
3,574
55,230
78,124
137,492
31,799
82,724
81,809
176,19
51,632
161,199
15,796
59,522
3,195
193,379
69,211
27,847
64,452
189,226
28,155
183,585
95,816
178,30
199,278
142,921
132,642
188,559
28,790
158,555
128,719
94,579
145,474
59,142
178,182
165,598
35,896
124,538
10,637
152,147
134,241
180,679
148,865
139,406
54,896
148,97
162,40
108,183
8,284
110,851
118,576
107,933
51,930
11,787
57,556
17,873
100,593
18,936
147,773
66,559
101,492
11,479
167,389
179,628
138,768
105,868
66,280
71,601
17,123
140,360
21,44
28,352
68,685
43,451
200,996
45,331
86,910
118,235
4,755
27,517
192,48
135,507
35,346
129,309
45,875
58,17
34,166
165,750
122,950
47,497
177,929
96,163
30,704
89,863
44,499
200,983
187,995
171,151
62,71
31,718
69,227
74,70
187,396
99,982
60,556
41,428
119,450
194,375
150,450
34,477
113,478
29,670
147,522
180,282
105,28
91,194
180,948
78,976
101,941
188,340
164,929
113,294
195,770
16,629
98,812
138,238
67,708
166,547
112,801
161,610
130,502
25,438
178,298
194,411
41,629
33,579
24,782
128,492
193,198
100,787
5,334
62,775
153,3
140,932
17,88
4,24
9,494
180,483
139,243
30,857
133,852
41,751
105,209
123,655
65,73
151,553
125,696
191,49
54,934
47,191
82,58
188,528
23,640
51,237
160,691
39,165
122,997
67,665
75,895
95,272
169,711
90,744
73,788
73,935
124,970
42,455
133,936
127,727
154,857
45,298
73,817
113,837
174,747
176,471
20,467
80,25
105,948
101,572
100,461
146,790
148,764
67,129
2,698
198,385
31,224
121,440
156,998
137,890
43,196
116,385
22,842
144,135
82,738
155,878
53,934
8,558
127,531
198,506
145,30
154,72
46,513
20,181
22,966
42,920
104,223
81,818
183,807
143,115
94,445
123,77
9,178
100,176
44,727
84,775
189,105
156,205
50,325
108,134
198,520
74,298
59,499
173,188
139,189
129,261
8,742
26,888
43,364
179,136
15,45
68,252
48,48
145,72
139,161
129,781
167,121
40,299
124,937
159,407
169,429
111,934
170,478
132,212
7,198
25,502
44,612
191,273
13,630
157,222
122,359
21,219
125,426
175,548
67,544
29,311
189,669
27,731
153,754
98,507
145,630
26,570
75,833
84,70
160,158
1,521
185,279
160,768
110,359
64,809
132,345
24,929
146,269
11,383
104,553
75,772
175,356
163,826
149,868
55,711
65,56
26,49
119,373
45,562
116,725
156,633
122,169
36,885
87,484
187,675
181,329
13,132
45,345
158,255
184,832
31,678
41,908
196,190
122,173
96,276
74,694
200,584
94,952
81,641
4,254
175,14
116,591
82,559
34,339
65,801
110,481
113,153
61,634
97,453
171,497
134,196
145,12
114,328
21,417
52,557
2,411
110,186
104,773
124,637
77,14
156,712
149,857
10,471
54,478
185,140
44,633
186,115
128,400
71,546
4,223
103,71
74,650
171,789
92,311
65,26
174,736
47,610
21,935
157,371
98,341
5,682
84,766
134,288
144,308
19,655
70,585
46,828
33,551
58,858
84,731
103,35
182,137
35,858
152,240
92,925
17,84
170,500
198,308
131,650
104,194
107,637
63,948
139,753
12,359
138,260
101,987
9,486
2,677
68,235
87,687
179,108
125,384
156,197
21,449
42,433
17,902
9,555
173,844
68,335
102,206
166,79
194,906
65,458
175,606
102,107
197,184
108,344
13,541
138,729
156,620
125,369
86,518
82,200
122,605
154,683
123,552
131,860
21,437
183,430
132,651
12,639
104,338
20,108
148,563
193,918
130,567
115,293
165,311
181,487
50,811
47,86
122,656
116,522
196,331
76,326
119,293
123,946
175,474
6,407
11,534
198,654
88,756
87,566
185,520
172,196
80,554
96,883
107,291
193,967
185,238
43,875
120,723
94,316
22,998
19,744
83,437
94,154
122,465
14,936
22,953
165,353
99,166
100,411
194,639
145,551
21,553
15,842
95,129
116,828
151,154
7,47
143,334
66,408
61,837
27,433
185,780
198,285
183,949
105,41
103,999
176,412
163,317
145,798
52,883
42,245
125,343
85,712
138,216
132,534
52,744
58,233
168,92
68,596
64,667
40,367
74,524
84,954
148,703
43,514
162,179
191,9
101,440
112,330
54,265
128,626
115,939
179,788
23,36
146,22
6,156
138,956
22,1
11,21
53,918
43,766
108,409
105,870
24,478
144,14
131,735
131,845
104,816
66,316
178,640
181,595
18,401
37,977
127,712
125,797
106,354
1,152
188,624
196,303
196,166
91,64
195,88
40,137
147,120
93,980
52,378
52,468
84,600
41,1000
124,75
152,476
102,764
101,930
30,385
43,296
35,621
193,806
49,218
136,26
29,840
172,50
196,770
122,904
175,46
30,450
119,773
76,316
102,21
139,227
76,573
97,272
148,120
125,762
83,10
117,561
195,877
52,98
34,984
53,228
30,878
82,875
175,232
70,613
128,387
45,106
126,294
19,654
8,860
193,990
164,227
116,357
27,306
28,389
72,575
188,755
105,712
99,541
176,592
144,192
49,625
184,465
173,894
50,977
166,134
114,542
101,33
41,832
135,297
179,640
200,424
56,909
93,376
92,672
171,18
18,145
17,674
154,687
146,829
21,269
174,607
184,604
90,133
83,196
87,591
94,243
2,86
199,587
100,374
70,583
187,500
15,345
160,881
75,994
66,370
174,679
151,582
26,267
81,152
198,953
19,5
36,39
164,780
53,517
140,683
122,2
162,463
19,253
191,651
110,23
74,966
34,69
37,980
26,824
2,35
74,418
139,497
156,483
91,148
21,42
16,539
73,565
111,322
77,180
89,694
85,725
111,964
181,530
99,833
37,188
43,633
15,976
192,659
83,827
69,291
25,472
23,19
89,987
98,510
55,615
188,148
159,222
179,889
166,422
194,588
9,477
3,854
98,258
174,529
166,505
37,733
62,343
195,538
200,797
195,747
49,970
144,648
148,683
169,907
86,85
119,898
94,651
36,56
78,476
124,24
11,314
134,201
179,8
176,972
115,401
34,474
64,899
44,371
88,219
140,162
118,863
187,315
56,572
60,160
179,839
102,781
42,887
33,346
15,436
54,312
136,216
117,242
192,697
190,141
60,878
1,74
67,918
106,263
109,495
94,950
200,972
8,255
136,58
155,335
190,303
22,555
81,712
43,64
55,599
127,108
12,834
31,709
6,283
194,277
56,224
10,373
196,45
150,553
14,838
149,602
62,840
66,43
170,594
105,714
6,57
187,542
124,899
104,516
75,683
135,402
96,336
134,687
78,160
42,360
48,870
119,451
100,536
91,479
86,376
178,446
197,908
76,320
37,596
45,507
127,350
6,89
155,216
38,824
93,134
182,418
113,320
157,287
36,879
48,782
45,93
109,395
15,628
91,179
49,522
27,999
71,624
141,461
20,706
74,186
192,23
188,938
180,228
171,326
117,903
128,461
160,226
31,182
65,52
75,604
63,530
99,729
55,385
38,773
59,70
126,347
164,360
53,224
188,479
52,647
77,935
124,480
167,443
56,64
199,735
112,328
138,365
131,147
117,904
111,365
77,946
162,815
100,877
160,601
18,354
174,653
142,584
126,225
163,30
164,251
183,504
193,523
83,541
27,942
69,686
199,693
178,898
165,320
164,885
33,968
146,537
182,205
105,545
120,420
30,640
6,472
81,25
82,406
21,102
184,356
198,362
94,823
25,45
127,954
77,826
153,641
140,126
144,534
103,815
194,621
98,907
27,89
96,569
136,623
8,66
125,74
188,515
113,854
33,607
117,926
3,844
21,747
48,904
107,520
55,658
30,365
195,416
44,664
67,191
16,400
13,384
164,898
18,797
25,414
160,787
124,428
157,11
88,273
64,342
196,156
104,898
142,807
33,753
199,69
155,840
77,728
115,86
149,752
1,710
34,683
64,178
128,724
27,33
179,486
64,130
88,973
116,375
160,852
36,124
47,246
10,827
52,882
77,521
157,578
196,844
163,63
84,420
183,258
53,994
21,454
36,794
21,755
15,662
168,287
102,215
198,833
18,810
19,538
178,396
196,910
187,466
5,668
18,580
138,507
137,963
54,359
6,699
82,309
76,371
159,195
28,561
28,228
25,153
92,300
114,4
148,595
128,198
66,843
27,242
92,667
6,955
88,285
178,7
116,920
106,261
193,907
124,113
167,570
175,394
178,134
162,602
70,197
105,562
177,114
49,91
76,899
86,927
60,772
158,289
142,666
3,798
120,851
35,800
6,839
113,783
137,871
65,747
89,683
133,284
85,549
78,56
46,136
42,455
185,496
97,703
2,133
25,568
14,434
194,445
125,130
86,182
115,605
50,770
187,748
73,261
70,360
32,730
151,40
104,451
126,305
165,148
17,751
2,872
195,990
143,197
4,426
54,742
71,303
52,855
186,502
27,20
175,687
133,263
43,340
114,897
187,355
70,190
59,472
62,346
54,705
67,580
117,129
80,535
108,533
159,990
131,860
167,666
192,963
50,170
42,920
86,870
200,227
87,27
48,981
47,459
115,268
167,406
164,594
2,198
59,531
66,504
29,225
123,909
3,348
136,903
127,901
176,730
126,746
86,144
42,187
22,870
175,910
161,684
42,741
12,35
188,313
4,650
39,220
170,994
72,137
13,193
58,695
140,491
164,216
142,309
96,942
197,864
54,368
9,813
14,129
25,322
170,746
106,246
140,204
104,387
107,580
72,656
194,194
105,893
87,520
97,749
160,943
78,632
19,621
148,492
139,712
83,873
178,117
57,727
165,918
80,301
81,744
83,254
179,166
153,400
128,510
49,504
81,596
80,893
40,555
54,91
129,663
140,538
169,404
28,408
108,410
59,250
77,190
132,830
9,618
21,100
87,266
188,116
98,523
45,303
156,813
119,468
2,775
92,694
67,683
147,117
19,947
173,955
173,267
9,967
110,381
165,277
127,407
91,98
47,951
109,495
176,656
167,737
71,1000
153,913
5,470
92,823
58,357
26,206
132,255
67,959
94,424
43,842
145,222
57,310
171,616
84,433
85,112
86,710
137,158
40,722
55,867
14,609
77,499
103,38
88,582
110,459
105,758
94,687
196,444
22,172
70,579
141,700
56,236
199,944
77,265
25,320
98,498
149,864
99,596
188,757
199,210
131,602
39,381
173,169
158,104
74,659
153,230
122,979
55,772
87,655
167,674
41,628
13,532
58,87
195,752
21,719
101,705
169,528
108,459
177,271
68,798
115,537
112,854
135,939
116,205
34,4
118,65
137,89
25,414
158,260
65,858
30,680
141,147
101,771
155,511
172,85
130,733
196,479
176,59
183,117
88,234
185,586
143,690
119,275
6,360
193,279
20,592
17,597
196,600
150,307
184,909
179,617
137,649
82,673
32,867
32,938
124,296
44,400
21,319
34,146
114,318
8,304
92,84
43,855
43,537
175,337
129,580
165,796
56,666
118,31
144,119
13,762
61,354
116,700
71,230
23,570
146,120
10,31
80,662
150,952
46,262
103,38
195,124
39,556
161,368
67,684
168,584
148,744
164,469
46,410
199,893
59,103
167,343
14,525
19,9
142,446
112,453
14,275
174,793
34,756
149,368
176,460
154,19
55,330
72,687
12,851
100,278
39,764
168,541
41,228
93,583
129,287
137,515
125,408
160,679
21,551
184,820
108,290
196,974
133,711
73,78
45,83
39,244
73,584
98,36
90,617
165,210
194,512
11,723
101,150
119,147
58,343
36,401
70,730
54,391
23,114
63,867
133,815
137,486
15,725
83,481
27,917
111,166
159,520
72,510
188,383
78,516
127,988
12,757
14,583
111,262
106,121
69,385
147,625
72,527
63,825
132,892
162,361
104,740
12,126
112,826
109,516
87,568
195,424
117,804
113,540
155,341
60,751
36,315
159,462
197,345
56,628
54,43
59,657
101,955
20,896
157,585
145,214
33,388
188,23
64,804
139,948
177,758
102,115
162,381
185,449
165,813
74,136
190,194
101,548
52,461
189,538
3,691
56,463
21,479
19,564
111,330
138,902
140,22
117,292
104,802
30,707
38,41
65,857
106,346
78,335
97,326
112,400
57,707
99,768
193,215
101,200
181,566
171,774
30,214
159,147
169,831
36,906
46,216
15,928
73,992
194,188
25,59
60,504
153,768
147,563
48,926
8,310
165,551
115,577
184,755
56,511
186,48
194,95
45,238
52,344
198,459
180,583
191,223
190,507
162,483
182,755
89,612
2,83
46,615
34,604
175,636
34,634
40,910
7,70
60,215
114,15
191,293
83,905
122,904
69,731
2,678
142,911
83,51
186,960
121,723
76,617
164,81
21,232
155,160
138,138
51,895
106,594
109,767
80,639
62,560
38,792
111,575
58,90
62,562
4,705
5,732
176,224
64,576
51,851
61,940
112,768
117,766
197,854
51,967
180,415
18,307
185,965
16,291
128,690
106,79
156,296
94,911
108,90
172,738
82,549
28,518
29,661
20,12
102,717
157,617
74,678
39,818
149,189
43,954
61,66
191,636
126,762
130,594
183,934
88,731
174,536
149,216
165,666
38,43
17,929
10,697
144,614
133,705
20,941
2,493
41,236
38,745
37,670
173,939
128,308
190,451
133,243
9,93
160,912
195,317
69,127
2,522
138,209
79,780
69,257
39,348
64,498
75,142
69,613
195,308
24,827
127,514
85,563
68,487
192,512
12,160
56,598
34,520
172,656
49,84
15,618
17,384
113,935
18,612
24,11
75,657
62,757
152,456
197,592
181,830
45,951
62,993
80,922
24,29
172,766
40,871
78,148
90,48
83,622
176,400
53,109
15,939
97,781
41,434
144,301
73,918
17,969
141,480
120,807
111,854
173,944
139,626
107,90
177,481
110,649
137,449
180,192
145,981
107,129
186,890
6,309
44,787
151,505
94,813
182,560
161,91
15,972
24,706
80,65
13,740
8,540
187,971
39,353
152,651
46,217
13,397
89,100
30,491
106,571
42,866
84,918
31,328
39,914
130,527
7,44
80,624
107,965
7,844
94,281
108,578
7,383
12,519
77,659
165,601
190,343
169,90
122,767
4,937
67,129
13,778
73,491
54,860
6,912
135,849
113,573
140,842
113,340
33,396
58,165
43,893
192,535
66,303
30,239
60,696
50,330
142,668
14,883
45,700
19,62
56,492
192,489
4,29
37,245
55,326
139,143
51,339
7,448
45,480
80,686
22,760
95,485
14,916
131,962
136,207
43,520
101,874
10,271
25,390
26,320
58,350
72,226
183,312
150,932
29,733
193,664
181,516
147,155
79,845
89,681
81,464
187,294
167,431
161,303
186,239
51,237
15,279
5,223
12,683
171,863
180,348
141,797
21,513
31,369
170,526
90,242
88,4
111,129
155,156
93,974
138,680
9,752
192,611
153,283
157,65
146,671
197,258
199,246
114,958
51,244
55,69
46,834
158,893
53,714
136,391
190,881
91,345
104,795
142,350
169,61
41,913
36,10
164,545
5,384
49,558
181,305
194,508
173,692
148,897
179,157
116,609
95,67
55,880
48,979
200,761
72,406
84,78
140,194
175,379
153,102
66,446
30,645
43,46
30,748
68,42
187,465
151,927
130,952
58,282
5,6
116,842
114,808
20,821
176,668
108,647
16,103
189,32
144,743
188,226
199,113
113,825
62,317
156,744
145,441
52,180
25,377
93,227
167,780
62,871
158,806
119,885
83,207
27,507
84,135
140,385
26,815
48,958
170,163
66,24
165,687
13,34
35,321
147,203
127,860
182,343
139,86
137,234
88,40
164,47
48,149
144,485
192,274
4,1000
172,544
152,503
96,661
125,721
133,740
67,891
35,938
59,355
21,644
144,960
173,39
182,855
41,824
112,319
47,114
163,309
150,143
137,727
131,305
19,397
185,239
182,286
74,503
120,666
152,953
48,497
165,637
107,627
191,872
51,633
172,880
39,6
89,378
21,856
94,759
167,477
2,810
65,833
91,889
184,194
189,758
60,12
75,225
65,639
70,569
29,371
146,576
131,850
37,708
100,529
121,300
75,226
62,690
127,929
53,115
68,646
3,147
156,22
59,21
13,559
28,810
176,816
2,228
156,93
18,119
165,307
4,504
89,383
147,480
138,812
112,173
19,873
107,929
56,259
130,313
190,754
74,240
16,342
55,309
67,954
193,650
123,996
87,914
91,22
132,152
59,568
38,541
163,547
143,100
101,83
60,971
118,669
22,596
84,701
132,549
198,30
126,232
37,932
125,125
79,390
58,358
88,302
37,547
79,446
134,837
107,220
195,934
162,732
199,848
140,455
46,54
54,981
43,205
135,229
196,159
193,130
124,63
80,625
67,245
36,489
178,300
8,164
98,362
88,563
83,632
47,269
94,574
13,170
61,739
187,254
31,30
130,102
130,363
166,287
185,550
187,25
84,765
175,806
24,260
61,676
133,535
182,181
122,231
125,652
199,857
69,926
149,48
151,587
67,673
72,510
24,547
165,796
17,740
52,847
37,304
195,40
105,154
19,740
73,993
105,98
60,222
90,267
113,194
186,254
121,61
44,884
197,330
83,356
194,842
193,707
101,196
75,646
141,123
68,118
166,362
119,466
171,114
143,58
192,461
65,579
35,148
193,678
166,952
49,634
110,425
93,140
137,650
94,720
27,655
67,109
152,1
132,776
47,786
115,285
82,674
116,282
96,422
90,878
149,667
193,619
39,381
5,500
110,892
49,233
122,852
177,818
60,426
74,868
199,207
96,774
60,508
29,186
26,300
101,250
14,512
16,665
15,623
85,544
53,826
6,264
44,790
193,907
139,946
101,223
39,246
17,51
46,414
92,705
82,966
128,289
123,271
175,299
155,205
102,403
126,234
84,969
37,102
103,17
134,254
77,48
43,934
130,607
117,825
72,800
1,633
55,784
176,600
53,273
157,708
177,401
72,487
154,960
51,373
57,636
182,829
87,889
100,168
27,760
84,299
39,722
107,137
106,466
21,978
135,552
155,848
165,914
41,953
105,753
123,63
23,214
111,67
150,95
106,397
113,225
48,812
37,124
180,755
165,469
167,789
115,358
151,284
18,306
68,499
123,755
46,25
197,287
88,231
58,998
114,749
100,603
117,613
26,713
112,141
118,409
39,812
70,251
148,420
169,928
13,772
103,227
10,40
120,604
136,971
45,213
182,222
164,790
187,569
149,897
20,486
129,503
194,210
171,643
94,885
108,227
160,190
20,112
129,973
117,568
193,106
190,394
37,393
165,991
147,539
123,449
57,337
190,689
30,951
13,362
176,816
164,640
119,218
77,308
200,922
106,536
88,825
1,38
159,302
115,632
174,268
117,776
171,782
152,168
150,240
166,409
199,957
167,102
100,876
106,886
40,930
188,720
157,968
11,558
114,588
34,584
101,553
99,238
166,826
110,750
191,502
116,848
110,237
160,385
99,236
96,132
122,245
104,12
5,810
116,370
95,12
66,10
167,573
71,117
182,201
131,237
200,513
147,53
26,68
118,325
39,813
140,662
34,5
165,481
153,13
128,495
165,943
149,673
129,744
186,550
175,412
32,939
133,179
96,425
181,71
107,437
67,42
44,566
165,4
34,912
144,27
38,175
46,696
78,302
100,444
22,996
179,424
84,95
122,716
93,576
111,408
105,188
104,364
128,834
14,306
56,558
136,206
51,773
147,180
51,993
173,748
134,272
7,638
148,729
31,192
199,405
154,80
117,415
197,261
148,572
94,459
114,999
76,172
114,215
81,582
142,978
68,975
15,696
175,697
117,27
185,833
83,308
120,159
13,771
159,137
111,275
100,705
84,826
37,602
106,471
184,609
65,924
121,114
129,619
20,719
110,420
139,45
126,238
183,118
186,968
12,30
21,940
115,583
121,482
103,393
172,48
14,184
41,15
7,664
64,706
180,441
79,792
34,223
131,171
35,255
88,328
47,145
8,617
80,104
43,267
87,671
181,412
48,649
161,112
38,759
6,174
93,265
166,841
7,591
65,109
21,906
49,583
104,342
67,357
41,338
178,321
25,456
199,399
82,426
184,629
144,226
108,311
155,963
83,27
154,671
46,418
38,524
158,829
124,380
174,997
126,157
16,992
187,680
186,197
183,921
26,294
178,202
3,416
26,307
61,832
46,523
129,970
94,964
136,592
160,297
116,41
154,675
150,833
6,425
154,590
187,760
141,117
142,580
33,229
121,74
16,265
78,593
16,507
25,673
27,229
169,433
65,435
139,980
158,56
99,728
137,921
136,479
132,322
138,951
7,194
154,103
37,660
118,816
124,633
10,345
49,985
172,555
191,512
86,78
185,710
130,712
160,350
55,748
195,258
47,858
148,463
165,975
14,236
146,762
119,750
195,805
127,208
60,966
132,4
8,259
24,263
171,977
50,169
168,930
199,711
107,747
176,661
157,909
80,651
78,127
3,843
68,785
35,966
53,834
37,955
4,35
179,892
175,565
100,374
140,385
45,714
178,195
58,266
144,498
135,69
158,235
77,880
43,919
24,66
73,449
166,290
102,480
81,879
125,225
44,719
82,87
182,644
65,112
86,904
108,72
117,952
49,886
23,182
72,232
39,119
187,596
118,587
40,259
122,830
179,718
103,117
119,281
13,234
84,652
183,210
182,39
11,788
86,932
99,534
70,127
115,160
126,216
70,58
101,579
126,830
85,270
30,233
199,187
99,199
184,727
2,935
172,958
27,824
82,951
15,933
142,970
165,772
149,135
34,629
130,207
12,605
39,149
20,784
58,212
119,32
65,684
83,807
180,43
56,664
132,420
5,509
43,635
77,199
9,421
36,516
118,193
198,281
86,127
36,588
95,847
30,630
114,691
176,150
138,750
86,342
139,393
128,640
185,248
31,389
11,661
40,485
132,436
51,993
187,735
76,548
113,835
108,797
93,737
101,937
191,98
35,543
15,957
105,621
90,953
82,804
199,162
32,108
10,714
153,778
85,218
21,408
29,343
98,829
101,484
184,567
176,346
158,455
194,108
55,275
19,117
34,623
38,648
138,702
134,69
3,277
44,872
55,565
162,687
84,642
47,260
116,635
103,328
177,855
92,297
91,45
129,332
83,268
139,531
86,616
132,877
162,793
178,880
12,397
147,52
79,247
149,804
141,487
132,541
139,984
156,593
148,296
160,656
140,888
78,786
72,866
1,406
10,150
100,594
194,954
9,585
163,375
153,315
13,354
174,660
34,108
145,540
147,633
5,192
1,815
198,509
120,511
50,53
137,979
129,901
24,338
59,21
42,993
149,226
53,208
100,817
120,460
16,354
37,578
127,593
35,362
60,554
79,104
181,797
37,960
179,460
151,648
27,807
58,147
96,226
64,144
180,367
134,776
144,522
67,790
166,800
177,18
78,777
21,433
45,498
71,182
36,100
33,688
29,91
191,861
196,856
84,309
167,279
80,663
132,771
90,16
38,694
77,775
105,715
19,19
174,708
19,399
137,96
1,507
27,253
124,497
174,595
191,502
60,16
159,650
162,343
25,723
78,650
101,11
115,195
127,177
15,316
11,250
163,183
173,808
77,10
73,311
6,106
41,78
114,570
88,978
109,986
182,656
53,922
168,775
80,205
103,72
71,346
94,844
9,87
41,615
5,258
62,85
41,542
112,550
109,439
118,450
89,393
76,409
157,991
129,791
172,207
98,248
53,782
39,36
146,290
134,762
25,417
130,860
91,196
22,906
150,921
149,676
153,2
177,538
121,970
9,69
194,312
98,116
132,481
15,803
161,723
42,488
179,842
59,912
160,133
69,819
100,473
138,800
60,92
79,993
177,802
100,287
41,342
198,30
131,830
133,752
45,244
37,793
68,648
51,640
106,855
147,443
161,740
79,998
184,688
115,695
126,219
39,256
126,161
66,886
152,731
184,169
155,170
167,89
64,237
36,314
2,949
101,74
133,413
176,630
166,296
104,21
92,406
151,833
39,934
115,259
95,28
94,739
180,417
159,368
171,537
43,392
22,929
110,755
150,98
52,284
57,644
195,535
173,771
19,160
196,348
144,954
13,190
82,886
101,174
22,614
114,277
122,447
13,307
188,305
15,305
38,273
28,296
38,710
174,427
81,385
40,433
19,892
102,57
66,414
77,253
7,900
185,28
113,165
79,475
101,915
100,996
177,11
92,794
184,224
19,861
56,632
181,493
194,542
54,474
73,490
97,389
185,618
58,505
121,746
124,933
48,313
198,764
46,917
66,173
124,523
80,802
178,74
46,867
138,684
126,656
106,789
28,137
194,754
130,149
110,999
28,164
72,855
183,598
157,888
142,473
115,624
146,615
74,675
130,76
150,320
178,875
10,417
181,565
32,182
118,356
103,987
24,741
3,302
10,573
109,484
49,147
83,811
134,960
101,516
69,534
19,31
97,872
41,283
118,77
100,356
101,631
50,645
194,716
138,757
108,914
82,72
47,27
87,270
29,364
33,515
7,747
124,514
108,902
193,307
119,785
124,8
30,431
149,385
36,942
5,907
191,155
170,246
50,390
33,504
8,410
96,787
63,690
144,74
54,832
121,554
152,339
100,707
36,960
52,336
76,884
58,375
167,954
18,167
151,20
80,369
140,819
145,832
107,225
182,565
91,860
155,951
94,142
75,837
13,348
11,59
72,848
81,808
23,765
6,751
103,659
98,783
105,13
96,570
132,46
149,324
146,161
165,268
55,594
164,982
168,516
22,345
135,642
131,253
42,159
96,847
126,58
44,114
28,422
139,767
100,413
171,838
12,165
138,624
171,963
180,187
135,900
24,264
158,519
156,404
90,910
112,881
169,604
170,874
25,847
183,494
142,114
196,958
94,265
173,769
142,716
49,990
99,823
23,759
200,71
81,248
143,226
57,972
97,398
196,655
198,313
73,605
51,290
120,718
73,235
14,239
76,659
37,441
120,561
192,796
69,832
88,821
102,445
188,992
17,112
197,337
90,409
144,661
20,916
105,943
1,611
99,315
172,59
95,450
131,506
110,428
8,781
198,750
20,483
140,162
174,973
160,391
25,887
73,767
161,483
59,18
116,300
139,737
8,154
117,613
128,749
183,717
35,968
128,208
4,115
151,920
158,438
160,809
150,313
102,861
96,815
40,109
122,300
96,669
101,322
143,596
178,560
138,273
51,823
142,434
144,303
78,863
58,706
143,24
171,402
134,281
28,846
78,383
120,913
148,363
89,971
189,832
185,818
117,202
142,886
17,351
163,435
184,463
148,962
153,481
165,135
136,83
89,953
109,86
49,665
6,129
161,233
42,802
124,894
104,221
153,917
24,404
183,647
199,635
73,798
155,512
53,996
198,842
148,462
101,536
119,697
178,393
94,598
105,303
128,112
137,810
21,691
124,365
59,273
10,595
111,111
163,589
164,633
113,791
162,859
89,117
23,823
125,324
108,974
56,842
73,841
72,60
106,52
40,121
9,603
26,908
99,833
47,444
158,426
159,985
108,946
123,167
198,795
117,808
130,714
62,220
45,830
46,389
54,999
126,205
17,579
106,816
133,179
78,199
108,596
129,969
19,773
33,909
12,46
111,485
143,705
158,460
41,433
118,124
95,989
109,599
23,654
78,742
183,480
4,75
41,634
140,217
173,787
151,767
197,262
176,366
75,81
98,283
99,28
125,703
28,360
11,2
111,656
178,695
101,356
43,562
85,927
52,52
9,267
84,384
121,712
168,522
103,547
86,634
47,154
39,883
33,887
190,1000
14,19
197,395
89,739
174,639
123,663
116,314
165,119
77,279
35,654
15,85
130,675
1,216
74,969
37,2
184,388
188,953
141,479
45,70
128,29
72,855
186,440
107,538
121,658
8,983
170,823
184,913
172,572
31,819
126,626
100,146
32,83
112,496
28,151
61,42
68,399
179,352
130,232
102,826
94,619
156,553
1,766
191,691
162,740
25,417
172,426
92,559
176,105
58,433
105,720
42,172
195,983
40,983
10,557
97,885
17,702
8,143
26,244
6,727
179,373
7,895
147,949
98,851
61,617
147,267
125,564
50,915
76,543
141,74
178,273
102,7
194,689
193,572
38,267
179,455
78,16
190,480
146,708
78,948
54,319
80,292
29,687
120,843
95,386
110,869
99,92
154,408
48,90
57,175
61,598
47,636
96,11
30,939
173,975
151,495
99,85
11,783
50,138
27,402
87,872
129,724
2,997
143,471
39,388
172,488
174,35
178,340
169,78
187,118
159,230
135,549
55,953
174,64
155,19
70,350
161,523
23,405
171,916
121,858
48,616
22,616
63,11
70,133
200,34
23,982
144,375
150,63
198,359
41,490
59,114
21,784
141,450
101,360
106,504
48,191
71,111
41,523
100,947
86,746
7,717
64,984
133,320
32,56
25,962
174,581
91,825
149,619
161,729
48,164
47,271
150,183
177,897
70,261
68,29
184,761
103,443
22,873
89,588
162,182
178,132
35,54
152,503
99,718
173,285
139,396
17,565
49,767
144,173
90,823
87,706
151,122
76,225
46,825
20,815
30,726
124,175
72,359
97,754
16,799
89,79
132,180
15,540
164,40
142,424
30,828
116,963
132,3
135,507
29,205
88,230
133,736
79,453
51,154
68,159
16,911
177,367
119,61
192,229
111,373
146,785
96,595
48,324
123,27
127,746
48,809
123,863
168,761
148,161
154,2
180,269
182,441
191,590
191,631
138,775
19,919
18,746
113,147
22,666
59,492
14,186
180,442
186,74
99,501
24,396
177,487
47,837
128,55
39,149
188,300
21,39
43,428
42,100
5,548
53,14
141,212
48,20
196,804
149,89
78,727
58,653
32,858
148,244
138,828
66,864
18,801
85,821
64,93
174,71
181,903
133,609
43,236
14,494
60,82
59,603
119,147
146,554
133,484
46,542
116,953
119,75
54,937
192,42
78,145
60,520
121,687
103,517
6,760
151,8
4,760
124,833
173,757
118,632
110,289
41,736
118,898
117,755
9,621
119,543
95,153
96,252
197,602
159,68
49,938
135,331
79,972
18,232
32,883
184,472
161,665
67,257
138,689
165,344
179,125
150,368
65,288
44,688
58,211
67,262
11,180
96,735
143,669
130,977
93,812
85,937
17,10
135,538
156,156
163,836
27,455
25,2
134,681
116,281
138,333
63,83
87,617
162,805
192,610
111,295
173,844
102,715
3,573
191,460
175,138
87,257
128,885
127,997
128,339
61,969
131,777
141,122
191,461
112,550
58,378
49,133
71,483
135,82
184,115
3,868
170,959
31,813
110,155
30,998
156,533
146,892
123,262
200,292
108,595
197,207
24,430
144,710
23,826
179,354
174,692
19,398
74,631
30,731
158,20
127,49
162,278
72,350
30,614
177,386
74,852
148,894
47,245
192,26
98,712
109,67
158,15
30,491
168,279
133,982
76,168
82,166
69,879
105,864
119,123
154,224
16,392
183,936
167,821
76,845
125,935
51,705
149,26
198,542
123,362
50,349
137,670
145,574
53,166
186,280
54,338
171,617
186,846
93,938
30,242
49,232
18,925
184,956
105,761
153,382
69,202
35,251
47,283
107,581
57,360
92,127
108,632
128,565
133,812
50,673
128,832
122,494
41,779
14,316
59,947
145,510
31,515
132,562
174,280
37,477
29,756
97,742
160,436
81,427
73,952
91,369
188,224
154,880
42,534
67,19
53,968
69,499
111,958
154,412
77,759
95,711
69,953
79,1
107,403
133,979
153,606
187,308
39,349
56,166
132,194
102,596
60,6
161,972
142,31
19,101
166,685
139,502
45,117
167,195
146,557
187,194
187,18
43,37
178,30
91,990
110,643
166,350
115,908
43,682
52,550
110,684
32,418
188,49
20,559
110,72
149,111
63,966
197,746
194,978
111,694
70,1000
16,707
106,607
86,969
139,33
93,763
20,525
80,48
76,660
127,931
125,248
91,37
61,827
31,525
136,310
151,472
76,66
100,230
47,169
135,321
91,417
58,842
59,433
105,846
170,6
48,229
86,151
187,807
24,510
162,588
169,138
28,121
143,179
137,588
18,254
8,833
180,331
19,21
40,465
22,626
5,361
165,534
23,272
118,889
161,589
108,684
14,726
86,387
36,250
56,37
152,262
118,591
190,935
182,990
116,414
132,540
87,744
69,203
67,811
165,395
71,333
130,160
157,332
67,413
53,990
123,213
64,225
3,43
58,747
2,279
117,102
98,684
104,832
39,242
73,668
46,375
64,763
166,852
12,124
33,649
135,827
162,824
23,608
74,13
193,4
28,92
35,602
89,138
14,500
170,740
129,105
138,507
188,673
75,101
78,396
90,427
107,667
61,462
12,506
10,647
67,786
177,242
164,676
122,200
196,948
117,721
95,84
66,242
96,984
62,881
83,360
190,270
110,759
43,130
40,698
138,906
182,308
118,782
104,397
10,58
157,499
79,802
199,592
1,590
24,662
40,390
28,622
58,383
143,101
95,104
77,99
140,806
95,638
77,59
15,319
131,620
103,344
112,8
142,257
99,577
95,278
172,279
153,880
81,928
97,763
180,927
145,845
120,981
119,370
95,439
196,69
42,252
75,18
12,84
194,715
84,137
46,628
7,904
76,26
162,92
92,27
124,441
43,608
184,830
70,175
6,101
38,764
28,471
35,796
48,44
152,308
57,262
45,192
7,531
36,305
22,690
154,561
168,369
119,467
187,525
122,217
74,114
172,733
62,984
115,153
54,41
184,720
117,232
81,505
26,653
55,400
189,71
129,456
120,261
148,510
132,932
152,369
54,762
175,373
42,329
137,327
64,829
82,332
163,755
159,585
88,123
81,277
27,993
75,255
108,952
14,296
62,561
127,131
74,241
1,554
132,302
143,775
104,749
9,437
68,666
31,951
77,308
189,158
93,765
177,52
146,888
174,391
149,197
64,800
128,340
180,498
147,700
13,104
84,980
92,981
5,542
140,2
110,207
147,348
134,296
86,279
89,7
161,329
181,677
166,186
155,399
89,245
124,48
66,486
106,743
129,908
16,623
142,363
102,562
61,932
81,56
91,101
135,243
71,316
8,187
118,372
93,269
163,503
174,55
32,934
71,182
151,348
6,247
162,207
110,590
63,390
140,231
77,37
40,898
27,127
8,276
89,306
193,585
134,43
161,642
200,647
74,399
7,405
93,193
79,650
149,219
6,636
109,421
112,934
51,318
155,128
107,385
14,383
191,331
127,461
49,871
185,589
11,268
92,345
164,303
50,427
48,825
57,198
21,615
161,803
55,76
179,160
176,77
184,48
143,128
31,699
11,223
139,501
121,196
187,991
141,27
9,970
115,759
128,802
144,616
133,97
147,708
104,566
199,946
116,940
3,711
107,883
99,965
111,522
170,520
77,954
52,843
51,961
23,444
83,34
153,556
55,231
137,68
170,185
126,144
76,621
192,46
28,866
69,56
93,313
52,611
59,287
97,987
160,530
154,534
68,490
169,252
132,897
73,255
152,325
55,878
125,183
95,739
133,13
24,839
87,790
60,683
95,534
73,585
106,157
5,37
53,187
58,37
42,12
29,935
185,623
35,389
169,549
103,62
29,503
59,520
91,332
177,373
94,363
13,354
25,641
140,95
181,955
120,869
174,948
97,959
24,309
41,396
108,142
76,314
59,422
127,489
196,724
1,848
66,645
197,716
23,89
5,514
11,55
162,909
46,660
101,915
71,633
27,208
83,673
151,489
67,866
135,607
92,967
104,273
36,381
39,504
87,763
55,93
114,501
194,599
18,7
93,795
60,453
45,367
105,353
99,230
54,509
51,979
66,197
79,560
142,623
19,633
16,26
195,852
193,32
7,173
65,182
6,936
19,823
34,461
119,385
8,399
102,902
35,383
172,597
95,1000
195,483
140,484
76,306
29,100
34,750
129,319
129,294
45,96
124,997
189,180
125,260
197,922
162,153
20,727
160,263
15,676
190,908
74,881
122,571
186,577
172,89
52,443
123,114
112,72
162,428
135,997
76,778
151,685
129,644
192,923
146,614
165,78
163,157
99,894
61,707
136,705
33,463
153,316
23,314
90,661
89,4
152,477
62,895
196,217
51,914
12,618
134,489
12,228
132,166
181,281
44,933
152,560
93,768
40,509
16,300
158,457
161,682
60,285
79,932
79,967
100,901
54,826
169,302
99,268
124,264
146,444
87,582
32,256
26,86
4,73
200,382
33,858
43,737
19,885
161,544
24,360
194,599
91,961
139,546
19,168
51,436
187,575
135,422
99,34
131,673
142,178
60,152
61,962
96,104
19,253
169,600
85,728
43,177
83,738
68,590
175,815
74,371
116,20
54,82
121,412
140,675
27,58
23,775
168,220
41,285
121,56
124,193
15,524
26,300
21,285
47,972
58,450
92,449
71,726
88,697
71,851
195,384
167,126
114,778
60,776
165,199
2,69
105,347
179,269
130,467
101,378
115,544
24,982
96,755
145,76
108,401
91,344
163,689
24,810
113,149
143,397
65,158
20,787
56,445
14,913
30,492
24,312
124,934
41,902
45,836
173,129
156,986
177,819
73,339
52,969
26,578
104,724
82,84
99,289
75,900
26,561
170,16
86,275
3,29
133,333
186,231
133,754
4,681
170,620
70,788
41,20
200,897
120,780
158,408
178,110
179,629
152,39
162,631
119,606
139,813
152,437
85,757
148,713
21,232
26,108
143,906
128,23
170,946
134,471
133,759
20,342
115,931
67,711
150,953
175,124
109,868
125,69
109,903
83,444
121,51
173,590
135,921
111,441
127,832
140,548
85,122
188,436
141,183
6,207
143,954
95,150
168,529
94,480
157,307
16,68
87,971
74,956
180,86
171,377
5,409
132,804
150,571
88,92
28,557
142,657
24,83
98,695
197,868
126,865
137,502
52,279
131,57
144,794
83,120
179,259
158,917
104,886
106,464
96,470
169,103
179,975
98,586
82,298
7,144
50,97
52,780
188,295
48,703
99,574
51,628
168,798
172,392
151,634
89,473
25,989
57,833
163,650
157,839
91,476
6,47
28,433
141,300
89,68
161,150
44,750
70,906
162,965
16,179
57,532
195,456
138,629
174,979
49,46
52,551
30,924
76,749
120,402
14,282
1,588
102,896
179,898
48,756
109,148
145,985
42,155
90,800
146,803
183,366
52,453
110,173
31,878
2,742
145,563
93,205
47,733
114,133
113,822
35,817
11,443
102,475
95,994
71,902
149,664
4,373
148,510
55,987
5,247
117,332
171,248
121,794
66,384
177,920
16,971
130,787
181,529
53,5
184,411
144,841
36,578
67,529
32,876
114,946
14,285
149,706
108,500
39,598
77,139
115,738
159,784
22,932
150,960
18,440
55,463
178,631
134,800
8,37
69,774
115,150
1,171
178,747
136,960
138,571
182,173
55,593
114,577
125,3
197,575
113,488
10,883
18,324
171,173
191,308
176,178
69,291
64,90
12,946
33,636
147,223
37,97
6,917
55,414
121,669
68,837
10,37
151,189
187,349
199,683
188,270
38,509
7,813
151,528
56,111
178,884
132,875
32,967
140,63
61,796
72,193
8,937
117,108
78,843
139,802
141,658
56,903
11,955
85,765
79,354
7,809
141,136
127,653
92,703
154,558
182,407
133,378
142,100
153,983
127,287
130,565
175,719
77,427
168,450
67,560
40,175
49,176
138,409
66,170
86,9
78,418
72,983
119,96
179,864
189,718
125,300
36,397
93,835
140,558
77,937
14,991
105,446
22,935
39,277
89,27
22,72
111,685
10,830
26,161
164,277
181,871
30,854
142,108
26,708
105,55
117,407
46,758
26,24
150,961
103,626
167,935
185,167
105,752
47,95
97,575
70,481
47,749
5,161
13,389
50,72
80,70
9,941
152,134
72,264
55,187
150,366
192,925
77,5
171,353
112,880
136,719
100,293
38,973
147,828
101,763
32,725
126,178
197,284
195,469
36,824
126,692
54,70
135,883
143,584
126,38
112,937
13,317
69,399
37,18
54,454
73,954
74,750
91,487
19,591
160,79
171,447
175,489
52,289
179,152
161,76
66,149
24,102
72,26
119,672
143,792
20,885
60,989
112,680
98,842
80,612
34,846
152,11
127,59
50,531
57,870
145,299
45,474
30,871
192,226
187,272
37,305
126,59
107,684
77,682
172,583
35,132
33,323
178,456
195,100
108,742
75,51
8,287
129,928
181,586
93,843
42,270
31,273
57,653
72,806
181,732
178,373
110,316
105,939
102,224
155,493
21,834
129,44
24,143
188,943
12,395
54,247
91,957
127,366
163,593
157,730
123,635
70,612
120,324
104,472
92,429
72,388
169,433
127,387
102,958
113,824
66,988
148,732
24,226
78,720
131,106
101,939
150,783
186,979
72,932
4,218
43,309
200,146
42,114
109,719
66,761
91,205
180,140
174,291
185,294
177,650
35,123
79,409
25,14
5,291
147,527
50,323
159,44
14,343
129,103
196,633
144,197
109,375
20,782
75,410
149,59
83,610
171,88
138,929
59,493
106,362
53,635
118,591
193,34
10,329
118,552
56,784
66,94
5,556
13,510
92,37
152,340
16,674
55,332
70,925
96,115
54,933
111,282
10,129
186,716
156,912
77,180
187,153
177,838
12,682
174,575
86,600
83,3
49,811
26,149
194,715
25,369
87,933
147,366
148,629
190,378
147,794
45,935
69,72
156,712
113,114
111,401
87,331
56,389
12,121
140,89
28,662
121,786
1,210
34,562
12,687
64,155
178,364
52,551
52,407
19,898
74,274
179,726
160,125
121,594
40,843
19,671
108,347
19,320
140,124
17,102
76,920
105,567
128,974
46,389
30,122
127,241
123,15
45,126
96,214
140,853
196,907
66,359
11,886
53,372
84,643
150,614
102,950
119,230
23,204
171,110
39,121
52,823
200,77
185,920
48,318
51,262
182,683
98,389
179,398
33,849
155,114
52,945
178,825
97,997
46,81
86,233
152,283
67,15
196,394
1,79
75,430
187,116
179,135
3,352
184,567
71,611
143,289
66,957
116,382
57,634
52,436
16,29
123,304
133,112
52,871
176,194
95,242
55,984
178,251
110,931
160,282
17,892
114,359
29,514
8,690
1,460
170,359
99,377
138,146
87,982
84,268
131,756
62,519
110,572
191,994
97,91
37,204
175,349
197,534
125,625
1,945
87,5
123,832
53,43
180,756
153,64
124,887
33,580
65,979
175,689
136,322
99,815
64,397
110,414
114,199
26,935
55,775
155,759
104,767
46,707
133,407
64,210
140,592
118,343
79,502
6,121
172,82
47,86
74,202
182,368
156,845
191,196
159,233
146,266
42,921
114,175
132,847
191,791
39,933
137,909
131,124
197,360
107,377
191,640
195,828
98,15
76,56
45,569
169,476
73,313
118,476
5,394
72,556
21,211
62,346
128,536
41,633
151,814
40,275
191,291
34,238
84,794
12,416
140,530
80,221
194,607
64,605
58,683
160,399
7,402
180,149
109,202
139,721
38,236
159,113
154,141
150,303
121,945
179,763
129,704
169,483
72,364
66,824
93,430
184,697
182,826
4,881
50,680
32,665
163,860
139,422
130,919
99,370
150,188
122,612
153,899
80,949
133,117
162,181
156,657
106,302
83,995
73,533
34,472
127,128
145,751
187,356
155,83
163,125
160,768
151,270
29,849
186,233
103,305
80,696
115,483
42,593
25,123
139,515
73,884
80,45
188,792
30,817
66,458
200,714
1,570
46,992
51,91
176,606
97,113
121,665
37,362
132,877
140,137
175,679
133,265
177,269
188,175
114,997
31,655
130,867
8,271
93,334
157,958
24,1000
45,949
139,888
156,579
96,119
42,112
163,847
173,489
79,770
164,934
79,831
114,953
96,981
109,769
186,762
59,401
88,128
129,223
199,481
7,311
118,44
182,168
50,885
117,782
32,672
177,167
93,24
97,805
131,190
29,751
36,8
57,878
95,527
31,800
62,997
198,950
158,645
169,456
159,677
85,85
160,813
175,982
111,650
47,720
68,384
39,271
9,375
93,519
145,478
45,239
196,372
153,65
146,683
160,526
133,991
81,795
92,161
44,615
40,627
113,495
9,187
94,646
150,813
142,291
91,574
82,936
81,863
73,140
41,862
10,330
76,747
129,743
116,956
46,861
148,114
48,615
130,673
177,902
175,577
103,459
62,255
167,375
174,886
176,242
117,30
162,439
192,221
38,212
14,4
161,77
113,88
156,999
189,363
92,897
123,814
111,194
34,610
96,665
31,403
106,130
19,897
90,708
109,651
122,277
143,757
97,211
128,290
126,53
61,659
5,218
106,403
63,979
133,438
171,723
14,131
99,642
131,466
30,698
117,342
129,265
6,342
58,991
196,69
137,642
142,417
85,560
84,187
48,520
132,655
121,400
188,127
115,161
119,280
107,60
3,252
76,93
1,781
96,887
144,965
143,177
136,462
8,861
61,382
23,489
23,604
151,276
172,768
178,580
114,265
87,16
6,619
123,51
110,274
170,265
13,822
178,485
169,74
164,178
175,329
59,820
74,992
108,109
25,333
85,641
86,187
67,645
8,811
36,971
113,574
174,745
48,56
30,371
142,66
30,235
8,916
132,998
167,916
59,609
90,196
29,77
197,445
164,636
83,651
176,860
32,361
33,151
194,888
53,270
84,812
198,57
141,579
109,30
176,817
123,804
20,926
190,880
56,500
197,393
99,828
120,13
169,896
144,897
16,394
196,11
110,55
88,735
16,729
108,297
8,364
25,91
139,235
46,565
187,283
6,848
179,764
25,676
76,743
72,42
117,636
6,280
52,935
133,579
194,837
50,329
58,104
117,195
190,150
75,444
28,360
172,367
41,159
75,667
182,83
18,255
67,81
76,900
142,844
27,142
107,750
141,580
35,895
99,379
139,713
57,336
163,179
121,246
138,210
186,666
158,420
129,560
83,418
7,734
105,993
157,275
84,774
104,523
162,869
71,450
14,984
156,873
56,900
21,635
96,504
146,682
151,440
85,579
27,185
162,250
153,766
65,892
66,839
166,793
156,262
158,223
2,475
167,712
142,317
85,466
129,269
65,611
167,737
16,753
44,829
193,240
15,492
122,118
80,672
99,844
85,943
176,33
168,692
39,570
109,14
20,79
130,256
114,419
158,69
9,523
19,804
140,729
154,553
25,712
166,774
57,485
136,57
29,114
12,292
118,4
131,671
165,275
71,715
65,262
81,878
59,794
173,138
90,416
121,138
23,997
178,66
145,697
85,78
23,8
146,280
93,744
176,696
34,412
91,920
194,538
164,959
34,73
105,350
92,91
77,825
112,177
175,900
3,871
1,8
137,525
139,767
134,669
121,658
108,306
191,807
28,316
62,469
114,170
41,184
130,378
84,965
110,808
149,988
186,702
49,81
194,286
145,238
91,295
138,572
19,740
12,739
127,206
37,475
107,883
183,872
19,606
173,623
185,42
61,459
121,463
64,91
25,10
44,838
82,707
50,802
117,676
82,879
149,225
54,339
140,322
30,712
89,684
18,641
76,589
71,41
171,21
127,272
111,892
122,138
59,602
118,792
160,833
134,550
21,107
135,992
130,148
25,775
192,769
13,450
97,876
198,782
175,33
83,683
197,592
94,914
82,549
169,649
176,701
119,789
12,258
37,378
58,709
113,931
120,417
152,734
105,490
184,256
34,861
96,910
70,602
101,392
8,922
125,804
2,181
141,650
121,220
193,815
127,860
33,215
141,30
93,467
30,1000
40,119
104,873
190,995
112,185
155,394
173,919
99,535
162,787
177,186
123,235
68,174
135,578
16,670
68,175
102,556
84,757
176,299
75,404
1,646
168,646
184,979
170,413
130,540
148,340
130,995
155,624
62,150
19,639
20,688
190,235
49,752
9,944
72,305
33,98
123,620
84,216
77,981
177,545
200,355
107,258
90,767
4,291
80,425
44,265
7,878
199,317
176,785
194,967
167,299
25,415
56,94
109,743
169,734
185,770
99,787
193,295
25,499
15,55
16,227
57,452
151,17
66,1000
113,273
33,120
34,767
11,436
173,405
6,384
173,776
129,27
178,852
138,786
84,429
152,948
2,771
34,742
144,683
149,100
161,510
14,513
130,515
3,450
37,283
39,974
16,489
85,241
5,985
194,575
178,456
119,150
39,389
154,434
199,940
101,954
114,232
72,635
81,912
134,714
112,998
16,92
189,333
183,37
12,542
96,808
143,331
195,278
148,70
183,299
177,399
90,70
112,919
128,807
150,173
29,147
113,67
185,618
82,146
104,95
124,126
132,430
121,62
171,600
111,518
62,879
179,731
192,820
122,144
7,70
198,448
66,555
167,898
81,964
67,474
21,253
57,138
171,334
142,94
180,600
181,418
54,260
142,903
24,234
5,864
10,311
175,992
62,906
99,900
37,381
165,943
101,581
30,685
86,252
192,659
187,617
174,246
2,352
143,807
21,959
138,512
178,390
43,941
73,4
72,945
110,388
24,29
17,36
112,993
176,934
180,67
147,356
191,520
18,812
97,94
136,628
52,733
39,588
179,555
111,333
50,439
99,793
29,307
92,18
172,79
142,74
144,492
144,372
15,984
59,835
119,309
193,731
52,395
166,77
46,348
17,292
43,777
170,676
184,397
25,988
135,988
155,693
21,134
80,65
84,835
183,164
18,160
21,814
168,810
161,640
62,810
55,560
117,212
5,47
175,396
10,816
61,666
41,837
130,604
114,617
178,368
119,233
120,761
119,377
112,973
190,762
177,955
162,939
76,659
27,23
141,605
79,379
36,33
123,130
198,346
156,280
191,7
50,508
99,269
150,307
178,82
50,243
6,958
152,525
66,750
82,370
40,732
35,843
96,332
75,982
160,724
66,829
33,174
131,350
19,266
24,915
61,771
101,755
52,152
90,903
81,541
199,442
28,241
55,753
49,950
168,219
3,357
110,102
161,923
59,111
20,127
172,672
180,250
127,144
53,714
108,481
184,705
159,56
131,185
191,975
32,968
55,760
95,744
162,181
190,947
39,79
31,79
27,529
150,31
147,563
56,679
188,51
130,494
150,584
55,907
57,212
12,616
168,843
17,193
133,825
167,620
22,646
166,622
144,965
109,842
6,166
5,880
195,843
131,157
144,578
105,673
170,750
130,652
31,559
31,273
61,209
196,326
165,827
133,432
46,556
64,905
95,518
184,575
3,372
139,538
199,463
125,675
152,447
129,38
118,418
143,507
146,53
46,287
73,429
67,280
41,951
52,672
89,958
148,543
185,649
185,391
70,527
70,29
177,743
200,598
48,703
198,484
8,902
38,591
11,827
125,930
96,262
38,816
40,949
164,270
142,597
142,38
24,309
119,397
139,591
141,795
54,845
103,195
166,690
156,773
28,344
160,402
92,783
131,385
107,694
135,738
28,280
14,799
64,855
70,552
65,909
88,987
71,333
62,432
117,581
49,668
194,177
107,195
56,267
89,699
114,60
130,686
19,74
122,368
152,387
105,825
23,976
181,299
79,676
109,399
96,532
171,275
150,61
135,711
156,821
183,359
121,126
13,495
12,394
30,99
66,890
4,962
46,171
169,220
164,348
151,428
3,387
90,534
86,875
91,178
46,910
195,602
93,24
153,688
78,296
55,446
5,822
189,278
137,527
74,547
169,720
183,696
102,738
196,68
137,112
127,292
83,451
192,324
113,413
134,976
34,443
167,219
112,613
179,696
4,651
10,934
130,595
169,488
60,664
13,227
109,364
158,717
196,36
120,480
71,434
113,829
65,221
50,305
2,581
181,699
117,55
83,347
87,809
8,113
178,998
173,842
52,212
50,836
199,298
59,765
23,786
121,743
35,999
176,499
180,296
160,965
109,713
58,99
129,519
92,241
191,264
6,782
38,401
32,847
174,50
32,340
191,534
82,991
39,391
54,925
44,214
22,48
114,720
134,869
181,643
87,481
122,527
177,562
73,429
37,990
9,381
75,138
5,768
179,90
24,531
108,402
131,178
121,169
103,233
191,311
12,82
200,522
140,95
73,579
113,830
184,451
186,263
28,563
20,842
129,706
33,475
21,663
92,978
192,906
27,794
50,769
29,605
70,539
44,758
138,574
196,144
120,425
179,225
70,215
153,270
111,239
96,458
188,107
137,818
178,826
136,412
164,551
195,202
82,287
121,989
60,858
120,293
86,472
29,319
178,812
115,190
115,271
173,762
117,610
52,127
177,667
154,553
7,453
19,132
64,195
109,454
132,106
176,149
186,111
85,364
70,960
196,164
57,450
63,604
175,606
116,463
170,719
6,278
174,106
65,853
180,345
139,547
106,86
56,405
70,200
39,250
95,578
193,904
9,409
63,131
130,469
116,329
194,348
67,737
129,293
10,864
4,290
39,70
1,1000
176,612
148,498
152,713
134,531
86,471
105,728
2,71
174,586
104,734
107,936
169,996
100,704
114,587
53,843
149,580
190,192
127,946
138,690
50,398
164,732
9,889
200,721
127,596
133,612
11,732
146,499
189,697
137,970
154,645
47,833
5,512
169,927
187,591
131,241
180,250
134,73
4,111
194,194
104,901
34,288
2,520
191,196
21,625
86,810
175,154
184,991
181,388
67,794
102,494
74,896
65,949
83,422
177,907
50,745
186,860
46,149
165,938
189,337
6,375
79,665
98,478
189,535
134,850
170,295
129,894
143,863
3,771
96,592
85,269
123,294
47,8
8,131
137,584
189,153
58,312
57,678
116,887
25,992
76,886
45,872
182,292
50,693
129,676
132,62
32,252
185,473
46,676
70,623
41,549
142,888
76,847
9,802
189,814
147,413
156,789
108,325
126,229
136,704
87,240
161,477
81,862
28,181
39,13
125,141
22,845
82,816
147,696
140,649
13,338
99,6
46,937
48,154
69,508
167,37
60,173
165,944
177,87
61,801
187,878
49,476
137,898
5,61
100,551
80,11
158,704
105,285
38,587
60,574
93,335
94,41
113,643
151,194
45,799
195,8
10,706
182,748
136,137
169,132
77,274
175,806
184,607
32,226
11,644
99,864
26,1
132,380
82,673
125,57
72,125
149,193
105,261
1,830
193,903
98,281
26,384
28,992
32,522
35,187
44,295
29,230
172,730
43,763
188,591
96,64
20,27
33,251
46,200
190,162
185,995
193,831
31,223
146,592
164,699
35,949
184,554
81,949
130,916
31,290
48,507
60,325
10,177
36,103
183,276
159,87
101,869
24,54
177,779
22,615
149,348
58,699
37,988
24,1
85,626
123,515
165,305
170,810
46,833
170,554
23,818
76,955
168,886
64,652
83,861
31,729
168,634
166,312
177,724
32,640
147,480
156,808
138,890
23,498
105,248
6,681
28,609
168,766
193,106
28,357
71,822
54,750
30,834
112,708
115,54
21,684
75,113
1,962
78,691
144,535
36,835
8,417
68,681
90,390
38,664
161,31
162,27
158,561
49,648
46,723
127,196
111,786
95,149
166,707
172,577
53,625
117,134
96,654
187,720
33,53
191,653
81,388
90,422
177,749
119,634
184,97
196,436
114,969
19,915
37,476
158,319
70,723
5,100
59,23
90,591
116,134
83,817
52,255
167,766
43,317
198,646
150,466
12,470
171,203
5,406
143,436
141,522
121,988
142,861
112,848
30,589
47,965
16,729
173,977
35,839
178,145
140,719
89,296
12,275
4,145
104,769
24,439
100,805
134,673
66,328
176,63
26,327
111,767
168,134
43,351
139,269
133,118
160,775
5,418
4,298
86,849
166,767
157,557
48,724
113,563
17,290
122,1000
10,350
170,761
112,309
157,795
119,694
25,864
124,150
149,127
44,410
145,526
25,322
63,229
70,978
92,231
50,558
77,838
54,22
157,653
36,428
154,465
130,523
167,202
54,121
13,730
46,932
197,966
13,516
88,705
40,45
165,372
103,265
87,630
135,10
49,265
66,54
88,551
92,448
92,752
158,834
94,81
150,835
121,765
66,716
63,795
156,790
89,966
9,258
76,771
182,685
163,681
78,888
181,717
145,750
36,774
176,18
152,381
72,328
94,277
155,89
47,773
135,216
19,855
26,826
116,911
179,585
73,952
150,301
70,932
34,189
132,243
37,640
163,588
86,684
129,912
118,895
76,160
113,974
154,846
106,760
57,4
72,630
83,844
166,350
6,582
78,996
114,545
167,691
98,728
73,69
112,202
140,567
44,519
172,941
17,14
185,345
185,857
145,778
42,357
27,169
27,124
130,606
187,897
73,391
41,251
27,985
22,445
97,379
95,400
58,913
162,437
57,1
13,958
175,303
174,833
50,208
82,595
11,81
90,406
76,14
118,683
162,374
194,338
184,414
146,293
24,271
100,1000
187,931
114,216
88,634
38,707
130,200
185,696
158,393
39,378
194,486
118,269
180,104
169,403
32,827
109,943
94,427
176,403
193,324
119,412
80,14
102,218
63,393
92,349
131,402
30,459
30,87
15,433
147,844
105,471
147,400
154,231
158,907
48,288
150,659
105,952
40,233
80,291
52,434
154,940
45,516
81,86
89,426
48,731
135,212
128,613
198,292
114,459
162,297
18,512
189,221
58,717
64,425
190,964
15,119
14,979
121,972
138,966
109,490
99,792
175,47
95,220
73,765
86,38
53,337
141,860
177,799
26,439
173,758
170,680
93,943
80,626
185,908
139,643
164,57
161,695
101,112
131,867
80,392
78,568
127,386
2,989
134,685
95,877
116,924
101,314
110,819
7,209
97,898
52,678
44,903
73,134
138,799
111,415
46,148
128,101
160,992
161,146
23,468
58,420
100,766
87,446
108,469
60,622
15,387
175,795
12,954
126,925
41,510
175,507
194,168
171,200
106,383
183,457
106,77
67,471
179,443
106,362
178,821
191,980
121,644
31,427
66,29
41,162
102,113
183,676
190,989
33,838
51,262
150,723
66,835
87,745
115,179
69,706
68,609
23,467
111,278
138,736
48,433
25,309
135,652
19,27
149,610
88,941
166,490
132,827
19,987
144,251
53,532
164,780
5,503
4,227
162,245
192,119
90,404
196,428
124,10
88,198
64,663
172,42
137,800
85,89
154,549
52,557
174,395
15,407
146,413
177,188
79,633
141,974
155,373
107,760
147,89
17,44
50,14
139,852
151,452
92,541
99,219
143,710
168,783
8,956
67,57
76,789
69,101
100,77
102,416
163,658
173,101
52,819
1,407
52,336
73,539
90,199
147,959
108,91
162,829
193,801
4,298
132,806
6,528
144,940
2,323
168,490
68,891
175,597
134,727
183,497
93,543
182,260
185,870
14,174
77,782
152,250
129,471
18,847
56,552
154,613
195,146
118,582
177,236
87,686
73,775
68,703
69,345
139,928
192,900
200,633
6,351
189,449
52,668
16,985
32,606
192,615
83,136
102,77
197,284
180,362
174,456
164,531
44,850
76,377
188,656
103,435
59,445
55,49
92,114
36,530
22,422
51,851
113,633
150,446
59,901
23,997
118,249
51,773
51,894
144,855
91,406
142,645
64,404
147,783
163,342
115,41
188,747
162,922
16,813
30,338
174,35
181,249
70,210
31,870
110,158
157,182
52,745
83,415
48,127
62,269
50,246
95,982
115,91
199,816
45,17
83,500
80,632
33,840
18,225
164,548
109,3
98,517
48,544
157,462
197,137
171,680
131,460
9,146
65,379
103,318
177,336
196,239
31,692
13,482
102,655
150,719
15,490
8,16
197,984
173,592
99,42
141,588
112,477
79,271
59,660
83,829
151,787
58,285
94,976
168,955
127,943
19,417
180,690
29,963
93,900
167,659
109,212
63,399
5,418
174,981
21,18
193,714
173,81
63,702
42,219
18,185
49,23
59,912
103,509
41,438
129,290
113,235
11,556
23,421
153,44
51,351
8,213
186,765
70,993
33,45
103,150
130,737
157,352
187,540
191,10
71,140
75,915
142,339
26,644
20,676
111,539
185,572
189,229
150,164
19,833
17,899
80,809
64,649
97,508
141,355
136,463
60,199
191,698
68,396
97,960
124,439
189,409
136,132
158,213
14,27
190,500
54,484
4,246
130,981
116,815
127,298
111,870
69,238
130,680
88,18
135,531
43,381
173,462
8,290
69,922
189,775
87,800
90,260
42,572
63,377
163,525
139,974
123,644
66,177
25,49
149,273
60,878
140,46
90,795
73,703
117,863
152,665
187,271
191,524
152,524
60,7
31,534
195,850
109,843
13,933
138,30
198,733
120,377
183,963
57,588
59,676
181,745
152,566
93,785
97,463
196,781
109,803
3,980
8,883
194,722
65,186
123,41
152,528
62,617
106,769
86,299
189,847
135,899
161,599
77,648
51,699
193,222
196,527
166,9
188,376
56,953
106,237
65,455
162,82
177,397
127,515
11,264
200,835
199,956
114,668
171,823
142,64
89,646
176,822
180,318
65,357
34,600
44,380
132,191
68,595
28,294
140,7
143,459
67,335
147,178
25,667
130,587
52,101
199,730
11,355
134,911
124,399
197,534
103,827
154,747
66,823
98,68
141,956
72,866
22,394
83,751
128,65
67,107
170,511
142,692
116,782
80,989
198,687
184,122
8,335
103,422
50,901
34,422
46,865
71,434
56,955
9,185
197,349
193,753
175,654
127,556
189,425
87,868
60,344
124,565
99,430
101,472
55,437
200,29
57,944
38,887
25,114
164,693
184,171
71,330
144,440
22,367
71,495
157,592
130,879
77,921
68,706
182,104
140,695
90,68
154,609
106,526
53,708
41,493
190,430
37,809
137,603
162,60
131,148
57,497
29,29
96,607
108,12
43,203
58,707
156,522
6,284
115,726
63,156
126,806
47,132
70,195
179,932
194,502
81,984
139,762
183,736
26,106
110,138
89,588
100,942
191,630
191,867
115,964
17,516
95,73
31,275
172,929
114,453
120,855
31,394
52,120
177,324
158,995
51,537
13,609
103,146
167,754
119,524
193,404
200,114
24,531
192,588
17,580
43,572
60,703
184,288
198,789
183,701
69,38
34,445
165,731
12,685
132,909
58,341
170,569
188,556
192,581
119,289
163,656
55,384
166,313
16,872
198,522
81,794
141,298
41,868
1,307
157,780
93,644
65,946
158,184
129,508
100,949
120,686
87,444
116,324
59,769
134,420
105,574
133,79
80,993
88,661
55,774
152,846
34,689
79,836
23,883
52,761
52,501
53,193
45,987
102,675
78,860
14,533
25,616
163,307
80,294
144,585
16,787
38,25
134,304
36,816
120,240
92,625
149,112
147,978
33,96
81,488
172,520
110,837
66,722
71,729
136,847
193,168
145,968
111,82
43,13
81,152
173,907
131,459
8,37
31,589
13,386
41,293
110,771
96,156
17,644
171,805
33,893
39,362
104,158
65,298
57,473
107,820
40,859
157,976
40,741
10,435
108,946
90,267
94,940
107,903
165,953
164,431
127,56
49,451
13,451
13,69
14,580
96,995
184,901
94,496
199,995
91,240
130,902
136,975
186,133
88,794
180,464
143,262
177,211
118,96
27,487
166,789
19,863
174,706
143,359
179,658
104,633
28,705
17,736
185,484
140,83
129,574
125,821
85,939
130,780
23,369
141,604
31,542
162,925
110,143
61,617
53,478
133,274
15,516
166,475
18,589
94,489
21,353
103,849
46,780
28,10
13,849
5,265
125,724
18,808
147,774
75,46
112,672
85,918
111,529
87,823
152,40
15,199
114,944
2,911
139,956
107,961
17,949
78,434
53,604
22,56
37,810
118,649
76,178
56,483
130,199
115,665
109,142
61,114
186,889
71,484
2,96
38,404
176,19
192,380
105,926
181,719
41,640
33,413
100,603
42,917
60,398
35,54
25,238
75,145
27,258
184,522
128,448
59,32
38,722
152,513
101,135
129,113
21,565
5,207
31,603
101,705
134,557
85,197
94,605
18,197
190,358
130,192
173,439
64,510
188,289
115,538
134,883
180,543
37,305
85,702
159,916
32,623
134,511
137,116
186,222
55,582
31,808
126,153
51,781
34,567
133,162
165,781
58,634
47,721
180,863
118,328
79,95
199,209
136,484
13,382
82,293
73,28
86,706
77,498
83,361
50,188
76,116
52,432
159,42
123,36
41,743
165,307
150,629
31,285
173,108
4,707
121,886
26,484
142,471
132,579
108,508
193,365
190,209
177,392
3,1
71,854
199,975
81,769
78,351
128,622
73,144
128,883
95,236
120,220
117,213
43,925
102,870
177,590
89,206
116,151
66,320
71,584
122,741
31,168
41,387
152,323
19,298
167,909
164,919
62,427
153,167
12,62
149,99
199,148
89,736
131,383
61,885
80,763
14,138
154,497
5,521
148,364
61,520
181,624
121,23
112,680
67,36
20,211
127,276
142,589
101,854
128,571
34,439
57,927
126,390
156,130
68,408
18,7
85,738
147,646
154,662
63,115
140,930
6,302
171,308
199,497
156,292
7,336
10,817
190,706
84,804
27,342
150,280
155,14
105,780
16,249
85,430
163,803
42,473
3,913
99,78
5,673
93,41
15,790
154,102
125,826
27,997
159,644
94,251
113,153
143,908
25,473
124,765
68,7
143,630
143,538
80,485
148,453
94,673
55,77
175,737
31,372
189,880
75,331
192,66
108,307
55,764
63,707
165,604
136,134
134,548
61,396
119,990
1,42
152,467
65,869
27,871
142,562
107,565
36,788
142,704
182,949
126,748
91,502
25,602
173,555
140,471
48,650
199,703
50,54
176,450
88,711
89,850
122,849
141,417
167,97
98,325
142,259
26,762
51,856
2,38
188,868
159,210
42,169
6,418
75,412
46,23
108,667
110,500
45,631
129,247
107,799
22,607
161,313
183,85
186,882
8,186
129,719
171,715
46,612
104,207
185,769
131,704
2,181
112,320
194,611
168,755
40,854
197,573
14,237
20,355
28,644
42,174
191,442
81,658
135,88
180,803
114,474
45,596
166,662
48,354
120,544
51,435
60,426
136,110
33,228
5,334
177,226
39,863
84,142
109,50
11,71
163,91
139,655
28,910
48,940
63,940
5,492
55,538
135,961
144,674
16,957
20,645
37,171
23,140
68,641
51,765
199,776
175,811
107,359
33,973
25,62
20,33
114,822
164,280
86,183
13,743
90,721
14,36
151,941
148,82
18,623
161,742
119,120
83,517
8,523
96,643
32,86
178,65
83,24
171,717
78,110
43,847
42,743
88,62
20,117
43,928
129,467
200,784
85,62
134,187
102,479
11,200
145,57
151,497
64,572
3,450
158,604
25,292
155,978
62,505
28,615
24,33
71,379
29,311
32,262
98,722
138,514
31,807
127,326
193,420
17,44
145,358
143,233
76,553
186,246
87,954
153,67
41,479
86,897
59,984
107,763
48,309
122,629
159,762
15,363
47,784
59,700
50,964
188,677
185,316
122,346
4,825
199,777
148,872
18,916
124,564
50,365
188,432
50,941
166,387
70,864
9,646
162,686
95,541
85,519
142,75
26,559
96,359
116,487
22,483
6,454
116,370
121,437
111,932
34,933
119,74
15,872
182,400
27,969
9,292
45,797
195,34
64,22
122,212
181,752
90,240
144,400
136,148
129,68
83,638
120,550
6,10
185,479
167,873
144,394
30,942
110,620
1,64
134,326
63,267
183,478
84,323
16,765
113,305
135,102
67,307
79,243
196,605
68,288
106,764
155,173
103,409
45,425
198,222
153,916
89,99
150,988
179,535
28,732
59,548
60,194
72,937
180,895
158,661
78,973
21,327
87,924
47,588
190,865
159,164
119,473
121,695
117,92
49,379
137,633
155,988
166,422
31,940
101,24
15,83
53,107
30,249
173,641
127,514
114,70
139,483
169,621
119,682
182,538
165,868
149,170
147,875
62,60
148,59
200,462
121,145
82,568
77,50
14,621
165,6
107,967
48,649
85,27
150,789
70,419
181,394
171,405
1,343
1,427
133,581
7,959
47,835
94,759
95,752
41,883
130,534
197,769
153,467
51,472
164,573
68,27
114,675
3,270
30,596
7,178
69,842
31,421
174,796
27,508
115,140
49,968
128,584
163,451
195,235
9,582
4,337
58,830
50,779
15,119
173,606
42,338
32,869
135,438
73,459
6,265
136,382
190,796
82,47
44,210
22,255
200,461
194,791
187,301
182,278
126,124
89,935
97,367
14,224
122,102
83,990
189,725
8,11
124,263
143,528
57,913
131,153
112,551
38,847
15,84
37,36
37,735
28,933
82,827
37,415
45,50
124,676
174,797
109,702
121,587
94,730
127,321
174,474
27,748
194,518
111,907
154,805
115,145
95,17
7,447
153,478
63,434
88,961
132,460
184,659
182,597
67,604
179,152
169,216
31,648
89,111
29,9
163,572
21,826
127,525
51,81
59,338
118,73
159,61
152,706
51,710
198,420
109,737
29,496
105,370
130,520
22,539
131,908
62,823
120,855
97,23
108,70
167,720
116,80
34,975
91,350
177,57
116,353
139,272
147,201
157,120
172,491
138,164
108,273
15,803
141,980
51,277
170,280
79,213
71,63
47,908
133,535
86,705
81,608
153,984
22,58
131,468
116,111
126,322
112,387
187,699
64,321
126,596
1,863
50,849
190,520
18,552
109,779
134,207
42,63
3,479
188,209
142,752
176,403
85,910
75,239
114,4
28,126
34,988
101,832
153,600
46,538
156,471
166,140
35,269
147,943
114,418
24,977
157,799
174,225
80,836
137,507
122,660
175,391
12,99
57,105
6,731
160,547
110,135
67,373
51,82
32,936
81,773
127,109
140,968
36,791
100,344
35,185
117,120
178,10
104,543
67,420
109,862
112,366
107,375
139,257
9,291
48,652
183,852
149,86
166,64
56,846
114,274
150,964
116,199
109,307
93,425
127,1000
19,164
21,720
42,307
156,566
187,871
115,443
164,914
78,77
83,361
122,849
191,839
172,140
32,695
64,981
17,713
160,86
64,597
97,539
62,822
152,893
180,908
13,173
129,164
148,463
111,498
186,181
46,793
5,508
22,789
165,79
56,970
94,29
165,729
59,194
105,423
133,770
152,295
156,295
155,145
127,574
53,437
122,493
72,304
126,193
44,981
75,340
116,118
147,930
85,976
94,278
145,779
112,554
65,488
41,468
176,412
11,267
18,942
188,179
140,95
123,512
29,498
24,395
150,605
74,279
80,190
166,969
144,193
150,388
55,963
45,279
127,42
3,318
43,599
175,674
96,992
83,963
186,728
70,481
30,170
13,38
113,238
23,393
143,44
138,45
98,811
144,186
70,145
63,634
163,615
122,654
113,402
178,494
82,203
33,963
160,582
146,550
57,592
26,565
123,719
88,622
147,53
93,515
136,308
30,598
195,664
194,733
80,526
47,283
107,846
76,700
198,119
18,889
136,535
2,862
60,743
70,411
116,47
180,19
109,110
193,433
155,220
139,813
68,503
62,524
19,31
195,708
102,252
128,870
2,953
176,450
44,73
144,382
10,575
33,141
101,67
103,255
79,48
88,289
100,293
157,520
84,630
6,774
29,488
89,998
44,841
80,63
179,9
19,466
94,371
7,300
152,682
61,334
116,562
30,296
24,155
121,965
125,25
20,860
188,370
62,199
134,507
153,949
35,678
138,245
151,173
153,128
40,844
62,515
173,127
188,923
21,672
142,982
126,285
168,815
12,57
127,259
58,772
37,396
43,550
187,646
65,218
43,983
58,677
125,394
11,981
187,647
55,328
97,486
36,608
72,281
38,293
124,177
36,162
109,294
123,153
129,886
64,658
63,225
79,765
61,163
162,388
12,792
176,689
56,185
35,154
169,457
85,385
26,511
167,911
91,541
55,313
175,279
172,929
19,840
117,225
7,639
130,822
179,86
188,812
132,770
22,736
191,589
182,960
37,296
188,932
169,146
72,113
44,614
112,232
92,831
155,505
95,165
36,526
179,521
59,153
8,780
159,226
151,502
197,269
159,561
10,838
7,842
156,181
157,237
105,454
113,547
95,851
22,283
90,352
70,789
189,609
80,291
70,751
79,145
154,926
166,475
57,501
38,439
144,193
42,812
60,210
65,546
55,208
125,690
91,381
177,459
164,648
57,505
139,349
24,238
153,201
20,110
100,338
56,117
38,881
108,259
89,961
98,712
191,631
97,456
91,860
114,36
91,490
28,841
123,96
93,638
166,89
167,553
58,931
59,809
58,238
94,405
43,791
162,670
96,345
5,126
53,344
196,565
79,116
195,794
15,724
187,249
187,267
22,80
60,452
50,842
170,143
7,958
170,651
168,132
34,33
22,1000
117,234
139,180
33,646
111,794
11,985
102,552
101,645
143,713
191,659
106,432
59,1
193,493
5,640
160,995
106,827
73,557
139,418
59,945
153,768
157,522
116,321
110,575
26,590
44,640
146,780
85,588
21,89
5,132
159,959
135,313
149,666
54,539
49,328
4,836
146,251
38,957
114,378
49,132
159,737
100,622
75,869
129,763
102,196
176,677
33,57
179,949
21,865
63,744
194,14
102,857
83,800
51,207
44,243
154,708
101,936
156,73
26,678
143,387
98,317
175,783
29,76
87,96
192,395
76,849
180,794
172,842
65,947
106,817
86,620
38,197
160,426
199,384
153,484
144,155
111,599
5,54
135,16
1,289
117,4
51,192
42,427
11,761
4,848
136,517
198,882
137,314
169,195
145,83
52,711
69,635
118,252
31,903
6,991
94,218
144,531
136,661
169,615
57,104
196,165
160,721
3,319
189,279
42,515
38,244
189,432
32,442
9,783
22,22
170,993
160,929
126,152
192,862
144,639
162,971
53,730
137,176
18,130
192,838
164,97
11,100
93,776
26,6
107,996
13,872
191,614
126,828
132,310
145,494
174,27
73,961
173,656
40,717
9,596
113,690
118,854
173,416
110,687
62,106
9,52
155,978
80,343
52,79
153,745
182,648
72,143
35,937
55,393
84,762
62,169
122,82
67,911
124,795
178,183
165,695
89,14
124,967
97,831
40,201
59,840
33,1000
200,470
96,41
149,679
70,930
80,838
67,527
57,86
127,957
200,813
171,294
192,596
55,426
3,818
19,408
21,447
183,525
122,969
191,803
183,393
58,754
8,949
125,205
120,167
39,861
169,324
124,382
140,268
136,247
104,214
154,122
114,845
9,105
55,807
132,630
143,559
27,7
37,583
83,844
114,569
134,130
45,689
54,955
60,694
87,543
110,140
55,281
37,673
34,234
75,931
195,135
37,428
78,78
5,125
67,652
71,976
37,197
2,372
98,843
100,803
87,774
113,463
108,13
187,784
104,111
162,654
39,366
32,498
67,244
78,177
32,29
139,319
61,632
138,853
132,955
145,905
52,715
146,28
64,722
26,446
155,422
67,400
111,970
133,11
197,976
39,846
101,681
188,569
122,299
191,573
89,114
162,642
27,457
109,680
183,718
110,118
38,288
126,980
176,385
165,565
84,805
177,600
117,388
109,310
110,578
41,942
111,377
154,694
164,993
11,188
141,977
41,485
117,716
77,421
158,999
193,285
184,558
47,341
183,298
81,480
98,250
76,302
116,685
143,176
11,49
28,197
126,679
99,524
64,371
41,994
187,759
173,535
20,241
125,133
173,271
45,899
193,48
74,430
192,376
59,978
81,163
18,672
127,652
16,346
122,138
97,815
127,466
147,564
50,909
12,827
13,149
185,765
13,197
10,275
49,206
13,943
125,475
145,861
5,740
8,653
24,134
23,861
93,903
50,185
64,515
140,317
16,877
146,627
87,380
87,11
110,854
42,498
32,571
32,53
99,205
19,611
137,376
73,283
191,557
14,443
100,461
187,391
70,723
111,144
163,627
176,987
9,682
199,730
108,331
17,409
90,88
34,411
82,891
65,937
122,862
51,495
10,280
43,804
167,67
78,123
94,148
61,569
116,450
193,542
127,817
16,786
7,7
146,543
88,278
89,58
105,653
153,211
88,641
122,409
62,685
53,528
168,120
48,199
83,852
77,969
166,970
50,993
168,220
111,48
101,159
2,212
127,423
15,133
164,823
10,646
128,33
115,253
121,244
102,430
138,45
62,93
112,855
156,659
114,446
5,460
183,621
4,276
99,660
111,23
12,345
86,606
195,243
190,67
150,594
72,588
49,281
69,628
182,623
18,669
167,399
22,373
159,45
48,810
144,450
157,716
144,903
39,427
168,178
36,968
84,345
86,457
78,903
200,110
159,934
67,737
89,649
12,534
163,976
157,40
112,394
7,238
107,239
69,14
150,661
23,727
194,390
21,933
107,580
56,127
63,952
51,255
97,206
75,331
45,547
8,276
171,225
49,183
190,778
99,264
72,274
96,803
131,98
104,310
150,997
70,426
25,810
85,897
41,651
130,420
142,117
84,1000
157,112
93,423
120,309
167,770
5,646
125,708
151,259
147,98
113,670
178,907
157,708
8,434
5,686
188,556
26,143
89,451
16,403
8,160
179,632
136,740
43,974
38,272
141,599
180,449
18,320
122,53
105,500
90,624
101,836
85,34
5,794
173,675
5,187
29,696
146,763
116,636
115,941
198,773
178,432
78,816
166,456
2,668
80,707
143,420
170,30
22,414
88,408
18,146
80,447
106,138
86,423
149,356
17,145
96,69
109,812
35,514
186,645
8,180
98,929
28,806
71,184
39,833
135,944
170,300
128,294
99,601
125,534
89,908
32,216
109,984
136,76
156,281
199,553
6,657
71,273
188,386
60,930
87,703
141,985
10,839
11,764
164,665
35,955
116,978
36,626
24,458
27,274
32,109
35,112
47,625
11,1000
89,535
129,959
187,516
75,70
150,201
101,649
162,739
44,385
162,876
197,714
54,93
199,227
177,309
150,262
109,29
120,525
18,737
131,164
160,346
33,112
151,679
61,558
88,168
35,171
158,224
32,975
17,319
48,869
58,82
21,372
80,495
149,709
116,646
187,893
3,264
160,750
161,704
147,787
137,679
131,964
169,234
21,810
182,956
45,18
97,677
10,322
59,597
88,893
80,251
194,726
43,927
132,284
89,862
165,79
34,854
153,681
195,578
54,549
118,713
134,943
131,277
52,79
1,449
75,586
21,270
136,462
107,854
72,183
114,223
2,899
2,599
43,54
193,104
137,575
125,63
200,429
164,856
154,764
161,558
51,152
193,585
38,834
70,58
21,118
97,177
131,954
6,90
199,426
139,815
9,960
119,248
44,938
133,108
148,475
94,641
166,657
185,33
117,503
39,76
129,958
143,636
5,442
108,929
90,659
15,680
86,436
93,906
95,239
72,999
6,52
39,446
175,911
127,85
106,71
117,139
118,456
82,240
173,626
145,952
85,266
54,696
24,716
161,645
167,439
25,857
19,553
105,605
133,114
72,796
183,923
45,668
30,520
95,591
47,581
62,53
7,901
76,693
71,621
38,161
149,273
106,817
142,640
120,411
162,105
105,842
106,795
32,120
138,382
119,38
191,51
24,851
6,868
147,161
16,953
122,237
114,565
179,448
103,330
92,685
122,913
30,624
87,976
85,495
43,581
11,196
68,71
168,236
140,429
81,74
119,394
128,695
169,970
165,960
180,670
167,236
167,489
39,817
125,175
89,857
151,818
183,30
102,966
49,353
157,711
57,124
41,791
31,715
93,77
170,952
12,32
156,613
155,111
45,640
151,540
47,745
70,536
111,97
56,701
22,100
1,195
84,931
134,27
117,477
177,88
15,916
152,95
43,60
176,260
184,350
173,595
59,524
122,623
93,624
97,232
134,674
78,330
64,334
186,283
101,560
30,635
107,394
45,847
50,913
185,696
13,10
49,889
114,239
101,202
120,799
175,997
89,490
193,834
10,531
18,340
17,712
138,849
182,13
188,808
117,507
139,232
55,790
110,540
48,421
17,298
178,858
183,311
102,271
199,855
91,986
94,459
90,914
57,69
16,912
12,957
35,421
110,978
144,624
181,455
80,869
47,486
82,456
19,280
134,610
17,181
96,359
34,635
26,696
104,354
52,801
156,840
127,582
65,283
116,258
3,68
171,943
185,904
86,565
166,423
107,539
73,948
148,836
44,456
41,370
66,339
199,174
136,194
186,884
39,281
8,833
36,193
9,1000
134,753
150,927
185,75
35,166
191,595
73,200
158,451
27,994
192,321
10,110
13,153
172,253
147,306
30,317
170,134
173,707
151,58
16,898
146,310
11,125
114,847
124,846
187,267
160,650
25,581
45,950
131,208
36,303
145,379
25,115
2,605
184,437
180,858
182,463
8,700
46,909
76,638
17,76
193,425
148,884
156,229
77,739
118,660
143,786
116,475
107,147
156,979
121,280
191,937
100,452
156,214
1,712
119,151
31,958
197,753
125,864
142,180
19,664
150,718
174,966
35,496
155,805
8,732
15,415
190,526
167,260
101,298
46,546
128,973
64,309
94,678
114,956
100,196
174,375
132,873
187,471
50,100
23,88
56,375
74,746
157,185
81,576
98,482
71,328
105,813
75,320
58,123
53,168
138,114
191,383
99,80
52,431
129,191
57,900
61,678
186,149
160,728
9,726
75,441
1,876
133,995
75,396
175,946
172,453
77,35
121,137
74,833
199,542
12,777
184,112
132,490
160,637
155,495
27,801
125,951
155,941
6,554
66,571
21,327
179,164
126,463
179,109
19,368
189,930
42,506
83,720
4,477
163,751
53,992
194,436
22,872
62,192
10,312
15,820
102,862
64,794
42,860
44,199
100,177
165,519
25,658
183,755
149,826
117,577
160,959
21,819
27,809
22,218
7,487
59,431
100,93
193,794
154,722
104,469
29,593
113,604
111,806
153,449
135,69
98,178
103,389
126,97
194,278
17,444
140,178
105,680
177,373
149,505
11,56
114,221
42,933
29,830
36,463
19,684
186,945
36,88
91,127
198,636
114,911
167,981
5,622
104,773
40,470
57,112
110,487
53,852
65,987
146,636
39,568
67,148
111,500
134,425
189,95
115,513
72,10
83,308
139,357
167,116
33,18
105,109
33,755
97,525
122,898
64,482
4,109
70,273
159,694
129,468
124,104
180,708
94,539
166,879
156,764
33,778
127,569
26,996
187,149
176,367
153,519
60,221
184,577
176,577
20,606
126,909
186,682
149,220
108,514
108,928
69,163
31,324
18,83
187,137
182,826
101,69
2,602
188,68
186,139
136,729
39,491
125,323
97,675
90,196
156,581
144,720
55,1000
126,439
184,642
161,479
59,961
41,432
194,867
79,166
112,677
107,790
116,454
55,29
23,269
35,840
52,349
169,141
125,692
158,691
69,246
73,39
118,75
180,760
192,416
37,786
186,497
103,447
67,493
136,731
179,315
134,445
8,657
81,394
65,994
31,235
21,726
6,411
103,403
200,46
186,158
157,719
127,147
158,311
86,121
52,745
91,892
106,7
154,607
14,78
169,267
134,15
103,568
19,60
110,642
87,887
152,853
191,374
176,2
53,657
103,858
56,699
38,441
44,233
122,331
6,344
189,860
162,301
54,158
48,738
108,11
41,494
144,281
100,967
180,944
47,291
15,385
177,530
53,975
116,834
86,610
192,266
184,366
135,495
179,56
37,219
193,19
121,654
17,45
192,337
97,314
11,759
6,423
116,965
79,109
96,538
99,508
157,326
173,135
74,743
6,649
138,508
180,280
26,324
194,874
168,994
165,379
5,465
85,504
107,265
79,592
97,642
64,887
199,587
47,99
78,569
31,584
101,319
43,869
71,734
16,879
73,785
51,411
94,298
191,332
21,605
20,730
110,52
13,656
46,726
36,156
110,698
85,931
183,433
127,898
153,634
41,431
97,138
78,235
72,923
184,747
192,100
119,807
140,674
17,870
78,536
174,755
11,551
157,722
100,370
187,666
143,392
27,306
105,628
39,673
30,709
20,869
150,228
175,391
138,476
193,372
123,282
24,175
45,732
131,485
110,498
4,695
65,274
79,950
122,823
19,552
100,579
76,676
17,233
155,54
66,38
139,54
130,938
105,144
183,750
134,779
183,238
82,746
180,336
163,494
26,289
48,479
9,601
56,947
22,610
22,745
47,952
181,66
39,344
168,597
86,235
86,220
161,138
185,296
31,169
109,425
104,714
46,979
169,47
109,576
84,402
106,801
195,940
195,45
193,629
1,726
39,528
141,340
78,71
18,854
20,733
31,652
34,30
24,368
9,159
97,899
24,883
86,379
66,738
39,475
177,457
172,910
24,662
70,67
14,320
92,140
134,549
121,417
75,749
111,520
131,22
159,26
182,699
65,951
160,711
83,160
98,29
86,721
28,993
190,759
129,982
95,852
76,752
190,394
71,97
52,498
38,835
197,573
28,109
33,172
54,80
78,269
143,547
104,969
59,426
109,517
9,180
156,326
95,275
140,352
194,986
145,721
191,788
163,947
153,458
85,842
48,878
106,355
196,501
10,844
15,355
106,143
135,717
75,291
50,901
38,637
165,34
182,954
139,91
181,96
110,45
183,855
153,992
106,183
158,703
64,579
186,335
187,803
192,653
112,94
50,392
24,333
27,9
197,8
53,508
67,643
163,872
147,703
38,128
39,10
159,430
158,948
132,798
99,38
13,711
184,509
120,865
176,336
115,948
24,371
93,806
85,395
36,707
49,590
176,291
128,427
80,916
105,868
181,632
17,755
73,855
87,468
131,815
96,635
179,891
170,750
2,594
87,123
155,744
141,946
8,601
81,611
159,792
16,367
97,19
56,842
33,400
104,783
35,746
178,349
188,100
15,239
25,373
64,26
131,480
9,245
59,1
42,283
106,496
123,429
171,640
191,431
142,669
143,944
115,750
2,436
76,92
15,521
14,638
170,971
17,8
121,672
40,919
145,629
188,445
127,176
46,291
198,540
87,360
30,350
162,459
10,962
52,265
52,290
147,95
113,827
20,680
13,55
60,669
161,974
88,837
127,988
161,42
86,904
137,233
168,225
166,815
79,858
152,288
63,641
125,292
126,384
16,440
54,412
143,981
87,214
145,639
177,962
48,520
103,739
53,385
150,668
176,938
60,258
173,82
17,827
94,141
92,429
69,810
26,666
103,363
13,442
76,217
181,233
7,354
76,63
193,742
104,584
109,379
26,283
131,145
99,876
143,181
117,145
87,417
196,864
64,939
160,254
10,64
149,827
163,152
175,159
72,883
199,75
24,486
122,122
95,361
181,197
110,962
126,248
29,725
124,813
75,969
41,805
17,107
88,136
27,785
178,812
149,945
161,163
111,764
154,907
61,430
2,592
151,508
11,482
49,887
158,635
95,373
26,239
24,25
62,646
146,552
110,789
139,533
198,440
50,341
153,303
26,145
58,10
172,816
121,889
92,388
195,461
78,321
64,477
185,502
10,623
102,260
40,140
94,424
54,521
199,373
18,446
8,977
51,113
40,66
199,634
21,308
68,136
189,197
139,946
21,320
85,862
71,59
63,142
123,732
70,106
88,261
111,258
47,159
94,379
146,143
35,512
19,923
160,188
162,10
121,310
71,81
172,109
76,691
133,395
42,623
172,734
125,521
49,135
164,517
74,331
50,534
30,776
43,783
147,758
32,928
161,445
112,827
15,879
69,714
4,919
177,890
197,825
193,29
189,594
143,599
58,753
109,556
188,460
11,68
121,149
20,974
95,711
23,546
68,662
120,986
194,290
67,815
11,64
16,326
65,704
64,658
24,998
172,166
33,168
183,846
107,307
150,992
48,227
40,453
43,305
163,316
200,703
163,688
92,895
9,901
57,516
148,920
54,312
124,435
168,287
160,599
83,188
182,921
49,155
82,205
187,485
122,662
76,795
47,162
164,422
195,453
17,390
74,562
66,248
195,353
32,294
92,933
74,744
173,415
35,400
11,331
88,235
129,973
93,915
91,359
139,513
87,586
151,101
188,924
163,543
145,777
16,226
69,484
118,701
65,281
191,632
148,358
143,343
55,722
156,778
198,836
27,127
193,885
18,229
14,825
137,840
54,149
189,857
21,921
48,108
198,438
26,915
195,803
166,914
116,430
36,366
24,778
148,467
53,861
174,103
164,31
38,813
164,679
154,530
163,835
64,224
25,147
112,334
37,669
129,98
1,57
114,291
195,896
157,560
141,677
168,552
123,78
3,365
66,536
75,38
71,803
63,894
143,901
14,59
139,955
98,419
106,339
133,978
168,80
81,869
54,638
64,975
97,160
38,898
62,790
62,958
158,1000
54,395
71,793
110,587
90,274
146,697
80,442
93,713
145,927
37,16
93,308
134,571
135,371
14,479
55,154
95,475
154,90
105,190
170,659
159,699
15,890
124,922
123,170
107,621
33,374
48,216
34,41
155,628
167,415
107,150
116,914
35,349
9,499
3,72
35,792
10,13
141,292
12,488
94,960
133,525
42,134
38,491
33,696
80,525
83,607
158,230
17,507
132,899
86,518
121,518
170,953
124,211
70,55
90,239
139,406
123,711
104,450
117,931
4,693
49,896
124,911
162,838
49,453
145,837
104,960
122,843
37,569
11,208
105,454
32,727
148,948
148,591
65,701
104,760
95,846
9,91
48,198
87,495
135,150
45,202
164,631
70,998
157,758
119,958
10,947
139,226
79,50
112,156
97,145
160,378
174,238
102,320
80,75
70,552
122,814
126,451
163,301
87,584
188,580
71,125
129,550
59,389
132,776
185,6
139,595
135,944
135,937
181,767
16,601
195,198
43,21
113,613
100,292
75,742
135,784
17,488
91,974
91,984
34,835
86,855
182,236
154,989
17,642
47,783
90,330
36,938
83,29
8,778
50,53
140,590
177,815
120,945
52,991
188,488
105,52
170,179
121,987
133,486
15,977
51,985
64,137
30,859
165,347
129,792
54,645
104,214
11,202
181,888
160,129
131,845
89,538
189,887
110,477
70,230
162,394
6,299
129,702
159,544
134,241
62,402
36,754
141,703
167,117
113,750
82,7
111,960
11,705
152,301
183,994
119,974
17,548
131,530
4,691
172,400
173,640
165,706
89,74
60,87
150,125
197,283
42,579
105,459
52,798
4,458
65,401
141,745
100,758
53,552
97,304
100,858
20,63
191,467
141,707
194,102
44,463
117,871
154,264
159,126
121,435
84,872
82,978
132,914
157,566
131,134
57,914
154,67
105,735
38,495
9,301
160,104
73,979
165,122
134,957
195,823
93,427
33,244
61,925
53,545
173,243
29,412
128,184
149,49
9,241
116,144
175,315
165,504
16,757
170,599
170,261
31,743
157,367
23,201
14,501
77,336
94,151
154,36
163,9
51,360
158,889
44,656
6,980
94,931
123,663
9,874
142,202
149,699
34,847
169,159
107,248
186,3
53,56
128,517
193,240
161,509
17,861
165,420
67,152
187,622
71,799
187,413
26,151
162,937
91,662
126,625
138,680
170,126
178,170
49,195
31,702
108,30
51,53
139,731
157,616
48,696
194,691
96,413
62,915
174,82
23,299
6,880
44,745
25,359
54,52
131,826
4,828
73,57
42,471
106,74
120,914
126,559
26,173
177,960
132,604
64,252
34,225
71,960
96,263
36,678
38,777
188,211
172,676
22,766
123,697
128,530
29,948
100,182
29,747
71,977
41,487
107,372
167,443
87,449
6,490
109,155
18,706
66,904
31,419
56,886
81,57
174,143
17,291
48,85
6,387
167,124
32,873
68,897
18,48
192,400
73,330
87,973
129,191
2,26
175,587
66,775
17,710
33,806
70,260
92,128
97,100
153,315
105,341
64,802
119,3
160,156
56,764
131,685
121,623
133,842
61,824
47,641
58,174
193,754
63,729
98,999
113,451
7,612
142,582
95,209
77,151
91,710
199,68
128,62
32,197
182,325
129,547
24,695
41,124
96,384
195,948
90,138
68,573
148,634
64,882
1,897
193,518
121,127
53,14
195,105
104,94
143,536
7,317
198,966
194,850
18,107
180,186
17,677
34,395
32,52
152,687
179,655
2,436
177,122
13,725
36,743
147,797
100,483
69,963
108,881
181,609
121,450
131,26
50,292
147,802
50,108
112,819
60,740
153,221
179,860
78,557
61,376
93,453
80,591
8,555
88,451
77,910
125,86
126,454
28,328
86,420
75,535
148,708
97,259
61,157
39,731
68,798
101,602
99,239
28,830
137,963
163,104
84,943
137,610
157,431
1,601
158,202
181,998
166,647
41,398
52,258
51,54
154,154
111,162
5,833
73,525
35,258
6,115
89,149
18,462
197,213
139,113
13,70
169,535
158,999
114,245
190,211
178,641
47,292
123,101
88,676
42,350
143,972
150,631
156,718
181,409
197,487
60,630
16,195
27,774
100,583
115,797
46,860
134,105
139,793
199,523
95,660
137,257
10,469
62,812
75,235
22,586
6,933
175,563
91,643
115,718
55,283
101,634
194,959
133,900
182,446
182,473
87,702
141,836
153,486
16,96
85,733
178,748
74,947
39,911
171,137
170,644
127,41
159,984
185,877
95,384
122,467
167,829
41,36
13,738
83,712
60,425
200,563
135,738
200,611
14,568
148,443
70,226
81,936
183,771
63,863
140,181
9,105
139,481
126,423
116,713
21,168
147,276
167,259
187,79
18,380
57,647
1,991
158,111
39,720
127,743
15,825
114,199
99,410
46,53
105,662
197,909
39,509
33,265
72,466
4,846
146,596
196,975
110,482
67,374
4,465
17,443
38,239
152,159
92,137
112,693
89,691
94,341
178,648
114,969
87,955
114,418
171,527
32,114
42,859
2,38
92,430
83,703
82,355
63,50
192,681
65,21
124,818
185,285
51,643
153,209
136,470
41,908
170,461
3,487
168,926
93,621
184,220
59,361
159,670
46,293
43,200
143,307
65,568
34,253
177,155
140,604
4,100
191,483
17,38
102,207
125,538
20,706
32,559
111,535
151,830
63,557
55,599
176,721
187,352
197,267
49,284
161,342
198,512
178,707
20,137
144,292
15,829
56,777
130,270
194,64
95,566
136,476
2,258
158,753
24,582
51,831
30,561
167,473
57,133
60,758
50,335
27,581
85,54
158,425
36,194
64,313
70,27
173,373
192,746
146,779
192,768
185,685
63,967
142,750
158,558
61,249
51,216
115,696
134,499
53,685
169,236
84,764
135,61
84,853
141,166
157,645
150,957
136,617
177,348
146,766
129,70
73,978
133,550
4,332
158,343
18,359
88,421
125,281
104,309
35,866
47,474
51,54
10,426
62,401
76,475
10,285
135,491
16,301
36,544
161,46
70,950
172,554
157,112
155,145
159,299
162,277
114,433
55,201
163,675
117,501
198,617
147,905
62,523
5,953
66,799
115,804
11,117
63,861
3,204
117,441
3,939
70,607
28,601
26,756
127,610
145,480
6,805
85,467
149,917
173,459
56,103
6,517
14,750
45,500
191,72
59,975
109,171
47,929
82,377
125,533
73,74
145,10
64,153
33,138
19,120
57,845
179,520
131,437
158,657
191,70
143,415
111,886
8,902
121,15
158,814
79,82
177,772
149,330
127,164
197,259
23,947
106,571
88,760
130,979
170,653
66,359
179,815
54,744
100,581
131,677
19,641
10,996
90,205
187,894
80,10
94,228
76,509
74,584
47,919
164,846
55,43
176,553
17,788
13,483
186,638
150,924
60,277
91,416
92,74
58,604
171,28
121,988
171,173
100,466
77,874
170,860
83,866
64,750
58,630
97,135
82,745
147,608
145,81
113,893
141,863
8,670
183,923
47,493
26,325
48,894
36,464
61,494
180,166
188,143
106,205
196,966
136,974
109,115
120,113
98,576
17,198
194,562
49,348
135,107
127,520
25,30
200,368
40,306
165,329
4,193
81,465
165,549
55,376
80,183
19,769
30,958
181,896
52,902
167,799
162,347
122,634
102,94
80,985
68,304
6,62
85,469
150,583
125,620
141,311
57,85
88,176
42,497
182,982
160,87
29,14
174,478
79,446
90,350
11,416
95,782
61,10
46,670
2,27
109,551
192,415
89,668
42,194
41,52
78,140
6,658
74,164
38,907
72,477
3,268
41,535
76,514
81,50
20,206
104,495
36,303
87,21
144,631
61,145
185,55
6,541
82,917
190,706
141,697
114,331
38,67
146,232
41,393
156,305
71,678
97,314
57,102
6,129
151,119
190,904
35,28
145,502
112,669
88,941
134,220
162,368
127,117
165,719
121,912
134,782
109,140
4,534
190,610
45,469
149,591
127,631
50,257
143,219
45,584
65,533
5,505
68,145
103,515
160,10
31,459
91,63
25,478
123,357
72,463
90,34
57,661
20,429
162,825
178,865
193,528
32,367
118,196
110,439
80,744
4,686
156,756
107,574
2,119
45,27
5,216
145,22
136,667
32,719
153,472
187,59
172,315
114,416
87,985
160,341
76,896
74,917
10,573
139,570
129,344
3,202
126,167
18,939
147,210
7,315
24,569
5,533
168,306
143,136
151,789
105,18
183,729
73,430
41,58
141,512
60,873
141,313
57,143
43,103
94,783
101,237
76,916
51,620
183,498
108,871
129,147
161,359
33,843
63,520
25,352
197,289
122,315
54,721
44,809
166,622
154,365
84,827
115,363
81,244
136,235
93,32
112,933
89,712
65,74
49,812
148,835
8,920
121,656
71,893
65,255
33,585
125,583
34,707
198,3
48,916
193,995
36,959
48,127
198,148
61,695
191,464
169,9
169,236
40,650
167,711
36,538
129,998
137,623
186,486
16,695
47,692
189,445
8,60
163,361
36,63
109,867
195,118
8,773
135,295
28,900
7,829
99,780
150,932
169,708
127,486
176,659
119,346
49,916
36,249
141,403
50,681
164,496
121,211
104,749
76,149
30,453
140,343
183,895
170,483
42,880
44,528
185,681
5,833
186,274
181,713
58,406
155,92
113,990
190,302
48,756
55,568
14,777
167,549
112,618
23,596
22,536
14,588
138,107
122,307
82,338
180,135
183,461
198,328
164,204
127,881
3,911
7,258
29,939
9,178
189,206
57,867
99,792
41,575
97,294
21,71
101,903
155,129
126,483
167,51
63,969
142,609
60,695
185,73
172,230
179,677
110,672
67,596
6,825
63,443
183,336
116,78
109,541
133,612
126,152
152,667
57,74
154,31
20,40
22,556
90,984
91,279
3,384
194,497
193,266
74,529
125,892
6,902
57,918
143,88
178,919
128,100
124,836
69,496
75,616
6,816
198,486
157,187
63,146
135,379
52,241
124,255
102,150
51,26
178,339
195,456
103,155
177,52
180,867
119,171
99,937
105,839
155,249
32,902
137,735
94,819
129,793
87,178
181,667
26,963
134,446
37,379
57,616
92,951
100,219
149,271
174,551
126,289
48,137
66,209
187,300
150,59
152,853
52,818
66,146
99,774
197,599
199,161
105,227
79,261
77,575
54,7
65,115
5,868
95,316
87,672
136,626
100,12
18,610
58,653
117,503
44,565
100,512
82,658
194,445
104,758
138,25
126,200
80,347
179,706
191,932
118,852
32,24
119,108
118,526
6,419
91,332
10,177
110,311
122,138
35,207
20,268
106,698
76,809
40,48
39,14
115,405
92,500
147,441
102,775
117,358
134,83
177,212
77,234
197,304
178,278
119,961
114,855
190,390
192,173
60,407
181,715
146,395
105,690
64,458
141,924
110,123
47,988
2,860
67,982
91,638
127,509
199,420
124,869
185,658
65,59
65,635
90,937
8,406
165,613
43,358
22,768
155,961
171,955
32,89
89,677
96,440
88,994
46,632
37,467
172,569
32,646
49,415
37,265
175,563
3,791
182,273
111,493
121,942
156,225
51,570
61,598
87,807
187,56
39,641
119,574
99,985
170,977
41,692
99,207
174,890
28,271
23,234
82,762
9,198
177,860
156,462
135,997
81,84
77,838
19,181
5,863
18,76
197,596
7,395
127,972
125,236
107,558
82,180
174,242
117,955
197,658
80,950
119,426
32,119
86,351
137,752
73,599
171,780
123,787
49,520
78,10
1,532
29,77
16,366
37,94
43,271
6,683
123,434
186,423
124,536
97,719
26,629
137,399
195,391
75,362
52,250
133,205
117,233
53,126
12,825
113,843
162,848
78,449
103,26
50,89
11,481
114,469
49,661
95,253
61,592
105,271
21,277
80,93
43,493
196,379
123,836
146,549
142,15
45,469
193,144
15,629
156,868
176,202
85,168
94,74
40,1
159,544
117,851
92,349
80,956
192,410
128,892
184,58
3,294
122,363
175,561
118,45
26,136
191,532
5,576
118,34
50,281
26,950
31,402
51,552
108,76
10,94
3,543
52,55
27,381
50,352
193,955
173,650
36,886
115,999
143,23
12,826
187,335
105,915
10,522
137,418
50,806
143,976
169,820
74,88
154,982
99,144
140,320
28,830
154,268
68,450
73,399
159,30
186,369
127,594
43,255
44,679
188,65
198,556
51,586
83,493
107,722
139,910
89,202
136,621
60,195
84,385
33,717
69,116
156,356
22,478
196,569
103,241
26,557
167,597
46,475
133,390
159,786
144,661
94,423
132,481
185,880
146,394
178,466
180,208
120,705
153,746
157,372
99,548
134,828
9,749
133,331
190,705
154,675
105,447
90,147
31,960
98,875
56,705
164,646
78,539
122,566
97,767
69,888
134,25
32,53
85,950
30,666
24,518
73,820
36,678
191,824
97,946
78,127
190,5
41,150
13,375
137,246
83,593
83,652
122,791
142,536
6,713
137,229
89,138
97,878
45,744
115,251
171,937
138,185
114,406
5,447
182,712
117,37
102,149
94,5
159,83
172,483
187,670
158,172
104,996
26,97
159,976
182,552
182,969
16,624
84,934
112,720
16,807
97,664
147,625
61,743
47,251
36,754
50,442
126,710
62,410
179,349
176,262
185,975
13,84
193,577
188,489
55,123
18,92
198,175
6,865
188,146
119,174
46,117
101,248
18,501
76,685
174,642
25,634
153,872
58,561
146,132
170,462
63,230
72,929
5,621
183,344
138,405
63,328
75,448
150,190
64,801
36,393
200,817
110,143
66,156
149,745
152,894
191,435
97,840
58,606
5,890
115,284
34,678
99,434
53,216
129,949
161,640
22,179
38,541
7,10
48,844
57,658
121,57
162,794
193,695
187,888
105,22
160,825
200,702
51,74
74,68
118,686
63,707
64,399
29,164
60,603
56,207
141,94
141,606
66,352
162,287
171,670
150,953
114,360
21,705
175,900
87,162
62,792
136,698
88,575
148,450
39,357
6,985
198,912
98,468
183,78
58,146
35,888
175,778
57,462
181,761
5,594
5,906
61,108
62,317
101,320
75,937
59,619
3,720
22,337
174,871
59,227
148,915
86,574
58,860
49,709
35,833
171,434
93,41
158,14
31,179
136,73
130,316
167,806
137,628
57,652
100,307
86,616
16,253
173,54
196,59
100,477
148,607
18,669
52,291
105,573
189,41
98,643
8,394
89,406
17,149
29,689
127,862
80,484
36,423
125,185
55,312
10,445
139,560
184,451
128,153
124,794
87,944
164,204
141,428
100,563
153,707
125,725
15,456
54,845
187,307
166,129
27,551
5,745
194,523
158,696
53,112
102,944
155,518
35,906
52,738
128,591
198,607
191,381
63,993
183,309
35,697
163,944
8,338
106,416
129,24
117,230
92,832
44,406
116,325
100,362
46,637
194,695
181,553
2,384
63,666
10,819
50,407
31,10
5,914
69,642
112,962
162,955
6,846
188,341
28,3
6,100
145,736
160,350
1,48
160,824
143,764
121,174
102,278
108,147
116,105
107,925
117,360
34,869
3,370
147,251
196,749
86,857
68,81
95,863
128,749
41,241
149,508
67,190
65,815
119,290
39,666
84,554
151,99
160,879
149,725
81,630
126,773
80,439
84,92
148,546
76,434
175,844
96,388
55,935
191,113
102,31
53,190
165,575
170,568
131,604
67,688
137,983
147,496
143,849
157,311
27,711
127,130
111,784
58,709
181,365
35,532
142,141
129,11
174,702
136,165
55,100
80,198
170,894
184,40
170,989
39,358
39,41
3,669
33,795
148,773
177,869
133,639
8,297
42,687
107,588
178,561
12,556
123,557
45,907
81,243
67,387
127,673
1,601
150,978
114,903
170,517
192,338
167,38
194,446
19,393
18,256
31,667
39,963
32,471
136,547
170,740
137,736
134,690
184,642
23,445
166,189
101,433
104,627
131,488
69,775
36,165
61,899
59,943
136,947
74,312
80,410
18,94
118,582
187,777
82,310
153,745
95,946
191,470
18,697
22,452
200,11
76,631
66,660
180,317
167,650
19,373
50,396
32,264
86,876
19,704
171,658
139,903
193,224
19,937
59,155
25,859
176,540
29,717
97,823
122,828
11,309
150,107
93,403
28,12
15,947
125,131
111,64
120,963
98,525
175,898
91,73
108,899
75,762
15,657
109,295
9,900
14,345
142,783
191,995
183,295
76,356
27,741
35,515
44,494
36,637
67,813
41,916
138,636
140,78
29,865
109,964
111,827
196,291
153,488
42,687
70,538
192,253
40,324
154,330
127,308
179,565
94,637
28,772
57,212
128,361
149,593
198,204
58,262
94,807
142,192
200,997
54,562
137,91
129,501
29,407
152,259
99,764
113,785
89,443
144,908
200,628
171,771
35,769
155,644
47,318
166,818
117,417
133,33
121,140
85,481
170,585
114,366
162,75
49,96
83,764
72,429
49,434
128,672
109,979
39,107
56,703
112,837
4,444
38,631
73,841
182,605
71,958
69,477
161,974
47,807
128,139
80,364
83,683
125,400
154,602
150,548
198,934
128,321
18,108
160,293
136,607
64,691
52,735
57,408
193,910
54,632
145,837
111,31
18,320
70,505
30,374
176,758
148,588
176,470
127,675
20,590
67,950
162,280
85,638
94,714
158,403
21,270
10,898
158,915
117,465
80,87
131,289
27,850
37,941
98,259
8,334
64,987
93,139
154,227
45,139
119,416
151,717
125,196
179,674
16,334
117,185
31,523
111,286
87,835
174,227
34,674
112,95
103,633
20,480
66,587
145,228
164,726
157,285
89,659
42,171
115,727
152,815
26,530
3,363
81,805
68,879
126,53
15,725
107,949
194,573
136,497
61,822
184,5
161,144
145,428
168,133
7,836
89,755
105,664
64,239
101,878
67,50
198,593
116,418
38,771
140,891
42,454
22,949
170,164
192,813
143,563
46,948
194,848
200,421
63,126
6,750
146,416
193,560
117,930
45,383
77,48
113,505
198,753
65,552
136,740
194,865
19,985
107,885
130,156
3,286
56,168
133,94
35,473
125,224
29,775
117,774
119,304
174,898
44,695
124,549
155,1000
165,785
68,194
123,558
175,572
121,164
70,142
119,358
129,801
21,280
7,711
98,336
15,742
85,560
3,848
185,952
147,654
95,220
28,438
77,452
13,383
157,919
163,270
141,811
143,883
120,347
49,719
70,37
124,661
162,641
56,185
138,651
76,354
97,845
140,524
173,588
61,148
36,863
135,67
164,931
123,90
10,562
48,147
140,123
145,275
15,220
52,264
146,716
123,469
92,654
162,631
64,217
99,454
200,556
60,366
132,565
73,350
71,596
9,689
140,420
125,649
135,97
54,516
173,822
37,769
60,707
177,108
181,746
26,627
105,829
183,512
199,729
102,688
72,463
81,683
134,759
64,910
63,365
97,389
64,531
133,688
196,171
131,170
47,458
3,409
174,906
162,595
121,512
117,498
61,34
137,834
80,185
149,805
130,321
16,462
113,40
163,144
55,443
139,92
173,55
185,681
67,891
109,804
60,397
171,251
37,762
5,90
89,834
77,385
19,134
19,263
188,601
24,752
45,656
47,550
168,651
107,694
115,194
27,680
152,267
187,124
164,671
148,895
66,835
147,982
39,661
107,944
188,690
82,696
27,121
137,340
180,964
130,57
46,7
47,665
55,95
83,647
200,662
43,104
171,719
190,660
140,14
146,959
106,72
40,318
157,159
16,976
29,563
185,833
77,762
60,333
188,738
153,486
58,13
198,636
134,56
105,328
121,150
124,903
49,533
13,106
107,715
87,566
79,872
93,429
50,187
175,257
89,296
191,8
189,369
58,443
1,410
84,433
130,103
193,329
67,641
3,851
154,534
200,374
176,162
25,462
181,484
47,649
145,448
34,951
39,593
48,233
185,694
73,765
106,493
28,553
78,279
107,77
169,451
49,144
116,305
63,26
169,455
101,744
172,646
170,722
99,457
168,259
162,6
4,102
163,532
185,959
183,308
119,819
172,894
166,437
99,600
154,843
191,375
49,353
147,385
7,455
23,150
71,925
14,564
65,688
122,392
92,718
40,900
8,786
173,356
98,179
48,703
77,780
117,128
137,61
49,995
164,804
133,541
19,826
161,861
75,647
62,468
27,62
74,735
82,659
134,192
98,62
152,412
191,37
7,746
117,323
15,471
178,794
148,465
87,797
38,165
19,467
130,10
106,420
127,455
78,872
129,72
131,593
52,12
181,642
18,409
52,707
172,805
111,515
70,129
109,901
62,950
55,448
21,561
151,97
61,325
88,919
153,916
194,740
112,373
118,167
120,149
141,505
142,116
169,743
130,809
66,691
30,742
78,876
119,390
48,827
173,243
131,38
41,403
196,501
15,803
153,297
105,72
143,437
119,695
124,90
191,417
196,286
19,532
32,270
108,54
66,906
170,690
148,593
23,155
151,677
57,440
52,789
38,151
133,31
189,678
43,622
115,616
131,5
19,218
196,305
125,155
192,847
11,962
145,445
126,931
63,552
186,946
109,397
124,354
18,639
111,384
54,455
100,469
7,249
160,889
185,944
45,493
78,636
153,88
77,238
140,243
158,978
114,691
82,839
1,352
57,15
141,947
161,197
55,846
97,780
10,927
27,301
110,856
126,941
29,359
20,85
163,553
174,575
133,570
182,189
125,54
62,164
190,853
44,304
185,518
157,66
61,386
10,314
50,460
69,353
95,460
166,405
112,796
186,254
146,881
78,19
138,88
147,988
34,509
85,520
71,726
134,938
41,501
113,378
152,311
116,619
48,870
44,476
172,906
14,86
152,155
66,669
97,475
91,627
81,496
158,646
99,211
63,486
31,952
177,74
154,206
82,122
119,32
142,467
29,427
81,55
136,826
29,479
13,209
175,450
102,70
56,336
42,295
40,565
27,439
149,906
71,338
62,823
180,727
140,266
81,352
77,167
163,649
166,476
35,286
70,655
113,355
195,208
159,857
161,568
115,646
166,597
177,762
35,677
9,92
73,910
133,152
157,172
51,989
124,626
47,376
174,587
188,897
173,615
98,547
106,995
171,330
3,389
107,27
31,876
22,412
89,345
135,958
103,363
25,84
89,999
8,244
83,373
95,566
27,821
140,694
15,690
176,690
193,53
107,410
168,31
92,434
176,780
124,492
169,817
48,655
27,193
112,19
11,551
70,751
185,878
55,553
9,940
7,927
188,436
63,738
156,618
60,506
136,142
200,970
63,433
150,719
30,14
155,696
159,743
128,679
135,464
44,849
17,591
26,831
99,203
172,7
177,677
195,629
29,443
85,94
108,557
11,32
70,846
124,189
27,335
51,339
121,912
171,33
6,628
54,339
131,461
21,497
16,922
48,11
14,677
187,360
84,964
170,374
4,669
28,768
140,462
136,593
4,930
15,669
84,953
48,604
156,785
68,148
58,135
91,355
170,272
52,662
51,264
156,176
176,793
54,179
166,802
22,945
45,694
78,204
2,145
85,528
169,652
52,253
178,17
56,410
162,75
62,139
36,504
109,752
149,16
66,842
167,690
179,496
168,270
77,509
168,890
59,13
155,649
185,526
27,124
8,860
190,456
164,739
143,14
187,856
143,500
108,845
98,493
136,313
87,212
51,298
164,667
49,747
63,360
174,795
118,525
77,225
117,41
200,72
174,76
130,779
175,47
51,203
190,409
22,210
101,218
124,723
84,25
108,23
81,62
57,250
185,952
96,100
29,405
61,819
187,677
198,491
143,773
74,889
91,697
116,641
61,423
44,360
62,14
63,274
170,666
33,827
111,804
1,173
113,856
61,192
33,412
158,624
34,966
116,139
163,530
119,27
34,189
155,310
191,15
5,602
184,501
85,84
18,4
200,191
146,243
155,646
180,271
3,589
200,810
148,423
91,429
120,875
143,582
92,647
98,282
190,364
156,996
173,967
135,676
24,777
114,66
54,898
10,228
42,915
152,149
144,299
77,178
185,171
28,218
140,300
189,209
56,131
24,790
63,900
59,784
10,906
16,663
13,297
188,942
43,637
85,385
1,195
8,771
34,611
51,699
1,596
87,892
129,503
165,188
7,174
7,789
116,365
40,52
6,859
178,177
84,366
101,609
55,86
131,443
2,446
181,166
58,836
164,808
30,273
62,540
123,289
78,237
127,872
63,8
90,234
91,631
108,136
125,424
61,15
9,754
151,983
126,392
196,235
198,650
48,334
36,469
169,251
156,451
99,498
198,265
141,562
23,238
149,97
71,150
3,237
128,372
199,403
158,969
80,65
80,255
18,857
77,30
27,241
151,541
144,483
179,575
80,166
157,377
62,728
200,207
185,943
119,106
132,950
151,262
193,192
138,908
73,13
138,715
161,546
196,796
130,376
106,690
57,514
3,188
169,559
200,344
39,71
39,778
14,51
74,658
24,414
69,956
142,911
180,369
182,96
95,361
146,877
104,268
139,941
123,848
9,193
35,954
31,531
119,16
62,629
94,746
11,744
171,562
141,561
133,287
43,809
60,684
93,633
68,9
35,752
18,422
148,554
178,47
109,566
18,233
88,643
100,209
176,729
99,882
38,147
70,702
74,444
198,189
110,342
94,422
32,374
171,503
169,462
33,840
59,347
169,353
22,1000
123,136
119,288
177,563
76,467
153,699
48,479
11,911
91,593
154,272
72,387
26,461
58,323
58,412
15,430
181,513
74,967
75,511
188,698
1,433
186,713
126,315
2,624
190,65
176,161
99,31
40,652
130,467
164,56
6,744
115,775
17,111
7,440
76,521
14,913
196,149
199,200
38,970
92,690
194,521
102,577
160,826
161,925
131,960
5,64
199,556
138,958
26,292
135,308
139,651
155,319
100,704
85,269
19,717
18,185
71,734
45,988
37,613
106,977
16,435
197,636
22,256
143,186
188,123
122,729
41,760
198,640
81,843
37,705
20,572
106,441
114,530
37,217
169,595
105,495
83,441
185,466
106,726
95,599
75,702
143,407
58,461
143,484
165,677
136,358
86,604
186,456
29,914
21,789
134,636
124,712
34,290
184,532
30,543
188,455
5,951
111,204
56,490
162,551
117,268
114,157
182,422
197,794
114,739
55,169
99,765
133,113
60,427
17,345
169,750
158,228
103,316
13,495
178,402
35,48
179,999
162,845
46,971
173,552
40,973
183,30
124,315
162,602
83,728
158,419
47,759
72,92
165,252
200,147
72,352
154,943
188,112
186,133
62,694
19,293
170,700
22,277
44,84
90,534
38,351
66,981
199,351
189,798
176,823
31,258
57,314
56,555
38,354
16,58
135,948
187,392
173,619
197,603
33,37
90,71
16,198
65,710
199,77
93,607
78,770
159,800
169,781
36,736
140,193
73,594
73,156
133,253
91,852
35,454
16,430
3,457
124,663
187,665
20,282
154,853
123,406
75,147
60,406
157,110
127,906
165,48
61,800
34,320
45,187
59,290
18,471
168,469
151,990
183,790
39,782
177,766
21,982
173,108
118,61
10,374
42,295
81,881
160,403
4,637
7,97
41,771
121,871
31,493
44,861
10,577
173,551
74,929
5,161
114,794
9,659
148,278
51,94
90,175
30,95
194,813
156,836
194,633
126,126
121,536
107,739
47,354
168,996
103,712
24,377
105,247
109,569
139,976
103,280
172,396
163,681
87,663
5,292
195,332
97,589
100,6
197,766
107,953
41,531
90,234
99,838
194,647
169,740
125,840
80,620
44,573
162,823
18,542
121,988
20,830
196,76
178,207
182,421
60,360
198,296
49,996
31,239
63,973
31,95
178,145
176,954
126,764
14,448
185,810
74,328
80,492
136,809
53,919
147,764
168,581
6,286
149,486
156,731
23,19
62,41
188,215
58,849
122,602
156,119
104,73
132,343
184,2
42,631
119,409
113,54
200,439
66,290
2,612
54,778
8,719
194,328
124,451
109,864
184,665
23,298
4,393
150,759
40,402
6,45
89,292
40,572
107,221
89,501
72,40
143,516
170,346
28,454
79,272
77,298
20,250
196,540
140,859
34,324
139,665
47,737
63,795
170,360
88,149
101,234
118,211
63,549
197,61
99,783
26,508
123,633
154,525
145,46
73,872
195,214
137,711
23,936
14,11
102,221
28,3
81,966
153,648
189,835
197,361
8,473
104,128
66,5
172,270
132,440
130,479
29,883
169,445
153,61
124,963
62,878
58,570
38,820
28,59
154,187
14,48
160,111
30,286
155,739
135,617
36,120
176,392
143,358
6,588
131,861
155,287
119,638
50,629
134,858
165,226
172,395
66,926
101,617
3,644
108,650
29,15
157,438
10,227
60,533
187,159
199,781
38,700
54,566
162,725
43,188
62,383
55,470
82,334
174,509
35,477
178,39
86,627
34,773
164,325
8,667
17,973
140,874
162,859
138,455
39,48
105,632
103,369
198,848
113,509
104,499
187,790
120,560
130,483
32,195
3,525
161,261
129,216
155,509
34,2
11,402
181,436
55,134
159,343
110,521
145,554
97,363
113,318
129,965
198,601
195,800
63,411
120,876
164,19
111,768
17,581
180,870
192,507
92,9
1,223
135,79
185,903
77,664
15,264
53,897
143,554
1,91
91,871
53,72
91,988
2,11
193,370
178,546
54,380
172,195
78,705
139,329
168,914
143,301
48,339
85,408
18,283
17,753
114,970
134,309
56,905
116,400
8,101
199,535
191,999
51,192
200,368
123,696
147,524
31,989
180,394
153,364
179,684
194,237
166,836
94,154
67,691
186,417
195,847
152,195
194,704
110,53
67,779
184,189
84,587
149,22
67,759
175,692
182,8
18,630
62,944
147,815
81,745
144,589
131,82
181,764
131,746
75,242
184,191
72,836
79,912
93,509
183,319
60,320
167,188
81,606
91,646
20,162
40,571
104,777
150,342
37,599
196,729
57,896
189,744
162,514
42,106
13,446
40,552
98,566
89,139
26,700
11,41
181,469
58,345
153,34
20,208
47,751
164,361
119,24
166,783
78,294
22,815
67,522
37,153
72,774
54,815
5,188
87,630
84,517
134,572
94,902
84,923
114,214
153,867
57,621
126,274
44,656
103,8
140,368
91,46
35,680
101,162
195,853
96,812
151,627
29,273
195,693
196,851
61,863
198,325
56,809
147,839
93,970
153,823
82,418
155,861
32,477
42,971
4,483
16,254
112,720
125,634
143,842
129,615
53,486
50,399
57,921
13,99
89,916
167,188
121,940
124,206
120,290
184,556
24,126
137,309
71,560
127,547
149,873
5,366
39,589
26,556
73,297
13,583
6,63
43,351
83,952
133,468
131,157
83,888
119,204
29,217
6,184
41,886
8,980
60,464
195,849
63,954
162,355
78,44
94,656
60,206
176,698
65,797
1,822
25,428
72,996
176,472
140,752
93,681
16,840
182,427
9,640
185,235
51,512
18,636
138,390
91,518
82,73
6,134
182,905
179,976
191,72
188,296
103,331
67,551
27,578
197,684
53,178
43,895
6,810
101,957
18,362
44,701
82,881
8,82
154,831
21,449
124,617
131,730
114,578
81,22
77,478
164,718
9,12
103,188
36,331
12,78
116,834
127,342
157,80
120,703
73,823
140,661
152,39
154,951
46,204
145,805
57,419
5,718
79,657
72,497
5,476
186,771
162,20
108,444
14,745
92,505
158,390
83,132
121,211
148,867
143,253
19,749
25,164
188,867
84,607
129,884
41,143
22,528
181,613
138,460
3,113
111,976
40,700
75,701
66,276
89,73
102,623
106,85
56,501
4,250
67,31
139,686
73,621
122,534
83,231
32,326
183,46
36,999
161,467
163,299
62,577
63,961
156,732
30,878
145,104
176,759
98,361
72,323
152,288
139,25
106,138
15,592
172,324
34,756
193,507
158,343
129,961
163,839
102,61
115,161
91,63
153,195
49,652
171,730
57,808
6,152
13,831
107,789
141,191
37,14
83,220
131,290
87,809
42,570
29,212
65,587
120,527
82,843
115,952
82,887
39,861
58,149
97,386
22,1000
9,215
141,160
29,122
135,423
45,8
196,328
194,45
173,132
96,813
82,68
63,49
145,774
162,601
159,402
45,624
77,185
171,418
75,659
157,511
196,504
5,487
6,224
75,346
97,179
19,365
92,339
35,497
66,157
29,409
146,946
27,599
92,777
125,364
146,805
78,118
170,582
187,16
65,331
68,865
148,51
112,330
78,737
128,539
191,852
38,624
38,308
15,672
158,514
134,397
110,413
19,951
169,111
136,890
114,894
15,865
4,449
69,628
198,780
142,622
4,14
107,94
141,41
40,895
9,936
49,118
96,379
111,922
119,473
82,191
30,901
106,201
95,635
41,641
66,752
72,309
200,364
8,462
112,331
79,468
136,917
132,592
25,817
82,813
96,639
62,638
138,599
120,503
93,966
175,918
171,121
79,137
82,951
184,513
6,510
191,303
38,163
30,166
1,800
50,800
121,762
55,818
106,13
3,109
78,330
48,955
62,182
63,135
195,639
28,777
74,137
164,927
9,271
193,103
125,603
55,736
147,336
57,524
75,197
4,899
124,73
177,523
78,421
111,12
156,27
63,733
85,113
167,276
153,53
168,214
56,946
60,100
64,583
50,908
98,758
10,930
92,715
122,152
188,779
14,696
116,207
23,73
93,858
173,781
184,423
126,883
106,701
45,956
61,515
110,368
137,136
104,240
7,807
25,725
97,884
20,516
15,194
9,810
172,221
135,449
149,780
195,282
41,408
55,691
73,8
188,363
76,775
127,367
96,75
86,859
194,679
103,637
134,231
41,192
156,842
149,74
180,829
141,915
18,167
130,897
161,8
156,993
18,829
145,87
120,482
179,30
21,590
177,539
48,858
125,475
166,985
30,468
152,345
104,509
133,338
163,575
113,837
102,448
32,159
21,729
116,502
183,754
190,290
187,265
80,111
89,859
97,369
116,293
55,971
124,914
86,992
154,541
48,301
137,77
56,149
138,808
30,518
4,803
25,984
47,631
176,375
91,515
70,684
71,325
115,951
49,333
43,400
68,36
115,111
179,738
78,872
161,951
147,86
51,111
11,272
111,945
186,381
37,511
80,57
187,269
92,443
65,329
72,814
55,69
163,183
148,58
61,541
46,433
82,102
40,775
151,262
116,190
147,597
34,416
198,230
50,461
9,925
168,982
9,614
90,125
18,224
175,622
22,696
48,859
38,160
113,738
111,102
90,567
66,798
39,356
179,87
23,932
139,770
122,710
76,953
47,162
62,123
144,337
130,222
23,969
179,775
56,176
160,495
90,503
7,205
75,943
8,638
114,875
31,747
138,96
69,847
137,379
79,235
103,149
164,794
113,979
168,274
134,865
187,109
144,476
49,119
123,743
142,896
197,322
35,607
123,443
75,167
131,260
168,883
193,400
141,325
32,605
40,413
17,500
177,952
171,787
91,703
139,834
103,853
154,153
116,719
183,291
42,674
157,52
165,55
58,635
31,402
32,43
36,525
21,111
28,969
26,502
9,308
6,297
183,917
128,558
168,674
121,236
122,307
131,51
96,139
31,743
176,475
187,4
33,48
128,939
62,579
124,787
15,644
21,427
174,233
32,434
34,593
81,527
17,941
14,851
116,491
29,596
102,673
127,445
126,890
192,972
66,68
176,413
99,849
14,415
69,562
87,895
141,697
192,781
135,554
168,294
162,821
80,273
171,140
74,350
15,924
70,751
158,765
130,524
104,299
91,228
129,434
144,766
75,324
28,177
107,338
46,506
107,432
114,964
61,972
28,352
95,177
81,859
70,95
178,478
139,218
47,91
21,155
98,976
138,976
28,567
106,530
95,25
101,220
77,334
135,692
88,427
192,705
152,504
125,65
1,296
95,669
97,517
192,904
142,188
112,940
179,242
78,181
78,188
53,369
158,190
136,896
134,654
122,12
5,340
35,358
22,816
54,404
47,488
46,336
137,968
104,121
130,189
26,67
161,264
3,727
141,280
187,514
120,265
40,423
30,356
162,802
80,479
30,822
44,71
197,747
97,962
33,484
96,466
162,197
62,924
182,189
9,26
108,98
29,887
166,693
157,808
58,446
142,625
89,957
40,629
178,684
121,797
73,830
200,553
3,173
184,199
60,651
92,164
62,327
133,646
65,698
96,612
111,242
143,220
171,671
133,316
101,64
116,296
150,995
19,403
192,993
157,535
32,325
84,332
112,105
50,811
156,439
193,715
14,814
172,319
121,662
83,934
196,120
163,7
75,190
69,812
36,329
143,267
101,384
133,970
152,596
54,205
63,812
87,489
24,459
111,561
183,369
50,520
70,605
158,814
70,23
134,753
70,759
116,476
38,481
158,962
116,158
131,25
159,894
36,510
118,763
19,305
1,25
176,292
97,946
66,54
136,510
154,555
26,978
122,242
111,113
131,998
135,346
116,766
88,153
70,908
94,166
30,400
75,921
43,665
9,710
24,114
189,530
13,538
44,793
176,852
168,619
84,259
162,576
167,327
35,86
188,965
21,667
36,116
178,374
148,909
80,806
109,252
49,254
144,110
193,942
191,485
146,687
138,259
38,449
108,930
152,930
12,104
120,479
7,909
97,637
165,54
177,818
85,960
59,930
51,479
16,702
32,614
163,242
98,233
155,786
189,625
134,826
177,417
189,348
17,914
67,656
56,418
65,441
48,583
98,731
179,586
15,354
80,736
88,185
20,604
11,802
150,171
102,486
32,192
82,550
71,12
76,819
127,425
15,520
169,254
189,28
113,253
85,925
72,431
13,16
191,500
149,472
181,261
16,650
121,808
112,529
90,777
98,277
67,857
194,609
177,156
81,814
87,992
148,237
64,260
137,911
129,391
146,327
79,417
140,62
2,129
46,975
4,682
157,454
109,282
100,372
52,71
182,745
128,921
171,383
177,911
158,347
145,429
35,703
172,646
122,271
33,845
56,238
77,965
169,126
40,559
177,247
74,842
61,653
121,24
62,473
88,192
101,889
157,829
107,525
96,490
92,234
153,67
98,659
156,107
49,637
68,389
142,801
156,237
61,131
124,401
102,958
23,386
56,638
129,288
135,107
31,470
39,792
200,153
87,121
45,820
84,493
79,531
31,882
90,803
54,184
79,444
163,54
164,387
59,620
132,111
161,537
2,540
85,360
70,177
9,793
101,3
157,643
156,732
64,625
161,884
102,55
15,723
125,561
147,763
67,591
197,779
55,347
197,993
2,411
26,907
125,465
47,963
53,918
131,138
9,467
90,75
29,246
77,573
199,441
87,462
152,429
181,994
143,116
4,250
48,63
36,168
67,4
26,499
57,696
42,573
22,327
157,705
161,937
83,777
179,316
54,962
17,147
67,650
105,501
65,10
180,5
159,296
2,308
63,460
141,104
73,72
30,598
96,542
120,736
58,430
13,899
106,715
60,271
11,381
21,910
52,38
12,358
119,191
60,579
96,211
48,464
145,117
130,175
59,226
32,419
125,122
108,141
154,900
149,426
189,928
179,564
17,675
120,794
86,316
143,995
24,295
76,837
34,666
184,253
57,353
40,683
26,323
104,51
37,223
172,650
44,309
127,314
102,973
135,967
123,994
146,136
127,88
142,359
91,755
19,236
120,56
54,720
90,728
189,596
116,910
154,469
139,751
5,573
127,519
163,900
75,103
118,525
108,916
121,633
167,802
58,631
197,916
56,446
153,226
147,309
189,768
153,601
170,338
126,190
8,135
14,211
82,168
32,64
78,554
25,122
67,955
107,542
162,92
63,905
137,869
151,744
59,250
19,217
135,441
51,702
169,296
148,139
56,812
83,712
173,709
197,138
191,286
156,202
125,766
29,46
72,102
119,408
48,826
143,941
86,858
180,913
27,896
2,256
167,7
19,422
71,860
11,757
69,27
59,629
179,480
193,996
169,410
34,119
29,541
143,21
112,628
10,284
63,863
129,603
21,111
78,663
132,151
18,624
148,830
29,174
1,385
38,833
65,955
74,66
136,324
193,22
18,685
107,799
108,750
75,686
21,349
5,620
157,377
127,760
85,396
135,847
23,76
166,235
65,228
20,347
58,854
48,616
57,864
25,266
150,238
155,138
189,530
166,159
200,161
54,376
181,625
103,249
71,913
183,490
43,792
110,171
187,277
114,107
153,782
191,240
147,97
108,326
43,455
173,917
114,878
192,953
51,6
140,487
180,139
173,259
3,240
102,294
135,769
11,13
177,170
171,979
91,844
170,295
3,442
182,276
191,979
161,978
172,391
172,947
117,433
94,969
17,504
38,496
191,512
182,321
194,225
41,592
29,135
53,652
99,333
189,341
112,300
67,112
67,601
51,5
8,75
189,841
95,632
1,224
144,187
66,972
4,244
13,599
43,142
173,520
58,801
80,207
99,279
77,379
99,435
52,24
152,813
167,46
97,437
147,321
141,55
192,294
198,627
70,20
101,986
105,859
78,319
105,872
95,69
85,475
25,498
170,592
39,712
60,52
4,141
135,516
52,963
72,592
169,130
138,274
76,340
84,774
11,487
80,862
166,835
44,838
159,695
132,146
140,21
51,729
125,992
149,701
71,275
8,54
3,67
1,906
85,444
136,925
148,955
124,486
153,52
58,962
186,443
66,926
156,386
78,309
35,998
172,157
30,844
104,597
105,851
175,536
156,815
44,712
129,443
145,499
150,830
117,984
149,240
76,513
82,635
111,991
49,874
93,486
33,132
171,205
186,87
81,130
199,987
173,413
9,369
177,469
152,293
141,71
81,469
82,543
31,25
10,80
192,378
79,316
118,369
17,184
67,381
126,241
123,695
146,714
139,275
131,840
10,721
15,151
2,828
175,229
44,876
133,507
165,780
14,453
134,793
148,879
99,732
18,491
135,742
195,241
39,679
35,383
171,60
154,722
27,806
95,738
93,464
59,163
46,965
38,189
63,720
35,412
10,93
117,924
92,294
37,403
160,982
187,727
136,534
200,979
53,172
16,936
158,589
162,82
35,280
39,214
80,566
49,670
159,664
194,850
10,737
108,81
181,530
70,789
85,416
179,721
124,148
113,524
90,492
51,24
35,725
184,216
170,763
152,847
75,571
75,492
179,453
21,276
101,483
60,211
166,604
186,742
13,638
40,126
63,766
114,41
29,535
55,847
41,498
68,12
50,999
30,448
152,296
164,885
189,490
69,248
67,88
138,544
29,983
195,771
93,890
162,458
167,440
173,782
96,999
22,383
16,146
25,524
103,969
67,947
88,623
144,143
23,589
78,120
94,87
122,419
195,991
63,524
105,91
142,670
157,28
141,359
78,942
3,646
58,908
16,200
37,368
57,379
83,338
152,619
186,370
51,612
115,186
3,788
181,769
179,333
106,17
1,652
107,726
193,984
76,871
36,3
156,178
37,869
93,582
126,829
64,633
107,475
13,457
23,44
100,724
6,960
26,762
194,88
181,239
162,830
2,230
35,167
55,683
41,256
91,727
79,230
51,705
127,739
67,327
54,839
111,719
86,409
10,810
36,400
122,722
80,904
26,875
45,83
102,226
131,170
65,322
150,930
98,942
48,172
59,935
159,652
125,147
72,707
138,837
68,224
147,438
186,755
180,737
13,612
151,390
179,56
118,597
49,595
21,5
90,975
25,362
162,32
190,471
18,643
16,960
136,848
20,423
194,847
95,205
177,881
88,589
181,677
137,371
188,677
17,793
94,659
52,641
40,64
183,632
44,572
59,670
96,244
70,155
167,282
164,619
85,10
181,82
82,978
44,734
187,700
137,985
4,55
187,832
107,270
135,944
105,126
161,322
115,674
117,814
151,596
55,927
174,190
69,413
182,637
167,410
177,273
155,884
44,973
134,942
151,444
52,787
136,633
167,577
148,422
131,12
27,190
182,432
97,584
185,628
50,852
14,35
82,319
115,413
72,992
44,758
74,633
70,315
37,760
144,183
139,93
132,913
50,159
87,373
22,842
41,385
102,810
188,990
153,68
124,664
138,187
113,161
156,470
48,116
62,445
158,708
6,571
101,439
5,173
34,601
103,235
19,421
92,866
13,120
183,185
71,849
16,303
171,11
192,695
54,320
25,909
123,428
2,681
173,632
125,117
52,940
128,489
123,864
160,222
134,388
77,23
68,477
8,279
39,45
170,557
109,821
104,739
77,506
191,544
108,194
94,716
152,703
69,256
4,720
179,78
39,133
100,619
78,121
84,250
169,332
65,833
51,125
130,483
4,662
166,356
193,42
159,563
42,928
38,67
194,417
36,741
96,931
159,887
57,178
47,282
3,724
200,908
134,860
76,650
5,911
167,510
76,588
51,544
63,272
21,417
36,902
63,868
194,150
83,663
194,137
131,512
71,316
7,144
146,116
51,216
35,156
123,434
6,883
53,601
47,815
32,577
27,949
106,820
84,513
193,39
100,265
55,928
161,525
96,809
85,759
17,143
158,596
130,435
104,720
61,876
29,530
175,31
83,521
63,821
3,629
116,401
150,30
169,304
97,205
81,24
128,486
60,982
192,112
141,843
138,346
160,242
120,471
93,246
56,360
153,686
178,264
164,46
146,966
81,938
168,926
168,250
50,932
44,661
69,696
161,757
64,202
185,336
5,403
148,769
135,792
75,885
78,250
56,749
133,635
6,165
83,924
69,511
192,92
170,935
46,485
140,5
101,387
65,772
80,566
94,658
105,831
124,811
141,707
97,528
153,175
102,767
129,366
184,324
29,151
123,786
14,758
25,106
136,733
53,432
15,405
58,819
186,509
4,806
179,671
187,329
87,316
92,420
182,345
27,343
70,641
23,858
72,181
57,716
138,429
20,996
79,323
6,623
79,128
58,654
168,569
44,160
91,791
132,66
69,729
9,87
163,10
28,688
32,591
7,353
9,680
78,745
79,751
44,685
139,105
108,313
82,517
177,737
9,665
192,541
28,36
163,752
102,718
58,931
85,366
26,593
126,801
37,409
49,299
182,280
92,327
107,381
142,163
75,506
107,571
35,707
185,864
81,958
137,878
65,366
151,511
35,153
13,380
12,124
176,88
99,23
6,144
110,531
78,691
150,447
122,470
127,444
190,125
150,182
13,136
149,837
120,412
64,451
115,350
89,853
93,680
200,454
160,877
77,741
60,107
175,701
153,194
99,392
114,901
24,94
103,169
92,208
86,184
35,622
59,996
196,573
102,171
148,666
21,550
122,653
150,206
169,760
165,702
120,349
156,791
64,641
117,650
34,490
91,989
26,222
20,799
200,335
134,759
98,147
6,484
19,999
53,875
135,586
65,488
171,478
172,568
87,307
163,650
14,455
150,267
89,253
158,218
71,87
27,190
56,901
105,307
105,710
47,663
140,332
13,385
147,409
117,706
40,738
2,407
195,866
69,472
79,6
183,349
95,726
5,230
122,324
4,128
189,420
1,331
94,502
192,45
72,872
123,521
115,685
17,938
34,238
123,748
191,181
143,481
182,243
93,501
103,853
133,367
112,260
39,639
106,356
55,776
159,876
149,671
152,63
159,321
73,483
21,509
177,450
65,901
187,99
109,539
109,500
73,706
72,539
145,635
101,122
177,953
87,867
27,674
168,443
4,18
143,13
66,291
53,373
189,549
59,884
88,738
195,109
1,49
107,686
121,35
185,458
161,443
7,253
184,703
68,777
94,228
5,33
168,829
179,470
163,194
72,90
93,159
123,283
194,680
40,759
22,145
138,125
63,206
16,624
76,247
135,57
31,773
141,887
15,554
126,896
181,361
198,194
117,997
77,110
45,743
107,19
7,951
42,993
109,648
188,450
69,351
176,771
132,396
19,844
134,584
163,676
66,134
194,31
99,155
76,549
137,468
129,133
171,950
8,860
42,769
144,147
90,1000
50,797
193,440
90,815
82,153
40,23
81,194
138,294
135,64
60,9
45,977
91,105
89,478
199,119
101,849
17,617
87,732
77,420
118,156
49,612
4,780
169,903
74,981
78,109
140,376
176,39
114,72
194,80
54,515
52,860
168,687
89,69
67,447
64,370
75,473
103,377
138,284
138,712
186,754
142,801
198,331
77,790
182,745
118,419
46,2
109,994
146,846
60,724
166,943
73,799
131,899
100,957
125,218
117,18
174,190
28,724
153,489
101,815
31,490
67,206
36,812
108,311
185,940
22,493
41,820
173,190
93,372
31,300
90,567
131,337
6,128
139,186
150,600
146,16
157,96
3,954
28,58
44,388
63,891
150,697
11,14
171,945
27,617
150,31
115,737
60,582
70,575
194,571
64,313
1,883
55,616
10,434
174,1
116,673
122,856
17,927
137,960
119,181
153,498
13,195
67,322
15,693
96,559
196,645
129,756
44,682
12,176
65,259
103,687
197,604
73,644
54,629
162,779
195,483
75,185
39,333
126,504
152,746
131,227
3,317
165,135
27,282
83,210
131,165
51,246
44,93
56,736
10,71
152,224
141,794
99,913
163,527
199,167
35,407
120,989
45,253
88,431
26,66
153,895
74,197
106,101
73,503
84,398
36,601
115,572
140,154
64,366
87,968
54,986
19,948
137,958
165,733
163,264
75,895
79,724
100,615
11,307
132,539
52,344
101,205
73,501
26,834
111,567
165,540
15,109
121,469
23,60
140,755
111,609
101,376
67,41
102,371
7,53
38,203
95,413
186,311
200,86
77,782
9,483
117,113
65,877
37,84
182,24
82,315
63,339
191,812
22,196
114,103
130,240
182,268
152,645
126,718
149,587
39,807
40,626
27,61
184,911
140,895
11,452
115,555
96,912
172,520
199,332
157,822
161,614
22,695
158,179
132,604
173,693
39,121
200,881
119,445
151,864
110,818
15,960
59,994
137,891
61,268
126,990
135,441
39,420
71,433
22,739
102,122
85,668
166,54
18,545
106,23
87,14
61,335
9,906
188,775
160,14
168,511
137,795
104,71
25,715
66,23
176,476
111,463
6,237
78,983
169,476
6,35
130,135
102,196
124,966
77,689
105,810
73,385
39,140
170,994
89,45
165,459
67,469
112,172
24,578
141,858
147,756
63,966
190,557
190,222
191,704
82,585
59,14
20,403
130,803
66,579
114,63
114,68
152,602
33,371
124,335
31,106
118,80
65,303
178,26
50,293
46,550
117,327
162,415
114,207
178,116
188,109
197,49
32,477
99,395
1,946
47,451
157,94
175,136
107,78
89,284
10,970
159,526
169,376
103,617
22,6
59,605
52,306
144,125
15,61
63,196
80,655
88,216
197,588
49,114
163,488
80,739
34,148
24,444
93,997
150,514
25,87
93,754
190,798
123,795
194,579
194,93
51,397
173,455
171,535
168,614
88,254
114,622
38,554
16,400
62,633
98,686
140,137
67,535
20,505
194,652
48,628
127,107
56,70
24,697
84,762
132,833
44,336
13,552
75,819
55,286
171,189
24,883
188,121
41,98
178,560
188,188
138,538
192,803
44,602
25,266
90,319
120,45
166,677
82,944
73,936
64,215
46,96
40,329
151,720
92,670
76,197
37,934
179,283
75,726
56,758
157,188
45,62
120,527
167,657
29,837
7,339
186,914
8,859
141,598
143,710
170,612
182,277
188,754
14,763
139,705
190,85
104,644
119,165
63,955
196,220
103,599
63,382
26,756
12,476
56,526
96,65
82,830
56,296
161,218
93,435
123,911
152,293
19,354
74,915
172,7
158,309
108,98
114,284
95,327
105,201
126,569
196,40
31,533
125,994
25,736
84,92
59,831
3,6
102,194
76,37
152,429
25,180
166,948
151,971
147,169
97,822
39,701
59,783
100,113
140,787
29,375
113,608
120,454
105,965
74,948
34,207
120,544
183,514
81,38
116,937
145,724
8,657
163,949
79,472
96,357
41,202
194,802
3,800
63,856
54,709
178,321
162,901
6,108
46,234
43,583
2,846
13,807
27,772
30,723
42,827
69,630
61,287
28,646
91,703
130,932
39,143
22,887
43,885
22,772
95,78
27,45
142,554
1,718
155,556
145,352
13,398
105,822
96,616
181,864
58,351
102,853
25,728
70,888
15,25
141,742
26,309
173,359
34,913
165,909
142,402
3,413
138,607
40,827
23,496
190,315
68,504
186,17
124,258
154,685
187,341
45,143
76,622
159,271
170,621
166,560
149,454
103,912
59,583
31,388
8,49
115,405
146,296
22,710
108,334
174,572
119,28
192,914
19,357
33,949
159,357
14,776
107,251
194,884
87,305
29,650
182,998
111,455
135,646
86,228
7,284
78,322
100,477
200,905
89,661
149,526
175,954
17,569
161,848
104,250
35,656
77,776
185,215
51,327
3,983
138,952
168,362
23,891
30,131
119,267
132,946
167,729
26,393
37,431
191,801
160,543
95,178
7,348
110,682
106,8
86,711
148,578
147,750
189,199
38,900
165,66
148,474
197,279
103,384
101,212
162,544
38,381
105,614
12,162
198,539
114,654
101,94
179,637
113,732
106,812
138,96
57,519
145,886
30,23
34,663
11,558
128,733
80,34
45,975
137,604
150,239
108,341
166,742
5,44
189,684
64,66
157,22
137,324
117,570
143,163
82,537
70,887
37,189
5,525
164,387
92,130
14,465
128,300
134,998
100,50
47,363
193,417
60,487
131,975
24,92
177,677
162,398
151,55
176,623
113,153
114,249
45,672
129,380
96,863
199,505
194,473
151,898
122,274
143,954
66,765
1,535
93,169
193,842
47,537
107,89
154,541
33,450
38,419
2,387
87,490
112,522
41,787
181,634
154,785
112,482
38,536
46,840
79,108
188,716
160,473
129,747
104,519
12,270
44,540
138,502
131,699
153,166
84,824
146,538
102,910
113,708
40,711
76,125
156,367
74,951
32,641
94,485
18,487
112,175
104,584
98,474
45,827
137,580
36,369
125,439
196,357
86,876
87,928
17,270
111,935
93,622
151,518
59,67
69,205
15,609
153,991
89,235
41,106
139,591
61,109
166,372
176,255
12,335
171,524
185,949
98,785
95,270
140,214
60,685
129,576
12,436
128,112
155,107
127,292
45,373
22,526
169,437
160,478
191,337
171,422
97,685
122,104
199,463
168,374
188,129
77,877
173,47
158,468
180,360
133,386
28,981
64,671
200,904
145,236
71,949
121,267
171,681
149,373
11,50
77,314
17,553
92,648
15,10
190,775
110,38
50,9
128,967
200,672
183,610
133,315
62,775
97,239
71,539
103,85
83,738
110,328
140,523
122,617
50,300
8,922
161,263
142,403
155,948
189,255
139,728
68,74
52,487
5,454
134,482
8,235
169,195
14,784
23,287
17,115
130,154
100,647
15,442
178,45
200,398
136,172
183,745
21,486
159,452
108,280
165,409
128,21
199,968
88,900
128,817
77,922
44,1
89,34
166,63
137,39
3,981
10,65
136,670
39,429
2,706
103,190
16,977
31,125
158,618
3,811
99,853
138,572
123,905
2,768
188,622
11,597
14,817
79,168
63,154
105,754
164,866
106,229
181,288
90,411
80,347
10,650
161,272
199,35
181,491
152,697
76,824
38,660
90,868
154,145
33,16
43,65
59,640
165,858
84,803
34,27
121,841
106,924
68,975
175,894
64,352
146,222
39,375
108,951
32,946
165,522
52,706
121,41
32,803
88,465
123,314
80,88
164,432
109,156
30,294
180,334
187,578
132,314
174,671
133,841
179,642
69,492
166,82
110,656
193,663
147,709
58,432
187,101
127,693
83,385
142,175
173,864
163,410
137,867
197,66
197,265
172,120
94,337
169,31
23,651
76,344
117,15
4,289
173,17
25,497
49,657
59,469
86,600
24,106
164,175
135,641
108,717
20,235
31,781
134,529
54,626
87,338
115,37
24,431
8,100
110,89
170,625
159,763
183,741
95,843
147,305
44,356
178,256
84,770
36,893
93,243
116,15
157,308
40,30
182,398
92,639
150,601
83,668
169,288
71,4
141,13
188,600
149,325
144,621
40,671
170,531
36,838
30,661
86,817
79,878
149,792
165,706
186,437
49,12
130,241
156,714
178,491
123,141
169,842
87,117
139,933
129,235
50,575
162,605
86,250
78,837
151,81
9,183
100,231
153,559
189,428
74,607
57,377
76,265
152,634
166,498
4,459
87,885
82,298
93,196
137,560
44,160
62,663
187,279
8,579
31,457
9,794
129,711
145,329
125,878
79,924
55,539
37,439
128,542
39,573
41,452
91,595
133,953
116,386
135,900
12,477
148,568
196,71
12,858
92,125
178,237
28,315
112,597
41,596
160,225
53,643
129,386
191,691
56,272
92,517
125,174
58,394
64,670
97,154
135,340
192,725
129,295
166,816
151,558
19,109
164,265
96,499
93,541
185,471
58,917
137,906
105,962
140,539
8,376
13,710
118,309
81,99
32,342
46,301
119,836
20,995
135,759
113,766
22,830
5,670
10,25
195,204
1,922
14,252
88,676
35,879
169,487
84,995
26,475
163,177
136,403
57,132
72,640
79,817
141,505
200,715
130,918
62,435
194,39
184,690
11,918
38,623
130,311
185,660
180,378
166,368
188,558
48,826
130,73
76,771
104,645
26,477
189,172
121,32
22,569
146,120
54,527
143,507
200,129
30,497
173,135
176,555
63,413
1,445
156,390
109,870
138,518
193,786
70,800
65,559
127,600
74,625
63,90
116,199
51,952
35,134
8,418
45,286
182,567
8,475
42,897
117,292
56,344
131,695
94,394
147,217
200,131
129,991
126,762
68,979
180,252
197,297
36,892
14,989
85,18
42,294
15,836
150,852
2,362
11,573
162,216
182,874
180,292
90,59
51,877
116,831
60,382
4,623
46,906
167,394
200,582
45,352
179,938
176,741
166,166
110,70
121,381
22,376
66,89
134,950
140,667
35,907
182,183
176,520
116,33
15,147
18,884
56,440
193,667
23,222
155,593
146,804
44,214
40,954
56,601
175,517
183,455
184,287
174,660
75,337
25,953
42,150
120,431
167,704
169,3
116,833
137,430
110,8
115,952
179,414
75,296
167,686
33,781
1,935
117,39
127,501
27,237
166,380
173,587
157,160
185,241
64,91
45,561
159,598
129,324
30,91
131,758
111,753
174,995
1,356
69,131
52,78
26,671
43,387
36,362
200,461
70,990
132,994
153,913
72,405
103,723
127,313
99,734
84,351
7,372
116,321
169,65
146,274
60,261
33,345
71,514
37,650
82,682
3,970
138,374
190,769
17,82
93,314
147,941
68,462
177,851
96,882
192,918
3,704
76,434
95,221
66,864
44,350
77,670
40,155
195,514
144,24
168,234
181,157
108,3
44,584
123,663
190,719
192,980
75,794
144,25
83,468
153,435
178,844
163,568
116,686
51,951
54,777
89,167
10,103
134,564
155,466
102,886
24,88
14,701
154,458
111,997
52,40
42,844
133,917
109,435
185,846
165,897
167,353
63,374
180,675
143,79
141,852
149,848
141,363
119,634
28,674
114,163
21,272
134,410
143,549
43,652
61,570
182,811
92,354
31,686
89,105
8,796
172,899
150,251
65,414
109,449
61,51
130,833
139,964
2,267
139,680
2,542
24,177
188,497
198,986
33,869
127,713
72,441
4,43
21,773
32,92
94,446
107,242
162,124
189,817
17,27
188,929
131,274
140,380
88,468
180,622
166,903
50,882
155,703
58,854
133,104
38,257
5,107
74,503
104,396
150,408
71,562
68,442
23,849
85,630
28,28
30,307
82,173
147,952
114,672
27,467
170,208
190,9
71,193
173,944
26,952
197,899
18,195
130,876
114,899
83,8
145,196
19,652
1,752
106,732
27,494
58,350
180,354
171,935
159,632
126,126
123,489
114,161
30,440
98,296
16,915
21,827
100,996
46,329
145,351
51,983
66,369
69,466
157,770
122,143
137,925
192,693
8,514
153,775
50,507
40,329
148,357
110,110
101,739
137,613
144,206
128,686
81,18
28,314
142,949
32,772
173,48
44,510
8,769
175,245
102,895
71,733
104,361
180,488
102,70
190,645
12,369
36,834
128,178
49,700
128,836
89,318
51,925
84,314
121,494
143,980
176,58
31,327
45,442
169,12
126,304
137,395
145,732
159,222
87,527
134,193
147,497
185,566
194,273
115,614
29,964
183,701
104,922
103,981
83,585
165,83
73,309
67,362
5,878
58,184
182,201
32,153
68,650
131,659
187,580
29,782
66,843
41,501
68,132
175,337
130,578
27,369
154,390
83,307
85,913
174,556
39,824
124,967
56,470
180,189
6,265
30,447
130,826
151,206
156,712
69,172
69,123
135,896
82,956
5,297
135,602
16,12
100,21
102,505
4,877
135,725
127,409
33,275
8,521
33,573
56,967
56,648
14,32
173,592
47,481
56,237
134,330
40,572
154,861
46,867
82,506
7,846
37,731
103,694
128,162
18,555
43,362
126,927
20,820
93,464
126,238
186,126
123,337
62,813
104,233
156,456
138,789
98,672
153,44
57,403
30,833
135,896
72,246
158,741
105,549
43,164
150,528
168,193
54,422
150,76
151,345
113,111
122,562
54,11
14,709
50,29
162,377
98,317
65,84
83,567
153,414
141,594
176,497
79,534
39,673
140,465
82,927
165,550
189,214
176,700
50,774
25,560
168,250
172,634
5,764
192,133
23,335
181,504
62,833
164,947
40,964
2,548
54,719
106,940
26,875
185,387
180,190
37,516
121,604
74,484
60,90
17,880
4,608
130,845
33,61
76,534
29,417
25,66
49,256
110,177
143,563
176,835
189,848
95,490
165,64
27,382
140,768
155,778
105,484
28,583
107,357
41,660
111,669
62,873
181,10
43,687
105,922
108,630
135,48
53,142
165,692
114,738
54,577
191,751
145,777
105,445
99,183
148,22
148,70
53,468
73,69
41,559
54,738
151,947
175,74
169,453
89,684
97,498
55,770
87,48
175,547
45,134
178,886
3,863
184,281
127,674
173,705
199,226
6,98
152,134
68,590
173,29
115,287
131,1000
136,181
72,102
141,219
165,844
56,362
108,479
38,32
122,696
175,65
166,603
5,112
70,727
124,229
188,284
190,955
36,479
45,958
45,51
133,585
95,551
176,11
158,27
169,108
93,815
20,475
73,679
139,982
152,517
105,136
33,20
105,550
108,493
63,420
71,245
161,548
153,273
17,788
96,168
64,367
151,534
197,979
47,661
16,895
35,870
147,649
11,72
101,733
196,411
95,909
28,372
18,475
68,504
113,991
194,775
41,249
172,289
54,701
111,403
161,429
73,449
160,539
169,809
169,299
162,442
86,818
167,8
56,247
92,20
69,393
130,797
179,49
180,856
27,329
178,138
115,815
104,358
10,640
101,35
64,38
117,846
93,898
178,514
88,419
156,682
52,850
193,714
160,657
107,922
60,909
34,837
45,603
160,987
32,623
67,740
163,345
178,497
97,242
167,992
66,224
64,613
149,792
128,72
45,251
106,226
10,447
31,622
58,957
114,733
171,749
120,661
16,406
31,629
130,863
122,891
137,746
13,960
165,83
141,477
173,68
106,902
99,671
150,584
52,274
167,90
15,338
88,392
125,783
174,169
68,132
116,831
71,135
9,959
164,666
114,899
193,525
76,183
163,474
31,781
118,954
172,65
50,450
88,902
103,831
79,571
108,845
113,765
196,116
68,848
57,423
71,955
137,589
60,864
97,86
119,323
154,965
3,904
129,526
161,998
123,707
4,61
40,378
28,948
136,570
44,572
29,887
101,47
43,770
84,934
64,242
68,299
18,872
198,118
1,176
45,35
19,230
145,138
19,422
7,648
147,953
36,153
136,896
157,956
49,470
1,760
153,749
160,893
125,949
45,954
108,251
62,153
145,201
57,681
14,924
4,157
53,175
139,712
83,167
31,145
69,9
11,399
36,134
70,97
124,983
78,761
136,415
12,23
103,276
152,701
132,516
190,162
65,465
177,445
156,26
163,885
44,607
4,886
189,180
119,411
150,725
156,596
6,848
69,920
81,48
173,994
143,191
5,858
163,934
44,793
197,444
185,894
160,136
118,565
43,840
175,634
126,166
189,918
85,219
148,539
49,715
126,297
81,232
114,273
14,77
192,191
99,556
69,772
157,37
138,353
107,300
51,147
166,10
106,809
85,980
160,988
59,121
38,270
133,245
195,787
137,911
46,995
116,624
13,400
162,963
81,995
198,861
199,312
87,463
61,270
172,572
190,337
70,121
56,860
35,239
112,391
19,427
47,856
95,187
58,33
170,786
173,566
18,612
172,473
56,702
192,197
181,652
68,630
77,342
38,791
4,258
92,797
38,287
38,672
16,363
43,424
175,504
52,531
166,791
131,626
4,661
116,787
97,742
30,255
31,648
178,562
198,487
180,393
59,676
170,833
157,347
75,735
11,25
44,837
36,9
181,163
182,891
112,789
117,573
143,815
108,600
93,106
41,489
189,980
1,865
81,501
8,729
41,495
49,649
6,790
175,239
133,876
47,929
16,56
3,687
10,224
151,13
23,113
16,573
13,52
146,974
45,839
144,908
44,116
198,982
1,203
140,864
136,493
131,108
86,118
75,108
120,516
149,863
42,436
94,293
15,818
21,894
101,181
189,289
36,609
91,945
174,919
94,378
57,523
124,51
147,490
149,92
82,679
78,163
45,943
182,763
14,369
141,678
52,969
36,726
134,233
121,65
179,384
136,938
124,338
80,261
157,415
55,186
68,865
39,299
101,415
15,320
125,186
154,263
131,274
40,189
7,858
158,24
4,110
191,299
58,801
26,978
11,987
18,445
165,63
155,453
187,27
189,442
118,665
12,261
185,251
3,165
70,112
158,221
90,33
129,723
4,380
69,861
45,210
57,794
90,512
73,77
92,124
141,777
32,769
61,960
65,977
46,702
139,655
132,116
93,86
169,287
114,752
62,581
189,900
148,10
84,229
119,594
168,734
163,593
146,109
184,354
169,917
86,844
127,154
142,734
124,397
141,310
166,856
26,535
194,105
109,131
186,569
48,398
30,828
181,204
101,146
67,240
163,299
170,122
148,87
119,996
172,641
51,720
196,588
82,579
59,156
152,370
79,273
186,947
189,29
86,746
82,275
200,648
99,243
176,144
23,568
47,455
6,11
196,883
193,401
199,845
191,893
36,440
142,859
108,98
11,572
200,795
77,305
121,429
10,655
126,993
127,616
131,859
150,994
135,577
99,701
41,534
106,511
75,224
60,203
183,634
165,960
142,761
155,922
134,822
88,840
199,160
82,777
143,525
15,315
147,672
102,709
42,365
43,364
186,330
143,31
64,721
29,804
84,227
155,765
86,823
56,67
187,200
19,218
92,868
34,69
78,741
130,342
170,496
87,78
116,274
61,789
17,622
48,953
162,421
33,81
151,964
115,793
177,913
64,108
77,373
116,186
110,666
95,309
48,332
132,674
109,756
101,4
31,584
176,945
187,270
103,920
178,106
31,434
1,552
30,835
5,497
77,683
87,929
41,364
78,655
140,961
104,121
166,992
195,756
85,43
136,370
84,114
24,51
163,770
200,551
5,884
50,16
103,704
30,356
76,490
24,63
82,475
138,477
16,254
161,473
27,211
193,114
23,932
196,600
80,655
35,931
178,467
20,46
16,203
108,839
99,442
3,445
54,156
143,720
192,484
159,537
143,67
195,360
150,280
183,916
172,345
110,993
190,63
101,586
163,887
87,976
83,666
184,607
146,831
28,339
46,772
69,185
122,709
81,682
16,623
8,105
97,824
164,107
87,202
161,697
101,263
72,793
57,783
17,391
43,227
4,27
64,7
8,316
173,360
199,665
44,888
12,540
193,163
52,321
1,886
159,388
132,548
192,525
176,934
141,748
59,69
23,297
152,416
51,706
131,422
127,418
139,262
68,281
17,674
199,949
39,116
153,812
18,495
196,53
98,152
37,641
29,512
139,998
150,316
33,927
196,423
188,4
51,155
4,8
194,738
55,679
147,23
41,639
30,343
80,140
91,624
80,718
40,520
64,794
150,716
143,105
29,146
30,34
86,605
127,895
4,923
22,191
176,268
173,288
39,720
51,407
2,716
37,327
107,502
61,918
46,715
44,611
32,463
27,169
64,747
48,54
154,737
83,848
85,906
79,2
159,200
72,235
97,734
131,656
199,554
107,587
28,287
141,57
56,29
101,814
105,382
102,704
148,204
6,745
7,742
163,623
10,254
131,691
124,328
165,340
107,825
116,394
21,240
69,187
143,134
60,198
71,866
70,241
6,712
65,487
24,316
45,497
35,745
3,356
21,754
50,618
92,292
26,298
146,894
29,776
109,121
165,749
23,82
39,541
66,151
82,943
106,658
24,987
153,405
45,914
62,785
35,651
104,763
137,429
37,377
23,860
50,480
123,147
122,406
172,616
2,364
93,367
154,12
132,289
169,530
53,111
4,222
69,318
105,610
69,221
15,937
116,289
153,962
129,857
168,705
45,49
156,870
122,793
166,416
129,77
38,480
132,514
133,728
159,856
1,915
193,70
165,184
38,416
160,579
91,91
156,53
108,174
156,776
78,310
37,27
95,178
6,840
52,39
109,754
87,903
125,911
27,811
38,574
128,363
184,213
56,681
74,519
6,667
199,574
198,20
19,202
112,820
15,839
79,838
145,302
127,265
184,804
197,133
31,284
46,345
68,757
178,839
189,550
47,465
26,574
151,570
8,302
82,470
101,598
46,174
145,437
41,365
144,717
77,780
122,958
164,20
124,702
40,119
121,887
110,834
153,957
164,692
151,712
152,373
160,58
91,232
12,269
69,816
57,789
23,659
157,480
77,866
15,403
64,963
166,864
159,370
159,52
123,2
11,640
114,955
74,64
120,901
63,246
146,971
125,223
84,118
199,26
200,594
2,924
149,205
171,216
23,534
107,709
132,863
62,684
150,537
176,331
148,68
66,708
99,634
63,886
101,386
185,732
100,237
150,69
174,561
148,52
11,597
31,513
180,1
123,240
161,165
197,97
133,606
198,641
91,127
70,659
17,629
126,709
53,285
135,402
9,463
175,903
23,466
194,752
125,321
75,375
199,804
5,497
164,747
93,955
182,406
129,674
110,562
7,302
200,502
128,957
179,934
147,55
200,732
15,89
162,195
144,810
178,546
93,591
114,689
139,472
19,593
24,256
160,192
17,121
125,57
190,334
149,864
76,399
97,604
100,110
67,974
172,486
149,842
117,686
145,204
131,595
36,401
153,274
135,95
58,683
64,750
96,978
33,604
171,364
189,880
72,647
15,648
170,31
90,765
75,339
60,29
80,138
28,293
185,942
186,247
22,706
108,766
105,358
30,572
152,903
151,792
160,261
7,203
102,678
187,268
12,143
149,554
24,444
130,500
143,654
56,218
48,389
41,126
5,24
58,687
139,345
131,630
69,488
34,580
31,858
85,380
26,329
171,178
27,603
136,778
50,418
179,146
55,936
181,29
138,83
197,649
119,145
182,408
5,961
124,441
23,129
71,132
13,317
67,78
86,404
139,704
35,866
187,665
16,818
121,159
124,696
153,583
160,651
146,301
147,709
158,285
162,57
194,124
183,529
159,839
134,592
45,395
109,186
197,903
148,234
194,774
181,1000
166,391
116,258
15,519
168,426
95,420
188,40
8,814
43,889
190,184
150,351
194,721
126,26
58,306
152,916
50,355
192,384
55,277
31,487
100,61
123,614
177,535
126,403
122,610
156,249
108,745
142,786
157,127
154,367
48,46
151,868
136,316
97,716
63,959
73,504
114,479
66,108
89,874
77,774
110,896
51,641
56,310
175,305
184,126
157,38
23,182
142,29
46,594
17,311
52,849
148,265
38,786
14,918
114,265
129,59
18,344
93,617
118,170
15,356
99,322
35,176
117,903
21,620
36,767
108,645
141,19
119,381
10,670
14,585
100,469
2,526
61,915
53,912
134,541
182,965
135,10
110,577
118,951
61,794
51,543
33,520
124,521
176,632
164,744
159,693
21,702
114,155
51,964
87,993
47,572
191,551
28,365
25,195
111,611
199,621
44,518
128,101
181,26
7,184
54,866
149,801
121,877
116,855
5,276
57,69
54,299
91,804
199,712
95,65
105,211
136,526
130,773
63,183
130,625
157,453
174,805
186,118
11,380
119,330
68,708
158,559
20,119
20,775
137,15
158,573
24,420
112,839
176,897
3,742
199,559
146,564
168,988
155,111
184,121
40,521
29,307
124,101
69,244
142,694
76,996
9,110
24,348
162,291
8,930
176,938
197,943
52,202
88,628
109,860
150,57
16,901
118,41
85,322
53,18
159,439
35,748
126,458
22,566
108,600
133,421
138,900
51,61
29,456
127,433
46,416
14,627
173,260
188,638
38,912
184,933
123,695
79,380
63,482
154,381
194,662
103,633
107,564
43,406
177,60
182,413
155,148
144,842
198,20
79,122
116,632
162,383
143,550
173,746
56,43
61,230
88,53
7,980
56,455
99,403
11,35
47,847
133,889
81,336
16,214
143,894
72,695
113,797
21,7
108,529
167,849
159,970
127,199
200,77
120,254
111,459
39,256
179,81
15,953
173,124
183,32
160,297
91,856
148,476
91,679
27,256
8,112
43,11
128,229
6,858
140,80
97,206
74,513
30,85
6,782
87,21
35,791
119,784
43,974
85,663
113,816
117,988
200,177
111,86
155,326
137,729
80,799
63,926
100,116
180,167
128,195
90,575
92,819
140,673
38,298
50,306
135,892
40,147
135,942
2,879
131,340
115,390
44,678
55,395
44,243
148,85
105,734
27,801
64,761
87,819
1,147
80,547
170,745
88,966
82,801
194,181
87,401
132,969
115,962
178,819
161,53
135,549
11,402
179,849
53,359
123,804
37,816
149,516
161,613
141,151
12,814
89,313
24,246
120,954
189,866
45,560
46,630
25,182
113,86
103,950
73,238
29,643
103,636
86,948
165,562
16,62
106,535
68,77
195,701
20,825
110,35
43,645
14,883
191,940
17,173
38,890
28,775
36,364
139,910
79,805
126,786
40,243
135,472
80,528
74,519
147,922
178,908
59,781
166,419
147,944
130,16
180,132
43,345
12,577
27,223
96,677
188,479
181,676
144,799
24,221
121,714
69,186
28,312
21,325
193,482
6,582
155,384
34,884
32,63
194,273
104,818
2,352
160,550
152,580
42,415
31,114
7,690
77,850
75,747
125,762
172,423
172,718
28,720
74,587
200,273
52,303
4,356
16,82
60,835
198,790
107,955
129,104
155,314
174,786
170,380
117,824
81,829
66,720
179,372
44,226
81,380
193,525
155,479
33,597
81,374
1,359
94,151
72,71
26,4
133,499
165,887
23,333
79,11
157,578
44,177
159,955
176,689
50,297
105,409
43,612
116,164
94,737
76,567
58,362
71,814
95,734
155,607
82,466
48,442
54,308
133,762
96,832
86,677
3,50
40,256
176,805
8,624
186,668
119,965
41,610
97,701
117,794
138,898
41,555
102,388
21,587
130,141
132,336
160,26
69,43
108,131
14,583
164,314
57,818
73,118
3,936
39,847
60,736
196,976
5,109
170,201
14,760
29,816
18,251
36,399
62,253
154,552
142,420
132,306
152,418
110,427
136,415
124,206
71,753
132,128
92,702
62,924
147,823
23,188
44,918
21,615
4,261
50,716
198,674
103,34
82,430
147,57
69,778
61,423
180,311
179,751
66,264
186,770
170,831
98,771
158,267
78,141
166,68
184,78
4,421
114,15
158,626
164,46
93,214
163,885
10,235
44,420
199,910
161,92
87,97
162,981
143,473
27,34
66,21
174,851
79,284
110,268
195,777
103,235
137,591
144,594
39,145
133,317
10,68
79,746
66,756
162,631
125,586
12,714
166,938
169,347
163,506
165,225
84,519
16,341
69,113
111,250
27,524
155,734
41,928
114,947
92,40
196,2
106,675
173,580
41,106
86,195
157,671
7,699
4,977
84,942
7,725
107,988
182,496
183,725
74,786
129,949
161,965
196,127
199,970
115,629
194,551
182,582
15,207
174,647
60,955
9,901
62,903
152,241
124,367
200,657
171,849
189,524
27,795
56,720
1,707
26,860
35,92
118,24
157,600
181,292
73,603
83,899
119,72
138,67
53,261
30,63
48,881
153,28
112,121
100,581
26,849
182,557
196,945
86,218
107,79
15,425
128,29
120,406
151,387
124,7
48,333
182,542
160,126
34,487
27,482
124,249
41,408
138,670
84,731
165,507
137,784
19,62
89,754
33,515
152,298
17,420
170,707
142,822
109,817
60,76
129,984
92,381
33,679
82,426
118,388
181,497
139,450
157,677
1,330
190,308
32,933
21,434
171,767
98,611
24,89
92,213
74,22
164,934
82,149
197,312
36,435
155,787
160,422
170,967
150,808
111,584
115,422
133,438
158,806
147,836
3,53
120,572
45,516
31,410
4,268
30,782
63,508
152,887
182,658
109,278
172,43
75,936
145,988
124,44
54,565
61,313
25,3
62,72
26,75
95,365
125,771
164,884
124,56
18,552
57,13
176,675
121,520
79,628
6,517
47,769
65,355
97,15
176,859
181,636
75,943
60,943
39,26
31,964
51,46
39,809
33,202
146,788
164,256
167,356
70,53
64,383
116,84
60,877
51,784
144,267
65,498
42,642
120,566
19,134
29,611
100,932
167,729
81,656
180,492
60,843
95,937
22,330
169,962
74,581
98,50
173,395
111,64
115,722
112,420
69,497
24,151
70,215
75,749
189,415
165,839
144,226
68,540
84,304
152,467
88,110
176,337
126,611
134,857
11,26
81,863
131,238
38,433
165,599
121,652
61,415
14,445
60,994
190,923
16,73
113,857
156,533
162,159
184,93
192,42
158,345
160,182
128,568
63,909
184,754
60,184
137,341
160,740
180,385
144,236
68,326
30,78
110,866
179,80
179,57
99,355
24,322
168,97
56,528
39,956
196,176
43,426
40,630
198,202
98,782
87,524
141,235
71,737
158,948
158,396
13,340
39,35
185,936
78,560
140,145
82,149
98,839
174,478
175,616
20,755
50,822
130,514
96,94
91,516
103,591
73,898
10,628
77,854
132,889
120,906
20,542
136,820
36,610
157,83
163,479
137,7
197,509
101,430
26,950
93,261
92,721
133,755
3,674
162,438
27,941
134,452
14,28
21,221
106,322
18,151
48,9
17,432
52,370
115,404
155,108
62,415
80,662
115,187
176,830
85,608
141,842
92,392
140,277
46,831
26,736
44,133
132,923
155,543
82,214
197,330
65,838
27,268
63,38
25,654
148,257
46,406
119,936
60,410
50,918
39,334
28,363
61,94
12,964
182,270
166,230
6,556
8,299
83,227
23,35
198,38
44,332
157,47
76,460
96,301
180,812
124,447
153,90
120,112
57,354
145,330
18,658
130,994
72,423
149,712
27,485
39,521
78,485
22,148
116,115
157,981
154,156
126,176
78,88
155,846
139,721
125,552
52,833
62,240
55,57
109,373
89,989
169,636
116,790
102,72
62,365
88,135
181,143
2,715
40,934
34,943
114,636
112,102
169,502
117,974
171,29
9,90
45,547
12,565
89,798
186,841
88,708
18,464
47,666
152,278
140,561
183,611
141,254
57,722
179,118
24,577
131,586
111,564
63,372
78,35
95,142
174,332
165,407
66,22
190,903
99,25
162,350
102,315
54,934
36,899
156,12
13,524
141,626
87,971
3,823
148,71
86,512
176,183
128,957
84,4
196,791
111,720
64,928
171,423
44,157
155,550
46,887
197,166
85,13
89,251
131,401
82,884
49,96
34,201
81,573
69,532
178,272
40,63
147,272
24,537
70,303
71,442
183,775
41,793
12,275
48,316
87,752
128,651
150,480
48,459
50,787
23,818
63,925
172,874
157,971
42,846
182,91
28,659
131,35
131,887
199,984
199,965
165,781
41,681
152,228
139,37
118,282
55,542
88,785
166,470
45,623
12,239
35,87
169,441
86,899
32,970
82,902
94,438
164,872
117,243
190,195
113,385
19,50
117,142
113,480
169,749
143,896
184,719
125,746
107,646
85,986
165,754
156,501
61,156
75,430
7,377
170,488
193,939
195,37
90,18
35,710
24,98
154,141
85,11
185,798
95,524
170,1000
197,224
102,730
134,887
44,338
198,67
118,789
13,654
38,287
167,948
91,672
186,992
95,665
38,385
117,936
66,446
146,697
61,985
74,312
49,183
194,135
42,565
50,457
44,848
20,952
51,9
48,689
127,216
48,129
8,309
78,561
74,10
165,26
4,280
91,222
77,296
71,403
48,841
44,512
186,926
155,864
35,513
19,506
40,496
46,283
198,249
51,269
120,459
43,700
6,272
137,812
181,270
74,246
126,393
38,654
142,838
39,345
174,377
147,619
79,817
143,296
144,167
192,809
128,358
148,397
94,378
153,565
127,445
198,902
162,766
196,695
195,592
65,978
28,989
61,959
7,4
130,820
196,697
113,96
14,433
38,226
86,787
156,664
29,404
145,219
196,111
130,189
172,872
68,763
71,856
196,898
99,690
74,595
83,865
103,904
180,393
172,680
86,412
179,425
3,189
171,29
127,437
166,145
72,819
188,321
21,925
61,748
16,596
105,115
193,145
118,751
58,300
181,535
86,845
124,825
154,787
169,317
160,306
20,787
143,296
177,306
43,447
83,693
71,596
164,328
58,451
11,377
121,899
90,279
159,303
22,339
132,473
79,278
153,126
88,683
4,178
37,161
188,611
85,69
190,558
190,382
170,999
144,612
113,961
97,528
22,77
98,720
81,361
2,850
179,535
156,116
80,610
16,867
135,452
109,620
145,121
96,477
72,568
194,965
8,62
78,748
130,688
110,960
198,988
148,45
135,680
4,886
183,159
97,839
128,746
132,148
42,262
147,16
188,815
155,797
61,318
34,797
128,276
155,461
130,303
118,329
44,169
130,809
17,380
87,80
81,416
48,855
164,306
158,631
60,758
126,144
152,616
81,823
186,955
177,861
180,139
9,280
53,35
25,415
15,296
36,853
107,879
59,767
127,380
160,615
164,784
189,492
177,757
47,998
147,963
130,314
100,643
133,931
93,521
88,469
106,986
8,380
5,675
83,482
94,611
196,922
148,483
93,729
51,754
159,168
146,692
22,546
136,790
161,968
167,681
28,637
66,42
89,288
129,862
65,424
186,367
45,595
21,720
137,600
50,370
134,53
94,560
51,52
114,395
140,141
174,841
1,926
82,258
35,409
7,145
193,286
71,129
181,124
24,496
184,234
193,904
129,289
158,395
40,751
116,269
64,731
177,422
144,968
185,316
139,373
9,454
6,69
62,967
180,310
36,818
45,234
84,744
82,764
7,284
79,714
190,26
96,512
185,726
29,983
14,845
170,442
34,34
131,905
166,34
40,4
30,666
27,914
14,263
23,148
93,523
130,931
106,705
12,299
153,671
101,1
35,659
42,321
12,637
43,973
176,32
32,108
158,555
129,333
87,168
102,88
126,144
133,796
178,140
126,42
33,734
97,966
31,133
96,578
33,786
113,595
126,910
104,952
2,258
12,187
116,113
137,887
177,926
55,798
4,812
30,12
13,528
172,974
70,598
90,151
88,943
67,40
3,764
189,217
94,685
29,790
170,748
142,522
165,799
158,218
71,766
81,505
99,974
73,578
77,454
130,678
152,941
117,636
40,396
180,770
171,747
149,648
19,86
104,668
199,708
188,82
106,711
171,265
100,392
101,687
161,222
48,446
111,229
171,724
189,83
132,556
35,611
113,516
165,882
199,471
98,557
179,847
39,300
95,533
164,311
130,864
82,89
101,441
47,959
110,229
88,451
83,304
178,523
195,301
85,178
77,32
89,273
29,423
138,202
198,205
31,898
68,183
30,686
184,788
79,479
46,672
61,819
133,34
49,162
116,51
84,341
77,286
3,174
125,969
76,931
24,928
196,178
65,230
40,7
190,340
136,607
162,164
8,737
192,488
157,861
4,661
67,665
39,395
174,447
25,695
190,251
98,665
120,426
50,315
161,916
134,371
34,907
138,334
176,979
38,624
81,890
132,8
54,714
176,98
39,27
29,233
190,934
44,761
124,754
155,408
132,347
95,790
146,832
104,330
162,161
20,758
23,488
126,895
185,565
5,12
43,513
29,887
15,328
145,987
55,620
6,824
63,56
97,320
184,126
97,512
171,825
6,169
192,85
78,580
48,824
161,777
159,57
120,526
49,283
1,103
6,473
118,686
35,360
174,14
34,125
12,600
140,955
87,598
56,58
163,441
177,2
131,279
51,521
163,152
159,93
63,383
49,803
152,800
70,879
24,701
167,928
31,526
197,496
37,479
70,179
156,199
60,817
22,477
89,443
18,195
111,203
30,117
93,607
98,664
156,820
90,643
93,922
78,928
153,700
20,753
118,564
16,972
140,568
88,934
88,506
101,242
68,127
192,724
111,189
96,229
29,923
110,273
8,664
45,715
54,462
60,588
56,983
14,738
69,377
183,943
178,474
72,100
173,129
158,962
143,439
6,751
170,723
64,487
123,906
145,775
8,876
86,266
40,327
57,967
22,488
163,25
34,506
119,927
125,177
26,961
162,876
187,789
175,469
171,527
144,671
126,744
40,553
200,465
131,975
40,786
100,349
3,49
161,210
21,761
44,956
54,383
73,526
192,980
60,446
108,161
82,233
159,386
126,116
141,1000
54,985
38,798
56,603
85,203
2,152
19,350
87,584
90,191
40,219
152,888
161,862
60,961
28,347
153,725
170,703
21,985
9,366
179,96
140,747
86,44
168,496
146,494
33,168
131,966
26,51
188,572
149,115
143,711
130,455
3,910
133,615
144,342
13,43
13,226
136,561
162,627
26,104
191,227
33,915
9,238
103,23
145,405
8,196
59,506
71,577
103,883
19,173
103,596
1,462
34,811
186,515
16,948
121,619
64,712
74,858
75,812
110,621
97,622
1,655
149,116
13,161
56,82
148,782
62,454
149,749
164,767
187,691
130,946
16,278
69,878
104,3
2,506
148,913
21,902
155,934
65,601
44,221
85,635
178,736
170,164
16,182
125,893
54,972
171,811
14,809
80,874
148,772
146,502
136,877
9,337
83,788
12,110
77,946
72,225
1,101
27,921
18,642
110,499
8,808
89,906
27,141
176,76
15,486
81,252
83,203
91,779
174,984
76,699
43,763
64,438
95,686
54,951
197,491
90,382
137,272
156,99
33,651
141,184
99,812
80,188
79,582
21,276
200,529
86,877
159,409
30,520
158,302
104,331
168,809
137,347
66,751
113,229
159,995
142,960
146,248
167,16
22,989
110,122
46,978
121,956
156,146
77,185
97,133
132,872
21,68
83,855
6,460
31,431
137,581
33,983
53,149
199,779
31,917
125,115
22,286
97,949
119,325
54,993
9,94
81,798
125,59
85,364
115,755
10,864
27,282
63,844
169,887
6,150
197,454
183,401
116,670
159,674
147,128
172,524
33,281
197,951
71,9
72,989
37,738
137,231
33,260
44,27
11,620
85,273
21,40
131,821
76,130
154,480
156,708
105,486
101,304
36,421
64,740
59,729
54,994
32,208
41,366
107,845
47,88
45,648
120,282
22,916
186,705
80,14
182,341
95,104
112,943
172,792
33,765
155,480
120,936
39,628
18,415
32,690
196,954
196,431
151,226
72,590
107,90
118,899
80,406
65,561
116,641
183,861
129,192
15,484
169,601
85,746
182,872
39,61
128,347
121,20
69,804
161,796
99,282
137,694
52,905
172,873
119,83
82,216
195,62
50,499
107,195
174,115
125,997
72,829
130,108
184,985
105,470
65,232
27,812
38,125
189,555
47,471
39,358
145,871
108,466
58,997
76,681
128,325
49,661
27,491
144,302
179,867
21,997
109,669
65,473
188,347
189,386
6,859
156,949
28,339
120,747
177,377
71,108
96,466
158,440
31,679
67,774
39,573
47,237
71,141
180,561
44,62
159,449
135,515
109,129
40,255
173,334
59,876
71,744
46,154
31,229
165,160
182,571
108,945
138,506
178,600
169,924
128,224
43,336
146,942
144,651
151,398
14,626
148,806
182,249
199,613
73,507
92,560
96,635
130,986
156,251
78,267
62,156
189,528
12,788
26,611
66,691
4,634
73,375
19,450
117,607
6,717
28,502
20,356
195,290
129,600
68,580
188,328
14,382
64,701
99,130
62,442
172,15
114,836
107,569
42,889
111,234
114,291
180,20
98,515
184,879
84,584
112,257
106,374
36,832
18,337
124,901
38,296
138,627
85,391
184,403
84,984
72,433
73,220
153,930
131,931
145,600
121,703
154,223
2,753
113,948
2,894
1,288
102,420
107,61
185,881
198,835
178,371
175,168
35,717
106,753
27,852
35,829
77,497
29,201
6,339
42,4
102,275
182,27
185,577
17,635
166,82
186,780
116,757
4,408
111,577
59,326
76,523
156,110
181,671
6,886
42,806
183,90
32,272
188,30
151,89
81,321
137,106
103,502
50,536
56,238
154,706
150,924
117,2
75,629
133,200
82,418
61,189
122,482
13,220
104,72
150,226
39,517
130,826
165,748
127,350
36,325
120,438
140,836
121,357
169,186
104,273
64,449
153,696
128,944
182,803
152,504
188,346
36,345
78,134
26,965
118,93
196,843
155,855
31,426
135,274
183,620
179,341
146,571
44,876
192,388
56,943
200,318
178,599
76,669
81,836
158,973
11,334
179,217
119,374
200,659
173,833
166,278
145,623
15,283
155,648
87,722
31,781
17,728
66,116
3,81
2,566
158,752
137,948
119,834
165,172
97,585
175,18
90,913
159,805
79,461
25,206
127,198
152,130
97,845
178,392
109,992
151,383
197,982
176,879
185,626
131,73
167,543
52,785
121,735
2,196
149,275
127,757
57,723
28,794
48,770
161,338
72,638
127,47
127,360
25,302
145,643
127,430
127,318
16,59
40,546
104,498
65,749
25,426
8,948
117,245
195,93
150,946
134,369
12,856
70,919
122,545
144,144
87,372
99,704
108,108
48,901
139,644
43,777
77,51
134,153
143,814
172,463
188,969
194,136
114,654
195,297
10,388
80,511
12,546
135,457
9,262
75,587
21,661
105,681
6,494
180,196
5,830
39,491
179,937
93,658
137,509
151,263
49,901
37,760
3,367
12,32
10,798
198,609
171,274
172,223
100,345
153,439
191,2
126,346
72,804
199,354
68,732
175,192
45,217
55,881
112,9
107,786
180,607
65,198
199,305
114,138
150,693
110,594
177,678
57,162
27,886
85,133
147,720
149,370
147,891
102,81
191,821
116,642
10,965
131,537
92,835
69,557
189,729
29,574
131,142
111,274
155,820
170,750
162,829
4,946
174,604
65,87
180,188
95,911
79,496
36,306
109,209
55,35
195,202
78,348
138,710
187,293
2,602
169,756
71,197
11,519
147,954
76,253
164,767
112,885
106,431
182,304
127,882
173,40
86,318
176,485
25,813
149,585
103,121
58,769
177,895
175,690
12,448
153,370
124,710
14,483
32,229
5,764
129,30
40,675
168,521
123,544
82,164
127,711
35,742
69,319
8,861
107,578
87,197
95,925
182,76
128,83
120,128
31,568
131,131
37,80
64,988
31,455
38,238
97,741
18,210
33,910
166,793
194,558
10,22
12,783
27,615
86,623
77,948
2,535
164,708
122,259
159,364
8,224
53,261
106,455
8,377
118,910
115,207
101,687
69,116
73,62
45,188
100,619
90,435
45,763
2,640
70,522
73,722
165,402
21,788
187,571
15,153
135,523
39,819
56,577
129,553
196,300
50,487
121,878
33,984
27,76
131,210
162,943
166,72
143,996
178,352
22,720
124,321
168,247
9,994
160,658
123,170
176,19
67,513
182,846
104,808
138,101
141,153
14,786
72,932
19,129
196,611
189,847
36,339
11,988
107,870
151,570
166,871
61,183
17,946
66,720
166,713
71,375
170,644
108,874
162,572
165,784
109,906
56,85
80,420
143,872
125,786
2,283
191,894
21,828
25,373
31,430
181,429
150,347
81,204
157,140
197,88
138,102
177,111
174,139
74,852
101,257
169,536
169,570
13,461
138,891
138,615
160,52
128,55
119,505
61,23
148,576
61,634
43,951
46,185
135,149
31,651
2,142
31,883
90,952
39,201
69,703
135,313
32,469
182,721
28,580
61,129
42,340
115,93
113,464
154,96
132,364
11,410
79,112
153,466
179,510
58,134
7,223
102,13
123,924
30,851
75,593
182,986
134,465
10,853
53,464
136,736
68,796
72,383
122,652
185,942
105,681
120,981
112,694
55,122
192,290
31,720
54,691
26,730
157,966
45,633
155,809
54,191
46,749
59,600
77,767
127,798
171,547
10,844
11,51
91,31
197,439
113,118
93,852
97,675
104,216
99,546
179,335
111,530
135,681
16,813
17,37
149,647
156,869
154,504
199,211
68,548
173,191
159,49
71,370
3,907
93,505
55,131
190,419
163,406
51,61
92,426
39,702
92,768
152,454
38,133
53,489
7,595
200,97
69,319
41,680
167,550
133,257
87,846
139,917
55,96
176,782
110,8
74,614
100,779
170,773
11,640
28,193
53,9
127,474
44,898
101,753
36,610
38,518
117,357
14,949
76,367
60,816
196,722
176,151
178,543
36,846
78,925
139,380
174,733
132,942
16,143
184,335
118,415
160,597
178,568
96,525
150,197
155,990
123,159
89,105
195,30
138,613
108,448
77,89
119,174
140,714
141,331
176,379
24,955
137,974
145,377
168,336
59,613
72,355
52,284
89,173
54,847
135,759
94,174
29,301
106,891
32,79
183,82
15,996
185,378
89,610
184,474
189,583
191,731
72,190
44,937
192,253
71,107
63,150
79,166
106,708
43,521
158,752
138,618
191,218
97,326
30,631
90,423
83,734
71,366
178,774
105,992
2,232
90,414
98,126
160,505
50,590
187,638
97,828
67,66
123,960
193,405
169,642
188,681
87,479
2,496
115,988
153,272
149,99
45,3
13,195
34,377
132,670
98,386
50,496
8,181
21,422
197,579
184,531
122,29
145,67
39,925
181,446
107,717
119,113
122,223
142,140
56,211
121,619
126,99
55,894
7,802
41,649
124,73
171,363
23,222
56,150
111,600
11,95
140,501
161,196
108,252
128,385
46,494
197,306
42,49
139,759
103,50
10,183
27,638
29,939
39,699
77,845
20,414
165,292
70,662
117,634
105,887
134,551
41,263
140,615
62,136
51,649
21,459
161,267
139,724
78,700
130,482
185,270
29,384
37,831
4,798
54,99
77,476
96,998
80,695
133,995
191,536
7,814
98,88
121,312
126,252
132,245
189,405
109,640
73,500
29,527
54,929
73,288
158,627
136,362
98,898
76,475
40,364
94,253
187,435
81,701
184,823
176,378
81,401
2,870
88,602
194,182
49,207
133,595
189,142
82,111
108,926
196,599
32,888
59,721
162,834
7,427
139,982
58,106
184,834
162,187
153,144
135,351
9,245
66,836
22,198
85,630
10,512
191,47
101,477
23,365
23,327
41,882
94,813
181,728
197,563
188,394
47,116
126,935
10,16
130,481
198,520
18,199
189,179
157,600
21,97
29,853
29,797
137,903
178,183
165,810
118,621
140,735
78,63
95,663
129,144
126,240
72,780
94,617
157,988
134,394
91,726
160,562
150,1000
137,765
188,862
188,598
46,689
15,561
92,537
47,275
195,962
82,817
86,930
4,936
49,642
25,442
61,848
12,496
185,853
61,213
89,609
191,602
139,332
117,944
161,864
89,75
34,891
184,753
46,738
90,844
52,507
108,658
151,901
133,318
134,147
183,564
38,689
67,880
24,861
16,713
70,880
34,17
169,458
24,853
166,41
23,766
161,355
108,227
57,595
26,536
190,43
162,793
122,357
180,642
128,985
98,660
72,295
159,210
170,177
38,880
148,822
51,193
9,682
128,846
80,167
49,153
141,620
63,92
198,715
11,319
147,782
144,555
14,430
145,306
70,38
105,984
52,899
119,142
20,925
170,217
111,441
196,729
185,730
31,756
96,621
45,753
144,167
47,278
151,444
63,535
42,376
97,615
113,98
107,616
156,81
117,909
82,377
172,299
23,249
56,33
132,111
95,693
18,71
167,234
8,40
21,42
191,341
142,645
151,748
154,759
29,111
65,825
66,809
57,307
194,812
164,739
36,258
148,679
70,70
87,755
100,127
50,916
93,884
79,845
99,386
51,577
5,452
50,834
131,472
87,446
81,693
108,124
145,75
24,801
45,622
76,664
162,731
148,6
76,767
11,74
37,491
36,983
79,702
29,629
200,862
127,362
8,156
131,570
173,469
51,250
142,68
114,269
90,312
158,550
180,363
106,185
120,366
113,486
116,683
119,567
195,202
44,74
164,754
135,762
99,464
53,210
181,455
38,389
81,921
111,701
135,206
116,174
14,63
74,323
17,823
101,795
95,366
157,66
84,71
121,970
174,555
196,739
38,451
60,225
177,821
87,55
48,117
79,168
26,497
35,90
158,609
134,933
154,879
134,134
57,713
114,141
39,263
34,524
37,202
76,264
190,825
37,637
175,59
113,124
45,149
187,245
8,161
200,347
55,686
4,957
1,821
121,999
40,231
38,292
140,656
71,276
66,285
16,932
87,104
51,679
115,892
73,648
140,552
115,58
92,346
66,816
136,13
12,367
120,760
47,887
85,784
40,837
148,665
65,314
158,236
14,974
147,719
146,532
180,166
51,202
187,144
23,358
53,929
171,172
133,892
47,795
56,250
39,801
13,87
130,426
183,111
194,830
97,176
102,655
74,360
99,56
151,527
11,469
134,452
33,667
23,971
17,229
168,813
199,568
78,498
163,861
16,315
14,187
43,500
68,912
159,202
3,701
14,856
192,705
59,526
171,168
158,980
185,901
95,906
95,232
98,667
58,82
89,976
186,818
119,658
61,467
12,972
57,570
183,549
87,462
114,132
168,996
107,4
197,210
55,194
97,881
200,28
109,199
89,592
145,643
152,620
8,803
99,449
164,880
4,140
57,768
26,901
118,787
85,47
135,102
5,329
63,339
35,889
27,445
46,132
148,418
92,136
41,107
29,976
147,541
186,429
80,753
70,487
22,199
59,285
22,532
28,164
154,102
180,806
181,386
195,555
103,916
14,388
47,333
55,428
187,74
53,680
133,99
133,277
132,464
135,818
98,512
121,476
19,77
8,892
149,881
12,697
150,249
51,669
192,775
42,11
116,643
102,185
94,871
124,219
23,396
155,380
111,957
39,568
83,577
170,713
22,924
104,628
18,368
140,671
39,808
7,636
24,18
3,242
110,443
120,814
84,972
138,42
163,556
47,956
123,236
57,502
117,610
157,795
116,798
176,957
164,921
158,791
191,210
19,721
89,909
134,893
158,739
49,416
84,484
73,658
133,345
132,415
134,348
139,907
121,718
59,671
48,375
122,303
80,236
57,551
120,715
40,983
49,258
194,106
195,260
38,608
56,591
158,686
28,82
147,732
108,748
200,893
129,991
183,429
48,899
29,99
61,502
94,619
110,289
129,553
116,767
45,35
97,509
156,900
120,676
43,205
144,289
40,525
198,84
132,178
102,982
176,604
166,374
173,296
149,975
5,63
20,760
8,920
58,930
135,922
4,103
46,98
145,139
66,648
75,414
192,214
52,61
44,586
115,234
147,814
149,350
151,590
161,720
40,814
126,767
79,48
52,233
156,163
199,75
60,156
135,214
156,889
173,911
197,44
106,716
191,814
137,268
11,59
193,327
24,335
99,210
147,225
94,128
61,2
60,623
155,314
146,143
188,44
180,69
49,888
197,193
168,52
53,816
80,154
44,556
147,589
86,719
25,567
170,765
42,844
75,230
33,379
99,348
4,728
148,293
180,563
76,420
180,683
76,814
197,952
194,369
93,432
152,606
183,8
55,924
50,409
90,287
82,252
32,653
88,490
79,252
77,480
152,492
95,430
76,652
63,159
122,209
51,158
150,632
154,983
98,57
72,879
62,177
16,664
109,121
24,158
31,985
117,737
3,278
196,219
122,588
108,782
90,27
143,289
52,194
198,474
34,257
28,666
116,315
151,45
158,855
113,564
42,496
106,623
140,102
124,704
29,673
108,295
38,56
168,741
191,828
125,259
58,480
81,699
19,688
118,827
122,503
131,314
34,375
31,46
180,573
23,444
87,667
129,560
124,573
114,79
18,585
101,899
123,267
171,504
117,350
56,905
21,393
38,680
120,629
123,44
111,763
98,878
146,631
153,742
95,360
22,346
74,62
64,811
39,565
159,153
112,154
75,465
86,247
105,967
106,821
104,574
174,980
3,167
143,964
160,315
105,104
178,295
94,325
70,381
19,884
29,827
188,499
197,352
82,799
149,377
132,222
147,682
136,156
24,994
90,451
5,607
93,654
108,314
98,922
36,723
156,364
104,450
48,220
1,519
84,330
71,662
76,226
188,422
199,774
77,989
72,598
58,489
79,781
124,593
4,710
143,518
122,762
183,440
139,562
200,209
132,776
172,964
185,277
149,101
110,595
125,124
191,375
113,720
102,763
180,856
37,914
144,605
78,571
8,408
194,256
184,222
87,745
176,91
199,538
108,145
183,415
67,480
126,834
144,963
141,55
148,941
53,728
112,819
117,392
107,107
118,468
45,63
162,653
7,171
59,708
29,633
61,619
12,165
13,23
24,816
197,885
72,324
9,80
195,444
35,290
77,869
79,1
7,633
9,234
120,131
34,311
118,166
78,154
78,230
14,361
103,914
151,428
176,675
6,327
166,552
16,575
37,830
52,952
15,30
103,477
146,617
45,699
129,293
101,206
149,924
85,952
87,350
98,260
45,149
101,2
172,546
30,955
115,828
95,616
119,720
1,988
30,843
169,825
24,973
147,5
130,44
72,993
118,615
188,929
77,595
197,658
12,364
23,382
134,290
133,929
134,520
34,915
96,519
180,71
48,786
192,59
194,667
169,671
48,975
120,168
84,827
193,520
32,660
19,284
28,441
132,580
88,39
197,413
90,917
114,195
28,236
45,551
87,91
85,384
36,578
120,272
161,135
134,401
106,487
120,120
165,618
12,178
50,999
49,868
181,388
144,153
142,801
180,458
136,750
16,561
181,971
146,471
7,510
164,597
80,504
41,929
14,352
35,608
23,751
127,475
91,657
9,553
99,236
159,148
128,469
184,408
152,811
164,576
65,816
185,193
32,112
43,294
162,48
157,673
184,835
139,762
100,830
172,6
168,258
63,409
107,543
153,578
83,506
5,291
30,108
133,377
59,335
109,257
33,234
19,856
101,895
66,182
177,791
32,632
112,249
197,314
102,699
192,81
194,10
174,684
140,858
115,328
176,580
134,404
7,457
138,802
107,958
61,556
22,171
73,37
83,492
183,785
173,944
150,970
40,891
99,565
36,708
194,686
183,276
131,243
121,808
86,90
102,54
101,724
17,886
165,641
74,48
169,218
84,84
151,700
90,462
57,39
1,634
122,300
106,810
94,136
72,533
60,307
139,197
169,88
21,909
80,380
5,1000
103,318
81,239
55,307
181,883
153,737
84,418
151,156
71,14
27,231
133,985
177,348
154,853
144,980
111,932
68,431
136,919
74,534
4,719
130,754
182,368
171,141
40,557
43,309
132,493
76,652
49,146
58,423
43,966
167,639
130,660
43,321
153,639
85,661
85,87
25,977
195,283
182,915
9,386
134,743
70,771
14,15
195,696
2,400
122,612
73,479
179,958
25,587
157,73
39,36
170,111
18,773
28,872
112,703
191,901
38,849
134,192
177,49
189,357
96,757
101,288
30,896
153,725
150,672
2,668
180,755
60,596
168,833
174,694
117,10
190,763
158,491
191,868
197,39
77,627
37,178
25,15
85,423
18,673
42,103
153,687
163,577
149,493
178,358
43,372
65,497
172,63
113,547
139,216
94,637
152,820
75,279
117,131
171,382
26,935
34,715
31,879
34,21
141,417
161,806
93,717
83,6
150,584
4,491
10,107
158,310
55,4
95,644
139,311
114,87
103,219
72,265
31,327
28,866
59,975
100,820
25,830
178,159
185,315
9,208
109,950
7,127
48,482
166,865
135,186
118,6
154,955
27,503
110,47
43,940
176,849
65,10
34,706
104,242
178,331
197,433
141,557
118,606
96,350
41,588
151,97
9,59
103,140
153,69
109,615
111,493
11,545
50,146
59,556
118,567
34,863
91,7
141,198
174,304
9,793
13,87
121,48
80,460
103,294
11,13
64,882
167,574
24,385
13,385
7,198
37,420
24,881
48,260
67,200
58,968
116,990
79,864
146,957
89,430
130,528
146,443
130,170
124,883
58,980
66,495
12,455
36,878
73,444
47,340
160,617
150,504
150,530
145,438
135,807
108,135
16,345
170,343
8,388
124,144
131,135
60,398
3,536
61,346
44,195
55,608
21,609
155,839
133,900
108,142
167,700
123,725
123,800
183,923
8,142
143,508
66,995
141,787
150,783
179,178
138,726
48,249
198,107
49,82
173,822
150,930
118,897
146,626
179,813
25,141
62,64
112,646
90,733
89,883
50,203
91,108
115,908
77,598
97,713
76,851
100,555
80,645
111,503
27,760
155,292
117,904
27,312
59,675
170,902
157,382
24,676
107,119
167,951
126,173
69,790
2,324
63,591
65,469
116,150
164,199
17,232
59,971
184,792
52,385
26,291
56,297
165,326
110,927
78,546
189,929
99,507
20,663
24,349
49,606
96,734
123,980
58,718
4,989
53,214
66,918
17,390
3,311
198,396
43,597
13,646
124,35
155,350
10,79
196,285
36,489
81,373
165,995
187,850
44,415
61,376
67,56
199,858
86,510
8,85
186,761
195,799
64,421
64,175
67,615
58,934
139,644
169,759
70,719
85,474
23,381
150,435
194,422
177,582
155,82
75,601
141,136
88,59
67,417
21,411
28,490
20,221
47,504
29,935
71,815
126,111
22,558
82,399
62,987
187,16
108,577
13,418
173,857
179,446
165,87
50,99
47,118
33,886
149,570
133,469
66,428
164,389
133,243
83,105
190,389
21,137
187,773
49,290
110,731
30,80
148,140
101,210
53,609
195,197
10,596
10,444
168,356
134,663
37,156
144,235
2,7
148,820
69,396
57,310
136,84
142,427
150,368
82,596
167,680
109,954
23,915
112,695
194,566
176,605
163,83
69,747
196,584
11,710
141,568
154,639
198,130
17,176
7,207
191,643
4,568
181,179
176,471
56,746
110,837
52,672
98,347
106,483
163,383
104,602
99,362
198,264
47,33
152,954
84,568
40,167
116,668
82,8
165,311
74,432
83,816
191,912
98,461
9,115
179,428
199,148
172,619
160,909
142,516
182,820
183,791
92,911
140,312
158,979
171,74
104,815
92,536
77,606
17,909
72,298
29,391
135,863
98,19
89,186
91,863
113,226
165,690
71,620
145,756
131,972
200,347
4,221
11,532
53,517
160,145
67,276
182,595
190,846
16,9
154,852
17,956
82,888
187,263
41,168
21,989
144,824
78,203
178,855
41,216
173,961
2,483
71,906
129,475
74,870
181,813
90,193
69,812
170,877
164,8
32,57
172,980
120,665
75,583
162,855
13,151
189,659
96,928
127,195
179,676
96,596
118,643
42,554
16,310
101,420
114,302
107,839
76,620
64,138
92,112
97,319
152,628
131,495
66,189
127,665
8,914
19,717
132,632
120,758
41,830
58,892
156,834
129,945
176,340
133,467
145,916
132,51
103,446
105,366
82,151
68,529
144,370
58,33
64,291
110,565
110,838
177,461
53,26
65,859
14,942
169,8
14,640
95,217
97,357
166,447
121,205
128,192
155,813
47,424
130,792
126,395
19,736
36,788
132,993
200,555
69,279
29,319
33,377
60,666
60,431
5,933
44,930
142,874
111,617
6,736
143,524
128,492
81,995
127,545
125,204
96,608
70,804
75,421
62,998
70,179
129,685
95,951
59,360
121,317
197,437
40,962
13,992
110,915
105,350
40,502
58,338
183,612
167,390
83,365
40,543
145,522
12,784
14,82
128,725
103,596
100,970
101,882
110,645
128,727
32,329
105,688
162,205
5,650
192,450
190,374
147,142
88,817
116,945
160,470
120,664
99,390
144,50
199,35
193,920
5,175
115,213
198,769
25,245
120,142
196,430
193,340
19,138
83,321
144,349
121,634
149,143
96,937
34,253
68,975
162,49
47,845
177,87
31,617
157,951
16,411
74,216
110,640
113,469
190,592
73,264
117,676
120,294
153,167
171,806
12,894
90,40
55,106
144,778
45,495
61,387
149,774
170,685
45,109
156,758
26,707
110,738
195,491
183,758
119,85
8,537
102,404
148,778
71,459
155,254
142,728
190,57
33,570
51,604
36,917
119,984
140,106
183,482
135,596
91,689
45,484
194,527
111,921
148,1
164,201
8,650
7,319
89,99
44,601
114,826
158,692
153,105
189,425
190,978
118,96
100,77
64,493
10,105
129,695
32,100
6,723
114,207
90,357
44,864
127,527
66,377
182,123
37,454
188,722
17,3
95,913
169,720
56,687
129,715
138,209
79,777
158,694
140,457
173,476
140,667
156,753
70,112
89,773
100,488
152,455
175,737
176,531
6,519
112,562
77,477
105,129
87,713
188,591
147,412
116,170
193,796
64,202
79,999
99,882
167,75
178,480
131,584
25,898
126,489
22,58
174,661
41,62
53,498
137,445
67,113
32,556
158,702
76,464
70,483
20,469
145,586
52,540
136,413
132,258
137,499
138,423
194,254
143,166
70,400
153,560
114,93
162,421
137,360
196,359
18,890
58,88
42,497
163,697
121,219
21,338
33,816
138,89
92,623
1,286
50,416
164,97
190,961
36,608
27,728
84,712
31,695
100,217
155,920
180,294
88,88
174,166
140,347
179,531
145,77
50,779
2,514
154,530
22,766
128,637
26,804
31,871
180,335
156,682
131,458
37,828
68,986
136,760
54,297
61,978
14,865
184,644
105,482
76,67
102,959
126,119
33,242
152,537
141,627
27,976
55,725
155,642
152,511
157,400
136,545
124,525
158,621
127,802
46,807
71,202
127,129
80,711
164,985
178,823
55,445
190,478
87,130
52,750
186,376
107,248
120,103
5,680
163,705
131,698
145,944
114,196
52,843
88,757
107,973
20,801
50,651
171,10
137,342
37,299
128,79
148,384
59,359
54,46
191,988
197,467
116,790
34,843
31,527
120,109
97,679
51,300
81,888
166,804
125,838
132,272
132,237
146,581
181,769
121,297
31,221
94,239
32,830
183,134
49,698
67,418
163,614
43,944
185,578
126,896
132,854
58,454
200,51
19,135
72,999
126,123
16,859
24,49
58,522
62,664
56,226
22,83
41,604
115,927
156,480
166,260
66,348
45,498
163,986
110,684
155,423
98,702
47,671
78,154
131,181
52,501
112,412
57,460
131,556
190,256
23,229
10,838
110,432
124,106
37,649
53,710
125,545
105,568
145,257
58,206
144,197
195,735
110,761
182,799
68,855
171,365
170,319
180,858
140,155
114,251
162,612
93,265
141,849
172,667
26,425
102,97
72,577
133,925
122,855
179,100
7,528
190,778
200,992
42,746
159,444
130,964
164,152
159,131
80,665
90,612
16,602
69,481
39,111
88,873
184,353
97,243
37,873
179,346
38,383
131,731
176,513
132,375
166,977
131,134
17,930
37,674
74,61
37,855
55,514
30,257
6,805
171,821
65,634
191,49
153,549
120,241
23,233
52,111
170,801
40,687
86,983
107,796
180,567
1,602
99,247
168,805
66,515
155,243
107,349
148,926
75,382
161,718
172,358
121,3
21,975
184,800
170,473
43,484
131,852
91,217
147,752
136,729
187,477
68,741
87,711
128,218
111,274
31,258
154,143
137,414
73,677
2,119
144,911
199,83
5,84
169,170
150,28
13,190
187,692
191,989
22,29
114,582
107,669
63,951
97,402
156,2
35,5
86,98
4,990
154,802
162,201
48,752
136,819
42,107
46,723
91,137
144,357
92,186
191,907
7,940
196,133
200,601
129,76
56,344
35,567
167,256
63,532
136,140
139,753
87,327
173,721
167,498
144,834
108,490
158,397
183,206
187,56
41,961
59,855
91,592
133,939
134,695
102,2
15,57
2,20
72,681
101,956
133,208
92,993
37,728
78,889
25,660
87,57
117,430
92,163
179,953
190,820
187,877
55,759
52,325
124,48
185,115
149,105
108,328
13,577
36,614
134,901
176,56
104,854
179,357
26,359
35,459
9,97
168,156
179,496
71,2
187,118
38,958
153,949
198,435
164,789
120,960
107,273
35,273
154,732
189,325
77,926
126,423
127,87
150,155
36,846
77,465
139,788
39,170
31,749
172,241
176,143
89,559
134,796
7,869
128,415
25,698
33,601
189,133
123,1
110,681
96,795
58,662
99,952
102,108
38,782
180,86
30,810
36,222
119,968
154,157
129,844
24,272
177,855
134,49
40,169
195,988
160,526
51,739
190,345
192,526
119,271
117,305
195,275
32,672
33,861
75,17
72,253
137,266
48,731
136,977
190,864
132,241
62,850
90,765
186,682
20,83
91,556
168,796
44,487
191,9
41,262
162,900
180,760
93,170
134,378
145,847
45,226
75,290
108,822
59,725
55,176
24,77
20,632
195,260
124,34
18,894
19,507
38,673
61,918
146,392
58,833
164,88
183,915
152,668
5,928
175,685
28,712
178,654
11,470
162,445
40,241
126,918
130,384
89,437
119,113
44,223
167,891
163,48
20,447
128,996
79,958
58,35
40,989
27,773
33,30
112,414
61,175
190,448
116,928
60,602
96,979
134,638
74,526
63,950
40,533
179,385
77,708
106,278
32,129
100,432
64,29
87,605
106,518
165,226
199,857
43,538
39,240
57,66
123,484
127,886
60,443
191,303
193,605
165,958
61,216
82,720
67,405
141,89
122,659
185,352
168,865
88,487
160,328
143,511
167,561
13,391
97,519
168,387
97,776
14,609
100,668
142,746
91,907
7,496
95,399
108,215
138,402
186,179
58,200
137,566
69,78
198,885
12,679
19,479
147,959
90,549
2,961
178,281
156,916
95,426
171,429
14,224
81,437
180,186
50,696
141,26
40,348
199,331
96,493
142,89
124,606
74,913
104,198
39,683
157,354
30,949
72,677
105,468
80,466
15,668
39,209
120,373
103,899
173,945
28,635
11,257
48,285
67,653
167,845
104,130
190,777
78,765
24,437
183,667
128,279
148,474
71,544
155,636
92,801
141,236
145,395
12,807
68,901
130,207
194,758
29,526
36,929
195,842
17,861
28,560
32,306
133,924
96,33
109,108
144,449
149,600
110,255
65,675
72,24
105,723
10,753
135,575
46,318
121,683
152,814
34,669
37,169
158,908
127,546
53,792
6,642
183,593
159,86
115,964
147,180
175,186
184,628
52,745
194,771
174,600
139,611
183,808
16,764
132,361
193,356
58,166
123,509
175,478
122,34
92,382
170,828
13,938
54,942
120,94
138,78
199,693
162,610
98,147
79,918
178,485
110,418
175,324
182,605
2,347
52,274
195,610
167,493
92,954
113,258
75,336
20,57
28,647
173,366
146,572
65,349
93,357
65,343
107,140
55,180
18,467
146,101
71,709
173,14
27,849
133,663
99,264
49,735
89,739
121,77
105,78
128,16
38,615
121,789
46,512
36,57
35,587
66,368
88,699
74,445
148,768
121,177
111,90
68,146
69,316
134,217
159,262
26,755
116,373
127,165
56,52
143,629
101,69
175,143
165,422
151,290
71,393
90,948
198,371
24,477
191,222
121,138
64,292
35,691
60,520
38,208
140,627
40,342
105,350
142,259
111,390
184,814
51,494
181,417
180,513
40,541
121,281
166,158
164,995
81,936
157,287
51,492
63,764
95,582
164,120
137,66
90,997
130,2
129,788
66,604
176,694
163,605
71,503
110,644
99,643
42,495
58,557
120,134
68,564
139,417
49,328
171,873
151,152
47,115
105,880
148,951
59,230
127,369
171,983
164,822
49,416
22,273
53,176
101,981
154,764
157,380
56,481
109,525
139,895
176,158
75,56
157,758
176,91
155,861
69,643
30,174
42,597
83,761
74,465
6,249
66,645
142,842
155,623
183,197
23,602
48,410
178,317
158,854
155,970
184,170
142,774
147,842
130,165
23,466
65,800
74,635
68,367
157,659
131,991
102,495
56,871
147,129
190,100
28,144
29,587
101,69
134,478
48,762
8,62
19,14
36,614
48,479
29,552
36,137
177,634
4,595
78,271
98,767
126,353
6,986
125,376
8,879
194,899
69,414
19,727
35,955
173,129
65,505
28,287
21,80
103,507
53,823
157,646
195,707
110,731
79,349
12,406
128,857
111,83
79,416
196,711
29,101
117,797
119,390
187,585
97,598
54,638
21,116
8,626
143,792
164,720
153,709
140,201
177,643
156,876
117,891
187,196
146,346
40,469
56,759
105,493
77,99
49,47
183,277
197,367
1,268
117,260
190,282
36,845
68,195
135,234
114,812
62,599
1,823
187,733
4,946
126,126
169,215
107,711
82,793
174,595
30,644
15,986
111,108
135,210
86,802
89,266
155,447
149,723
67,287
120,958
29,4
121,872
167,618
181,675
199,161
62,906
196,368
156,344
83,122
14,465
43,337
182,261
168,730
96,466
2,171
127,695
144,618
48,705
170,606
38,985
29,316
117,390
34,163
133,637
170,534
146,602
48,705
72,179
143,16
51,913
26,662
12,892
183,777
132,296
110,970
31,455
90,586
46,428
81,583
151,223
132,647
161,794
172,459
164,941
131,548
195,535
82,574
140,910
168,711
182,141
140,122
133,570
151,404
99,466
39,908
113,115
133,964
84,831
7,682
129,722
22,319
109,256
89,773
194,553
15,561
4,373
164,490
152,79
112,211
61,662
152,969
47,657
163,940
140,169
157,538
24,76
136,398
44,275
182,214
137,23
179,922
197,98
24,732
130,52
183,702
185,200
185,541
170,403
86,47
53,885
10,398
163,791
98,415
167,345
168,350
128,348
26,568
67,723
34,206
135,786
164,855
22,315
158,24
4,413
104,914
106,248
193,729
36,134
94,557
29,885
112,5
195,955
33,968
39,213
123,728
127,597
161,596
68,362
15,969
93,827
66,923
178,852
151,362
43,723
40,135
65,646
191,810
147,565
172,398
119,942
159,666
80,164
37,12
93,702
130,353
145,923
44,805
126,481
199,818
90,906
199,842
31,238
2,659
152,681
62,691
125,980
59,156
145,484
43,580
23,730
77,64
200,187
171,154
112,862
130,33
139,124
74,823
102,768
187,794
64,980
83,338
199,18
102,666
110,953
109,641
164,325
73,48
124,603
30,248
198,673
119,974
7,343
121,643
29,124
200,980
60,842
43,884
114,667
174,171
60,327
109,942
106,169
162,334
118,572
55,190
189,70
195,968
189,389
136,294
73,358
101,334
84,160
14,791
26,201
51,176
1,375
126,789
189,209
120,109
179,842
148,849
72,42
45,767
9,897
126,115
46,493
121,509
30,637
23,60
26,439
65,667
100,44
136,146
191,674
138,143
29,692
157,173
114,143
101,362
170,841
118,344
194,863
94,178
157,256
164,768
46,502
111,506
61,212
162,41
42,984
45,582
49,839
1,565
75,961
139,823
87,773
24,700
23,83
104,30
133,758
133,386
166,894
34,790
30,445
75,625
71,786
46,20
37,456
134,73
131,707
57,192
84,180
80,312
138,910
89,209
27,512
46,438
142,136
21,359
166,708
179,341
105,500
168,90
149,982
35,952
3,78
47,267
129,866
79,873
79,117
114,66
167,361
74,310
195,825
49,875
151,387
17,548
152,28
126,719
140,195
18,322
40,245
65,578
153,851
51,702
166,666
126,737
36,423
151,615
95,102
148,673
32,910
50,192
4,342
134,332
55,782
126,269
136,373
132,51
68,537
46,775
161,473
102,655
74,151
51,673
49,418
149,211
145,5
154,116
77,741
120,184
7,11
144,865
12,635
21,141
94,467
59,509
163,548
44,123
12,338
104,471
186,988
178,238
55,971
132,920
9,430
99,340
33,367
106,758
121,19
88,766
96,975
52,302
50,322
63,372
103,348
16,143
194,435
124,84
82,249
192,282
186,322
86,493
187,278
2,302
66,592
159,164
124,86
18,46
169,525
51,494
145,64
136,464
148,700
144,39
68,68
170,779
133,420
94,439
118,206
141,1000
94,866
111,864
191,308
171,986
134,561
15,746
7,121
171,144
84,747
62,627
9,351
56,192
29,903
92,730
194,612
99,201
107,30
75,1
178,731
34,982
74,975
90,728
22,860
124,924
22,607
77,584
71,973
82,135
129,902
61,767
20,338
59,906
62,515
153,422
3,108
172,34
96,178
141,129
48,451
171,331
52,283
145,708
196,333
133,686
124,365
107,478
80,733
170,316
164,223
104,987
54,161
47,826
83,723
6,230
37,708
75,979
102,464
123,525
183,128
128,645
169,757
190,231
181,129
33,833
102,377
123,84
21,303
21,528
124,214
76,767
177,507
117,478
132,315
39,390
81,595
119,617
133,892
80,233
98,794
46,36
18,490
26,690
29,77
66,191
64,59
191,770
144,72
143,235
185,782
199,664
116,149
197,786
98,62
191,672
60,739
78,410
51,960
32,464
132,629
1,186
64,414
126,249
162,606
109,822
57,446
149,594
110,623
32,741
113,565
116,761
10,18
27,909
118,749
69,341
52,551
184,544
63,136
39,939
24,637
122,879
80,1
40,522
38,250
20,413
69,254
8,226
91,974
178,587
16,80
141,74
132,76
5,163
32,646
13,358
16,187
83,913
64,569
18,170
175,712
3,865
79,293
107,641
146,449
155,364
163,337
159,253
178,407
179,675
102,345
67,907
91,331
200,172
200,70
136,701
198,837
3,561
183,905
81,910
149,348
76,841
68,535
112,242
77,556
124,65
132,228
47,608
86,823
9,403
169,27
137,720
28,906
13,998
158,599
129,319
84,181
179,489
107,90
155,759
181,915
139,725
138,10
45,269
40,939
124,274
55,281
21,759
135,881
68,130
69,224
84,739
5,813
67,525
29,901
200,994
199,806
75,558
90,238
154,701
102,904
131,203
22,563
94,606
44,287
159,652
62,286
120,229
125,135
82,799
116,455
51,19
112,239
142,383
93,652
183,391
18,688
151,883
11,553
15,397
61,648
79,165
183,351
141,486
155,481
113,167
97,184
88,658
197,502
107,160
34,582
128,514
42,958
72,526
156,834
24,564
36,917
77,331
93,233
184,849
197,455
44,288
198,158
10,968
15,624
43,982
176,730
154,614
106,648
165,675
156,354
40,552
2,512
10,495
187,680
118,71
134,537
24,349
136,323
140,726
177,728
43,152
118,602
179,211
93,408
37,991
86,367
152,96
108,340
80,197
68,628
188,914
105,474
15,628
170,503
59,519
156,211
162,588
25,685
24,782
39,825
131,95
27,20
29,574
9,832
23,240
173,525
165,664
11,371
165,146
4,426
50,349
127,142
169,945
70,254
76,276
9,260
181,550
145,31
46,915
23,461
114,181
16,469
73,880
77,495
34,877
168,757
36,486
112,672
67,254
147,68
29,484
47,171
144,238
197,768
115,334
31,593
137,716
181,719
35,847
164,819
168,962
164,523
196,462
3,791
66,542
84,613
89,622
51,540
145,510
142,489
39,940
97,108
156,871
111,929
149,948
124,760
19,738
103,542
115,720
128,898
89,272
187,122
22,529
76,766
128,406
43,607
114,672
67,587
65,640
115,762
157,96
104,738
30,495
21,791
1,184
180,947
113,441
166,252
195,16
152,828
13,115
196,799
162,796
92,500
58,748
3,302
92,152
49,930
22,604
26,206
66,679
54,746
125,322
124,297
105,868
126,850
97,389
82,955
77,150
16,908
155,548
103,387
101,825
73,353
16,450
10,507
51,117
132,65
79,275
185,979
42,74
7,163
173,1
151,753
10,997
162,93
102,485
74,833
79,215
98,716
23,634
58,333
51,535
83,525
194,131
76,14
111,533
88,569
144,593
167,214
178,861
134,749
23,699
52,343
199,144
197,260
103,189
177,279
113,921
11,191
18,693
124,840
115,60
33,340
52,559
180,246
174,438
186,950
149,510
199,463
152,103
5,613
155,957
47,678
34,872
3,575
155,404
147,374
130,814
187,166
162,373
17,484
181,289
160,108
69,379
94,585
44,366
49,756
77,427
3,342
139,743
170,102
25,902
152,322
36,228
186,422
28,244
126,774
113,324
62,306
47,264
91,854
158,787
22,152
92,813
64,731
98,547
89,561
109,702
69,829
51,198
30,122
69,835
96,811
195,619
56,591
178,146
181,703
15,786
162,888
127,490
16,541
51,615
94,861
168,283
2,443
64,331
25,385
8,638
131,938
80,765
24,652
65,374
177,260
143,194
14,758
51,553
112,64
189,434
84,720
96,90
37,549
31,135
18,978
136,279
15,499
100,416
127,256
180,940
146,33
75,586
4,459
141,914
46,313
57,199
103,991
32,935
104,2
189,436
191,941
52,64
45,371
142,834
61,939
100,886
192,736
98,810
141,955
39,689
73,58
99,966
196,899
54,757
133,646
60,848
74,744
112,988
109,68
28,502
74,946
160,858
93,233
135,930
114,414
119,583
134,980
153,462
162,421
78,291
54,237
23,720
43,321
71,501
173,384
98,19
142,24
6,465
159,230
175,482
102,174
47,291
32,315
161,75
159,552
184,108
188,56
199,925
38,322
5,506
138,805
83,193
113,220
183,796
163,245
84,5
47,787
4,443
123,741
189,697
40,854
52,687
141,801
34,940
117,542
27,261
107,612
100,793
126,387
121,82
77,582
135,251
142,407
79,565
140,869
122,534
177,844
165,978
130,697
165,494
181,775
199,1000
51,519
17,865
40,581
69,385
95,920
126,879
107,950
170,36
166,835
35,280
152,98
33,918
79,419
145,988
6,168
94,616
170,391
197,548
23,445
109,310
3,83
125,274
141,601
15,941
152,717
11,119
182,225
7,700
48,959
144,496
177,903
131,922
58,944
51,165
166,63
110,843
167,988
169,450
181,938
23,315
110,893
196,707
123,642
16,985
50,783
24,136
131,421
197,612
22,704
64,765
37,126
72,951
127,752
88,874
43,355
47,711
132,310
58,734
138,438
50,866
48,880
37,930
43,982
19,991
124,60
172,358
13,453
86,472
188,567
3,274
124,843
145,659
152,278
17,163
199,387
69,131
143,887
134,450
146,463
14,377
190,956
61,147
108,794
132,790
99,425
119,612
16,113
107,529
179,396
177,109
140,103
181,274
120,915
98,863
36,139
44,89
67,783
117,690
21,106
189,917
148,367
34,419
102,357
49,206
7,402
113,886
116,790
57,635
188,331
73,263
122,763
86,364
109,529
172,141
84,873
67,162
120,687
125,890
32,902
144,780
86,667
81,80
111,546
172,479
125,42
5,66
143,280
140,288
92,441
76,962
161,529
178,37
58,379
104,449
189,435
30,76
89,427
73,900
15,325
138,505
55,319
46,167
178,185
92,958
49,549
101,947
30,686
136,127
114,788
64,125
65,926
59,53
159,841
199,36
187,178
13,999
103,523
20,567
56,439
155,123
34,257
133,639
173,472
26,686
63,782
127,220
144,557
191,502
177,158
65,642
12,775
178,805
9,808
36,306
62,159
66,7
88,38
177,799
69,590
23,102
64,810
137,49
192,911
139,976
19,658
143,82
60,485
147,1000
120,699
165,870
39,963
72,986
161,816
18,921
115,261
47,963
34,681
106,978
82,259
144,548
88,116
14,110
1,904
33,65
193,667
193,117
57,685
52,276
11,462
130,65
68,965
46,440
173,784
102,254
45,946
126,322
146,193
68,526
122,329
94,698
62,978
84,680
88,912
159,916
127,553
199,459
162,710
187,596
150,447
63,163
61,535
112,437
77,177
147,992
117,679
67,646
40,968
40,288
80,92
185,455
90,213
192,977
191,612
179,817
109,874
124,478
93,225
106,976
36,878
31,770
2,146
125,234
192,344
142,754
17,62
113,825
178,607
16,154
76,497
95,419
123,867
161,803
2,942
180,481
170,496
10,190
200,70
68,494
67,774
93,871
81,864
9,928
21,665
70,760
142,650
200,144
53,821
71,673
115,783
156,578
58,126
137,276
86,682
178,452
84,290
49,90
115,58
110,508
143,202
99,497
109,903
5,698
101,586
110,533
189,765
117,589
158,738
193,814
33,799
133,392
62,730
14,548
44,330
200,850
57,663
159,812
10,20
90,273
57,65
97,840
167,456
177,943
2,276
13,271
145,147
43,889
43,259
13,881
169,815
112,866
112,731
108,21
200,897
104,259
12,975
97,271
99,165
120,540
142,865
194,728
109,417
52,529
3,5
53,201
27,198
198,777
121,377
136,706
118,517
13,473
116,397
114,451
171,361
139,247
29,210
173,700
163,95
37,603
126,523
93,977
86,157
148,438
68,538
171,632
167,223
151,563
130,815
177,714
161,894
105,128
181,117
53,604
92,331
70,236
74,59
84,275
169,690
21,412
169,190
84,968
93,728
142,58
132,883
19,776
127,864
180,518
103,612
125,489
173,153
194,561
137,995
117,786
58,443
8,373
27,791
20,2
173,206
91,217
92,576
61,969
158,630
84,137
83,514
16,54
7,939
146,444
50,88
135,43
200,769
9,587
137,741
163,414
63,203
187,80
104,400
89,635
58,999
116,224
82,52
24,34
54,532
11,12
103,98
177,612
86,513
195,698
122,205
2,128
155,185
77,676
72,893
32,988
143,633
41,245
72,546
45,156
45,304
119,86
90,671
84,718
31,327
24,346
163,163
132,890
93,291
143,781
149,364
158,536
113,745
24,92
160,995
105,649
156,829
8,130
31,225
134,434
139,406
18,650
166,106
186,972
179,557
60,579
79,741
160,512
200,329
38,759
126,986
174,103
37,595
173,985
3,288
41,294
5,536
45,510
73,392
27,626
136,126
109,842
80,305
60,212
164,486
52,25
156,52
9,605
9,410
45,634
154,976
186,820
22,882
188,232
156,49
67,103
4,661
72,925
14,400
60,223
29,288
120,833
101,509
52,21
13,739
157,107
104,298
98,77
158,737
196,77
81,576
178,365
55,913
10,532
160,429
120,258
101,250
20,824
189,590
75,352
198,160
166,706
52,744
110,132
27,623
3,196
105,77
184,398
86,276
58,521
76,260
31,982
166,133
112,231
42,661
199,663
108,187
60,490
161,994
197,763
107,210
69,335
145,399
42,859
111,210
95,873
161,726
175,213
86,813
33,720
171,841
43,469
180,470
68,894
135,880
10,497
109,406
106,929
197,801
12,950
197,904
145,771
105,327
79,364
182,750
191,942
161,587
43,653
161,326
69,291
148,346
189,905
18,464
111,305
43,963
77,770
151,247
47,492
62,567
66,545
140,826
122,430
20,7
15,674
81,638
65,857
138,854
37,974
122,953
11,783
108,612
10,900
142,470
168,115
55,92
191,630
119,160
131,354
132,949
14,156
1,533
41,49
198,710
169,684
104,300
100,950
6,956
195,988
34,540
133,697
162,201
105,530
93,497
137,421
10,743
23,355
194,536
3,263
63,636
56,769
157,797
137,941
141,697
22,669
131,441
149,428
121,342
2,306
77,432
70,648
177,215
182,53
127,510
47,969
13,967
120,679
132,49
196,192
140,975
41,714
118,756
58,581
137,47
149,797
157,926
196,548
191,524
196,686
148,341
58,491
118,317
115,730
100,640
54,27
74,912
200,725
87,839
19,38
183,372
138,904
183,223
125,564
80,615
132,440
11,63
96,896
77,143
93,73
136,526
112,665
133,627
13,826
175,359
90,18
126,483
131,553
68,233
149,586
95,671
196,677
6,754
193,978
156,904
26,546
21,297
157,750
183,791
136,915
169,220
85,994
12,859
198,174
109,788
91,159
136,893
123,586
10,898
83,628
115,228
2,762
172,937
179,459
192,453
125,989
144,113
13,545
191,564
28,251
11,381
113,349
70,103
6,10
52,101
106,962
150,621
100,160
20,947
187,822
186,210
147,181
51,545
31,412
93,87
67,995
34,647
65,218
38,620
71,984
41,653
159,157
134,708
199,315
3,436
76,339
53,240
140,314
93,167
77,461
186,986
156,780
157,938
164,779
68,110
155,476
52,342
115,111
138,557
47,932
133,380
53,241
36,207
196,808
27,975
157,357
32,162
26,712
85,276
163,544
113,555
169,622
125,44
135,456
80,798
99,500
68,61
159,10
174,390
28,275
56,325
197,389
174,647
64,861
17,965
7,551
40,242
47,655
19,113
32,903
86,16
133,192
197,925
76,698
166,891
131,430
166,92
163,101
77,81
105,223
92,344
198,811
89,496
129,538
70,961
23,289
89,834
197,878
187,468
74,491
62,353
89,575
117,542
165,658
82,511
99,491
197,80
99,831
58,311
69,512
118,577
142,458
61,205
22,788
194,85
147,451
89,993
115,900
95,256
16,970
167,731
76,851
84,205
120,851
14,857
128,278
172,510
26,218
20,260
56,955
149,422
146,155
106,87
146,677
33,539
198,174
175,677
120,650
155,904
190,238
10,453
171,380
12,268
113,342
120,742
16,800
145,655
113,313
176,825
32,269
32,508
79,916
84,32
25,690
166,677
188,701
26,704
86,615
92,779
157,874
64,74
141,381
124,925
196,711
19,611
186,455
82,836
23,412
69,259
115,545
84,894
141,587
78,745
66,955
51,628
119,775
97,161
22,762
197,734
6,527
146,864
179,806
189,500
67,567
197,364
189,987
182,318
43,46
129,742
77,750
187,885
144,700
31,240
147,718
168,773
188,342
28,924
156,13
72,503
114,126
131,444
179,487
59,5
134,368
191,643
99,180
97,184
58,631
164,185
69,89
92,91
62,829
73,687
11,86
119,281
156,683
173,474
27,210
164,718
111,266
20,132
83,760
194,770
69,121
134,604
88,19
134,898
29,696
183,409
70,566
123,709
122,207
153,488
164,575
98,322
27,462
148,214
144,661
91,951
199,714
36,372
37,697
118,836
76,703
116,11
72,779
98,337
116,93
163,469
58,886
164,452
118,650
174,69
93,822
117,780
137,658
114,183
146,692
60,3
101,5
138,816
147,730
143,800
21,629
46,18
153,898
49,518
44,593
109,213
96,321
194,720
60,175
86,515
125,929
141,930
134,947
128,16
191,141
35,69
37,911
163,965
68,817
66,822
106,869
199,803
80,106
189,435
198,114
169,390
98,635
168,678
69,347
146,320
130,214
194,744
8,489
71,91
56,598
151,856
31,707
76,704
91,266
179,780
34,150
131,597
121,272
54,758
66,496
103,940
40,606
109,100
19,923
195,683
113,123
188,244
158,401
12,935
142,199
133,606
33,71
112,439
187,159
182,803
186,952
34,733
194,941
72,75
98,381
104,929
122,203
131,960
170,700
110,567
183,13
84,447
18,9
98,169
32,472
176,923
85,429
48,438
154,151
53,229
199,573
57,749
196,253
17,152
79,875
108,747
124,385
128,971
128,750
200,199
113,590
138,567
152,21
1,682
129,312
182,662
54,526
72,575
96,121
95,706
156,387
153,840
142,918
27,216
34,171
172,66
44,292
146,370
71,200
173,170
150,582
7,193
40,343
55,431
28,320
72,228
134,686
3,353
19,927
83,977
130,607
85,789
172,754
47,460
124,529
57,779
75,64
74,875
180,420
108,361
15,294
112,845
168,756
63,527
45,720
136,183
59,173
106,426
138,40
141,388
101,207
178,85
92,163
164,498
26,843
114,453
106,465
74,444
100,173
178,774
10,897
50,345
106,707
98,64
145,271
70,900
98,627
126,557
149,379
90,51
13,262
122,638
106,888
39,419
35,374
115,541
158,499
105,124
164,385
166,570
38,583
104,575
157,887
170,764
143,815
20,979
145,920
37,558
18,4
130,461
28,500
162,407
169,557
40,908
30,986
90,406
83,524
141,388
141,21
41,176
109,234
72,485
28,945
71,675
30,740
21,675
60,405
63,82
173,505
114,443
47,931
100,6
25,944
134,236
93,812
122,988
144,283
32,791
118,17
186,895
138,494
16,71
67,375
3,885
105,889
93,572
2,291
102,850
145,327
122,972
85,377
82,938
46,389
179,448
112,406
66,713
18,336
92,469
4,806
193,609
160,72
159,53
118,845
156,575
193,287
89,652
20,474
69,952
172,215
134,566
181,78
194,539
178,32
65,725
12,805
4,607
85,410
200,211
173,818
161,577
77,826
68,729
85,228
39,669
41,831
23,992
127,858
170,536
67,872
23,349
23,667
104,422
25,773
126,857
93,584
111,927
49,969
22,677
53,420
189,282
52,712
169,594
102,738
48,992
28,654
156,951
127,389
68,54
50,620
60,150
120,709
33,452
179,651
96,804
17,291
185,739
38,98
66,337
74,451
134,66
109,990
136,607
189,412
175,365
90,151
11,551
101,183
10,460
98,444
148,810
69,138
19,457
8,12
172,54
25,810
140,807
136,879
145,931
71,473
181,788
89,462
144,407
42,65
130,885
168,25
136,112
164,419
62,775
101,39
44,7
147,737
105,129
141,433
142,687
182,439
13,956
66,844
71,4
185,795
155,682
154,965
151,982
128,359
196,462
16,444
30,922
144,384
25,388
131,514
161,833
108,180
13,316
55,655
116,527
132,810
24,819
169,821
82,544
25,303
17,983
5,552
178,562
48,974
100,771
83,146
189,371
115,368
169,931
185,434
153,37
114,564
173,175
51,584
192,272
77,736
136,704
13,650
184,263
136,491
55,280
3,323
117,69
120,631
182,537
88,466
88,750
53,875
151,897
67,413
52,294
51,66
95,184
3,844
141,660
48,373
131,52
165,963
34,995
152,568
36,340
23,794
108,972
192,891
43,548
22,884
101,467
188,667
48,760
172,456
159,967
97,806
103,798
71,73
2,856
13,74
35,519
60,725
68,279
159,963
43,64
170,499
161,240
18,972
6,522
56,711
125,876
6,972
189,546
157,884
2,347
54,508
127,639
148,721
137,328
17,625
102,368
40,553
76,318
85,296
16,392
71,715
157,501
120,447
139,624
121,604
147,902
15,218
38,745
57,955
180,539
77,573
30,593
84,893
4,20
3,102
198,376
179,661
146,751
178,398
153,827
54,694
91,275
22,601
130,586
54,180
11,909
154,571
148,610
64,437
195,332
152,336
81,173
60,385
108,177
105,730
67,971
52,460
180,464
19,325
117,712
194,549
151,584
60,509
179,48
50,867
136,489
36,891
101,138
191,127
120,517
134,953
43,620
53,690
191,77
69,316
144,949
116,894
185,712
191,621
80,480
100,615
169,944
62,865
37,338
190,482
47,388
13,290
73,797
157,850
8,640
35,361
173,154
200,665
33,541
11,235
150,760
9,582
144,568
200,2
40,351
166,241
95,148
64,316
142,840
73,454
193,687
26,151
67,310
149,993
124,495
139,510
161,816
46,444
132,367
106,324
94,843
189,842
4,969
92,706
35,532
72,243
3,307
76,250
168,841
78,154
71,429
68,771
93,163
41,41
59,628
74,575
11,982
91,929
64,803
188,253
27,667
138,384
76,249
126,549
48,855
164,436
164,176
83,807
167,579
77,804
88,546
171,195
138,796
161,662
86,890
48,91
76,619
90,468
179,689
194,639
86,489
101,506
103,25
45,789
199,291
73,52
20,110
195,296
50,184
195,50
82,752
70,539
132,5
58,915
123,169
27,504
143,534
113,573
80,305
20,766
90,840
185,49
94,412
143,757
195,142
143,985
101,964
187,965
14,487
65,547
85,828
48,581
131,385
118,788
94,342
74,145
41,707
139,247
146,175
80,500
192,190
164,648
176,22
177,546
24,479
41,508
94,684
90,783
35,384
130,577
58,606
80,177
88,585
99,188
197,235
115,301
27,921
177,87
173,108
47,974
28,254
146,326
30,112
103,486
52,453
67,933
171,841
155,508
111,895
46,870
162,665
44,46
45,98
86,276
200,937
79,133
63,545
157,623
60,658
69,700
114,340
139,278
53,477
72,4
33,657
125,671
200,558
5,389
163,130
191,745
6,615
37,169
113,345
26,371
143,639
87,747
166,905
92,154
56,55
67,362
173,672
28,713
65,166
77,415
147,447
54,492
25,39
149,834
150,926
157,411
70,819
24,172
66,601
94,398
138,550
176,824
19,611
17,126
28,799
36,595
20,606
116,843
69,894
38,439
158,277
30,902
19,793
23,463
176,140
54,832
65,671
109,401
5,239
134,7
146,30
32,241
26,507
28,535
123,93
136,58
60,426
54,825
20,231
182,272
115,622
40,109
198,873
147,45
57,723
38,766
133,696
127,799
162,116
124,870
21,525
81,399
9,390
184,483
30,282
137,895
164,885
160,741
135,69
94,929
181,239
48,33
180,105
8,717
121,696
59,794
173,372
92,527
51,895
195,79
7,447
39,905
22,165
132,837
129,610
171,116
106,774
152,307
10,258
147,997
97,247
191,424
86,812
185,24
139,720
129,843
41,636
2,212
26,999
30,565
108,10
155,64
149,668
29,414
100,943
99,444
88,916
186,657
15,863
143,375
104,902
37,259
84,981
87,345
51,530
23,699
14,631
10,274
40,583
130,372
102,324
141,369
25,915
63,906
122,980
158,497
42,502
83,858
65,822
91,538
21,290
59,7
38,198
197,966
188,888
74,358
156,858
152,583
40,497
70,789
103,682
189,433
44,684
27,420
179,488
137,325
91,338
195,458
107,6
85,517
122,567
158,119
116,398
55,888
156,9
40,619
100,282
9,941
132,130
25,522
72,587
95,669
137,786
168,39
104,277
200,973
86,612
150,439
60,96
137,996
135,502
164,118
161,544
122,611
136,524
166,183
49,911
89,116
151,448
185,21
146,380
130,398
16,341
173,18
86,363
130,98
77,679
117,593
166,697
27,160
48,379
30,343
123,349
56,525
11,924
150,119
93,553
177,527
70,583
16,792
34,541
152,930
25,766
16,264
26,744
197,112
197,874
12,614
120,624
172,811
171,175
151,203
174,403
41,328
144,307
9,733
75,18
192,791
149,208
64,874
113,211
45,393
9,570
186,11
131,181
138,453
47,789
52,549
143,378
104,792
175,706
85,414
108,377
76,692
136,435
192,142
16,133
178,673
98,223
200,783
98,771
156,345
133,41
4,13
165,889
65,564
170,614
24,417
143,870
92,565
172,718
80,65
107,356
167,929
30,85
111,951
170,201
160,767
159,207
27,578
119,252
191,232
13,895
169,729
170,519
103,522
159,248
160,495
127,453
178,53
77,839
48,359
183,904
168,125
146,603
88,179
150,55
61,28
107,882
156,928
94,432
157,304
179,378
154,506
79,839
165,958
30,320
83,109
136,504
56,405
94,110
96,885
132,356
73,932
62,299
87,598
46,14
40,924
183,888
28,252
76,898
143,156
15,178
72,432
56,203
129,906
61,186
132,60
47,566
162,479
175,218
83,238
168,616
66,126
28,453
61,781
113,856
19,473
140,313
93,534
126,877
88,564
99,666
46,868
143,336
122,991
70,200
54,98
29,425
72,460
138,607
103,974
18,59
86,193
185,437
6,851
190,501
73,725
49,933
61,592
139,599
189,579
137,759
10,633
2,479
89,50
77,794
61,746
58,100
94,762
146,973
147,639
141,935
167,513
122,7
69,416
33,917
137,69
85,618
64,981
55,786
97,517
129,764
190,716
57,47
30,687
28,741
188,968
106,761
2,964
106,287
22,394
100,523
21,680
185,253
88,745
186,988
126,691
110,958
62,826
19,983
30,582
199,451
151,175
185,981
31,516
64,995
23,714
105,39
131,550
120,308
93,829
62,354
22,536
186,462
142,980
110,220
133,347
138,293
195,467
119,727
36,784
174,412
116,595
89,872
12,223
83,955
89,945
132,574
159,989
11,659
87,224
50,167
82,342
127,356
156,985
123,681
80,779
140,877
171,846
140,498
101,616
114,913
12,314
47,184
11,165
78,288
86,679
134,628
14,176
184,226
183,966
126,793
9,725
34,974
69,32
38,983
67,664
29,879
131,495
147,552
124,518
84,604
39,926
135,716
187,932
176,400
143,910
112,506
198,702
30,261
148,81
111,600
101,571
179,871
4,91
94,671
166,589
143,572
84,103
1,991
19,651
27,547
193,278
173,153
93,645
48,435
72,20
81,864
19,497
158,341
133,577
35,72
157,104
162,486
94,593
92,152
28,289
101,155
14,623
128,857
88,990
162,780
155,105
114,858
122,419
108,319
177,39
14,455
34,32
54,983
43,722
195,157
88,804
200,841
138,875
182,380
115,918
40,731
137,161
132,328
168,631
125,106
37,118
87,481
136,362
96,53
164,313
136,404
141,54
75,780
158,559
117,837
193,722
88,25
156,810
75,135
179,111
99,709
149,929
45,74
117,484
99,464
155,451
126,86
124,337
155,961
61,34
174,29
98,124
163,467
128,550
166,625
72,314
66,378
23,679
165,494
199,966
10,225
16,208
100,745
184,523
125,229
63,834
153,78
28,341
143,800
65,209
182,45
30,237
17,250
72,567
123,901
74,185
34,992
127,279
197,598
156,845
56,336
38,309
181,120
75,234
151,537
70,20
30,26
79,948
173,573
134,11
116,313
69,543
129,57
29,627
46,933
118,433
60,461
182,645
129,401
45,912
142,775
183,161
195,325
8,651
157,643
158,903
77,141
70,746
175,1000
18,314
91,187
150,906
146,603
175,846
161,978
150,86
66,193
2,798
16,276
168,32
105,193
134,736
140,427
188,670
152,705
184,977
130,998
79,452
83,590
88,90
132,404
87,821
97,113
65,23
194,194
198,335
70,666
68,26
104,887
8,22
87,218
48,366
143,782
152,901
121,858
76,550
103,997
160,506
18,166
19,8
107,639
188,542
54,378
120,464
63,603
113,919
143,982
54,644
67,87
48,874
162,456
14,533
162,249
75,363
123,870
55,8
115,106
27,60
41,336
188,717
38,689
154,400
88,461
172,225
144,459
60,691
51,971
77,75
115,764
198,701
40,761
183,10
91,41
66,741
98,374
114,560
70,396
101,840
192,949
97,148
200,452
27,210
17,139
180,289
13,111
59,835
187,188
102,353
63,457
61,952
58,916
145,879
116,548
95,53
64,967
113,913
93,185
62,250
90,381
194,854
168,269
160,625
169,189
11,526
98,475
182,336
9,121
156,245
51,654
198,911
78,312
56,689
111,380
177,577
29,774
84,226
41,509
108,920
53,648
158,329
112,700
133,360
20,280
167,138
55,495
200,55
71,762
129,348
95,104
49,106
190,991
57,900
136,985
66,991
57,980
182,945
105,390
19,885
20,200
93,708
131,889
183,776
162,558
142,281
92,506
120,675
173,328
7,975
43,645
153,465
90,685
199,825
158,639
140,774
155,8
200,950
16,79
30,76
138,106
147,343
8,371
44,555
86,951
144,954
151,235
185,872
12,548
40,104
3,449
148,72
176,42
130,949
123,914
127,602
142,951
11,574
128,305
87,418
63,282
121,647
164,867
62,456
43,757
142,246
16,38
147,216
194,39
108,221
59,572
97,931
161,107
110,53
40,158
38,462
200,279
171,158
180,822
23,485
142,917
171,188
179,480
114,961
19,862
15,779
92,712
7,860
169,82
181,681
143,795
60,174
91,724
81,93
39,84
53,736
174,559
56,994
13,520
64,231
160,911
50,220
74,443
37,177
105,891
65,146
65,11
9,776
179,108
124,286
44,371
158,103
73,708
68,996
123,245
141,206
197,228
55,410
122,914
11,457
110,167
188,992
187,530
5,699
195,978
153,698
149,355
105,20
88,141
80,988
163,320
3,575
162,303
128,849
196,454
199,715
28,19
10,147
114,349
189,508
143,620
138,947
106,945
139,494
173,509
140,123
31,445
72,635
13,129
79,816
139,198
191,522
146,447
98,341
50,660
102,924
168,484
103,221
13,458
43,732
139,464
34,477
194,799
91,859
117,651
56,110
143,887
46,692
190,634
28,882
196,204
20,809
58,256
143,389
194,62
115,583
41,836
125,291
104,754
36,163
43,139
84,277
78,385
167,841
64,634
104,894
169,201
194,983
172,942
158,713
35,389
106,579
27,616
124,397
146,403
51,991
51,4
47,825
74,95
81,780
179,636
144,265
70,604
111,470
177,602
66,548
170,835
80,464
28,913
186,869
103,510
96,766
100,587
171,294
196,523
93,654
110,314
167,575
64,811
187,20
153,811
130,516
154,771
14,564
21,335
82,54
171,389
191,301
16,836
52,221
170,739
91,667
99,699
42,438
198,289
174,659
13,546
91,720
146,349
82,93
77,772
194,615
94,466
36,655
176,163
144,103
97,36
189,333
159,861
108,47
84,143
99,459
21,906
107,606
118,470
142,753
19,611
128,400
117,746
175,774
57,125
78,562
24,160
68,809
126,952
152,382
110,42
84,687
5,708
40,864
12,406
87,65
81,464
36,825
7,185
65,663
173,116
192,638
198,28
90,220
97,155
111,208
152,807
100,255
143,334
188,441
154,45
93,661
55,387
40,354
106,699
102,379
73,535
27,602
14,112
166,111
123,51
122,545
33,690
27,962
28,994
123,431
70,247
170,768
178,603
152,445
9,406
120,366
36,271
119,709
179,371
6,493
167,72
45,632
115,674
43,363
140,756
140,488
28,249
35,667
45,807
132,486
91,257
39,668
133,898
149,28
6,380
102,480
78,71
133,978
37,663
145,307
171,212
11,336
10,286
70,554
53,580
17,483
49,891
189,814
12,23
144,403
186,332
174,907
124,560
119,592
126,803
14,287
25,777
81,485
65,969
34,639
148,272
53,152
20,367
184,855
156,432
108,926
164,550
38,581
47,769
124,217
14,646
124,256
189,862
159,852
62,911
115,961
9,496
54,289
144,332
196,961
108,495
85,549
79,957
167,581
153,4
164,58
182,687
152,490
66,606
152,225
113,354
115,816
145,160
126,905
15,730
130,383
95,196
189,78
98,404
90,58
75,925
59,306
70,553
75,411
112,745
29,649
28,456
119,92
105,156
61,58
47,801
72,523
40,927
147,866
129,815
24,217
177,889
47,46
33,734
127,151
186,872
185,366
123,345
43,186
105,959
46,321
82,303
136,229
31,325
45,733
36,583
56,39
29,99
126,615
99,549
198,371
25,876
77,358
16,754
141,366
68,639
167,80
36,952
75,760
141,441
111,574
14,705
15,112
87,929
103,243
30,274
55,473
119,19
172,106
79,222
132,607
41,742
4,737
78,832
76,414
52,327
138,342
33,94
23,927
14,126
127,871
154,725
151,879
44,57
118,491
10,360
126,490
187,986
38,637
121,384
50,225
56,820
165,340
108,374
116,200
40,603
79,400
8,125
39,750
132,849
137,705
67,351
48,976
193,605
100,718
149,883
163,237
58,513
158,269
128,748
47,981
110,601
191,491
13,486
183,187
200,935
118,639
3,560
125,248
53,672
183,193
137,649
22,732
97,622
123,695
92,62
115,575
59,710
132,540
108,876
189,354
90,574
156,637
194,118
162,211
84,307
102,724
104,660
89,935
38,143
134,582
118,959
88,930
58,736
64,627
171,800
104,575
143,435
16,69
13,995
42,921
87,408
173,667
152,539
43,636
151,757
113,709
109,768
147,623
114,794
23,291
112,530
147,548
157,405
163,202
34,478
119,346
70,961
5,890
85,378
92,915
11,823
140,649
50,772
68,948
141,283
1,213
102,820
33,567
154,635
84,332
73,319
67,495
145,852
33,545
186,613
124,7
148,172
190,414
134,581
136,967
32,147
170,93
26,731
139,325
144,887
137,342
57,838
53,617
163,943
178,943
42,864
153,379
113,704
139,970
191,396
182,356
5,841
154,354
170,662
34,327
101,918
55,62
136,6
13,930
10,38
61,708
141,113
7,790
116,280
29,179
111,668
192,50
3,838
159,92
14,229
19,143
135,48
115,684
161,146
153,725
157,702
196,311
168,747
73,771
116,261
98,973
200,166
46,416
159,397
73,37
128,395
63,941
140,399
58,645
23,524
103,889
59,262
86,736
94,322
197,311
121,13
107,920
9,648
127,513
14,375
80,5
114,116
44,606
134,634
153,787
125,581
3,112
21,503
183,437
37,84
86,980
129,527
121,239
22,283
83,689
11,676
60,760
64,112
95,138
54,374
44,697
183,332
51,778
47,152
9,568
162,691
24,190
175,510
189,320
156,610
62,609
21,813
154,54
2,756
198,841
25,968
24,134
132,276
193,56
200,101
186,508
36,878
57,267
181,267
101,742
128,499
162,948
180,644
199,588
167,375
42,783
102,563
194,964
151,964
12,545
41,909
104,848
131,88
82,270
39,244
139,185
150,82
152,427
156,940
131,562
11,716
72,592
178,982
19,611
141,666
18,496
1,666
5,120
96,620
30,954
148,740
120,459
3,799
116,306
192,278
58,974
162,684
67,485
161,753
130,938
37,89
120,692
187,222
143,811
145,119
73,372
94,10
91,421
165,726
80,657
176,685
161,164
5,137
72,275
108,312
196,159
134,765
88,595
95,148
181,349
43,959
174,591
48,975
197,294
35,712
14,805
164,945
145,12
75,157
170,652
90,545
183,851
75,239
46,653
154,585
24,193
185,929
123,885
143,39
123,507
35,160
71,257
28,941
72,779
103,915
57,193
47,476
133,568
181,967
190,808
73,329
160,225
7,335
3,448
157,678
151,568
125,384
136,735
81,155
90,501
43,280
153,160
198,381
145,971
130,481
107,272
6,779
12,774
180,405
147,436
66,447
158,26
30,848
105,302
71,682
36,737
61,869
185,464
3,82
198,924
166,298
18,346
94,68
189,46
195,357
200,973
29,452
125,967
85,482
132,858
97,86
167,157
61,841
96,852
165,701
129,977
116,388
98,163
101,628
13,911
150,88
22,897
158,921
111,247
197,169
60,398
198,789
41,383
49,450
135,445
55,38
116,63
31,645
161,216
200,686
185,127
173,773
199,785
101,767
143,567
156,457
135,52
63,255
170,736
194,138
60,102
109,314
147,953
87,547
103,262
200,588
20,840
127,38
83,563
4,221
15,495
25,741
75,897
108,42
29,38
159,629
89,527
122,172
69,304
17,788
23,644
21,782
63,970
147,495
185,238
3,935
55,836
20,827
16,379
25,805
148,395
195,547
22,799
80,753
110,776
150,995
178,887
30,10
114,942
183,926
99,270
61,829
188,152
103,861
53,108
73,191
67,226
138,147
163,153
66,735
71,885
48,588
86,108
96,247
140,305
25,43
200,845
46,320
8,616
124,321
48,740
102,27
177,407
106,993
95,708
69,757
56,127
26,229
164,723
198,3
160,420
62,452
123,302
16,788
171,642
22,623
195,271
45,975
42,521
92,134
45,38
80,805
52,240
182,9
164,6
100,909
45,238
16,966
82,31
69,927
113,556
36,966
121,502
51,315
190,354
119,720
52,752
163,291
109,689
81,150
186,444
124,760
168,688
80,634
154,566
133,249
87,742
189,93
160,616
32,461
114,949
64,478
111,416
4,439
43,378
153,210
200,470
126,164
74,327
116,835
73,271
31,854
90,216
158,385
102,925
9,540
200,420
12,804
79,523
153,590
66,6
164,79
144,376
23,888
76,799
149,436
140,471
50,977
101,557
189,720
156,304
82,392
23,529
156,685
17,764
61,293
159,747
51,730
24,741
98,896
121,378
83,715
8,657
54,914
197,675
28,950
1,627
52,543
199,558
132,188
159,373
97,197
117,633
122,234
192,770
103,773
125,543
146,684
134,572
197,21
25,600
106,934
42,177
53,98
68,133
27,102
170,862
46,931
85,248
70,905
3,281
67,278
162,301
1,865
118,908
34,776
23,866
19,871
189,127
45,328
151,388
102,942
116,882
147,797
181,362
106,101
32,217
157,196
183,360
62,45
19,597
56,807
104,939
56,220
149,342
152,499
193,373
122,486
129,616
193,496
175,505
184,895
99,105
44,449
200,430
93,116
198,263
178,610
41,319
187,833
28,8
16,822
148,420
155,37
5,850
70,87
132,997
18,818
162,247
106,417
37,37
105,396
110,90
2,867
44,776
11,83
24,718
116,280
94,117
173,809
192,518
166,544
193,600
63,271
115,470
57,73
15,109
21,747
8,416
14,3
60,7
192,544
86,599
122,230
124,45
100,118
45,859
72,336
95,362
30,594
94,936
17,228
190,131
42,662
35,432
111,865
86,44
155,914
139,27
32,490
163,852
185,740
14,835
161,706
91,428
146,946
192,303
154,742
188,38
72,334
114,827
140,791
142,282
126,122
67,646
54,363
19,180
4,48
72,881
183,353
183,841
32,324
131,181
191,561
80,227
101,338
112,990
130,742
95,739
141,781
100,635
124,841
161,263
68,795
59,31
39,463
132,631
25,80
118,744
79,341
112,111
161,531
86,66
43,24
96,269
10,275
131,203
199,320
90,656
186,475
109,955
194,552
34,910
88,314
18,229
198,904
182,894
44,75
73,699
110,37
123,487
144,867
20,901
144,862
188,292
53,978
155,708
58,631
95,850
166,452
188,561
67,453
105,888
90,3
88,305
128,385
127,271
69,668
87,219
21,252
129,801
107,492
134,130
52,438
46,945
175,507
192,661
144,279
187,989
38,649
52,841
122,678
76,41
81,646
24,487
181,74
113,371
124,669
60,161
38,568
50,444
29,203
134,113
79,187
5,696
200,55
34,560
124,673
63,704
73,740
2,961
52,419
47,496
161,344
100,159
149,354
39,132
187,856
191,302
33,612
57,149
110,471
67,722
85,819
40,870
177,53
133,137
109,694
7,496
90,609
132,765
28,457
195,669
56,78
197,101
112,27
21,729
33,295
185,15
195,195
110,56
51,430
3,553
37,482
133,114
90,815
182,455
183,367
179,537
71,598
144,487
92,735
91,810
162,164
134,862
18,820
12,674
183,598
54,112
158,619
168,232
132,591
103,232
94,381
48,237
24,234
62,888
85,530
185,430
46,412
130,843
89,20
60,860
138,336
162,785
3,911
72,276
143,391
168,51
28,49
21,416
170,211
38,638
15,2
13,319
175,785
43,107
158,601
168,550
161,934
146,224
153,397
178,762
11,503
50,195
29,188
95,430
179,754
101,74
68,906
39,45
99,130
29,271
197,37
40,275
148,607
170,531
140,582
64,870
167,300
176,129
28,938
127,847
30,674
31,329
33,155
51,127
47,551
167,847
196,301
24,819
94,650
47,471
123,385
92,742
174,368
146,833
47,972
93,255
194,159
69,169
82,883
69,712
114,366
147,332
121,399
45,308
149,182
153,787
140,638
108,675
28,535
118,336
43,532
144,689
47,530
32,456
11,167
110,136
69,323
140,367
33,154
76,844
172,232
21,443
115,135
14,563
59,741
142,529
133,307
177,673
110,91
171,21
134,418
44,904
47,417
168,855
83,624
21,614
73,13
191,426
112,640
66,140
84,914
9,871
95,343
98,674
39,594
115,989
87,381
151,234
52,568
66,119
149,711
112,170
30,940
156,524
89,755
176,757
161,123
87,382
162,934
188,714
49,569
132,296
196,443
147,671
116,358
171,245
134,301
119,224
99,998
88,584
44,506
189,441
111,966
17,126
177,207
27,737
123,396
195,900
32,858
85,760
161,711
129,768
107,375
189,714
1,911
70,725
130,943
121,59
143,458
42,929
134,655
74,44
32,13
112,480
187,721
101,281
162,684
90,676
71,35
92,436
12,956
43,880
15,958
184,685
17,537
114,212
40,915
138,840
86,764
102,335
143,641
16,656
186,624
15,359
199,837
161,243
132,16
90,689
57,276
108,340
8,971
197,929
52,156
75,728
7,873
53,27
122,11
180,232
12,568
129,823
176,347
165,281
192,656
48,239
163,318
195,531
154,539
56,778
121,960
165,793
106,779
61,514
151,337
162,428
13,529
157,781
126,644
184,193
183,678
196,407
88,300
126,452
65,424
192,61
21,682
22,657
9,573
69,897
49,640
182,953
150,55
22,433
197,836
161,654
64,364
133,510
91,107
66,405
6,973
14,144
81,208
5,13
160,774
93,862
182,651
132,659
73,41
62,663
185,274
79,635
148,742
18,744
146,374
187,820
183,901
66,4
30,932
116,473
76,978
158,368
6,197
81,280
66,626
178,129
81,930
58,739
14,325
134,754
181,96
49,333
95,114
47,892
169,425
170,283
2,27
144,612
185,207
143,673
115,360
83,639
141,644
200,408
139,864
16,403
175,416
109,789
71,202
8,434
116,199
133,498
81,42
39,489
140,450
165,853
50,884
100,168
196,862
25,563
76,523
19,460
118,924
66,341
82,852
136,298
144,755
151,122
22,430
97,108
124,247
167,283
180,769
127,299
46,191
19,594
155,72
74,202
26,368
1,691
147,451
12,971
124,111
163,763
12,158
164,41
196,160
165,799
56,292
156,183
94,42
157,990
178,413
22,563
59,851
5,237
131,963
107,178
141,596
144,122
144,630
186,625
155,772
60,164
140,937
66,874
11,841
15,838
119,525
36,425
171,653
156,214
20,696
56,175
67,804
27,930
151,813
25,61
164,53
175,901
46,132
89,602
178,100
107,230
55,870
180,975
67,345
55,767
77,188
164,113
5,383
95,555
179,906
154,889
28,73
157,545
60,126
12,923
59,56
192,702
92,153
200,464
6,208
65,262
187,72
137,654
71,314
197,59
182,308
54,523
181,8
128,919
91,368
70,984
190,797
10,341
196,646
200,777
164,371
172,643
82,571
97,854
78,272
81,148
103,293
101,374
7,487
43,776
181,212
24,832
172,256
70,111
157,101
168,446
39,576
132,306
71,551
57,381
126,774
87,226
179,68
77,567
197,852
2,539
26,52
41,809
103,133
60,962
164,236
54,146
159,864
105,85
152,759
63,936
6,10
34,44
115,628
3,398
76,457
54,870
155,752
82,731
136,37
6,756
140,765
175,102
190,978
122,271
79,73
188,93
120,43
197,478
41,738
62,913
7,961
184,555
153,303
104,416
112,161
159,526
19,602
153,473
131,532
49,355
131,656
197,282
50,283
163,96
121,444
195,352
16,252
111,17
43,615
21,618
56,22
90,691
31,159
120,67
155,543
20,62
150,791
132,780
68,805
68,817
105,325
35,312
163,849
136,574
34,437
91,138
52,287
55,60
79,44
99,896
57,131
90,752
173,149
145,380
99,607
22,15
51,378
41,293
185,951
171,863
27,377
73,302
117,636
183,722
148,342
134,73
179,556
82,712
2,118
42,21
135,211
132,591
44,101
18,421
50,274
127,16
31,867
103,792
94,258
31,537
62,689
163,695
132,280
34,628
175,695
55,643
108,827
55,97
122,679
105,664
186,91
146,488
56,11
29,313
165,72
25,98
12,836
159,985
76,688
153,515
147,632
2,683
85,422
122,618
191,937
141,977
86,517
106,266
176,621
16,511
159,400
31,551
80,785
187,54
70,191
166,102
24,428
184,215
56,281
170,61
32,442
103,255
56,908
25,236
154,214
57,790
122,199
103,78
127,996
148,560
75,269
164,546
149,619
129,832
52,381
139,927
126,316
167,276
135,349
52,124
36,275
196,65
128,884
188,384
159,772
28,820
175,428
75,927
195,995
200,575
164,696
157,861
194,475
164,25
73,443
179,794
78,747
5,983
14,118
197,756
71,923
151,81
52,256
125,52
146,652
69,478
43,406
36,113
100,846
61,70
87,480
119,796
108,90
91,474
74,887
57,359
84,658
28,991
58,391
66,806
154,246
161,17
26,992
99,821
160,699
73,768
96,907
36,580
189,875
161,441
113,664
42,317
163,243
75,672
126,888
9,84
80,627
44,461
147,102
13,804
42,761
97,632
128,814
80,902
172,870
38,520
159,852
6,400
102,582
9,279
106,246
162,445
73,213
16,264
70,747
158,963
120,783
156,441
167,639
128,952
117,662
25,904
81,452
99,47
105,500
169,7
5,771
189,955
24,179
174,563
6,23
37,307
51,71
143,835
22,963
10,16
157,519
42,746
165,374
179,911
56,219
80,226
103,347
157,753
74,459
4,183
144,127
165,417
48,681
60,393
85,855
146,744
86,436
119,715
160,588
123,65
72,726
172,886
176,781
112,525
193,984
187,381
116,275
148,996
77,346
42,531
140,994
198,655
41,328
193,966
13,912
140,799
57,884
53,985
161,740
102,477
133,43
170,581
40,170
120,902
50,372
89,552
117,596
121,458
38,960
159,528
158,516
114,155
87,422
150,877
49,827
172,720
124,311
106,553
170,387
63,594
182,515
71,649
10,372
81,216
125,185
129,382
135,222
146,246
171,76
55,313
1,252
179,954
102,47
122,683
52,660
125,473
21,351
13,399
19,249
166,542
13,797
99,945
70,611
12,53
194,930
47,975
132,537
161,2
127,203
49,555
59,922
182,54
73,50
75,505
156,312
190,91
109,976
29,158
59,418
96,168
139,640
51,780
157,199
59,874
171,334
127,327
191,460
66,920
76,379
139,166
91,668
166,465
69,176
58,508
116,187
8,267
61,584
56,287
85,214
5,231
158,649
95,105
148,285
100,948
138,485
135,918
119,705
29,247
158,359
8,250
174,900
174,535
94,275
55,201
109,403
91,945
133,996
164,743
19,625
183,253
44,762
1,619
100,443
117,911
166,185
26,436
44,321
174,441
142,957
88,458
138,548
66,216
77,469
85,574
91,8
141,926
13,522
168,440
17,40
81,688
120,156
107,670
179,335
38,516
175,896
188,263
102,726
21,333
150,406
83,308
59,589
31,758
6,362
22,3
110,374
107,887
166,529
139,388
162,935
113,252
134,897
199,810
163,142
43,396
86,365
172,817
198,579
153,820
170,732
196,624
54,216
28,859
35,628
166,639
64,124
189,365
46,251
194,892
3,675
6,345
22,435
106,649
91,148
54,952
76,828
60,70
146,282
97,348
191,963
117,300
160,630
183,530
18,430
75,702
131,312
102,952
48,276
191,909
57,720
31,302
52,340
112,15
62,259
20,72
71,440
47,361
147,823
86,770
72,105
39,807
129,28
173,988
155,283
157,202
3,348
174,772
82,218
71,999
16,666
8,608
79,422
117,293
135,17
71,109
23,311
82,468
95,832
55,228
152,338
173,67
92,657
117,277
199,439
5,426
119,909
129,27
139,196
24,190
66,445
168,367
51,757
1,499
185,808
40,759
45,601
193,585
93,344
38,71
81,457
44,939
182,239
26,265
143,564
149,992
114,646
87,374
94,584
107,519
67,993
31,194
142,582
184,133
135,561
143,477
86,395
152,723
157,625
4,927
142,756
196,935
81,792
182,402
155,855
33,52
40,546
164,783
50,352
35,784
130,462
97,836
171,493
199,337
98,993
111,484
56,664
26,379
162,826
140,744
69,128
120,103
71,817
119,629
98,983
143,329
21,613
188,729
153,8
120,408
183,370
31,384
37,27
200,218
85,34
130,226
194,404
135,420
8,445
122,964
135,279
80,602
193,427
67,88
32,831
61,376
169,898
198,544
162,651
152,172
169,495
176,7
6,661
98,611
144,801
39,89
154,160
156,60
39,979
73,325
8,451
98,185
75,545
104,278
68,589
197,699
152,554
28,874
89,601
174,942
88,101
164,871
118,494
70,252
74,53
37,82
157,505
16,902
44,19
107,940
57,917
69,530
53,174
58,314
132,434
50,272
23,375
199,950
42,104
54,572
189,432
123,653
80,98
165,451
30,260
78,528
91,763
159,9
120,69
63,575
65,342
101,534
72,370
142,388
23,441
41,947
72,870
129,281
200,225
200,912
142,523
160,792
56,746
60,711
11,668
183,874
65,293
145,762
140,70
186,535
179,628
82,856
133,116
37,219
192,653
131,695
161,837
173,402
117,225
152,474
154,395
7,28
135,428
185,1
168,499
135,34
75,587
149,967
10,224
54,167
189,751
175,870
98,201
27,183
172,779
86,975
166,106
200,684
195,480
113,436
153,544
54,687
105,884
122,681
31,950
62,591
5,917
142,569
93,877
171,58
134,334
66,157
71,44
31,886
38,794
130,177
124,197
23,377
75,153
23,864
34,366
132,545
120,53
104,332
119,807
14,186
173,954
67,274
186,376
39,58
150,541
32,303
133,120
142,908
96,303
138,51
167,375
176,12
13,924
184,634
133,345
24,965
111,515
96,16
82,142
198,884
147,251
86,262
32,23
117,916
58,458
39,55
136,851
131,131
47,365
115,272
100,960
81,657
72,655
65,538
11,442
51,890
168,817
68,860
76,761
102,526
11,167
61,298
7,501
6,185
106,952
166,449
185,977
35,780
169,440
11,111
129,884
137,779
3,850
61,537
30,298
81,635
4,894
155,930
127,14
118,645
135,148
75,765
142,709
21,304
147,300
73,97
19,121
102,770
181,269
145,787
106,257
161,866
152,890
72,670
140,593
172,876
121,974
172,43
154,427
184,311
148,389
83,266
96,634
14,57
6,667
172,891
130,25
126,249
95,47
24,339
168,901
56,284
136,291
36,597
175,997
170,572
17,977
79,576
150,509
135,232
151,27
158,4
149,29
119,117
116,35
33,616
7,182
187,747
132,39
174,118
58,837
63,866
35,489
134,16
156,118
23,913
146,822
28,874
77,524
142,194
119,501
53,830
90,867
109,938
179,510
19,640
76,620
167,348
87,417
141,188
21,746
191,1
106,624
14,549
139,306
7,204
140,507
82,214
174,372
147,388
97,157
51,696
81,313
100,457
193,863
157,365
57,789
139,209
113,510
153,134
189,581
86,485
74,38
194,336
115,597
49,938
118,395
2,818
38,573
139,383
95,714
37,604
196,713
131,21
11,131
66,826
101,67
75,78
38,131
87,974
144,8
66,876
171,521
68,858
146,369
190,117
30,4
93,374
150,404
125,988
191,820
35,718
133,490
137,265
20,811
136,956
93,399
119,803
175,789
136,527
104,741
56,179
186,110
100,172
55,600
35,431
91,660
126,798
48,780
65,983
66,264
175,195
131,55
114,456
73,268
47,86
76,612
86,836
12,315
173,462
155,266
182,817
186,963
194,921
120,687
105,289
79,666
26,354
14,715
125,633
173,338
134,332
51,148
112,992
99,133
90,799
45,814
143,482
184,95
110,618
177,297
67,926
66,170
167,649
66,613
143,495
147,427
61,340
125,530
74,393
17,105
194,920
51,543
67,321
23,727
49,910
2,987
192,137
155,687
158,799
148,29
61,25
53,763
193,715
185,684
123,138
7,975
156,374
107,894
41,356
8,877
90,510
94,650
37,118
67,582
123,265
35,959
17,49
109,679
110,286
100,479
110,240
113,852
102,36
120,400
198,787
5,444
180,630
75,137
16,709
35,156
190,896
47,667
89,805
138,539
95,988
33,641
60,570
71,127
97,728
74,577
115,590
142,665
79,492
163,263
8,118
143,63
124,419
134,963
30,964
59,20
178,768
18,983
2,240
84,399
174,88
68,614
190,642
166,652
174,964
65,747
155,172
49,955
103,121
32,918
167,436
118,498
67,459
120,214
19,228
164,220
69,735
25,106
124,813
12,150
120,138
145,740
190,256
86,750
90,585
122,249
40,796
176,519
194,407
141,867
124,67
121,670
128,321
195,59
48,829
69,518
50,615
151,119
37,39
103,687
20,694
87,348
156,530
150,762
48,957
135,216
117,751
120,882
91,186
186,154
50,885
90,387
92,926
89,84
188,324
200,126
145,146
127,659
85,800
178,288
25,836
1,432
125,365
132,363
133,965
193,544
196,235
71,390
38,971
84,710
137,53
75,116
150,785
19,71
29,784
103,517
143,2
47,791
129,120
46,337
150,363
69,175
93,52
70,643
63,308
76,138
109,686
33,24
70,506
24,737
195,296
138,579
9,521
12,263
150,311
191,467
151,374
52,305
60,866
61,56
97,403
109,415
11,284
87,796
39,771
60,430
185,746
148,138
56,930
137,166
196,169
10,880
96,12
47,362
138,63
39,572
198,639
68,439
192,780
141,991
50,920
8,814
86,237
122,846
137,635
80,856
5,603
135,857
109,433
130,120
155,548
100,284
178,536
197,970
110,801
72,680
111,445
81,583
198,205
94,165
64,535
94,494
183,103
42,126
166,160
42,683
125,902
2,121
26,585
36,662
164,231
193,348
114,244
125,673
184,752
54,612
60,926
48,380
196,697
10,76
156,178
41,487
169,973
25,947
148,440
192,483
166,741
4,231
31,13
84,807
52,739
127,121
197,542
9,992
152,542
38,22
81,969
64,673
50,963
118,910
174,911
127,344
57,79
40,541
71,851
115,754
153,259
63,227
22,374
192,641
37,83
104,445
66,704
65,751
74,861
87,755
3,654
120,690
66,192
20,489
133,511
133,744
59,29
13,353
121,365
44,824
86,509
95,950
176,525
49,390
73,620
175,817
35,569
184,620
102,839
104,898
193,799
143,80
3,873
111,671
59,9
5,944
124,824
175,989
43,100
144,874
44,778
102,707
89,253
186,848
86,874
196,234
139,166
30,940
133,111
8,557
144,419
195,859
74,140
159,918
70,683
60,179
21,845
68,477
75,593
59,744
84,261
147,314
30,5
157,508
191,381
133,481
187,960
198,500
171,910
190,708
112,672
152,539
124,588
102,829
6,574
115,916
16,626
151,635
191,210
94,275
180,166
116,927
109,917
33,617
55,86
119,944
163,481
10,502
115,980
34,808
62,677
9,685
160,738
110,441
149,301
28,436
48,38
64,115
91,876
149,127
85,867
120,201
27,320
49,32
92,622
102,118
99,20
93,28
93,699
7,253
86,95
196,530
53,523
181,411
11,297
172,781
5,20
144,111
146,773
143,140
43,672
37,560
194,249
38,844
143,649
162,684
4,12
104,323
90,395
77,172
71,327
197,993
136,71
153,464
41,891
61,578
103,105
195,150
75,171
170,796
33,662
185,180
112,104
103,449
61,250
102,786
106,45
95,200
134,786
150,288
66,325
43,997
76,629
168,18
164,331
75,737
199,874
18,225
42,209
116,94
92,248
95,979
119,610
87,236
156,713
77,749
87,669
94,619
33,561
161,112
185,330
179,641
192,833
27,799
82,996
80,484
62,391
94,196
23,586
61,201
103,388
87,148
172,2
62,327
70,416
23,146
132,11
92,645
79,857
61,590
181,103
53,897
35,161
95,644
86,434
195,715
8,51
27,61
29,300
175,350
79,496
143,975
61,439
71,883
57,473
67,521
196,934
37,689
104,137
56,150
146,674
143,420
180,973
25,572
190,516
158,970
18,517
188,971
101,203
91,786
154,799
19,146
68,449
2,285
188,197
25,656
38,264
9,134
164,75
74,57
159,597
25,736
73,814
151,723
40,95
68,95
113,106
6,726
21,617
24,809
82,292
14,169
40,792
70,809
140,748
16,425
65,178
3,318
177,975
143,566
185,437
50,214
171,175
6,694
16,736
48,445
132,224
151,474
15,31
118,195
69,580
86,197
138,673
30,10
30,965
63,913
109,90
22,848
199,777
175,360
11,883
192,866
104,318
114,844
91,390
191,692
102,97
50,626
107,74
21,55
123,987
102,781
198,648
199,856
68,466
58,299
9,644
62,440
26,820
174,538
67,37
103,97
71,750
200,729
179,546
165,765
82,975
70,446
197,872
9,843
13,526
26,994
18,518
75,411
82,8
53,950
34,974
7,769
116,500
192,184
104,819
190,93
85,442
140,275
158,235
174,250
29,664
73,937
114,415
135,734
72,780
104,233
140,557
59,299
140,918
108,672
54,701
8,74
135,945
142,304
80,341
177,998
175,903
1,711
42,375
40,576
69,227
29,156
199,871
145,381
70,236
31,233
188,39
62,383
46,793
152,967
80,462
45,654
51,590
5,11
193,886
97,457
48,525
173,162
84,174
74,801
66,187
53,246
171,784
24,666
23,213
48,464
124,216
71,143
31,974
113,446
186,945
149,467
145,899
123,53
195,985
155,632
172,570
165,274
94,170
36,31
85,587
183,492
197,614
136,983
176,545
72,687
189,864
94,321
78,166
180,488
186,225
1,356
133,113
106,914
60,738
162,851
3,519
20,653
134,826
59,183
134,121
92,587
84,470
46,443
115,820
110,682
133,492
200,836
146,563
119,413
10,350
155,94
184,139
166,463
145,831
127,884
36,513
141,148
65,815
110,205
89,570
171,354
180,794
156,224
38,74
16,637
143,340
90,397
83,837
124,398
140,12
30,510
137,144
154,656
44,433
130,966
140,734
200,631
134,378
22,363
89,647
26,602
101,341
113,679
195,572
20,420
166,625
29,785
120,918
39,889
196,200
30,257
180,27
68,126
85,253
90,312
133,103
49,482
12,186
110,932
197,986
132,998
149,760
168,184
15,982
5,887
87,564
43,52
157,248
89,462
75,901
73,923
17,541
27,293
106,898
152,679
199,352
175,653
12,912
122,758
17,728
77,73
96,775
129,56
184,262
107,360
117,135
20,100
142,458
38,516
181,769
137,267
53,844
85,638
120,635
197,903
171,888
13,199
96,392
89,113
18,430
154,617
129,433
1,505
127,661
134,843
181,307
193,30
59,113
173,955
8,383
183,619
173,343
189,250
46,959
93,717
4,520
173,369
134,28
68,685
36,387
116,145
111,601
107,398
144,139
189,306
193,607
71,830
117,276
97,640
48,335
158,449
107,581
33,257
106,666
84,542
71,61
54,769
85,146
105,144
19,920
44,59
74,13
122,564
79,274
62,483
29,49
8,866
60,96
82,234
157,93
39,59
67,35
188,562
12,415
52,803
115,403
57,73
87,517
107,998
153,919
6,314
93,85
62,165
160,217
31,899
23,251
117,108
143,700
63,292
142,677
61,37
131,975
98,761
62,489
16,900
28,158
111,510
187,641
125,19
113,617
69,65
71,792
33,914
134,184
67,548
137,248
23,316
71,698
110,546
48,704
175,933
185,999
16,275
5,84
140,13
169,504
157,287
153,522
3,694
4,653
106,359
159,384
58,259
197,481
146,866
90,708
124,396
84,74
56,624
112,53
25,221
25,231
33,93
8,498
162,13
190,874
58,991
44,290
118,137
117,709
30,813
38,655
33,957
77,412
59,843
199,605
196,318
136,269
22,574
76,579
130,447
160,873
58,323
2,150
137,873
174,376
2,105
67,447
135,626
117,449
56,360
53,702
107,890
194,985
179,817
132,435
176,390
111,827
186,616
107,66
114,643
11,187
122,875
120,790
90,761
147,80
23,21
116,705
43,796
66,810
135,220
81,109
193,730
189,426
123,772
2,108
7,244
174,506
120,341
108,378
136,769
111,684
160,729
82,603
186,281
103,492
179,839
54,948
143,848
166,737
173,350
48,764
45,109
149,464
109,411
71,770
93,840
143,873
14,479
23,615
194,884
16,419
72,343
119,731
14,41
40,285
102,157
150,376
170,875
183,391
98,519
7,369
19,71
162,593
78,467
39,326
169,811
152,759
75,972
132,455
124,742
99,122
43,444
172,958
132,350
58,75
73,707
180,726
1,905
178,788
1,33
47,239
121,847
110,489
55,445
8,378
22,456
18,240
100,291
71,346
156,947
192,183
63,435
66,830
145,618
125,744
151,553
93,83
33,305
104,71
183,959
43,765
88,355
155,325
180,426
153,191
64,70
134,822
59,853
29,907
183,767
190,894
69,827
45,873
96,393
10,197
93,100
188,576
56,484
53,249
159,107
129,989
66,667
173,540
107,23
111,70
174,337
165,18
71,537
93,315
132,491
80,878
54,604
11,994
8,756
42,756
16,518
177,620
28,266
15,752
152,428
72,413
97,284
47,313
145,291
19,556
44,874
122,331
198,303
177,956
56,947
11,988
120,965
184,114
78,645
22,459
79,512
163,109
195,375
119,282
151,608
199,812
192,409
190,272
118,169
56,881
112,946
101,85
185,78
118,412
19,279
127,16
43,866
115,625
175,690
67,658
198,64
66,603
135,680
100,74
26,107
115,173
69,814
116,697
184,806
187,860
142,970
158,125
66,681
107,359
62,755
71,940
98,84
160,853
165,177
65,865
9,978
1,94
186,144
13,159
149,515
150,652
90,367
183,316
135,883
32,816
118,180
104,489
177,233
19,683
37,897
147,212
73,44
65,467
43,96
19,481
65,380
163,672
109,823
16,149
189,425
121,867
18,318
9,411
39,26
185,871
159,395
161,208
17,959
114,691
142,390
65,566
154,884
116,99
65,256
154,446
106,788
162,657
164,40
190,798
1,980
148,861
132,400
116,550
1,690
6,31
17,802
63,207
11,196
75,794
158,15
46,367
124,345
23,61
183,573
166,738
21,600
168,217
156,942
14,963
32,687
89,314
197,24
82,968
102,174
105,579
170,336
152,383
26,584
126,336
53,618
139,979
146,358
76,936
116,429
154,657
3,592
69,95
87,532
99,229
27,592
95,856
147,51
63,350
128,790
177,597
16,417
47,679
41,274
141,779
20,244
148,900
176,137
151,772
171,267
48,798
190,532
124,131
126,428
83,71
179,968
31,757
77,36
42,861
11,818
5,753
128,672
194,711
49,121
162,25
98,685
94,169
97,493
126,414
118,439
62,589
30,475
197,75
8,297
174,253
65,729
17,35
182,408
34,518
103,714
65,511
161,619
46,206
22,491
183,765
183,394
21,763
174,101
68,452
188,862
163,531
132,133
79,896
66,555
26,856
84,819
112,286
34,409
76,864
51,632
172,437
157,278
91,614
28,357
30,685
19,390
23,251
27,863
75,736
132,792
159,451
178,76
191,586
85,342
29,271
98,185
64,955
5,750
30,793
187,826
162,986
56,505
30,858
142,876
153,822
50,152
120,407
109,379
35,737
106,516
93,254
4,456
195,303
186,755
79,48
25,708
71,727
49,411
109,682
65,830
66,749
110,584
4,166
71,646
110,410
108,963
193,753
72,643
91,48
33,589
145,470
20,756
130,588
59,256
32,616
67,450
168,790
33,247
86,169
187,264
135,542
184,48
123,660
25,627
174,687
104,233
24,312
37,582
17,543
86,77
100,525
99,159
29,939
39,310
59,583
14,650
134,119
91,621
172,479
166,193
39,275
144,683
178,657
49,702
29,625
22,329
152,887
67,953
48,587
101,560
153,291
92,508
33,602
159,525
196,454
44,765
197,415
5,501
28,531
127,839
192,22
153,826
114,879
88,139
199,566
84,67
178,770
51,982
33,626
5,577
184,755
198,861
119,117
62,452
192,655
55,566
140,287
155,978
82,945
133,195
175,828
66,245
83,983
144,304
156,505
170,717
45,752
186,943
124,477
148,94
55,320
92,866
13,592
73,847
144,252
37,396
20,405
123,389
68,345
105,548
123,771
194,636
79,975
102,563
96,453
100,477
180,523
184,405
191,743
63,273
9,362
137,148
194,706
157,944
10,625
168,819
120,51
190,870
78,654
109,815
134,214
47,156
119,217
175,775
93,598
193,292
127,87
79,679
92,763
87,897
62,652
79,679
9,113
13,589
148,571
176,404
183,426
168,738
192,962
67,455
147,622
172,679
4,989
117,729
50,481
5,711
197,455
192,701
70,848
52,280
129,454
89,704
11,22
192,184
145,922
132,54
154,422
84,918
87,583
9,294
46,740
17,699
99,848
132,335
22,907
111,202
90,504
128,160
2,536
149,474
159,108
166,917
130,554
63,420
21,443
78,384
172,402
154,688
58,911
155,560
186,136
19,405
22,126
154,591
87,533
183,530
195,987
42,284
35,714
171,452
167,817
137,758
18,866
192,35
138,253
15,57
193,31
123,854
93,247
124,884
23,983
73,172
42,484
103,609
12,749
63,448
43,401
71,281
57,236
34,835
117,557
134,352
92,496
66,693
195,601
33,845
98,794
37,498
118,752
115,212
5,694
35,207
110,47
62,106
109,369
10,527
199,461
96,354
20,509
57,843
148,620
182,137
165,37
193,932
81,861
19,689
125,974
168,479
22,523
142,564
117,258
153,262
67,912
184,182
56,124
133,990
32,69
72,58
167,930
175,496
63,100
160,103
181,706
173,604
187,930
114,359
193,989
107,761
135,226
45,412
123,17
69,987
89,763
112,605
144,994
115,893
108,218
76,530
102,342
65,474
183,876
34,136
54,920
14,197
8,773
134,339
157,230
141,914
142,511
10,368
110,498
111,527
15,161
5,208
66,455
173,989
45,822
63,251
23,139
42,450
141,59
132,901
21,11
144,576
130,807
119,937
182,63
52,315
71,319
134,648
11,914
186,476
122,200
195,514
180,232
75,358
49,402
84,965
57,324
152,415
142,746
82,724
102,682
129,695
50,557
148,15
90,45
82,161
103,774
131,422
106,811
125,391
95,420
69,25
103,8
3,992
146,216
8,252
120,317
198,771
12,755
8,646
188,772
112,657
58,629
36,275
154,281
141,716
69,57
60,977
26,235
165,253
134,194
122,678
120,279
43,565
69,176
136,845
84,90
113,643
127,900
93,439
85,408
85,551
133,718
65,420
151,709
32,559
22,398
85,954
67,840
112,241
97,526
187,62
92,169
66,336
116,782
156,902
87,94
113,47
97,658
74,591
93,155
197,667
128,388
22,395
90,359
63,143
189,994
47,649
169,414
112,260
45,436
177,809
85,73
149,697
120,442
36,97
182,762
34,962
101,426
62,951
81,2
82,806
123,3
85,592
195,108
192,768
199,487
129,649
125,419
105,641
55,307
47,561
58,208
36,213
189,758
174,680
131,246
92,448
42,499
190,727
55,481
25,90
146,85
131,697
40,881
2,994
191,411
1,304
91,306
8,619
111,797
161,866
131,181
53,668
184,851
16,67
198,81
54,291
140,941
44,432
95,751
86,87
35,549
165,452
142,789
50,892
72,521
191,73
165,589
87,489
26,320
184,410
60,623
122,29
156,14
51,340
200,691
90,819
187,172
161,583
117,944
14,611
104,339
8,86
119,483
39,498
62,218
136,725
53,174
150,725
122,665
108,879
160,780
25,998
29,982
63,97
135,788
138,253
59,391
90,729
142,620
71,941
198,784
40,880
116,522
61,572
21,432
78,365
59,481
103,446
29,263
28,572
183,57
23,985
62,502
78,190
93,960
138,512
21,102
106,900
128,98
79,728
34,174
186,459
94,307
25,52
150,326
158,463
81,420
130,343
183,305
38,26
105,386
114,944
28,186
69,630
70,274
60,312
131,815
83,881
68,151
8,733
198,761
145,564
162,679
109,910
5,832
147,501
130,264
179,695
131,198
135,578
51,589
48,707
78,161
170,671
132,998
18,90
35,671
49,643
107,163
150,917
184,222
140,840
39,519
136,465
115,500
139,748
128,207
32,995
58,323
4,237
90,994
123,265
64,250
149,717
88,905
7,841
167,964
49,895
151,452
136,862
131,983
104,232
1,972
68,897
7,474
75,108
153,516
129,518
135,908
102,415
62,104
185,541
53,401
122,300
106,689
52,249
172,817
175,54
64,300
152,278
100,474
198,819
11,136
169,501
97,570
3,655
107,481
9,270
144,50
51,548
54,299
184,194
198,765
4,445
159,916
8,803
64,325
190,970
91,388
69,737
20,396
116,930
48,53
160,9
112,577
31,152
44,966
27,574
158,538
5,219
170,148
112,223
17,15
22,870
64,824
131,572
13,574
175,419
42,617
165,765
178,387
163,419
44,622
39,200
31,585
27,655
43,183
103,431
114,362
96,353
57,955
139,200
121,671
54,761
83,489
153,777
187,724
159,520
127,689
185,243
77,899
102,547
182,638
62,630
26,566
199,869
88,915
200,142
30,915
199,711
66,894
117,580
81,622
148,203
141,431
151,218
142,211
174,37
198,251
143,378
190,837
67,466
187,159
133,589
96,630
171,258
36,121
32,827
70,753
88,769
132,355
97,123
145,497
131,28
76,903
144,763
26,806
129,604
165,760
195,11
40,605
11,100
135,771
21,546
22,875
66,37
118,663
35,582
69,567
137,906
53,68
135,67
2,37
126,688
7,901
93,702
126,254
127,492
64,844
52,587
194,671
129,848
115,102
72,888
11,608
165,405
19,604
135,295
63,782
189,800
180,185
45,878
8,204
42,931
94,961
77,290
10,556
31,256
127,830
43,727
125,725
121,448
190,253
26,856
25,700
82,65
197,899
64,418
101,374
27,802
177,756
61,24
111,485
154,784
21,832
54,233
143,264
59,726
73,745
102,232
170,73
134,762
74,454
100,114
43,318
9,400
176,919
38,614
172,209
115,518
151,338
176,991
76,54
70,498
169,890
126,947
124,601
64,905
44,905
196,58
130,844
34,557
177,312
27,533
163,572
147,284
106,594
83,561
171,275
127,126
53,941
104,670
133,432
66,834
164,196
106,574
30,151
133,69
190,84
124,223
172,78
1,326
42,698
192,771
21,338
106,187
128,943
143,758
54,73
33,233
71,150
158,700
163,624
43,394
66,892
123,394
167,622
107,329
14,984
63,13
17,816
135,346
5,462
164,498
49,32
159,383
88,684
157,749
127,460
161,118
68,219
161,953
166,927
178,444
145,760
25,945
114,69
83,624
172,88
34,59
73,979
98,314
76,302
104,132
121,270
18,218
173,973
156,498
78,429
104,629
146,805
60,312
183,444
199,308
153,61
92,705
119,322
42,3
117,915
45,777
80,569
167,997
107,205
28,679
18,245
70,207
57,859
164,575
24,194
40,12
167,110
111,24
122,392
38,395
87,31
110,320
193,750
8,220
105,554
77,1
187,415
151,461
42,162
92,695
119,192
63,657
18,130
28,38
116,189
194,388
197,827
79,155
126,191
83,66
103,40
198,697
153,834
108,268
119,501
22,414
84,215
90,284
62,819
65,448
153,983
155,690
79,733
134,16
84,942
125,65
132,89
143,511
134,948
21,857
124,470
9,620
124,403
50,191
157,965
185,153
54,456
50,137
53,358
30,901
74,798
40,756
59,766
182,736
83,810
200,939
77,302
178,251
47,295
3,535
177,408
63,141
133,206
26,445
141,770
40,982
174,392
141,544
190,180
122,791
1,820
132,419
171,837
167,375
11,748
42,70
188,740
57,433
13,514
11,968
100,47
144,903
58,835
163,81
188,722
122,278
163,694
36,822
125,266
73,543
152,609
141,554
31,391
191,723
144,709
142,242
167,313
129,875
183,300
44,975
107,187
189,382
185,21
75,79
32,574
83,827
93,411
90,490
110,104
6,567
42,534
133,242
67,439
146,52
155,1
97,898
155,354
84,258
92,673
99,766
198,205
50,328
40,334
47,431
20,325
148,562
191,191
98,527
25,708
14,957
82,658
110,138
88,46
110,386
141,43
50,647
99,933
14,173
105,325
32,898
191,928
98,235
82,660
53,491
50,680
34,216
75,187
156,57
5,3
177,261
127,430
193,410
158,670
66,979
81,617
41,916
111,516
7,557
194,832
119,861
59,43
185,585
12,588
161,335
43,221
57,392
49,812
30,261
86,278
162,423
22,372
47,187
182,355
96,872
83,105
149,669
101,510
81,502
127,440
21,448
69,742
196,772
129,61
199,282
42,787
164,860
30,799
3,20
161,786
3,928
110,883
33,127
179,923
141,177
54,794
95,540
109,209
102,245
188,958
140,456
142,588
53,89
165,275
181,534
154,62
78,286
146,789
87,976
47,421
97,983
100,869
71,376
120,59
170,957
39,911
178,812
105,910
169,869
155,123
80,917
131,698
3,264
12,381
68,105
39,497
57,213
74,988
94,49
183,790
178,372
98,719
49,370
56,942
199,663
136,303
123,899
107,177
55,401
37,158
134,526
39,931
176,633
97,669
15,476
32,237
82,847
121,613
169,870
98,419
154,993
190,627
76,252
84,402
155,801
92,915
177,928
169,104
59,600
77,477
83,609
79,236
70,627
99,463
118,803
144,484
165,233
117,69
171,373
47,725
128,202
57,58
167,759
14,823
110,142
123,966
113,146
163,472
23,66
162,252
84,652
103,608
71,852
125,717
187,69
44,444
125,230
108,343
15,482
190,213
63,122
174,259
8,487
66,620
197,993
3,7
110,518
64,687
42,447
38,45
46,679
28,741
43,227
6,597
4,897
136,437
29,163
5,516
140,352
144,217
16,393
194,884
85,404
172,872
61,236
179,869
94,206
98,541
94,720
51,44
166,998
35,681
67,79
180,716
138,443
81,504
36,225
111,301
1,203
7,742
99,504
83,62
159,766
154,767
25,979
145,716
116,340
82,326
168,318
178,684
194,640
4,300
126,393
198,651
111,225
152,45
92,707
112,358
36,595
86,916
46,403
50,380
153,53
72,206
71,136
8,476
90,456
121,900
101,399
19,252
1,231
5,878
105,668
2,109
152,326
99,451
126,199
24,814
137,564
72,148
200,147
69,506
138,614
51,64
99,577
173,149
158,24
184,352
192,384
76,681
52,530
19,161
144,749
92,713
139,190
152,277
55,881
139,39
4,189
80,99
182,174
104,940
191,845
9,214
86,917
79,186
83,655
162,930
179,573
92,877
176,892
160,322
131,990
10,845
19,194
33,400
70,306
125,221
150,971
141,263
124,32
160,915
121,671
74,542
195,718
106,645
180,369
55,913
25,179
178,676
142,664
95,383
44,461
154,957
155,782
51,392
101,186
89,310
129,664
171,911
166,6
30,646
177,57
59,762
22,468
176,258
168,515
126,30
73,96
135,692
119,937
188,451
140,875
98,996
63,808
5,467
129,67
135,28
98,352
151,467
59,224
161,543
197,94
78,677
62,325
169,744
153,462
52,714
183,210
89,947
188,84
21,351
94,821
38,261
23,357
187,494
115,612
44,655
85,556
161,724
82,222
7,935
147,843
37,167
112,963
98,374
165,531
34,768
162,666
61,920
169,931
129,116
194,275
73,994
197,611
49,189
142,619
200,356
87,462
155,117
133,691
15,338
49,767
53,484
187,816
196,575
195,323
166,118
43,157
45,747
147,375
163,634
56,809
86,665
111,279
106,63
4,852
93,444
30,300
23,814
200,774
12,825
69,858
144,964
130,390
130,594
103,352
113,66
176,270
108,919
129,282
185,682
126,186
129,607
102,229
1,558
32,132
191,700
174,84
151,444
116,649
63,646
156,495
32,995
38,827
161,390
55,492
173,450
48,492
52,12
166,106
75,32
134,373
8,664
128,42
132,352
22,467
104,974
114,349
180,82
169,684
103,80
8,965
33,497
164,908
113,593
144,866
131,816
88,248
57,641
152,444
24,626
52,702
132,88
199,45
124,563
188,147
200,525
63,423
117,620
107,718
180,115
36,749
3,818
171,504
147,371
146,504
5,639
50,163
27,277
29,564
22,692
139,303
59,801
195,619
121,707
160,53
25,506
184,291
6,251
160,887
114,965
48,981
189,191
64,285
45,681
168,94
82,309
56,556
9,19
117,133
172,834
146,144
54,432
90,713
114,792
155,539
151,107
73,444
144,346
111,744
66,616
48,158
110,857
16,258
45,112
124,157
93,747
71,755
10,97
66,573
111,102
38,451
25,940
61,755
184,804
153,26
85,199
106,133
111,73
113,969
128,802
22,692
60,964
84,211
133,672
150,621
15,582
100,792
162,601
91,588
75,660
101,613
100,155
146,160
78,9
83,573
170,912
14,950
189,454
62,901
109,940
91,403
21,85
132,660
116,757
194,265
13,732
123,709
67,627
151,699
19,780
31,870
93,851
92,203
160,30
32,364
148,640
113,197
103,881
75,918
59,810
84,768
8,662
121,48
189,117
161,828
159,162
194,957
149,384
1,656
91,873
11,836
133,432
100,81
2,911
156,110
188,707
111,370
10,291
162,654
159,201
147,695
180,539
14,806
89,7
78,812
79,171
23,962
135,328
30,982
33,56
64,988
165,396
38,436
86,770
57,212
97,341
109,299
63,442
146,257
165,183
1,458
95,982
73,148
83,356
43,251
77,745
178,581
63,727
190,136
200,871
72,85
84,691
101,516
142,976
11,776
169,737
117,148
142,342
111,8
8,500
57,559
137,633
83,18
166,664
31,907
141,912
2,944
172,817
85,82
3,777
200,380
30,713
185,82
147,983
53,87
193,725
73,325
4,319
29,95
162,375
130,721
33,141
135,151
81,517
92,478
181,459
3,172
145,571
164,40
116,725
30,624
197,656
95,432
8,353
34,523
93,955
165,723
175,983
97,151
88,334
165,531
20,715
193,968
63,765
107,950
98,419
22,793
137,959
143,34
14,632
168,803
176,469
40,282
95,878
155,382
84,149
25,934
36,869
35,108
85,379
104,699
50,110
172,285
169,268
171,29
69,332
175,447
129,824
68,931
125,904
117,334
112,166
98,637
30,295
45,742
42,661
149,149
117,109
2,394
152,983
124,416
115,324
188,839
87,643
133,254
25,82
15,546
27,170
50,275
138,617
64,841
48,220
100,299
164,343
24,689
30,559
111,334
157,536
163,89
120,759
195,442
2,567
187,681
13,486
154,291
104,421
183,113
58,63
52,25
187,243
89,393
38,1000
162,181
22,195
87,14
103,270
121,972
35,691
7,676
162,962
152,384
137,481
104,13
174,71
179,651
42,761
190,93
61,705
57,52
192,348
120,681
23,827
93,110
154,904
93,625
57,206
123,919
36,377
21,214
58,547
111,1000
194,220
148,627
116,357
74,445
140,157
180,197
130,348
122,203
31,133
95,459
56,229
70,39
81,197
64,577
149,935
166,9
199,679
44,432
87,622
39,446
103,340
6,853
145,965
61,851
124,206
12,58
26,423
51,566
140,73
122,501
34,688
39,15
23,11
162,739
49,887
45,528
57,88
22,68
2,893
49,626
119,300
122,158
183,815
194,613
96,446
180,773
74,957
109,671
147,981
163,304
126,718
19,253
179,44
117,817
37,940
5,432
28,7
47,517
62,283
147,440
164,2
104,641
169,111
100,768
71,992
180,567
55,118
48,207
9,407
131,77
45,970
82,750
130,914
122,540
29,660
162,919
22,690
16,816
34,352
46,501
11,910
110,846
164,101
36,144
100,854
10,696
108,710
25,295
188,178
65,321
141,444
70,84
76,345
191,867
131,188
58,65
52,897
179,551
78,169
144,965
120,848
51,236
52,23
113,457
53,478
95,219
80,512
70,477
72,819
98,305
3,155
50,968
4,363
91,663
79,711
21,132
30,161
79,149
134,923
55,342
195,654
153,644
66,404
18,61
169,423
4,923
161,122
72,51
62,237
99,508
110,607
183,115
35,228
90,692
115,588
27,822
8,11
163,193
51,100
102,921
116,729
199,381
182,779
191,625
3,405
46,35
126,998
3,990
147,975
189,538
100,461
175,589
86,88
76,207
183,989
17,412
96,715
129,370
82,755
196,878
127,842
176,454
90,312
71,964
144,125
162,761
97,990
11,687
113,90
126,170
192,82
91,418
105,198
151,956
110,184
117,610
93,278
168,640
52,60
76,56
172,440
190,830
74,573
115,79
3,147
121,758
1,276
157,213
171,767
147,392
173,930
70,105
26,483
122,667
67,298
157,288
10,126
62,390
22,421
11,472
82,578
159,120
26,818
8,844
15,733
181,24
17,816
37,762
138,220
167,451
10,154
90,745
105,976
45,33
37,945
179,549
60,832
94,415
33,993
163,56
77,225
182,518
149,656
89,55
15,343
71,71
57,966
18,399
82,539
184,476
31,155
12,363
14,113
34,151
170,210
35,495
21,746
59,156
6,614
16,783
80,838
99,395
177,909
31,143
159,411
63,77
19,952
94,404
148,953
122,104
184,950
121,714
19,990
107,133
107,512
143,134
21,278
91,666
99,478
189,289
184,463
84,37
44,942
104,126
169,367
134,428
28,566
161,387
19,755
62,313
115,71
128,412
161,96
169,200
116,924
148,561
139,800
185,425
119,854
76,908
65,815
150,792
92,942
154,491
56,453
143,437
169,173
104,361
177,607
31,879
32,491
155,636
100,200
146,85
18,498
153,177
165,941
56,725
139,513
131,240
71,19
172,187
169,642
96,517
99,168
105,217
137,30
133,828
98,624
43,468
61,917
33,117
4,694
193,539
117,244
122,462
77,178
165,301
80,801
63,831
82,901
110,307
132,3
124,515
147,261
15,404
34,449
148,225
12,850
87,477
153,828
194,910
100,317
60,563
142,460
197,197
54,292
182,385
42,168
73,726
103,287
70,129
138,466
197,795
43,175
57,103
187,836
161,193
2,872
71,931
1,7
164,343
17,167
189,630
67,981
136,426
158,194
85,813
6,305
156,368
51,446
167,293
13,241
194,361
41,450
10,219
173,648
44,7
52,430
162,986
190,79
58,391
36,410
57,590
139,241
197,962
129,282
178,191
76,558
22,154
16,2
144,620
90,277
23,230
96,894
37,424
33,837
42,522
148,727
131,95
5,562
91,44
9,33
188,986
154,101
187,615
125,401
86,480
153,304
31,53
94,39
49,104
151,506
191,85
198,84
30,762
117,671
2,549
125,954
144,765
37,157
60,527
86,342
76,856
127,422
168,519
67,476
98,493
81,887
9,708
164,898
100,943
51,287
65,479
3,599
70,295
77,183
127,269
14,491
104,432
72,305
74,120
13,922
97,125
147,171
12,526
163,320
193,71
181,142
37,152
10,908
183,243
188,554
127,702
111,463
54,698
137,747
78,141
150,748
17,522
79,889
98,782
25,146
36,249
149,112
129,139
77,761
94,687
187,912
25,760
74,755
9,759
106,968
197,378
61,303
11,170
159,872
47,403
99,509
174,223
28,434
116,546
164,355
8,315
49,507
195,271
74,245
18,764
154,457
178,373
67,140
58,595
117,938
40,526
3,988
27,733
190,772
144,506
6,840
87,754
45,524
66,363
60,676
24,120
92,786
136,466
11,467
154,81
170,689
68,566
180,109
178,690
49,982
155,531
42,595
132,874
20,644
2,749
132,404
11,311
69,646
26,355
151,230
136,337
14,876
152,551
19,536
18,288
150,387
179,581
107,278
165,373
55,247
188,467
25,748
82,998
151,482
188,269
59,235
49,306
54,815
70,73
32,790
161,518
46,653
190,922
93,850
165,106
72,956
137,410
190,706
65,29
37,172
151,269
165,514
62,61
178,771
39,964
165,146
3,755
78,531
113,174
135,459
79,682
58,669
158,947
73,195
177,359
143,988
100,869
35,121
62,646
32,933
137,656
70,82
184,574
11,743
123,120
163,456
144,52
145,569
137,403
96,591
133,361
78,73
127,795
53,183
50,303
166,162
86,128
51,517
112,121
113,327
165,325
108,335
17,472
53,662
174,639
67,951
44,411
39,756
9,661
162,647
109,947
27,585
76,829
190,226
68,531
96,169
7,790
92,537
195,271
117,747
178,655
1,553
88,295
191,75
176,963
34,294
183,280
125,535
143,940
74,217
14,19
176,813
193,682
87,712
5,476
164,820
50,334
50,336
49,184
66,317
65,627
39,598
175,752
88,677
121,938
153,471
141,395
164,953
30,137
144,779
104,8
15,220
66,142
191,172
168,171
95,396
34,845
71,952
103,731
186,507
122,331
20,406
101,735
105,233
1,249
20,508
170,154
30,837
26,436
42,705
78,751
192,917
72,175
18,426
189,691
147,392
18,694
114,444
11,3
2,645
77,59
180,547
186,814
49,790
146,197
111,695
102,696
105,395
102,782
35,402
9,520
158,989
87,711
85,563
130,866
180,204
161,485
31,896
12,213
85,645
85,574
70,367
54,976
128,509
162,583
123,981
61,293
31,477
80,11
65,509
22,951
90,984
153,142
146,116
36,713
31,254
180,355
129,548
127,993
8,818
65,211
37,856
10,917
139,20
182,272
108,530
186,583
158,64
14,830
149,888
129,902
137,976
161,847
111,334
111,491
196,816
51,201
191,278
167,929
95,601
129,697
65,44
191,718
124,111
199,719
119,336
180,176
76,458
185,894
110,612
60,837
142,623
85,17
39,8
3,835
83,190
152,349
102,821
71,161
101,667
42,303
173,347
140,446
30,193
72,470
98,77
81,302
2,2
28,192
129,798
132,3
24,298
62,311
32,548
174,178
73,367
49,881
142,531
1,414
119,850
123,885
40,162
77,207
60,589
4,406
145,324
188,887
79,648
41,170
58,97
6,823
23,179
192,322
17,129
141,225
57,487
5,721
113,630
16,36
54,63
41,184
72,647
43,900
119,580
182,219
25,405
101,242
186,707
37,904
72,88
129,20
132,91
197,917
71,961
124,796
173,765
144,869
186,317
189,970
17,365
36,241
92,519
141,159
186,514
2,733
179,854
51,76
34,757
66,893
53,542
121,806
15,82
115,407
156,211
29,293
8,153
119,550
65,624
185,870
21,622
38,607
49,219
124,173
199,808
150,458
77,364
174,610
59,358
89,17
181,858
167,811
111,151
193,836
152,305
34,856
190,37
69,643
126,422
54,240
3,833
23,807
19,173
7,325
32,959
72,272
181,688
164,716
148,533
72,135
120,912
127,564
144,383
114,74
8,121
33,462
195,222
147,492
137,799
106,270
85,857
31,410
125,564
134,377
191,20
95,829
173,119
134,1
158,899
114,50
22,225
163,82
96,965
8,684
139,918
199,763
9,436
42,761
116,175
147,486
77,75
42,493
198,713
135,156
48,173
50,294
47,992
59,170
37,711
53,37
150,961
163,472
162,58
180,94
182,187
99,563
193,823
35,783
27,241
52,275
33,848
50,463
65,967
182,230
199,824
107,737
38,847
194,140
51,927
151,538
48,495
15,19
99,436
37,630
71,193
199,586
124,649
44,901
68,140
47,450
147,194
76,747
109,162
169,638
11,487
88,821
40,172
113,492
88,542
131,877
136,463
32,290
60,705
102,346
64,691
149,204
68,475
155,481
14,206
33,535
139,302
188,50
69,782
75,441
93,444
88,584
180,320
139,651
62,986
100,761
123,600
34,929
16,558
160,741
76,368
104,110
177,156
181,124
6,486
86,491
147,66
162,570
139,159
109,437
175,124
122,64
23,653
58,800
108,241
89,230
8,2
67,659
111,365
176,161
41,792
156,457
133,177
143,24
119,979
81,237
91,860
199,809
172,614
70,523
44,512
19,779
199,825
165,980
98,569
33,65
59,235
141,364
25,996
98,444
51,808
29,526
68,592
143,236
74,125
50,305
95,840
124,859
13,576
27,889
127,485
81,697
177,224
75,215
57,485
73,907
122,930
200,638
171,672
186,593
192,286
193,869
82,372
199,229
7,598
95,147
162,487
107,105
176,247
142,3
16,726
96,419
61,265
116,283
177,807
179,244
138,886
40,571
186,513
36,342
146,622
121,552
94,312
91,814
89,325
5,960
80,973
28,791
81,561
195,498
166,616
8,803
72,518
14,923
98,41
199,410
120,836
169,972
153,746
46,907
72,726
67,619
178,233
157,132
50,90
143,138
2,338
154,54
77,961
102,559
188,304
12,803
130,989
177,942
148,302
1,634
67,904
51,887
68,506
69,927
126,638
198,755
125,580
125,529
39,431
131,888
109,160
76,332
133,199
19,701
76,36
148,120
176,655
114,113
70,495
45,451
9,242
198,923
159,203
151,369
69,972
161,604
187,570
167,978
63,329
52,236
105,144
39,637
111,502
120,333
14,448
51,751
188,917
123,672
177,626
56,771
45,727
166,352
95,270
148,972
12,263
29,733
191,558
79,369
130,765
186,409
41,205
146,79
51,636
100,506
114,315
63,263
173,873
161,108
167,275
97,900
113,74
128,671
3,70
112,306
83,174
191,495
54,358
37,648
194,619
4,69
58,213
76,728
192,233
186,395
151,306
99,296
89,582
74,264
94,53
2,309
8,111
115,463
178,965
107,895
118,833
96,143
9,6
60,315
148,618
188,272
176,905
17,797
29,323
33,623
147,165
104,300
79,52
143,648
65,98
5,737
139,385
121,159
74,30
171,224
5,342
177,677
167,259
110,370
141,679
128,900
135,453
76,659
188,863
114,443
129,321
22,579
62,842
185,151
152,564
112,195
48,470
56,80
29,641
41,618
143,164
165,588
194,564
133,241
131,6
196,714
71,113
105,619
160,209
117,974
106,767
158,453
2,518
111,238
43,591
92,403
190,509
85,569
69,596
57,127
150,504
181,290
64,393
40,511
26,860
66,937
31,645
161,503
45,150
39,562
62,20
78,527
108,882
118,791
136,149
135,515
86,214
124,643
142,905
64,542
163,770
28,795
77,596
178,411
46,245
161,303
164,10
168,766
194,162
20,389
66,726
107,803
109,988
166,462
26,627
64,283
169,930
39,619
137,427
33,310
137,136
160,689
47,189
146,853
66,232
34,167
178,882
119,781
28,926
20,327
33,213
186,356
186,503
133,73
73,976
142,116
141,63
47,812
10,377
179,918
73,787
4,344
132,134
127,690
158,631
18,288
4,268
30,751
142,704
106,711
151,60
90,414
62,514
5,304
8,19
79,373
94,186
96,941
39,420
81,285
100,957
15,414
126,619
46,419
129,561
131,920
60,255
76,720
96,540
3,587
111,736
158,421
62,1
147,324
192,411
122,371
83,54
168,206
114,999
103,676
78,757
125,526
149,966
30,234
60,628
4,8
123,308
112,167
133,413
147,108
32,57
85,885
2,427
165,751
138,220
94,513
177,489
127,394
102,199
28,908
112,76
169,624
142,705
112,909
65,663
14,382
64,502
108,453
9,709
66,85
82,118
3,409
23,926
46,883
198,837
168,704
86,147
16,414
16,321
115,611
154,229
70,837
181,128
178,966
46,66
180,844
76,515
189,554
82,90
70,348
126,716
146,903
84,412
12,354
108,785
9,492
62,478
113,994
22,781
31,519
139,925
47,662
65,899
42,29
82,826
32,185
96,725
61,167
36,9
103,655
29,927
148,259
175,756
28,458
60,488
193,735
27,930
74,668
66,705
48,898
30,296
6,161
11,609
44,66
179,60
187,133
166,739
129,253
183,267
132,431
49,704
176,382
82,915
114,848
175,800
166,505
191,322
67,193
161,465
46,950
153,726
82,931
75,66
184,677
43,965
83,738
45,100
191,83
189,122
190,930
178,964
102,597
113,733
49,881
102,411
95,279
1,762
192,949
165,913
135,35
11,930
72,202
132,405
197,339
47,418
134,293
22,565
191,755
111,990
185,29
82,207
158,41
12,638
1,963
93,576
194,284
135,785
24,251
106,698
193,660
152,879
89,429
197,325
106,352
105,406
102,246
51,47
177,982
142,10
42,953
85,262
55,480
54,105
101,460
108,625
129,473
81,128
190,694
183,797
196,318
187,408
68,988
102,24
179,872
102,190
81,731
172,73
9,276
140,959
45,778
130,55
19,686
117,767
74,357
78,444
155,411
104,183
109,301
138,586
163,999
123,205
166,6
27,190
54,779
17,847
182,632
174,810
146,373
161,892
102,398
42,408
147,487
153,351
92,212
179,400
197,22
105,288
147,403
166,142
31,796
145,495
111,357
187,873
130,539
103,674
7,722
141,116
185,869
44,360
31,656
181,85
56,234
159,533
151,512
122,178
193,508
13,588
68,70
98,986
142,316
16,909
102,694
19,878
94,495
175,196
109,244
92,423
21,833
155,772
175,43
111,147
165,554
49,796
99,15
9,404
82,116
28,439
130,792
3,994
185,227
25,266
23,899
61,662
120,377
193,659
151,151
110,126
165,751
40,437
68,62
68,43
113,597
141,172
169,856
7,648
109,197
64,98
85,680
16,421
164,880
124,626
44,428
70,915
44,12
175,459
21,179
20,102
51,990
161,874
133,473
31,795
41,849
116,27
134,240
150,470
185,114
184,653
86,878
51,784
189,875
78,514
116,98
52,316
162,37
177,546
199,200
146,479
91,672
117,647
22,216
184,295
160,774
96,355
37,157
193,918
96,820
128,445
179,860
187,335
2,904
196,42
189,476
72,285
156,101
74,161
48,233
161,287
119,963
22,898
150,983
179,884
15,350
119,845
65,124
199,457
159,843
54,677
46,944
22,664
89,294
78,43
152,569
123,265
200,116
132,142
105,118
156,624
131,612
2,934
87,149
105,588
144,753
25,294
141,529
118,78
3,979
106,602
88,727
100,191
84,859
199,79
77,405
89,783
136,598
181,190
175,403
159,812
101,244
20,449
123,477
179,126
134,89
60,29
191,386
32,165
24,181
106,518
62,903
65,165
56,714
198,113
148,782
112,436
174,44
12,354
172,522
125,772
172,309
189,600
162,618
166,315
92,932
63,101
28,30
40,976
150,6
53,412
101,515
71,7
124,318
32,633
190,679
190,575
62,523
113,890
116,800
63,127
136,494
145,557
113,551
18,78
27,852
56,190
113,854
142,862
169,361
161,565
173,191
20,34
109,164
105,84
33,394
38,290
6,513
172,640
44,698
98,843
8,152
173,412
173,766
42,302
158,882
165,558
128,840
36,314
151,325
129,57
111,623
196,371
55,12
37,49
164,222
54,67
174,347
78,121
60,580
52,526
91,32
55,471
146,507
194,11
49,330
78,869
150,940
28,780
93,902
184,509
83,116
67,731
4,868
70,261
78,791
86,653
53,504
102,63
170,973
16,916
106,486
118,937
62,219
2,398
104,375
89,431
47,95
37,390
25,193
120,86
102,310
5,254
40,908
69,576
117,641
190,708
51,356
119,27
11,827
10,806
119,72
25,898
111,755
148,885
22,463
72,103
144,450
131,434
199,992
24,978
165,721
72,566
113,749
53,96
73,675
110,832
2,121
13,261
114,374
125,843
94,199
20,818
80,658
61,994
3,677
21,883
121,778
17,112
11,402
86,516
49,542
90,901
36,460
118,684
37,560
48,944
132,582
126,808
196,349
129,641
95,827
85,98
187,138
186,748
42,737
69,290
156,285
134,705
130,503
15,742
180,605
55,288
104,464
76,656
188,276
130,290
179,736
112,610
2,610
51,667
200,388
171,250
100,947
103,177
16,373
116,754
178,18
69,171
116,560
116,920
114,780
31,742
17,192
119,910
131,72
98,120
51,954
27,395
129,551
164,572
27,841
55,611
145,48
30,703
114,524
96,333
109,393
85,467
41,38
6,462
181,90
162,848
41,775
12,516
18,235
64,704
45,291
30,837
39,328
73,580
109,5
25,741
53,246
79,549
194,375
198,692
49,401
135,103
146,782
15,598
138,503
118,842
110,485
74,582
106,463
22,888
146,735
180,267
195,946
128,855
24,149
94,872
11,710
147,249
121,62
10,619
28,84
30,418
187,324
51,815
122,490
85,291
108,907
45,572
78,41
102,108
99,677
53,749
48,726
190,516
53,589
106,503
114,951
95,703
128,191
156,552
92,907
66,17
119,677
29,306
147,722
151,753
21,569
156,694
26,445
41,96
94,920
40,946
154,803
61,538
173,153
58,811
172,870
26,320
17,750
2,296
166,399
139,459
28,918
90,785
107,93
37,191
2,890
109,440
184,460
20,942
83,377
175,381
102,349
4,267
171,393
114,393
94,839
87,38
89,864
112,54
88,719
119,137
56,387
164,291
123,314
143,249
1,628
33,578
3,493
109,493
21,717
77,714
183,448
41,205
83,109
30,657
200,724
196,525
41,672
179,172
44,277
140,564
80,810
88,548
31,609
197,977
82,690
47,899
114,472
29,866
20,884
61,78
89,125
185,460
112,494
129,972
141,153
61,794
92,369
20,226
92,204
46,470
91,605
36,228
90,82
171,633
152,292
12,229
129,64
157,788
184,737
122,824
143,997
119,523
81,65
169,307
170,372
64,688
129,822
143,321
46,527
56,542
98,823
98,257
165,474
6,653
150,521
106,247
108,960
119,591
66,224
49,578
83,670
146,351
187,391
71,153
37,234
20,309
75,595
11,546
17,475
46,141
93,529
16,875
49,752
149,731
126,136
123,514
29,625
105,913
47,219
175,419
76,585
87,398
154,889
186,93
120,325
124,865
130,265
179,37
22,210
188,396
110,137
39,58
110,838
183,739
55,205
103,818
8,413
104,38
47,935
122,349
154,958
72,933
187,976
89,272
37,360
60,749
64,655
186,512
149,878
144,27
194,328
64,38
162,562
169,984
173,89
112,614
81,489
162,561
115,154
54,24
118,928
74,319
88,673
171,622
129,205
13,705
90,100
175,140
47,30
103,194
137,449
16,464
170,550
23,356
154,192
20,539
31,386
153,867
121,819
124,342
35,897
196,671
96,647
115,289
102,880
68,88
92,479
65,963
139,14
129,393
99,199
22,442
184,294
136,927
161,772
155,683
94,626
59,349
60,418
32,825
15,253
137,453
78,564
116,102
100,264
77,356
103,694
158,30
37,882
15,42
85,213
63,120
109,291
3,709
14,844
120,840
147,915
182,396
95,527
145,68
75,578
115,983
101,373
176,82
145,1
183,103
123,281
148,613
164,919
57,881
133,193
119,597
115,516
89,485
175,29
129,266
124,57
113,583
115,461
184,866
15,26
76,886
38,825
91,688
40,476
189,392
159,383
150,714
198,332
60,752
75,669
181,127
14,479
198,289
79,230
14,200
164,177
6,565
30,745
67,32
22,529
72,113
143,412
182,920
78,192
37,205
95,602
110,28
89,974
53,711
172,892
178,577
108,792
177,839
41,308
132,639
126,331
74,820
132,170
158,297
133,848
113,116
40,426
199,247
73,162
196,429
118,152
69,219
123,95
170,299
8,523
48,867
143,725
105,968
103,249
175,95
142,871
152,955
42,598
2,108
83,797
65,304
8,72
189,307
4,106
85,144
177,746
84,995
178,61
55,44
173,980
13,744
102,645
68,887
100,848
65,715
26,510
64,813
25,688
52,351
139,33
154,626
74,986
181,707
88,790
179,904
100,484
163,168
186,390
136,85
17,708
26,925
7,297
19,260
88,717
20,463
79,601
16,423
68,800
170,446
52,362
188,857
188,87
22,293
186,710
3,98
154,53
134,853
78,897
144,934
91,220
160,922
63,66
56,661
144,594
81,382
113,82
175,479
167,612
179,312
61,422
87,335
57,141
63,153
114,970
59,200
118,615
31,544
3,998
47,351
12,645
34,749
171,985
40,439
102,374
37,553
167,866
200,175
104,293
140,106
64,675
31,159
38,262
56,16
193,985
162,270
148,718
164,392
130,321
111,962
174,305
162,289
172,728
22,724
49,134
45,744
15,908
124,73
11,556
197,260
38,361
98,367
144,597
40,999
140,290
200,515
133,722
30,865
91,621
16,850
112,737
17,593
34,598
185,159
194,177
19,996
67,169
102,315
133,283
178,473
177,782
108,268
18,477
61,82
70,100
16,520
161,540
166,497
138,228
79,415
26,567
131,319
90,188
65,249
74,700
174,323
37,305
59,851
103,523
2,83
126,924
15,565
53,553
119,907
149,482
193,9
10,817
70,705
3,557
86,200
47,118
190,488
91,474
92,72
74,841
176,414
158,379
71,391
4,508
104,668
191,546
37,201
27,653
75,793
94,457
112,121
29,55
39,191
91,87
76,304
104,286
139,305
23,231
191,172
109,619
116,659
17,496
169,684
160,883
61,177
138,787
95,526
104,280
47,499
18,665
84,848
115,866
10,114
98,668
62,620
76,226
101,416
82,105
21,936
33,681
33,483
79,460
53,71
155,541
124,295
7,410
36,106
90,137
175,510
63,769
184,908
139,89
139,879
93,345
104,578
86,778
80,380
116,740
26,789
128,369
44,409
24,877
70,886
41,992
47,42
113,614
129,872
45,899
126,843
57,35
119,887
39,151
184,39
117,20
92,205
65,813
45,6
178,159
110,816
59,289
162,631
97,837
11,501
6,852
176,531
166,337
26,603
77,655
21,172
23,781
10,795
58,126
81,330
54,567
49,114
97,121
91,247
197,582
11,532
52,49
42,828
42,213
113,995
199,705
123,619
105,313
69,807
52,638
175,646
24,179
2,740
151,737
166,994
33,233
173,461
29,498
13,225
94,289
132,7
124,73
149,640
152,241
32,636
102,817
66,61
123,393
8,77
82,695
11,24
79,777
187,671
57,537
93,727
47,532
108,600
23,272
29,214
35,706
175,886
124,26
78,252
195,790
154,107
113,599
142,910
49,40
49,133
54,774
27,126
13,640
53,522
121,547
143,935
23,942
47,723
147,957
93,399
81,705
100,208
94,597
125,156
149,218
176,73
47,938
169,195
109,908
130,606
47,638
124,665
86,442
150,844
193,530
140,409
73,499
192,75
163,289
166,612
66,620
113,287
194,401
146,762
43,969
64,846
118,792
102,970
198,963
7,94
128,629
79,250
68,976
58,791
54,507
138,914
184,16
69,548
150,2
115,703
37,610
197,837
185,215
28,748
38,939
40,514
196,393
143,218
81,93
37,834
2,661
66,895
190,993
174,163
95,432
63,310
78,197
200,66
48,123
181,860
109,939
181,600
7,601
16,473
150,202
149,684
100,577
166,31
102,710
163,558
170,957
40,562
118,853
6,18
178,493
101,178
86,591
157,944
198,418
46,923
28,287
154,185
99,946
21,882
178,291
42,366
17,618
74,666
131,422
177,506
87,902
98,740
174,553
55,407
53,880
52,256
22,610
179,701
64,207
62,814
139,179
171,980
77,390
99,29
156,980
185,197
125,927
63,800
35,882
142,986
42,996
16,677
30,326
90,707
13,448
128,363
167,996
43,20
31,736
135,427
10,245
168,148
30,313
79,984
189,412
82,263
73,621
154,991
136,727
101,608
9,707
101,350
43,172
122,165
15,311
64,538
171,997
20,981
75,92
39,68
72,945
94,343
108,427
75,284
186,372
122,687
118,154
13,4
143,23
96,19
171,528
12,267
92,549
160,368
71,157
129,344
47,219
24,334
138,606
156,534
50,690
34,148
77,887
42,564
67,608
113,216
138,400
108,407
17,425
197,32
20,878
9,480
159,319
174,743
89,981
3,631
166,559
91,266
160,601
23,369
121,630
188,367
104,817
17,583
83,910
121,190
28,782
179,902
198,817
124,867
133,778
156,274
2,794
40,723
97,709
103,679
200,899
126,701
104,321
72,232
135,518
84,195
130,40
83,206
52,269
55,158
97,346
166,871
130,568
48,486
105,519
137,127
90,14
199,648
137,514
91,52
13,171
154,636
159,55
125,458
107,363
139,143
137,54
165,471
192,150
128,248
96,558
111,453
77,145
133,956
10,738
87,861
134,540
112,581
28,341
9,866
50,4
146,801
23,642
61,482
22,752
43,547
62,505
156,40
12,21
39,502
49,742
110,850
58,804
118,651
152,955
57,351
177,560
196,594
73,921
65,696
24,266
62,474
40,345
153,519
65,596
71,795
178,112
152,144
35,845
131,580
37,785
140,685
86,756
9,970
45,975
123,946
71,750
177,610
68,53
106,721
190,33
101,460
199,536
61,475
12,233
159,203
156,395
183,570
127,742
107,960
118,995
26,179
38,199
118,232
147,143
41,38
54,653
15,478
96,24
186,658
93,821
185,488
15,138
109,863
110,42
121,906
145,38
45,631
134,42
118,568
22,165
189,895
171,82
103,26
79,810
183,598
10,128
144,665
196,601
42,974
197,429
87,54
10,236
160,577
17,371
98,560
51,882
80,211
72,953
116,103
170,122
54,323
168,112
50,605
91,888
181,622
38,849
127,767
67,393
141,100
109,156
2,159
112,532
129,902
181,221
114,862
24,359
124,807
24,834
69,22
104,620
44,780
77,857
127,124
29,147
64,347
25,476
59,347
147,338
126,819
40,318
195,988
74,776
155,975
50,816
117,398
166,914
49,952
18,740
52,80
15,556
95,654
90,442
12,319
150,599
22,506
102,355
76,677
166,637
78,71
116,483
113,379
138,143
60,104
110,341
137,966
108,277
118,954
12,838
46,439
8,87
200,442
141,46
65,487
69,204
106,597
165,924
74,869
178,392
144,62
93,295
193,664
173,409
59,345
181,979
71,802
22,334
63,47
81,196
169,541
111,248
123,476
43,384
56,764
153,659
42,733
145,67
172,312
112,872
157,436
135,356
20,145
104,793
125,232
151,17
187,539
162,441
151,868
167,924
66,683
59,666
136,198
125,258
11,731
41,374
177,336
45,840
195,807
137,868
70,722
9,680
15,834
57,647
93,223
37,273
73,328
113,420
129,546
191,846
64,215
83,96
101,407
10,512
123,193
134,439
101,922
117,197
119,525
137,939
105,734
181,558
181,925
99,463
28,618
184,468
27,740
50,190
4,622
168,149
60,791
198,805
48,969
184,422
126,855
122,940
45,166
123,695
103,889
128,152
58,164
55,870
43,869
147,870
163,907
2,473
87,691
188,443
136,120
143,833
144,784
19,583
91,331
121,457
73,892
68,453
99,715
155,424
26,761
160,39
27,427
156,179
20,26
157,662
138,247
186,964
16,612
37,297
92,48
2,316
160,412
137,498
165,754
14,535
147,235
112,706
26,404
196,129
42,169
115,891
164,55
12,758
46,414
24,444
112,585
90,220
196,305
57,185
160,348
16,735
100,674
67,402
7,30
24,893
95,824
91,121
102,447
2,486
46,552
146,676
138,896
166,397
84,526
59,49
151,528
58,951
112,431
168,312
189,96
107,384
5,827
122,736
100,375
101,493
62,551
199,360
118,377
17,938
115,92
73,367
44,172
80,72
69,766
171,604
30,661
185,58
147,805
6,644
83,895
55,588
6,291
11,58
69,748
75,267
27,892
142,117
119,434
145,236
88,59
142,788
56,722
121,951
163,33
13,805
101,322
132,434
177,521
175,661
151,185
54,908
188,843
58,948
125,618
37,18
104,206
138,27
123,830
101,600
105,640
128,160
153,33
15,385
70,246
173,655
199,574
171,913
80,159
133,154
64,608
110,238
151,128
104,889
184,905
61,910
197,554
131,873
192,517
164,527
114,20
82,136
123,408
129,204
116,997
161,252
85,272
133,994
166,825
100,413
147,97
73,802
35,322
85,316
37,333
168,807
83,354
174,614
150,158
177,851
134,969
88,1000
173,243
52,872
173,572
128,411
83,651
123,383
143,146
66,30
142,234
68,100
91,524
178,351
144,215
150,196
100,412
13,340
95,680
163,197
113,745
132,164
147,105
84,584
92,17
120,761
26,436
33,467
129,799
96,297
125,277
38,586
11,381
123,858
135,595
92,666
133,938
167,984
188,838
68,158
195,633
85,930
46,291
158,423
118,166
97,600
99,92
154,646
26,849
46,199
197,559
4,341
12,530
199,691
181,256
58,322
5,320
43,357
135,784
176,807
92,715
194,213
162,984
170,567
187,406
130,197
88,125
18,634
15,748
53,867
168,363
145,201
115,820
181,998
93,412
61,526
142,356
100,553
90,247
174,90
190,619
177,961
61,826
89,943
91,667
110,671
78,757
44,635
35,485
169,465
137,184
51,986
103,568
18,920
62,824
21,279
63,320
34,3
65,175
80,632
194,925
58,750
156,466
111,540
67,931
172,911
170,841
133,258
157,28
11,901
4,385
173,908
11,647
50,152
188,190
157,968
97,595
144,630
54,793
30,710
197,871
190,316
83,390
179,439
40,330
48,853
136,178
163,909
92,105
162,391
78,765
98,743
85,230
166,1
23,629
49,552
77,691
66,28
79,457
182,1000
186,463
182,365
23,369
44,732
81,423
99,185
141,530
81,892
40,368
57,788
12,182
23,418
124,200
137,886
1,312
116,421
116,862
189,485
139,665
63,624
15,88
129,214
180,813
136,289
191,287
15,233
177,804
160,57
25,53
52,641
76,630
14,192
46,810
85,342
154,57
192,416
18,867
135,570
181,952
122,877
36,130
55,655
162,364
168,240
190,50
58,227
106,493
149,561
63,176
131,689
146,964
26,398
107,773
21,134
99,837
166,536
28,113
161,766
137,188
168,315
148,714
186,198
186,156
141,763
174,217
41,338
83,467
167,932
75,302
79,344
162,429
149,244
95,549
58,383
65,80
16,728
51,170
188,447
119,567
141,861
117,873
154,434
181,431
31,128
61,3
26,828
65,291
77,297
30,897
13,315
144,901
191,427
136,635
6,437
57,469
102,406
18,748
68,261
179,883
136,608
14,400
81,595
59,466
160,232
1,65
55,907
176,940
174,104
16,342
184,801
118,112
111,783
146,746
156,311
58,578
23,727
135,803
188,336
197,773
100,575
112,776
121,307
167,560
168,290
115,996
85,532
101,749
38,853
193,96
135,504
85,291
176,807
6,656
111,771
82,498
2,728
39,868
40,301
86,569
89,158
117,508
200,127
61,14
167,360
157,770
121,438
28,860
139,672
192,39
30,376
170,383
32,930
54,195
76,926
26,174
51,740
178,66
92,52
174,854
54,254
122,860
165,497
124,681
176,857
66,911
188,813
121,905
77,980
112,485
61,760
133,622
107,742
6,9
13,200
200,129
9,385
102,917
59,78
162,860
180,487
176,478
30,704
34,807
40,989
142,51
77,728
73,129
72,864
31,391
108,874
12,770
125,176
153,853
184,636
132,801
151,362
87,198
196,293
85,501
89,408
136,845
58,303
136,185
166,147
115,489
135,614
52,265
135,258
164,235
52,906
56,200
104,149
69,962
198,521
147,53
2,21
26,974
153,30
148,958
53,571
122,828
167,417
173,676
167,86
161,678
194,318
119,196
54,187
180,129
16,686
103,761
172,205
164,230
147,625
96,676
58,288
27,8
61,812
200,767
192,266
185,896
92,358
178,739
89,58
28,270
87,210
15,694
125,680
193,668
162,224
193,53
8,179
35,858
152,4
14,688
113,452
63,492
169,676
111,336
96,378
10,778
74,909
79,749
101,783
48,177
4,779
174,198
103,617
154,964
152,343
122,734
89,252
133,46
165,184
156,599
152,107
185,807
182,191
163,23
34,535
14,165
19,235
45,701
104,281
181,8
21,743
28,403
107,143
132,633
199,155
114,587
166,702
62,727
16,984
139,96
174,367
84,363
9,480
143,961
198,436
25,807
184,255
174,50
136,335
132,723
192,760
93,21
173,56
30,703
115,437
185,590
44,952
9,712
150,635
192,46
119,162
193,471
140,944
1,925
160,751
4,837
166,521
93,896
37,350
199,579
74,421
51,38
187,543
147,439
79,447
147,387
48,873
74,869
49,784
71,114
61,271
159,986
145,621
192,149
86,367
75,601
91,585
95,887
46,576
158,816
40,94
111,743
126,139
34,902
180,761
63,312
8,183
141,470
151,675
93,470
49,436
62,817
164,855
117,321
155,584
84,226
35,277
193,759
98,394
142,604
103,506
98,712
195,75
56,417
22,469
59,417
197,842
145,728
105,346
66,57
162,972
52,330
111,782
132,470
193,307
184,138
158,988
20,143
149,732
197,206
5,299
51,89
21,696
177,237
9,900
24,150
198,74
92,373
12,37
30,485
162,799
147,886
42,142
84,846
199,878
189,440
106,668
70,79
135,490
68,156
155,281
183,830
141,808
141,860
9,389
72,653
196,777
174,793
12,403
133,783
84,560
3,905
170,646
99,839
178,611
144,777
69,243
77,654
151,891
93,617
124,611
91,529
197,171
173,860
62,154
77,482
18,95
70,448
33,647
115,486
37,851
1,560
173,52
118,664
152,828
77,560
51,328
95,198
140,81
4,405
111,922
102,89
46,568
27,885
98,283
32,228
48,892
178,923
7,582
179,698
102,210
163,798
82,557
177,782
117,989
197,589
40,853
19,147
159,337
158,90
109,15
60,856
146,610
141,834
153,682
140,610
7,372
165,170
26,347
35,381
186,898
122,899
76,115
157,188
39,908
198,922
149,84
81,201
69,641
112,87
158,90
153,814
138,861
115,540
118,924
85,572
34,960
115,199
86,704
106,184
53,178
100,115
9,11
47,481
9,206
32,708
79,773
77,768
41,353
196,724
29,59
190,113
173,889
23,46
154,774
3,791
1,895
94,212
161,926
113,50
169,766
145,522
172,391
173,955
169,123
197,491
33,736
155,184
199,558
133,220
36,135
168,594
136,256
195,501
76,431
20,177
44,25
119,55
116,210
19,950
160,501
17,490
83,723
120,407
47,528
56,450
155,888
97,507
93,945
98,410
57,719
117,405
61,753
116,205
200,200
86,988
65,931
120,145
196,754
72,32
17,539
154,69
93,639
182,634
26,9
143,703
87,426
192,768
163,548
199,529
98,942
29,338
95,379
50,324
20,767
61,332
174,748
147,168
16,472
102,425
125,609
134,711
134,640
152,902
105,521
66,137
127,337
192,941
143,807
75,692
162,398
199,403
163,131
51,312
69,613
102,824
47,137
118,558
121,397
22,792
134,716
124,8
90,489
8,538
31,63
149,77
54,311
51,828
78,147
150,429
108,317
55,97
40,120
129,656
140,332
29,540
39,90
190,673
104,271
197,151
13,847
3,53
155,977
1,995
151,552
115,689
173,552
98,816
154,452
41,551
2,625
153,378
116,959
136,702
30,797
189,820
6,102
1,244
95,255
16,269
135,265
123,420
152,511
182,195
154,494
32,876
104,299
125,636
185,631
3,638
127,292
37,720
182,145
63,898
93,37
43,583
31,199
161,640
58,669
175,64
48,818
198,223
149,165
182,834
146,71
77,582
110,475
61,936
55,977
23,43
104,23
4,843
150,813
102,160
23,371
150,670
164,278
194,554
9,329
133,446
183,703
151,109
168,989
158,330
97,247
147,781
52,832
163,841
129,672
106,350
28,401
9,263
137,646
104,592
194,117
42,628
14,439
85,962
179,552
46,555
47,115
26,958
57,362
160,126
162,408
27,199
104,851
198,355
126,16
83,781
150,921
75,713
141,175
177,801
154,171
157,536
66,465
141,199
88,10
27,418
151,232
155,691
62,208
166,442
26,330
145,48
118,185
112,434
166,664
182,684
190,737
123,72
106,140
172,860
81,396
40,387
111,766
92,492
137,887
27,396
95,472
73,817
96,819
132,23
38,515
165,134
71,48
187,857
163,141
176,750
26,33
22,933
152,788
174,180
49,743
120,49
39,920
108,977
101,587
173,108
154,898
30,375
125,174
100,349
41,968
170,655
185,808
25,707
54,446
89,700
179,867
41,754
68,214
146,912
77,210
86,438
166,555
168,260
181,21
10,413
196,723
197,353
181,552
98,79
87,850
130,257
197,236
88,574
168,704
31,315
159,868
17,697
130,816
136,651
37,302
53,942
112,816
189,870
181,896
125,364
177,973
173,569
9,45
100,423
41,171
125,508
22,707
40,110
3,170
13,664
126,312
63,721
33,801
23,57
88,444
158,722
9,884
31,798
114,108
103,895
69,379
70,298
31,97
182,184
195,974
87,73
115,220
193,732
198,530
166,285
22,661
126,384
8,674
48,820
37,495
140,230
171,107
32,399
148,350
38,255
94,751
182,618
188,728
50,577
44,672
44,57
149,58
58,166
71,64
189,29
116,169
176,778
171,111
35,105
133,936
116,563
192,992
183,838
83,299
166,179
123,2
45,23
151,913
77,333
88,465
65,715
109,202
159,581
6,782
75,782
62,738
58,116
173,436
143,149
8,469
113,535
95,169
116,341
64,138
191,39
101,658
26,846
50,307
31,933
194,621
43,722
118,111
49,226
145,465
170,266
87,33
42,121
75,369
61,110
24,378
146,486
77,629
121,569
164,446
177,654
107,978
73,204
157,108
55,190
103,73
74,376
87,57
154,176
81,284
1,539
60,309
90,78
38,577
25,668
160,329
139,655
121,48
156,349
45,442
54,388
200,660
48,454
70,182
36,331
144,323
56,591
107,248
88,27
40,595
148,543
56,698
171,846
87,338
123,865
1,646
136,910
172,457
68,464
106,926
84,976
36,538
103,569
54,701
140,899
67,207
41,976
71,491
165,814
109,93
18,319
58,270
57,524
57,244
96,27
105,538
146,492
173,672
72,303
173,259
109,853
144,686
197,469
32,460
71,621
2,630
172,333
81,163
157,983
198,557
2,461
24,501
159,433
181,371
53,186
17,449
164,4
151,118
28,506
122,664
140,417
192,871
172,296
155,854
178,736
101,318
188,389
190,334
134,679
132,629
185,310
155,146
20,690
80,507
96,552
83,455
16,978
187,258
8,590
197,610
171,759
187,163
102,283
164,215
102,632
168,38
33,734
96,820
133,321
200,337
195,186
90,65
106,121
37,840
149,859
83,907
73,29
23,463
156,722
95,371
146,534
164,758
156,576
62,262
50,492
12,175
74,887
18,46
90,173
130,930
61,374
157,424
185,249
52,61
13,936
59,983
113,970
68,121
128,180
123,904
20,257
195,493
118,564
8,633
101,13
48,715
198,51
20,365
144,112
200,191
162,529
121,54
76,457
148,722
174,196
33,22
178,17
34,752
72,160
110,651
199,718
53,944
102,252
47,408
19,937
133,286
118,447
192,801
3,391
153,819
169,246
128,105
177,738
171,174
27,561
57,869
82,805
187,789
188,209
139,286
30,179
113,226
32,28
107,763
50,575
25,785
85,128
133,797
2,726
198,847
72,603
174,839
111,221
122,493
11,683
44,510
13,30
162,179
31,794
2,29
170,769
88,563
8,598
156,833
136,978
187,966
44,399
191,168
110,417
193,321
107,864
143,37
73,921
38,558
92,13
52,546
139,752
95,885
58,446
121,917
19,467
100,327
54,847
70,487
59,530
63,374
46,672
28,774
76,652
18,865
135,657
9,813
168,847
67,709
119,109
132,554
59,25
60,726
177,106
9,109
21,800
197,853
43,475
67,507
9,677
81,297
15,687
155,828
135,335
162,745
101,469
11,390
189,191
22,382
65,258
101,860
188,937
76,879
197,971
123,622
196,998
120,927
103,109
140,325
123,647
75,248
130,915
112,420
33,367
13,176
196,791
129,287
196,331
23,560
165,776
22,517
88,836
62,527
18,670
46,272
63,575
176,956
52,90
27,277
28,4
11,616
177,354
120,543
41,737
149,872
69,765
174,92
178,938
195,852
180,635
155,481
104,326
178,241
14,673
67,537
42,466
178,141
23,345
90,48
195,195
152,654
111,719
129,729
7,127
18,420
143,151
20,554
117,261
10,895
100,755
66,583
40,743
44,41
116,255
96,675
162,379
101,131
10,135
176,668
33,600
65,591
73,857
95,990
25,199
162,73
154,960
139,830
149,282
171,653
170,539
193,317
194,906
124,904
161,716
174,902
171,44
181,482
17,723
127,247
5,683
47,88
92,414
185,31
27,210
191,602
152,262
191,484
104,347
157,522
72,359
118,411
42,70
180,642
12,670
81,163
8,444
138,124
4,953
183,429
151,840
108,106
50,564
114,790
63,694
185,669
74,231
83,803
123,875
20,713
24,812
6,735
33,767
59,320
113,469
177,52
72,482
185,139
171,586
13,817
42,198
133,556
25,665
56,581
184,222
115,137
145,615
140,119
143,503
101,256
43,886
39,927
168,104
13,538
191,90
188,286
68,46
153,843
55,910
6,423
146,973
176,279
140,178
124,780
34,682
21,262
130,294
100,247
75,408
45,462
122,93
66,794
41,360
78,925
198,396
175,867
63,237
14,507
33,483
168,218
17,138
190,807
88,444
146,884
200,400
99,98
183,293
101,915
156,916
92,401
29,264
43,696
101,829
107,661
188,649
165,64
81,235
49,762
146,175
185,9
54,226
185,5
5,613
137,997
153,805
200,550
158,211
151,415
30,936
85,498
80,297
58,759
68,130
142,541
25,927
166,849
199,127
131,316
103,842
178,700
47,600
130,719
187,670
45,15
29,52
126,129
46,676
138,477
30,768
199,82
106,293
136,529
168,784
125,563
174,622
137,857
60,232
166,499
59,790
47,32
47,367
54,340
60,630
107,324
193,681
73,7
45,716
120,916
137,422
85,698
196,427
11,506
71,76
108,549
134,87
162,78
59,826
74,996
105,577
133,281
23,636
195,851
142,830
87,377
51,542
147,235
26,997
173,825
167,501
88,962
164,58
162,933
4,866
189,595
86,419
162,81
67,573
137,23
170,77
151,218
160,281
52,297
153,245
136,761
190,490
21,240
193,259
77,248
145,120
88,678
199,610
55,664
105,511
91,240
91,635
68,961
112,313
82,490
92,187
181,440
186,163
199,124
194,655
162,200
55,782
142,686
124,769
160,414
2,148
3,316
30,331
87,658
135,255
194,54
29,687
154,877
25,714
106,304
193,448
58,128
48,66
190,154
137,255
168,862
58,916
186,83
1,723
157,862
13,663
102,818
151,152
151,322
30,144
164,277
175,665
157,14
152,183
163,991
174,70
134,921
155,961
199,807
11,64
171,30
150,69
63,791
34,382
49,76
27,153
151,739
13,710
66,475
177,174
199,476
186,14
4,245
178,670
27,806
194,520
92,76
50,881
44,373
172,910
7,844
93,248
8,226
67,414
87,525
83,374
93,767
7,780
46,845
73,239
188,446
9,316
27,105
9,251
114,844
172,259
11,576
110,799
13,820
197,882
13,303
163,867
84,127
36,967
100,929
182,433
69,610
123,569
182,279
78,914
174,227
124,743
99,868
30,37
149,794
39,373
200,582
72,293
96,161
137,828
114,856
151,692
164,843
28,276
134,530
19,678
183,901
189,214
77,804
25,383
125,744
152,104
157,893
36,605
21,180
109,570
69,502
180,113
100,647
126,107
19,40
11,463
158,575
91,79
148,183
197,886
165,107
138,61
69,873
62,595
152,447
150,161
162,502
31,457
112,593
51,264
56,115
123,378
37,231
9,206
187,946
95,686
40,427
179,9
48,931
71,516
111,621
98,417
62,677
89,926
128,201
194,319
199,751
108,147
60,189
173,768
23,406
136,970
44,296
198,101
150,452
85,256
55,898
36,572
72,34
150,969
57,985
155,744
66,147
63,373
8,216
59,193
109,334
105,282
23,554
32,394
40,213
2,947
153,170
116,42
128,524
163,850
174,669
100,545
153,84
12,797
175,11
144,808
119,164
155,778
47,264
35,593
148,597
183,49
98,206
186,821
147,850
108,501
116,230
154,883
46,806
167,229
168,957
47,656
86,121
32,172
107,798
130,693
55,247
24,895
114,821
180,289
59,46
23,500
19,827
146,611
185,72
12,417
83,66
190,715
121,748
78,349
142,42
158,803
156,482
77,891
22,911
109,291
190,625
45,460
59,25
88,959
89,599
54,118
158,294
33,930
106,58
163,150
27,567
25,744
46,604
151,373
168,477
132,364
141,629
2,37
175,77
108,464
144,17
113,210
156,347
103,649
194,150
58,775
198,555
25,799
43,990
121,774
175,813
127,556
69,990
13,115
102,786
190,573
129,713
158,869
124,920
37,703
200,458
80,551
92,390
21,226
100,394
42,422
46,576
114,195
76,929
73,553
120,402
34,90
145,929
174,536
34,792
20,86
174,983
39,103
127,862
130,962
87,604
184,11
171,718
26,137
104,680
3,151
82,224
41,816
69,566
75,17
90,600
194,604
31,262
128,910
8,608
196,153
191,407
96,57
97,284
198,555
39,957
52,691
127,621
97,97
177,227
96,504
133,185
105,756
22,710
144,199
42,592
74,84
20,94
183,789
190,422
136,433
99,960
164,945
157,999
135,744
155,27
145,317
154,872
90,814
181,79
111,523
188,53
77,23
89,41
181,628
43,726
41,502
116,173
137,402
112,256
199,293
91,914
164,236
9,10
71,505
12,226
32,732
147,290
178,943
28,390
78,742
185,279
67,974
50,233
84,563
198,306
48,309
111,451
190,60
141,924
71,722
81,13
71,243
125,831
51,937
124,71
169,130
84,407
148,742
140,87
26,12
182,258
121,656
75,831
138,835
87,886
61,787
28,523
33,309
179,426
179,847
121,62
27,469
129,575
26,238
92,643
68,223
35,82
137,873
198,76
34,431
75,115
89,45
117,628
85,419
126,880
196,984
93,650
163,475
110,583
199,975
18,853
177,184
12,108
58,892
85,521
56,297
42,147
147,521
37,941
98,802
175,612
105,100
152,670
83,882
161,175
86,262
96,959
135,452
36,520
26,198
111,131
38,451
109,478
148,175
115,731
148,47
172,346
66,75
55,904
49,120
113,601
190,290
192,440
40,249
136,248
176,418
162,210
105,592
1,351
1,498
57,69
80,279
190,97
37,26
75,450
77,413
64,610
85,186
66,869
104,825
162,666
99,196
186,148
22,785
100,21
54,944
129,4
133,903
1,457
56,821
101,657
170,897
83,102
22,974
54,201
41,471
69,272
155,482
164,381
11,123
79,979
135,191
193,94
192,513
137,42
179,901
146,452
157,36
163,69
70,868
63,889
127,255
188,790
93,463
69,14
3,933
163,104
35,160
110,232
60,813
172,912
13,27
193,79
155,793
186,169
152,759
184,573
136,44
160,880
37,565
132,708
34,38
11,965
92,337
7,557
91,990
102,629
24,513
113,837
180,694
95,780
157,652
68,388
48,427
19,221
43,153
27,446
136,186
137,15
173,576
21,389
46,98
121,246
185,18
1,164
117,72
61,294
193,883
112,132
188,343
63,552
71,295
57,444
111,340
38,767
15,261
28,6
193,181
103,902
133,19
58,254
9,651
117,775
98,737
157,363
12,19
144,477
44,734
62,211
178,580
96,107
122,549
181,664
144,20
189,67
67,994
53,79
45,809
177,155
35,841
138,514
29,617
142,133
200,407
73,724
33,359
135,153
110,154
72,284
169,800
135,402
49,615
162,971
131,727
183,450
121,729
25,323
97,338
32,64
196,857
12,901
31,536
1,787
187,952
60,321
110,482
177,741
190,153
23,340
47,286
6,590
58,724
137,241
92,137
128,878
82,415
21,462
21,675
52,587
118,933
175,630
178,387
126,135
194,476
115,15
69,82
47,898
83,993
103,159
196,271
131,786
116,803
134,73
153,621
52,365
200,486
43,823
91,423
170,250
126,828
3,45
130,155
82,122
41,200
137,814
17,767
152,402
48,813
109,745
52,670
59,438
90,799
185,792
55,694
134,799
71,497
119,457
61,248
168,395
42,213
73,183
161,359
169,790
39,551
153,439
109,757
1,413
67,461
187,346
56,160
89,698
92,858
198,472
53,570
34,295
6,842
116,605
179,197
97,341
48,783
130,612
149,518
139,930
180,372
164,335
11,898
93,783
150,166
175,43
102,736
53,253
125,62
100,664
117,633
30,30
71,139
144,809
84,956
81,829
125,632
143,492
52,736
39,810
31,731
103,153
196,576
46,218
8,801
138,546
171,35
182,904
60,376
95,632
142,572
115,90
68,796
44,127
158,173
60,752
193,437
67,397
102,409
15,290
178,378
142,611
65,343
64,827
39,559
69,740
187,818
58,375
115,820
131,827
180,541
68,466
198,764
29,382
178,781
72,115
93,623
128,2
167,362
66,796
22,883
57,313
90,234
10,306
185,366
166,234
62,889
179,980
81,923
112,431
182,378
117,794
38,437
175,191
91,781
106,175
102,805
92,551
86,586
100,828
38,677
85,403
169,46
131,93
2,576
83,453
142,837
129,51
3,313
91,932
151,515
190,524
150,204
71,83
154,613
102,863
17,458
172,421
74,944
69,243
34,621
2,482
105,332
144,136
65,900
182,294
189,545
152,923
131,498
120,808
188,276
146,923
144,801
88,263
192,551
91,59
103,991
119,686
132,814
18,264
76,987
112,857
69,859
174,598
76,659
91,822
152,610
39,269
141,664
89,610
193,978
183,951
172,851
171,125
11,446
22,983
89,679
59,827
72,226
60,981
104,396
122,870
27,687
45,565
188,745
136,825
21,993
13,702
113,880
147,75
5,819
134,988
65,842
131,898
35,310
28,509
145,289
97,699
193,383
48,850
47,360
99,407
43,625
94,177
174,213
194,4
177,374
57,926
2,354
22,981
60,181
127,12
129,502
48,333
174,701
78,960
103,407
40,170
60,42
139,527
100,803
30,961
86,531
146,165
85,49
122,94
49,193
52,609
193,834
87,615
176,474
82,132
56,866
93,777
117,594
99,377
149,214
21,314
155,89
192,999
118,55
119,486
92,664
120,746
72,39
159,225
100,902
182,4
47,312
37,34
20,90
152,449
173,33
35,327
193,400
37,223
98,314
12,420
189,843
53,526
106,968
53,435
3,941
96,495
77,486
11,786
113,424
122,52
64,88
11,45
180,337
31,116
22,903
171,176
126,737
117,446
197,110
52,522
104,794
117,147
150,229
163,572
168,759
52,697
171,367
142,918
111,351
93,552
181,68
34,916
130,273
138,940
172,336
184,344
9,915
84,443
64,382
181,231
2,705
106,453
134,452
57,574
76,75
20,25
163,450
52,679
79,151
152,281
97,786
74,770
20,757
24,835
126,840
30,868
60,582
49,558
101,221
15,942
198,516
173,371
129,140
192,818
90,592
37,636
134,146
134,121
42,145
134,67
110,754
30,694
137,169
170,218
53,799
43,582
66,673
30,590
72,1000
99,857
1,718
2,864
123,568
167,339
28,536
194,781
28,336
184,466
186,497
93,36
70,89
28,634
4,335
2,510
134,224
30,176
102,617
44,141
186,203
148,933
109,420
140,965
124,687
34,596
54,420
64,772
32,748
123,526
112,966
140,59
141,673
130,719
134,574
33,666
55,860
157,872
15,743
13,941
91,150
41,241
132,587
41,923
76,75
190,165
164,382
195,430
50,471
65,495
104,858
37,444
108,69
131,307
186,46
192,656
128,850
179,49
138,747
127,685
50,472
18,99
98,75
126,263
31,250
94,709
166,159
115,6
5,541
194,488
131,9
55,188
73,8
175,962
199,873
149,496
28,430
48,543
62,281
127,347
80,547
6,6
38,625
24,277
111,910
128,169
105,978
4,553
143,432
15,80
100,26
123,962
35,185
54,526
198,862
198,611
115,38
140,964
159,747
87,147
186,852
11,642
174,625
181,525
28,768
30,924
163,795
79,635
13,895
165,47
24,741
141,460
199,91
16,825
155,118
47,649
108,749
167,450
102,75
140,120
143,170
135,712
177,196
171,89
4,712
53,101
147,211
153,757
143,641
167,76
4,880
176,985
62,329
124,320
30,188
55,65
85,938
169,509
115,1
125,232
60,953
1,77
163,634
47,565
126,647
165,143
158,73
64,1000
29,747
11,225
24,393
50,920
7,648
154,557
73,758
14,514
109,211
11,753
180,702
153,643
63,412
198,289
171,323
144,824
194,566
88,439
152,199
71,268
10,450
129,552
84,549
108,685
28,713
182,547
154,256
31,972
145,160
150,206
21,594
178,522
34,438
167,216
11,194
87,614
146,919
67,700
2,960
176,111
40,234
112,100
109,404
10,210
57,256
145,462
173,593
176,15
197,716
81,689
136,513
105,95
87,429
181,727
86,205
167,104
36,210
76,79
85,498
123,348
191,889
2,840
29,263
174,872
177,850
165,717
69,127
106,578
178,584
57,40
116,781
127,715
21,169
51,178
31,172
113,370
162,850
10,884
147,778
182,811
36,911
70,864
76,518
128,657
175,887
172,210
124,190
38,469
122,660
11,657
24,973
84,373
159,37
14,698
83,205
195,504
109,664
26,234
9,753
179,571
27,878
112,450
126,682
33,994
183,717
7,725
129,5
159,398
70,592
42,704
124,924
25,390
119,158
181,621
108,589
31,229
195,396
13,578
82,648
54,627
54,276
155,189
55,6
101,484
154,297
107,989
116,219
52,66
100,494
20,654
148,988
138,779
140,925
79,404
107,118
60,248
189,589
35,802
108,154
134,613
32,733
174,532
51,752
123,878
139,746
159,731
87,192
98,287
158,137
166,732
187,777
95,685
65,378
190,186
180,365
35,261
19,391
20,397
200,850
100,778
63,515
125,189
61,584
92,808
22,496
177,276
82,642
18,809
137,273
136,897
20,241
38,763
173,986
111,475
166,925
52,215
65,294
32,431
139,213
114,573
164,605
38,405
93,295
155,373
41,503
150,498
29,700
164,750
52,178
8,703
52,70
58,929
60,115
1,252
54,464
64,741
190,238
198,394
23,602
20,817
56,862
80,698
60,122
111,947
154,992
30,736
123,820
56,196
150,905
137,546
61,171
89,329
14,104
20,565
200,681
95,158
140,465
125,990
100,689
61,514
35,339
52,836
200,36
121,793
120,699
182,757
109,1
26,234
44,911
107,743
138,279
60,109
21,642
71,610
4,822
108,806
12,276
98,478
160,252
45,951
50,421
121,21
95,967
64,975
107,732
164,111
178,20
86,118
165,882
162,377
24,746
51,268
158,987
16,944
118,735
38,543
44,361
86,694
21,319
99,655
146,864
12,747
105,96
86,684
198,944
61,990
50,741
160,818
159,403
30,198
59,101
117,970
47,341
52,209
157,510
164,118
145,946
16,155
179,922
36,817
167,222
52,195
72,559
68,660
112,20
16,960
109,41
54,2
3,548
100,230
132,428
67,602
163,990
158,593
197,174
128,632
37,271
34,661
135,699
156,715
183,564
27,513
95,789
176,400
14,619
27,889
175,557
155,275
67,184
7,406
146,141
164,746
93,394
94,132
155,107
149,208
1,381
179,387
124,701
86,109
67,735
118,181
195,436
176,511
140,733
146,58
72,264
44,156
4,636
113,786
102,576
144,258
132,816
25,599
180,874
6,199
55,68
119,714
28,836
133,746
11,196
176,372
192,819
28,933
110,268
93,263
102,879
84,982
57,231
158,689
165,672
152,74
102,28
55,864
119,664
178,212
177,112
4,181
96,673
32,87
178,459
200,211
82,202
121,505
123,819
181,84
48,317
194,626
34,33
183,877
132,334
82,349
79,361
158,371
4,302
22,575
23,46
169,687
126,838
96,284
64,551
166,477
177,13
149,982
130,673
51,985
127,562
56,160
23,591
139,923
5,22
156,232
113,230
131,682
162,816
15,245
63,787
143,678
60,487
32,895
52,188
126,580
11,947
54,714
176,238
43,974
44,348
175,981
55,646
12,305
156,977
18,36
6,545
155,843
29,296
171,872
198,373
131,950
177,161
52,25
172,688
141,396
193,990
6,395
77,928
191,940
178,154
115,491
38,383
148,285
126,187
20,297
27,185
193,504
7,904
43,831
161,145
145,696
89,680
170,814
119,990
166,854
35,925
140,386
86,343
157,28
44,463
181,778
102,821
116,864
30,913
190,665
200,419
130,334
134,64
144,296
177,829
134,624
29,482
37,905
131,407
69,874
95,356
21,521
133,959
17,292
174,211
178,66
51,246
41,789
141,160
159,90
179,752
161,80
161,481
19,63
115,199
15,775
81,350
169,384
78,898
28,973
163,897
63,597
144,88
126,104
70,822
109,277
43,93
184,198
156,468
199,310
36,881
65,360
130,927
138,695
134,148
33,873
113,763
174,58
189,681
127,225
67,203
58,181
126,695
193,160
34,130
9,837
64,629
14,679
136,812
189,474
98,673
115,166
84,290
173,763
80,600
27,845
113,843
152,170
35,548
16,218
96,764
28,287
92,909
141,405
33,289
118,868
84,765
118,266
7,632
112,809
29,428
129,392
48,723
113,659
118,382
161,436
73,932
61,285
100,573
33,32
114,767
41,369
23,12
68,217
65,803
165,441
137,266
92,422
195,571
102,22
169,684
1,779
77,139
116,265
159,578
143,419
24,246
164,231
193,474
7,527
144,707
8,267
161,883
9,280
200,953
94,941
13,416
173,493
59,966
106,201
44,875
186,690
79,730
48,15
54,447
99,458
29,271
134,152
9,71
190,952
110,662
85,491
109,184
129,717
81,946
126,767
127,457
181,204
143,884
182,833
19,676
57,804
73,123
106,294
47,506
32,420
197,358
166,491
19,630
50,648
42,825
137,684
179,759
189,795
65,301
52,560
35,462
139,373
172,854
157,975
97,528
60,73
121,284
140,165
127,387
177,892
142,787
31,897
199,59
19,303
160,557
194,135
2,151
47,350
161,4
114,541
177,900
178,610
85,418
92,107
137,826
96,80
107,389
174,201
65,678
40,370
84,266
50,597
174,908
73,74
125,773
2,903
87,185
136,507
54,790
5,84
70,739
99,566
42,69
37,290
164,669
53,679
191,153
5,603
64,70
180,980
169,478
56,553
184,564
7,139
170,131
37,809
128,522
103,579
33,153
155,165
59,684
10,964
11,255
176,759
25,624
21,9
41,436
167,917
94,292
33,68
78,391
127,851
198,439
27,393
168,264
123,152
159,348
64,637
61,572
165,835
66,178
97,920
74,58
10,516
134,796
123,701
157,84
115,308
48,944
1,481
94,184
84,385
185,779
64,928
102,204
182,543
172,12
50,966
18,20
108,192
24,225
179,709
161,57
146,623
164,814
107,401
42,169
152,5
107,238
172,308
196,494
180,6
31,680
188,781
62,412
60,798
90,161
127,683
122,801
106,284
48,818
112,281
199,610
51,584
15,659
113,68
58,133
155,737
173,939
124,347
183,246
188,764
59,348
125,216
174,390
31,49
96,780
1,549
77,983
180,266
13,389
134,316
79,213
90,91
10,571
107,704
142,250
171,552
90,563
95,103
41,657
155,628
6,425
91,48
12,92
86,845
164,621
86,570
155,170
161,566
135,445
112,709
16,613
88,951
97,177
91,583
133,219
168,296
190,585
197,633
174,374
103,429
106,221
124,178
73,238
139,49
186,329
169,984
171,513
9,660
50,458
106,446
95,654
7,861
124,524
60,695
79,931
63,261
143,204
134,766
54,288
192,850
183,539
56,1
58,454
28,174
86,807
177,573
194,761
74,710
92,861
190,861
76,744
62,75
199,945
180,972
56,500
198,914
72,191
16,130
171,866
197,664
200,556
34,525
21,886
161,929
186,40
132,702
142,920
163,772
79,243
138,249
45,730
176,641
24,789
181,196
37,82
63,668
24,590
18,849
6,649
196,479
93,192
178,940
124,574
159,770
102,152
136,554
73,993
123,518
175,126
179,867
87,950
135,605
103,569
90,621
65,160
24,497
179,641
41,431
182,642
10,525
41,102
54,644
82,624
22,176
145,823
188,761
42,705
197,235
32,870
3,471
130,295
105,448
180,619
163,350
98,725
27,959
114,729
23,552
42,222
44,508
54,561
143,950
34,671
121,900
181,577
121,936
189,825
71,86
63,579
167,680
113,236
20,646
128,937
127,8
97,456
84,440
28,313
147,694
10,291
173,523
81,559
75,376
170,137
30,72
41,634
80,284
53,987
89,274
7,61
112,164
181,90
164,712
128,286
195,547
135,984
24,609
6,829
157,396
8,503
102,791
190,59
187,297
167,364
108,365
16,115
100,252
141,930
190,956
172,737
89,754
121,256
18,627
161,421
195,914
137,783
76,471
177,17
142,106
70,701
92,39
130,901
35,683
56,998
115,731
139,246
129,372
197,172
97,824
53,712
93,718
51,165
89,445
88,556
200,863
145,592
55,807
199,694
31,450
54,952
9,608
2,77
182,640
191,76
58,849
78,841
112,556
174,894
3,53
175,235
106,639
24,373
88,281
38,799
110,58
41,446
126,406
161,695
18,347
23,575
170,66
150,249
64,92
171,49
70,237
65,470
71,400
84,635
23,995
55,96
108,826
50,521
24,183
141,677
139,417
19,798
72,833
151,549
1,599
40,312
142,615
133,345
67,363
127,818
79,788
147,605
143,640
69,472
191,247
141,811
129,62
170,788
47,366
78,268
70,20
139,428
160,611
24,921
155,496
113,879
184,909
90,376
171,926
82,388
194,493
195,487
156,260
36,32
69,583
7,599
3,842
159,380
148,298
166,298
65,313
16,369
111,382
94,697
90,785
18,631
127,918
29,849
126,97
138,917
196,141
59,997
189,127
50,686
6,41
126,546
32,756
94,717
36,500
114,675
140,834
125,799
13,173
33,389
165,744
189,961
136,668
91,285
15,920
34,497
121,942
34,233
69,522
179,627
186,64
180,146
98,681
40,109
144,76
154,796
143,607
41,976
77,955
8,668
122,505
139,434
84,690
55,568
100,658
61,882
108,317
81,548
171,829
160,322
70,924
160,808
188,762
110,486
29,976
104,20
136,639
6,416
71,485
193,153
78,677
37,131
178,725
21,774
57,783
32,931
180,326
86,29
177,580
13,168
49,775
1,463
197,759
91,937
1,820
67,707
155,116
106,561
75,152
110,53
65,1
137,677
158,751
158,962
162,873
119,367
61,244
106,354
146,569
158,745
104,312
178,249
42,169
198,848
77,813
145,53
18,924
117,843
149,215
97,225
87,787
198,307
120,44
76,62
134,56
105,244
151,840
36,680
131,172
62,545
48,827
104,444
198,867
72,413
41,81
48,635
150,646
145,936
79,839
68,966
84,56
122,767
143,269
170,836
193,609
1,138
189,921
159,415
93,622
21,493
108,83
195,131
25,307
55,63
2,805
41,925
129,754
55,751
12,394
161,396
163,532
106,712
43,708
61,520
28,136
115,474
89,550
80,222
7,949
161,534
134,177
70,115
71,935
194,107
59,437
155,588
130,950
116,605
8,675
66,371
184,314
110,299
49,507
191,252
136,718
177,895
178,926
23,415
126,290
127,641
79,167
128,392
139,379
183,337
22,305
98,729
25,158
171,753
75,890
76,828
102,364
129,8
130,818
111,561
40,113
101,641
183,113
49,884
86,957
41,815
173,395
79,153
91,628
27,342
181,678
75,206
51,595
122,267
138,760
180,30
138,721
182,749
128,452
2,710
10,414
157,75
172,513
70,789
58,302
87,825
23,504
147,683
194,182
146,421
137,497
114,736
35,580
17,562
188,913
135,977
76,266
50,862
114,930
99,389
194,154
119,478
38,836
131,400
75,979
186,22
163,795
149,218
38,166
61,316
159,769
37,899
109,830
130,109
56,148
41,263
23,112
144,700
169,522
176,869
57,146
75,349
37,652
100,346
98,827
42,541
79,33
136,570
117,439
172,291
125,306
156,303
109,352
153,972
91,585
192,216
16,50
112,813
155,537
188,844
87,574
190,574
186,806
113,830
31,877
55,535
30,112
26,543
75,286
154,709
162,176
51,233
110,334
82,940
188,37
131,113
95,256
65,121
54,33
186,107
101,454
44,339
12,937
120,996
58,649
147,202
19,727
134,813
49,446
83,927
25,766
89,746
109,150
54,886
136,512
13,706
124,685
2,220
53,445
146,161
42,692
197,273
177,905
147,764
80,460
177,155
139,899
193,684
98,375
194,3
29,666
133,557
88,44
95,254
95,276
94,990
44,371
94,209
103,181
190,721
43,576
8,601
55,466
94,968
22,266
25,878
3,326
186,543
163,654
169,503
42,375
69,178
150,43
197,479
69,244
58,755
187,911
133,749
161,819
153,129
101,325
166,392
45,987
50,123
150,207
150,632
40,766
1,69
85,748
185,55
163,715
68,85
35,705
24,348
6,417
140,291
191,590
144,914
41,712
183,813
166,811
171,983
26,317
149,763
96,122
48,608
68,885
183,749
164,182
40,417
107,794
148,702
167,114
149,849
129,413
44,889
106,264
3,340
168,691
156,140
132,174
105,338
81,761
12,898
169,999
145,243
71,530
135,148
123,117
130,320
104,644
127,57
127,885
169,149
115,155
155,799
186,498
80,669
75,58
20,180
172,995
18,445
17,10
102,19
174,444
88,352
138,604
175,538
131,748
183,286
2,763
194,393
147,857
168,814
71,160
185,174
20,547
21,231
66,66
3,332
154,502
7,544
136,80
44,224
163,939
199,421
48,796
172,302
93,133
116,870
192,778
112,70
5,405
167,337
8,872
173,531
127,137
134,59
1,575
135,718
54,605
189,640
50,937
76,725
170,965
76,707
123,737
48,615
178,591
159,155
51,206
199,340
51,395
68,242
134,862
106,90
10,723
62,167
47,334
105,773
76,530
181,210
103,544
71,222
123,956
19,706
110,296
10,402
168,76
33,589
65,797
90,118
1,362
87,977
26,479
188,495
166,903
197,907
85,503
86,146
191,361
29,339
112,381
161,437
17,538
39,159
43,689
139,104
3,497
57,196
110,510
49,741
59,194
154,78
35,182
192,823
45,310
98,783
41,487
31,772
140,121
27,1
15,887
164,900
121,101
177,507
151,91
118,25
124,630
96,768
164,757
179,236
182,440
144,454
196,23
34,743
135,744
137,601
125,476
124,619
124,990
164,413
121,372
198,51
183,340
110,966
127,330
179,239
164,622
95,911
34,502
75,348
1,199
99,219
182,350
51,917
47,304
52,574
67,328
118,120
25,980
99,874
49,483
167,953
15,902
166,858
63,589
90,258
129,203
46,934
163,319
147,997
39,211
109,458
147,962
3,976
137,165
26,73
47,452
39,607
53,586
65,122
77,392
195,152
115,417
12,172
142,913
1,700
78,203
192,21
101,756
104,989
200,242
131,920
17,506
117,556
17,487
6,816
53,698
24,264
93,777
20,514
164,598
23,437
139,432
123,977
176,628
98,503
23,759
59,129
180,364
103,171
160,150
178,539
151,805
35,246
170,497
17,668
11,403
1,225
155,659
177,986
75,611
42,894
81,568
56,810
148,126
134,32
125,239
35,49
154,618
144,918
8,663
169,475
21,257
136,546
169,315
192,703
106,433
6,437
23,827
42,278
181,31
87,416
129,479
97,27
158,261
121,316
41,212
171,6
98,931
90,264
176,681
106,225
192,581
97,14
176,635
122,592
88,160
200,664
93,916
92,187
20,320
43,763
117,521
94,126
40,323
156,4
11,750
123,951
30,47
153,649
128,165
131,951
66,83
127,236
99,151
129,868
14,348
55,697
178,828
191,146
78,198
131,43
14,298
104,641
3,490
89,646
128,103
152,402
182,556
107,113
115,978
107,725
115,37
72,239
157,644
26,841
55,932
35,832
75,809
179,734
110,510
104,852
84,520
21,813
120,594
147,294
129,593
159,325
67,353
162,294
134,818
117,722
157,787
39,741
85,229
24,319
20,702
17,993
36,811
72,459
144,572
115,825
69,591
93,538
100,981
113,142
161,209
123,541
19,100
74,68
176,773
26,94
89,124
132,873
71,55
98,954
54,333
200,717
9,648
130,487
143,925
187,432
188,576
113,532
185,814
112,524
159,358
57,644
90,330
87,880
125,22
167,322
154,988
196,240
51,619
51,10
151,193
107,467
107,26
115,554
193,243
111,998
141,771
46,631
79,27
50,413
176,721
142,668
171,994
164,224
77,416
171,892
159,106
105,143
115,232
174,35
142,207
175,91
41,662
5,797
197,948
159,416
125,66
68,362
34,455
59,134
171,428
27,627
71,81
21,706
37,252
111,205
65,528
180,216
74,333
39,496
14,885
192,722
108,159
192,270
176,741
63,703
63,411
180,985
89,242
56,987
63,614
4,690
188,916
41,612
199,411
95,692
24,310
111,189
31,232
154,236
99,838
42,113
107,780
146,358
134,379
82,671
102,234
146,783
4,833
190,227
164,212
187,295
131,158
105,264
86,822
46,281
4,829
7,348
124,862
55,718
92,502
55,737
170,492
146,333
33,473
8,476
160,345
17,962
83,171
176,477
13,701
147,522
44,645
62,996
136,13
117,952
124,200
94,569
69,739
107,649
121,491
178,900
93,480
104,890
10,827
193,115
133,576
105,687
127,570
46,695
163,858
105,340
19,383
1,927
167,365
131,609
196,254
90,61
149,803
163,937
57,630
120,839
194,797
27,110
72,459
119,422
164,440
133,852
75,351
67,830
172,656
45,506
120,998
35,727
48,85
66,277
80,814
175,210
139,484
79,503
87,683
163,91
100,867
46,364
79,474
164,106
38,595
195,638
54,135
138,633
145,608
140,662
26,319
151,353
177,182
155,145
71,493
26,607
102,965
2,741
74,128
116,431
134,763
75,110
86,68
115,42
8,20
107,632
194,399
178,162
110,526
88,355
6,523
193,316
79,65
3,116
187,736
111,507
43,854
41,825
34,95
110,444
88,297
135,479
132,416
175,279
161,414
88,942
139,87
166,791
91,630
99,408
144,292
158,161
117,22
188,380
99,175
41,328
77,477
10,463
195,919
179,702
94,579
177,776
180,514
60,331
34,857
82,477
137,604
3,414
108,688
44,341
147,960
168,339
133,150
167,89
196,263
53,45
130,763
112,396
146,230
78,96
125,281
194,722
37,475
147,503
149,705
44,364
27,632
142,938
176,423
181,187
119,569
108,896
46,601
24,848
85,916
139,797
18,297
127,958
78,327
118,253
124,263
73,164
116,361
19,209
28,804
197,34
25,810
4,870
191,115
15,15
122,810
30,428
57,82
59,75
30,202
90,783
107,469
118,483
17,75
184,959
59,231
170,136
15,266
39,575
114,10
59,586
99,908
168,852
97,993
64,240
39,409
106,146
5,380
38,376
98,157
33,968
189,592
102,342
21,347
61,880
167,631
125,145
132,62
108,670
24,361
147,767
198,109
99,574
109,425
30,704
33,548
90,683
96,805
175,746
15,165
145,298
10,424
39,770
162,516
156,704
135,144
199,272
196,35
69,155
96,730
28,314
156,500
68,419
54,778
69,588
117,321
59,337
63,469
73,582
85,901
33,382
48,865
167,959
88,442
4,524
132,302
126,702
169,3
125,666
23,113
119,948
101,214
53,444
192,388
26,567
169,668
17,377
17,345
151,938
76,490
38,562
68,909
23,185
146,935
82,921
133,372
86,817
196,694
54,21
6,74
146,564
54,412
49,900
113,919
101,836
8,897
9,347
132,612
77,377
90,782
20,419
8,588
18,85
119,724
158,781
72,625
191,215
135,180
50,163
181,568
116,980
25,359
156,753
190,356
91,263
124,116
125,352
138,310
169,451
13,77
149,781
126,540
141,108
24,33
149,27
182,616
4,783
171,314
52,255
128,62
98,941
19,847
157,895
115,556
115,189
143,709
45,660
25,468
74,497
124,636
61,999
181,228
101,454
111,91
29,695
128,601
179,429
30,418
181,743
114,441
97,487
177,108
92,908
121,109
133,471
31,576
37,47
32,453
137,863
132,979
60,498
87,562
126,335
78,322
152,385
22,910
174,578
13,162
44,507
154,252
77,723
109,484
78,534
178,544
84,118
140,523
90,90
49,971
99,227
108,912
42,80
55,504
159,404
157,208
26,100
126,491
51,835
81,351
89,815
108,238
98,584
54,263
124,724
147,691
69,257
13,720
50,211
63,428
117,42
44,395
27,717
52,962
128,405
18,64
58,330
47,194
161,921
55,84
154,11
127,718
45,878
152,480
1,120
9,256
197,681
61,978
132,582
78,562
6,244
122,201
103,68
2,82
140,51
30,621
179,435
37,160
105,913
4,689
192,567
22,719
149,347
177,721
151,969
190,568
94,111
133,964
112,810
116,777
100,414
125,308
147,652
86,114
56,278
192,622
144,351
160,548
36,470
163,227
35,213
118,457
108,696
180,563
57,903
43,705
104,551
142,772
103,177
32,729
148,749
72,395
31,761
17,22
100,743
88,10
166,872
181,551
46,358
182,470
44,694
102,626
109,473
121,294
85,430
83,690
130,805
151,578
106,770
1,255
189,669
53,356
112,207
193,259
142,223
114,783
160,749
96,171
60,198
109,607
181,622
116,953
189,96
115,860
73,379
2,911
59,228
87,504
178,85
127,976
118,152
106,926
97,999
158,100
101,885
73,834
98,185
47,905
16,349
161,430
196,115
91,622
151,515
171,962
193,36
165,840
57,505
94,795
38,948
57,757
15,730
60,646
169,635
54,991
194,79
25,26
38,393
180,258
51,979
28,496
155,674
95,991
176,546
37,735
195,357
37,185
42,787
155,580
18,992
189,896
30,991
171,796
137,703
69,814
14,944
2,827
35,837
93,151
9,506
69,842
50,763
74,446
70,841
138,665
32,517
104,746
135,953
66,132
92,408
56,456
182,596
151,473
193,782
61,552
142,22
91,173
142,352
2,631
186,799
105,357
102,553
98,324
30,557
160,20
33,797
173,711
75,453
44,225
43,928
57,531
137,849
116,459
109,988
148,240
151,898
160,529
15,403
133,138
17,220
38,373
85,77
117,6
146,974
32,371
148,687
56,68
100,911
75,618
164,199
186,475
139,62
136,367
7,481
154,958
14,833
168,32
136,648
150,725
66,766
18,335
127,189
37,962
25,635
108,918
158,200
143,940
26,688
3,989
44,125
7,168
89,91
134,326
133,166
191,919
59,488
155,103
142,832
94,574
67,986
111,472
133,279
47,788
124,958
41,83
162,461
164,618
130,861
40,927
88,873
12,944
119,340
57,172
3,684
198,787
180,997
137,81
81,838
155,228
163,483
54,275
13,122
169,868
51,741
60,874
92,474
73,663
106,338
54,825
108,927
95,164
182,49
183,352
192,252
147,39
96,48
69,681
86,519
4,290
117,30
148,164
139,555
149,216
13,326
150,626
114,369
81,605
92,784
161,68
34,78
199,175
129,412
172,597
140,846
40,814
187,41
44,371
75,166
12,20
58,88
88,23
127,515
9,89
195,351
102,86
104,738
196,930
65,674
179,122
53,81
169,558
71,516
172,978
10,206
34,520
38,128
189,292
33,498
125,1000
140,82
9,513
73,935
109,553
65,681
38,342
28,934
99,555
55,916
190,104
5,882
141,304
102,353
98,696
68,644
183,187
50,181
80,751
95,925
65,944
83,875
66,89
181,827
156,84
54,819
87,802
76,379
185,314
48,192
114,145
103,116
141,876
63,146
135,316
186,566
145,904
52,941
91,580
150,667
129,383
29,62
196,93
117,481
17,127
72,444
115,145
102,971
81,952
187,482
155,195
128,182
183,753
27,568
189,489
189,497
167,255
90,632
93,702
3,520
71,725
179,611
58,891
98,296
111,390
157,416
10,118
123,314
2,580
98,846
97,434
47,158
64,276
107,130
147,754
176,462
153,116
85,121
182,742
68,198
7,618
189,77
128,768
189,459
161,564
141,924
183,926
191,426
181,4
2,626
54,623
21,643
110,126
127,554
198,902
110,108
10,428
184,257
152,367
78,278
22,439
145,192
52,674
134,69
35,610
175,698
200,56
68,144
188,101
73,732
15,961
135,22
26,471
80,926
132,845
54,538
56,436
23,159
178,529
31,225
36,472
165,294
161,690
134,61
127,224
191,700
1,291
107,727
57,976
123,315
118,356
50,271
172,208
83,511
106,8
96,268
15,800
23,382
6,210
94,253
153,257
177,765
49,794
50,533
197,967
172,781
72,122
193,597
78,596
83,971
106,221
193,502
141,59
118,289
94,70
89,647
159,575
103,681
85,791
169,456
60,869
21,475
151,578
139,751
93,778
26,303
113,434
38,104
44,183
143,397
104,989
88,982
20,443
25,422
106,60
23,873
164,616
179,198
16,714
100,242
101,17
49,51
71,537
33,67
3,142
57,392
136,652
152,614
24,545
147,172
162,481
175,896
125,363
113,608
4,669
98,7
50,743
38,19
146,621
23,346
41,82
85,590
88,386
68,389
10,849
176,600
37,242
136,321
91,904
50,185
139,704
42,185
129,391
66,271
182,673
29,268
26,567
52,582
190,956
68,980
104,441
148,344
176,25
130,292
28,553
79,662
58,873
99,723
12,389
194,310
49,563
9,611
50,833
34,450
80,214
93,26
140,209
75,21
3,893
195,233
194,26
139,255
3,978
16,786
75,750
13,618
139,828
153,767
88,839
109,138
86,849
135,638
65,272
196,308
179,345
84,208
24,636
12,379
90,628
176,869
159,550
22,513
130,365
64,873
184,317
66,837
186,299
144,774
96,796
155,26
7,476
33,488
163,282
147,359
146,76
105,594
112,11
166,991
130,316
26,75
27,772
77,285
168,766
14,702
122,319
8,340
45,897
39,366
113,895
34,367
151,78
190,246
5,783
3,17
190,852
54,674
184,478
86,181
180,589
155,298
197,907
83,341
135,152
116,332
59,150
197,438
198,162
58,758
163,470
184,809
17,188
119,740
82,122
155,755
150,637
175,974
61,442
157,368
130,709
74,103
109,800
54,325
148,423
123,850
150,383
104,77
89,82
12,624
4,69
10,151
36,790
144,264
143,452
158,246
7,943
124,283
138,219
123,685
200,465
99,562
30,33
62,192
72,490
24,463
57,915
82,412
84,549
108,852
9,531
185,908
142,188
38,219
86,901
30,417
127,52
152,885
42,367
166,983
113,455
59,313
128,327
136,615
24,408
32,751
155,505
42,203
165,511
21,521
57,809
53,323
48,539
6,584
137,481
107,604
32,450
67,616
115,994
3,396
95,180
113,615
112,108
40,258
163,770
169,173
38,733
3,203
183,617
36,947
24,58
26,687
97,90
80,514
193,933
22,900
32,484
103,915
145,265
81,682
43,507
103,679
52,15
157,432
96,41
10,947
78,788
9,110
22,446
76,360
135,972
25,820
116,647
187,635
116,847
199,533
34,132
151,280
182,126
71,20
109,88
40,736
176,209
162,85
70,725
39,265
23,874
182,242
6,960
62,529
149,490
114,232
28,166
99,357
7,58
116,968
178,337
76,43
107,739
59,111
33,813
40,336
89,643
86,979
25,126
148,476
44,425
55,102
113,684
45,713
114,968
36,15
100,880
94,657
90,846
31,936
187,639
76,595
127,215
130,419
50,435
37,723
14,163
111,97
52,838
143,888
103,488
168,975
179,150
83,186
169,560
49,115
188,568
114,855
195,711
9,874
183,294
96,59
182,201
128,720
75,793
14,234
200,260
123,388
57,199
191,309
117,845
90,721
153,676
77,979
181,612
54,213
57,69
112,618
105,376
7,799
59,573
45,677
5,325
40,509
15,10
172,45
139,408
119,414
179,317
61,916
106,637
181,745
71,746
189,687
192,530
196,792
136,190
81,582
89,124
146,110
176,80
4,414
138,896
168,586
185,128
30,43
174,338
147,844
64,49
121,522
60,714
7,112
104,180
153,524
133,336
191,467
123,282
78,550
186,219
5,865
188,474
91,705
92,544
179,318
170,515
200,350
145,989
48,747
56,123
62,566
120,19
67,651
47,382
32,767
84,551
126,37
183,616
114,534
114,135
174,159
55,334
130,581
32,297
176,47
159,166
186,644
105,874
89,81
20,723
158,142
7,318
93,222
24,352
184,943
119,657
196,31
49,966
197,239
149,711
5,55
69,412
185,263
87,443
200,958
123,566
160,787
127,362
75,406
77,12
56,957
169,24
63,985
119,988
182,180
113,423
98,223
149,461
88,629
150,551
79,251
47,703
165,64
107,568
148,295
116,610
11,544
176,299
3,972
81,549
167,493
119,213
117,319
171,649
86,802
160,119
45,34
169,882
38,92
1,598
31,285
155,74
104,732
166,793
139,790
128,330
161,765
114,271
188,736
150,171
39,135
11,8
165,559
68,265
25,392
144,712
110,277
96,849
119,906
67,672
98,907
108,485
42,858
146,67
193,330
93,287
131,489
35,742
136,623
46,838
76,683
110,495
58,744
116,362
192,778
105,467
153,774
144,280
127,982
179,340
7,514
133,138
69,387
48,113
112,342
162,483
9,53
162,550
54,100
17,562
191,235
47,486
44,191
62,926
18,726
121,343
88,779
165,722
29,232
73,568
44,508
103,952
198,726
114,677
112,879
148,655
150,980
77,932
24,787
123,9
123,862
14,614
110,962
56,608
116,425
72,9
126,513
35,691
146,995
152,866
62,402
103,475
17,243
164,319
11,637
95,46
37,426
72,965
176,79
198,554
114,846
48,834
57,547
153,391
179,586
110,686
135,419
19,354
154,881
44,989
8,424
186,317
44,200
41,813
31,571
14,565
29,663
186,119
103,435
138,989
8,629
112,663
80,846
174,534
104,11
191,939
62,769
158,689
56,155
39,199
78,586
200,463
181,172
116,902
147,14
131,795
184,256
65,695
125,43
136,9
73,813
47,626
139,392
12,187
9,858
64,873
67,774
154,256
75,188
64,751
185,217
12,330
192,394
129,749
37,127
163,730
32,60
47,212
17,39
61,698
140,922
2,513
166,956
100,618
18,624
51,433
73,599
32,234
194,198
192,390
78,49
177,133
42,62
130,161
88,497
157,90
12,49
165,167
108,179
186,241
23,996
33,408
127,807
179,885
84,655
61,414
36,316
136,701
113,514
69,521
94,406
32,992
41,573
114,906
76,598
156,92
121,884
101,905
12,447
111,195
82,801
91,265
45,26
197,104
30,485
171,210
140,610
156,129
24,286
107,887
32,89
150,127
148,809
131,208
147,120
56,970
76,172
169,881
59,121
84,218
10,440
26,3
136,275
161,764
52,794
41,251
191,871
170,114
172,161
14,81
78,924
136,478
197,234
90,298
73,847
99,146
96,1000
158,461
171,287
5,124
178,323
27,504
163,128
76,713
55,368
102,154
129,168
89,883
18,372
71,20
144,247
88,444
56,45
191,124
73,646
164,358
27,414
68,627
138,684
125,426
117,273
111,524
71,466
168,614
158,52
104,880
198,854
34,383
184,799
19,299
93,616
56,758
8,640
20,522
73,960
174,955
137,528
41,264
39,68
19,757
6,505
9,137
139,979
134,241
107,126
187,596
82,398
51,231
179,385
69,335
162,269
159,802
81,922
5,816
145,138
75,210
26,316
199,763
138,83
141,446
67,341
161,657
174,89
170,405
48,384
17,30
68,66
41,152
120,486
80,98
78,850
73,2
43,169
30,868
27,697
16,902
131,111
31,124
150,138
177,118
93,153
9,4
4,603
30,754
145,444
89,779
109,728
131,329
68,837
98,751
136,204
79,283
121,527
189,615
121,125
47,907
123,885
113,658
102,479
47,489
17,725
9,642
109,461
132,516
88,204
114,424
140,193
194,410
199,77
100,539
130,319
104,871
40,188
12,485
165,419
152,212
185,962
121,475
67,327
76,766
38,754
7,607
148,883
170,927
122,182
57,681
107,760
81,514
116,556
71,410
120,547
104,739
152,105
63,268
9,556
162,855
41,150
78,100
7,589
5,141
22,80
60,926
112,891
185,847
195,694
10,60
87,721
116,520
133,241
184,822
173,919
143,859
96,39
40,452
78,677
2,586
175,307
4,555
125,159
15,317
126,769
100,735
163,370
147,19
143,576
192,872
142,184
90,57
111,416
12,789
154,439
73,413
128,556
177,155
103,520
16,209
179,882
127,775
188,872
152,285
26,833
114,912
195,265
85,374
55,579
53,706
65,375
129,592
24,290
59,223
120,284
18,900
95,658
115,155
136,110
45,145
105,270
118,535
114,316
136,925
113,386
49,886
38,905
196,768
157,267
200,974
38,866
188,855
71,502
78,819
158,248
183,550
144,160
119,988
148,439
50,69
1,114
41,231
74,218
196,376
79,189
66,914
160,359
89,640
39,414
182,661
151,886
78,427
152,270
108,560
64,229
150,512
189,114
51,932
27,65
107,622
25,256
87,572
142,88
111,421
89,639
139,92
130,302
117,929
10,504
19,49
199,529
95,323
92,860
67,61
178,688
119,279
49,886
197,982
75,549
109,472
157,72
143,206
159,406
64,790
168,833
190,259
17,876
103,154
115,712
98,189
40,397
128,864
189,594
158,73
28,654
102,850
107,89
130,683
147,954
139,241
176,95
24,451
164,281
28,25
169,939
164,315
51,202
200,588
34,419
7,517
105,184
40,427
169,507
139,539
123,9
145,25
32,729
178,39
142,84
100,793
167,254
200,440
9,866
6,375
45,784
77,647
173,587
51,570
51,369
13,635
1,213
129,175
24,910
93,878
136,754
109,174
172,344
27,62
31,940
59,172
25,910
174,916
185,940
91,332
122,825
161,977
51,133
122,616
12,712
162,483
14,784
116,98
72,809
85,744
163,946
136,789
35,182
54,220
121,43
54,941
152,28
154,373
16,724
139,3
175,500
27,876
175,12
31,846
91,623
85,329
158,102
149,564
197,913
84,580
121,60
183,827
55,480
41,126
167,660
185,280
3,532
36,830
157,367
169,616
73,992
108,14
100,777
73,941
30,597
190,757
62,902
57,936
198,971
115,764
86,343
42,65
93,382
15,831
167,996
44,451
116,115
49,400
157,657
172,491
17,586
130,279
156,327
19,217
70,96
57,33
112,221
56,414
198,864
139,516
52,654
160,202
152,705
98,683
60,785
3,785
66,272
178,385
17,380
96,642
97,221
128,745
15,172
118,512
11,164
84,256
129,940
25,883
90,164
137,800
146,469
109,108
133,284
122,906
193,300
97,83
187,883
45,449
86,8
87,29
162,207
108,968
15,814
156,196
100,874
30,176
49,43
20,898
125,433
93,33
32,902
46,542
163,50
163,471
176,718
117,165
24,160
22,148
33,481
112,281
39,352
21,180
80,151
110,453
184,252
146,21
175,260
29,221
166,121
46,139
178,288
102,98
121,295
185,414
187,627
186,706
110,488
24,836
108,16
53,711
85,438
150,425
104,88
186,346
75,408
34,169
133,547
87,706
32,315
199,848
25,976
43,622
191,160
119,828
94,390
96,454
26,840
21,636
156,804
91,552
118,684
152,49
21,209
51,647
90,654
15,411
121,516
179,407
71,702
171,797
197,191
50,799
90,632
19,207
184,371
104,453
142,485
125,74
78,132
120,615
125,227
13,490
17,327
122,278
33,431
154,696
100,618
51,267
77,358
169,207
100,749
22,890
8,323
21,199
140,85
8,105
86,737
89,904
29,393
61,319
20,646
86,353
85,123
33,205
198,296
43,825
47,824
148,811
179,432
71,168
139,613
43,121
108,341
18,871
110,23
88,6
116,839
67,91
184,371
2,473
46,231
134,671
168,605
87,937
75,170
140,453
84,767
129,144
146,755
64,755
5,857
176,829
178,296
178,154
197,660
9,510
181,82
4,253
32,951
70,158
32,943
9,393
89,227
199,639
9,237
153,80
84,1000
154,337
159,416
14,655
62,782
138,290
74,360
126,677
10,893
182,321
81,542
170,633
190,647
63,767
91,77
111,474
88,20
13,293
91,932
105,912
22,389
97,285
143,472
55,700
69,759
56,139
172,816
76,618
47,734
64,980
139,531
169,754
154,170
92,15
191,20
179,11
3,310
105,219
105,706
120,81
176,280
87,879
167,835
127,521
162,593
102,234
41,860
13,437
118,491
25,370
6,281
200,79
107,730
35,406
156,131
43,166
183,327
84,193
157,528
58,892
17,691
90,9
11,481
195,645
121,722
178,748
99,219
26,167
7,261
47,390
43,862
136,358
117,243
115,326
101,525
179,277
105,623
104,140
92,86
183,191
17,534
165,925
15,150
75,2
81,672
176,79
109,927
41,697
73,902
62,843
38,473
194,103
153,380
156,201
33,561
32,587
7,937
198,989
70,401
106,710
14,920
40,766
188,519
182,674
121,595
6,150
59,126
67,587
153,901
95,99
181,473
122,366
178,397
96,485
184,30
33,245
22,407
41,554
57,691
48,638
137,673
59,110
179,179
63,346
199,565
175,918
92,140
197,779
13,885
139,679
18,71
152,473
158,487
87,24
126,785
82,564
199,20
130,377
155,702
153,496
61,376
144,534
171,143
181,285
164,302
166,111
112,491
191,136
152,658
129,705
18,233
187,768
159,276
10,938
86,233
91,951
119,186
33,331
115,818
74,935
37,205
101,456
94,822
200,708
184,978
130,896
169,21
91,328
44,37
167,699
66,756
182,815
25,832
149,806
117,1000
149,782
128,325
120,429
4,991
29,77
168,10
129,375
39,936
140,71
147,753
74,395
163,324
154,316
2,982
37,752
17,808
186,389
19,283
161,242
183,483
6,962
148,102
47,380
99,608
167,377
38,876
81,640
110,219
173,81
127,423
30,808
102,505
80,937
23,768
68,532
60,102
86,472
130,87
184,367
188,992
36,427
16,850
102,320
65,624
9,48
58,810
141,628
29,43
116,640
74,267
97,458
158,911
94,712
157,447
21,312
126,946
162,479
139,887
23,676
77,868
111,791
188,591
168,2
40,255
64,10
89,172
21,495
145,794
94,650
140,213
185,158
36,12
120,655
124,820
116,750
74,779
132,677
33,74
174,138
96,506
190,36
41,396
91,573
6,673
176,107
117,318
170,568
105,213
133,925
113,538
87,895
49,616
139,643
12,405
119,989
147,137
65,771
139,120
156,430
106,545
79,735
40,613
38,246
145,786
20,840
45,175
49,337
104,220
15,637
121,367
171,981
93,612
125,608
8,403
54,521
191,44
187,413
192,77
115,236
53,872
147,96
30,836
147,528
171,757
51,231
46,311
186,659
134,731
167,149
58,446
193,566
134,807
53,71
38,521
130,184
171,745
174,598
135,251
176,145
4,276
67,897
9,529
53,873
77,314
125,295
66,545
112,552
157,668
109,567
58,988
155,945
44,587
37,400
179,909
126,124
182,198
191,268
130,568
27,807
187,318
200,865
134,727
199,304
71,180
55,271
176,171
38,950
191,221
137,605
52,425
124,63
1,200
107,585
6,259
184,174
98,58
85,39
94,481
43,338
22,809
105,514
71,265
198,465
169,256
20,961
65,902
108,888
143,901
43,790
90,512
200,700
14,440
83,430
63,179
8,26
56,465
76,916
91,147
200,63
176,640
163,840
26,785
72,504
152,795
13,569
21,354
131,779
162,617
198,222
145,144
174,33
154,174
42,763
185,471
21,451
44,312
66,157
35,244
33,677
188,250
95,849
162,638
44,459
147,68
99,37
14,354
55,196
15,759
5,372
88,851
169,409
60,690
15,186
49,542
197,842
180,778
82,676
9,601
150,138
148,866
2,73
1,720
86,598
112,704
169,781
194,907
117,549
144,51
111,148
81,895
45,583
23,520
114,714
113,216
68,163
37,822
13,222
123,506
197,38
64,151
147,367
23,488
3,731
122,684
106,453
182,974
118,360
147,377
128,476
1,320
135,683
62,930
44,97
94,648
109,196
36,928
183,256
114,250
172,629
17,180
186,882
104,917
112,154
100,651
153,41
124,907
44,385
200,195
30,992
16,654
109,514
32,673
83,764
80,851
65,683
74,674
199,287
189,985
69,680
90,675
37,935
168,641
199,762
168,763
50,452
161,440
79,937
101,569
59,110
144,606
127,122
37,358
28,403
96,822
109,357
59,310
192,258
68,881
12,597
39,805
54,12
31,794
59,910
43,721
171,731
126,967
4,514
187,595
185,650
56,38
186,47
115,83
74,152
76,314
199,932
169,468
101,101
118,896
120,23
185,263
82,546
108,379
160,651
190,182
66,647
65,879
99,56
37,413
8,603
196,881
53,8
70,540
43,90
50,209
65,486
2,557
73,916
123,285
144,779
63,311
146,117
131,569
121,262
186,460
71,800
119,273
148,177
112,716
116,114
165,997
63,184
160,50
135,591
186,560
186,267
31,860
93,489
20,744
132,819
57,315
44,313
23,71
12,804
199,383
141,544
139,549
46,883
131,861
142,804
122,145
67,576
5,845
105,912
171,914
89,830
101,678
105,500
105,563
75,701
7,583
57,555
4,75
174,749
47,444
105,16
192,114
188,518
55,269
78,61
158,936
52,166
91,72
73,373
167,727
8,138
15,615
8,689
94,289
47,260
61,117
4,469
16,979
27,270
187,114
34,667
115,519
7,765
147,868
123,166
132,103
9,623
14,795
100,949
47,3
64,897
41,489
55,52
112,246
65,793
71,250
110,784
39,582
150,44
49,760
150,303
139,120
25,675
22,162
148,493
109,260
2,840
120,133
12,668
87,112
85,548
95,235
55,870
17,900
174,326
74,814
23,581
65,954
74,419
141,771
140,817
22,202
10,106
3,47
135,230
14,542
108,555
154,684
145,57
61,419
53,653
118,29
56,773
176,789
106,801
24,441
40,146
59,347
148,252
111,818
101,160
147,213
147,939
157,978
172,641
141,506
69,897
3,652
137,21
33,826
182,897
194,802
12,521
85,997
167,181
96,303
81,872
109,858
136,301
118,609
154,892
25,761
124,167
119,914
183,529
181,28
46,798
175,805
117,825
43,259
20,800
150,538
178,467
95,387
37,796
40,927
87,447
122,850
63,314
36,83
70,160
99,489
128,292
181,539
170,450
27,894
195,75
170,27
81,492
113,246
5,743
129,657
94,562
43,275
58,47
81,376
175,977
129,975
21,530
101,198
130,133
96,289
52,405
91,958
146,492
95,115
2,489
95,397
35,406
157,174
34,397
144,858
80,159
7,609
37,181
166,92
59,439
15,346
122,685
157,466
157,701
42,491
13,135
60,508
162,137
160,336
51,269
56,798
179,165
37,755
7,266
120,945
105,226
157,282
72,382
117,153
144,163
100,933
30,994
130,421
122,599
104,506
160,175
126,133
89,584
145,874
130,291
155,565
98,4
21,512
122,359
168,774
182,845
94,446
39,167
189,127
180,457
19,304
109,509
68,668
31,553
139,24
81,31
88,544
51,947
139,616
31,283
104,163
25,671
131,990
159,295
26,491
146,358
128,380
135,92
164,106
141,407
57,440
155,676
6,470
102,420
165,581
157,204
171,446
29,792
118,749
52,151
190,651
121,104
78,366
139,806
182,217
146,833
22,554
170,837
119,238
39,826
84,74
69,329
73,428
5,440
171,49
120,801
111,272
165,625
7,227
180,943
121,581
19,530
156,320
78,615
158,508
10,470
7,317
197,346
182,283
144,811
45,126
61,335
171,290
176,971
149,976
122,800
182,364
145,725
149,843
49,382
51,513
79,577
108,777
22,179
198,654
179,759
88,336
88,677
156,871
46,191
19,714
78,409
51,658
194,724
34,835
138,481
140,712
32,950
20,434
34,332
163,886
155,887
139,664
60,667
196,832
148,106
56,357
15,517
63,161
165,205
38,234
173,337
152,81
187,421
163,396
169,899
27,57
120,973
74,393
75,771
65,217
158,806
160,796
36,11
110,125
18,58
69,974
194,679
178,565
104,330
127,549
46,635
176,322
117,545
125,491
86,335
2,468
27,528
20,693
4,183
96,350
166,734
11,556
77,776
59,168
51,298
70,593
120,802
41,503
90,660
95,334
111,464
173,728
16,496
16,601
22,730
165,427
20,494
11,951
137,830
191,284
112,31
156,304
199,356
102,498
94,570
6,821
166,596
192,320
140,224
176,24
17,207
52,613
87,907
147,43
120,694
87,304
179,745
22,75
144,793
49,158
73,118
6,952
182,135
195,280
109,301
3,388
58,299
157,537
163,652
155,53
167,257
17,623
11,739
36,371
24,103
146,13
37,303
72,847
21,194
101,723
21,432
120,141
111,537
168,939
123,482
47,891
1,771
169,508
184,758
144,813
64,648
33,298
139,224
91,419
30,103
100,742
177,643
32,461
57,239
166,526
120,963
177,93
145,124
133,968
197,246
130,478
141,249
49,176
112,523
122,738
105,822
55,462
120,246
15,408
9,755
50,406
179,122
124,923
145,136
133,432
3,874
175,926
79,457
120,913
61,934
34,497
182,360
47,537
162,746
133,159
198,11
152,354
14,636
120,975
79,859
152,941
157,714
2,339
130,44
146,572
161,481
16,652
119,793
197,915
153,941
18,903
154,783
24,782
161,366
192,540
142,223
66,367
47,267
81,284
105,477
177,499
87,890
39,95
4,544
47,813
27,604
27,926
73,220
174,560
165,20
45,26
137,631
197,424
124,812
30,839
159,99
198,750
152,781
28,418
13,923
152,119
35,398
143,589
113,812
87,247
149,751
173,333
56,135
44,980
124,26
187,564
111,846
89,519
44,479
21,741
54,732
61,993
106,494
111,833
150,374
32,606
78,633
32,996
147,840
145,640
108,712
76,654
134,996
32,800
157,121
163,810
82,618
127,510
132,83
186,259
102,382
193,953
143,632
118,781
54,467
92,829
12,470
6,857
2,494
181,535
45,533
30,604
187,510
86,616
150,134
163,195
187,14
65,423
88,914
191,910
137,518
111,223
148,254
24,186
79,554
115,679
7,734
160,992
121,756
47,963
9,787
103,852
135,547
191,949
17,687
76,475
154,883
130,297
200,194
28,670
46,800
102,972
75,493
64,571
173,838
112,980
134,526
2,575
27,129
105,765
173,92
133,835
172,4
118,579
10,881
12,452
114,974
77,531
90,109
167,33
20,464
174,922
83,110
112,877
117,393
169,562
64,301
197,132
98,960
158,742
184,3
63,374
147,87
20,55
24,971
72,979
23,330
44,8
58,524
130,153
146,959
41,421
85,454
31,945
103,917
38,80
55,12
67,777
193,293
15,291
132,567
164,451
75,402
153,443
26,800
2,665
83,605
159,68
45,250
126,422
121,487
35,511
184,34
84,465
133,752
112,355
88,847
178,824
40,5
84,276
143,223
118,826
200,888
80,410
156,735
174,45
109,775
78,510
199,424
65,62
96,632
1,796
164,707
74,271
4,719
142,830
64,194
189,754
100,599
38,77
86,860
174,141
105,42
167,411
77,316
172,103
109,143
48,12
50,268
97,552
164,291
59,849
134,947
172,870
152,347
65,510
115,740
20,661
99,999
199,34
68,540
8,377
120,867
61,336
140,513
68,272
89,272
143,127
33,320
104,97
172,832
84,471
12,600
137,135
122,135
146,8
135,582
44,603
8,217
31,773
141,550
28,193
93,374
197,782
139,668
25,21
176,693
58,787
146,57
148,549
136,4
184,237
44,805
164,368
76,979
43,517
110,780
191,307
164,699
68,262
157,821
76,903
124,797
104,677
172,659
111,672
23,914
76,187
85,544
85,497
157,910
62,311
118,55
148,456
90,95
37,262
19,661
114,811
194,622
80,182
74,341
11,603
36,48
62,63
23,866
160,359
44,810
36,553
88,1
188,710
38,804
77,470
26,372
43,507
97,251
182,396
98,964
135,838
124,26
150,566
150,12
74,364
11,554
51,832
159,974
65,847
121,185
14,475
108,589
94,919
52,826
103,556
158,155
48,170
136,585
176,520
120,536
50,804
47,862
99,593
123,46
57,804
104,478
92,660
129,537
17,218
94,177
141,692
90,635
8,947
124,428
92,612
195,953
92,325
145,59
15,607
91,220
149,726
131,301
165,617
123,9
76,983
122,941
16,733
57,738
73,3
86,138
176,997
149,809
69,71
149,114
73,954
86,961
138,826
159,179
160,464
8,659
138,866
44,659
181,34
105,801
144,36
133,991
104,791
55,401
110,162
183,662
32,237
181,979
28,236
11,468
20,766
105,610
92,167
19,362
102,703
7,914
90,391
149,548
121,236
85,682
36,420
145,64
145,896
11,72
78,517
159,650
125,892
93,304
129,285
22,112
151,586
74,834
196,502
86,811
112,924
59,728
61,528
114,603
59,841
56,188
58,356
104,631
149,884
25,750
194,54
117,108
10,509
39,644
105,259
96,388
48,610
43,775
25,141
36,84
15,403
159,304
53,474
157,931
197,785
98,144
113,54
65,420
70,911
134,501
133,828
36,471
168,525
115,237
83,847
139,697
108,978
92,716
142,952
47,215
178,386
49,839
9,946
107,134
116,466
117,879
162,857
131,614
47,562
51,576
139,101
40,609
138,892
81,397
36,246
26,750
21,385
96,900
111,859
153,377
15,131
34,844
105,499
145,413
161,668
151,583
18,461
146,74
200,395
188,269
104,617
75,551
125,875
25,90
46,332
103,822
115,242
166,558
97,133
118,497
77,195
90,864
117,445
88,631
57,582
173,649
106,156
21,883
132,232
88,618
37,758
68,593
20,389
176,108
99,93
180,191
102,426
134,89
133,133
58,625
45,931
66,363
119,416
77,793
150,171
165,665
162,936
47,622
45,44
99,454
160,843
194,806
64,882
140,377
128,202
93,769
155,669
193,306
9,326
57,577
142,673
178,438
198,339
92,346
31,887
4,973
101,98
19,444
61,576
147,294
175,276
149,816
193,316
30,252
167,2
46,295
155,935
53,473
178,140
198,435
26,191
165,571
184,682
135,143
42,495
83,218
43,725
171,875
106,724
42,404
17,923
48,33
84,446
149,49
188,750
114,408
77,475
100,960
170,982
116,137
162,954
41,313
89,306
134,320
102,436
50,23
139,313
129,230
10,689
179,94
51,151
21,276
38,685
49,243
68,821
87,687
63,714
125,813
94,14
39,736
26,870
160,1
61,152
68,917
65,99
61,236
38,814
162,184
68,772
179,336
121,495
143,218
55,938
125,607
64,490
1,547
102,203
132,760
37,600
139,559
90,963
35,921
73,663
147,908
102,853
117,946
188,182
23,84
25,208
45,2
141,108
83,259
40,411
149,774
91,21
4,855
19,820
160,707
111,527
78,885
110,554
123,239
114,770
86,440
23,429
143,771
32,317
180,200
184,649
119,670
90,259
195,475
71,6
32,726
79,50
96,664
175,138
87,270
57,159
101,239
94,869
14,901
193,627
45,442
53,413
152,61
62,959
98,561
13,815
117,489
193,771
99,242
7,783
179,232
46,506
31,538
181,259
55,557
186,249
39,467
89,710
3,701
114,666
11,563
106,17
75,293
43,638
119,413
2,989
55,261
109,104
170,75
128,808
63,557
103,210
184,742
90,931
87,667
108,915
52,98
91,325
162,628
49,28
77,80
200,534
99,93
199,29
124,934
168,975
165,793
98,474
46,521
16,628
166,886
86,51
72,819
143,773
59,463
18,72
174,150
152,34
181,876
97,243
32,273
165,471
145,70
80,236
149,269
37,342
189,496
128,671
90,858
23,223
134,899
164,735
46,849
173,881
74,294
78,981
42,640
60,257
84,269
105,168
197,426
174,784
105,988
96,966
121,325
73,12
24,476
43,45
156,317
73,5
61,50
39,851
6,331
91,617
73,925
36,917
29,319
28,11
107,482
176,749
149,264
58,197
35,60
57,126
161,10
200,17
187,915
101,659
84,159
50,157
17,99
59,167
64,15
73,759
43,314
79,737
19,286
147,106
116,115
127,596
48,647
52,247
167,610
183,232
158,601
34,738
95,206
95,951
194,563
27,403
25,835
151,787
43,863
5,812
50,430
93,572
71,118
190,58
118,366
34,535
160,86
188,679
17,658
111,797
196,151
104,117
29,494
23,688
57,144
43,723
50,207
184,82
110,515
140,535
94,123
174,124
103,207
38,477
26,376
78,689
159,139
123,418
161,321
30,402
199,42
55,366
8,59
132,773
181,855
103,592
122,313
77,446
35,380
112,335
49,137
180,33
56,529
72,978
56,682
88,275
5,579
113,280
61,292
78,92
118,993
140,519
192,877
167,15
13,862
125,72
185,624
48,72
6,865
116,105
65,857
160,79
196,934
192,936
140,154
185,212
137,425
169,41
186,886
68,159
175,59
18,940
185,585
14,930
6,426
199,789
156,332
192,939
78,507
61,611
79,969
16,390
23,445
78,535
29,864
132,523
150,514
191,469
71,231
27,321
121,466
170,654
41,208
142,368
36,771
22,204
46,616
18,39
104,949
103,630
153,309
122,342
160,251
189,777
116,483
167,483
89,468
49,60
93,594
100,790
37,933
20,707
193,879
3,900
65,494
123,108
110,692
125,915
43,419
186,236
62,998
36,794
77,556
42,497
34,123
9,342
134,404
139,199
13,513
33,405
182,37
26,928
89,359
93,933
9,91
93,715
83,955
196,217
131,951
81,213
29,913
161,631
50,311
131,387
169,889
79,954
184,504
171,388
186,633
104,701
63,857
71,722
32,454
48,110
155,76
86,788
137,453
180,622
47,972
2,15
142,841
112,514
116,168
102,258
32,616
192,267
31,593
118,727
79,221
112,673
45,961
116,804
22,770
39,74
61,952
122,105
77,383
154,736
23,865
157,206
37,190
118,594
129,322
150,292
19,416
104,872
167,988
17,174
197,903
18,725
86,683
106,951
151,923
193,111
12,641
143,343
26,698
22,633
114,822
109,666
106,936
178,288
157,412
123,123
194,85
148,428
20,302
10,730
13,312
82,901
98,519
24,345
114,655
77,772
59,660
101,466
185,673
29,340
35,530
189,211
165,153
110,291
184,161
111,800
157,157
47,392
107,306
2,34
153,72
67,948
27,491
104,180
90,444
183,198
40,4
24,602
5,70
149,47
153,668
71,337
154,389
126,398
93,598
40,629
102,415
128,110
70,767
154,755
101,194
156,452
112,526
79,340
125,292
146,268
32,136
180,356
29,685
118,225
3,900
124,685
21,506
144,709
186,854
92,231
90,651
101,251
53,12
155,518
181,844
166,41
4,191
197,774
99,768
194,370
9,96
141,39
159,874
163,580
15,332
172,324
144,695
154,798
83,639
174,428
57,828
168,367
91,821
49,539
116,655
47,98
73,466
116,922
5,32
199,879
185,891
130,138
133,866
186,419
55,598
4,24
1,920
53,420
171,812
110,260
119,276
111,521
44,79
36,905
38,501
167,604
179,476
109,864
81,791
181,213
11,118
125,485
11,59
175,612
196,661
60,273
93,743
121,282
112,326
44,733
63,800
41,37
138,793
9,182
174,357
112,123
58,225
51,244
192,393
95,809
124,446
20,41
71,883
8,940
170,767
88,553
123,107
88,672
32,772
57,586
180,140
51,309
20,527
109,555
112,763
115,279
48,263
84,594
16,323
102,811
161,300
17,444
197,673
81,57
93,890
113,68
167,306
58,875
122,267
132,770
49,181
40,647
85,281
88,233
131,664
1,6
98,633
78,421
98,416
125,686
4,308
4,349
178,465
23,775
143,539
109,416
133,613
39,647
110,353
131,617
87,94
126,760
43,810
195,884
83,137
175,34
48,197
99,439
27,605
26,696
46,148
130,833
166,447
105,612
136,550
45,816
109,266
50,754
173,50
164,174
54,497
33,96
121,895
172,752
200,89
45,464
62,206
100,266
119,868
41,154
60,340
51,879
58,766
188,619
41,661
174,555
34,537
170,547
53,295
147,329
182,196
140,487
104,994
15,847
61,144
160,597
28,896
66,518
153,50
38,788
177,999
72,915
39,760
174,210
190,636
82,190
129,599
98,395
147,578
158,937
82,753
95,539
180,109
53,152
70,834
59,234
198,710
100,876
87,505
20,408
180,491
55,39
164,243
44,498
59,253
22,473
137,725
73,760
169,83
194,885
192,555
47,406
5,306
167,543
88,776
146,722
27,703
57,98
64,47
55,530
140,882
154,615
105,338
89,615
151,464
106,772
114,951
154,127
11,393
46,823
8,252
107,294
103,860
9,38
199,589
184,560
119,489
118,912
61,704
92,417
199,277
67,573
68,659
143,460
178,648
140,629
149,625
95,514
172,534
107,58
61,587
181,888
162,455
159,48
112,734
198,276
174,379
168,743
67,913
104,407
3,817
148,443
66,956
136,888
65,841
123,996
72,773
81,124
96,419
107,745
198,814
15,734
182,60
152,506
180,838
181,960
128,324
162,934
50,472
165,253
137,599
50,364
175,810
15,715
178,871
83,806
117,566
97,674
68,552
32,26
124,213
200,509
171,555
105,995
60,745
142,391
151,71
5,37
88,895
117,622
112,979
76,559
59,873
67,761
80,73
30,769
71,906
193,817
59,241
121,448
107,435
197,580
183,723
150,89
110,810
115,138
36,285
49,630
124,420
42,830
175,244
154,488
143,252
21,922
167,76
30,331
5,138
63,534
21,527
80,297
180,979
98,462
94,246
53,258
9,302
71,58
25,877
32,173
173,575
84,47
126,781
145,956
162,416
152,93
69,457
107,25
166,294
170,579
47,680
140,702
75,386
18,497
138,728
143,790
8,320
28,244
53,485
184,915
142,52
29,268
49,733
93,339
86,60
151,679
86,276
78,347
78,584
151,344
38,672
83,593
137,397
75,737
150,718
175,136
72,272
154,569
52,701
156,135
179,994
34,785
150,224
121,270
103,879
106,267
141,742
177,455
81,830
178,775
10,203
183,189
94,584
80,116
67,44
89,481
90,630
199,963
150,358
182,854
81,609
101,905
89,110
49,128
45,839
136,36
25,953
184,855
90,742
29,99
81,216
136,373
197,193
101,43
51,556
76,426
122,378
168,874
116,283
163,125
149,836
46,269
98,932
91,627
68,65
84,79
130,80
38,147
181,755
44,144
181,586
16,619
88,508
95,62
44,166
116,769
19,619
199,503
197,337
107,660
4,637
54,200
116,459
64,960
45,515
105,314
113,536
162,982
97,178
197,579
189,663
114,772
19,939
46,517
67,21
84,776
96,352
68,947
40,244
34,746
190,482
41,944
155,483
3,189
121,546
103,278
149,116
59,676
59,948
30,795
186,406
19,767
74,368
52,737
190,893
138,930
167,450
67,499
29,328
85,514
158,912
149,770
48,860
91,282
14,191
111,289
190,147
118,837
175,93
130,434
68,912
29,290
94,255
194,500
50,232
112,541
97,51
41,36
177,1000
65,1
190,829
33,360
18,243
70,991
89,477
179,596
97,920
72,557
132,522
120,109
159,622
27,631
67,113
25,32
191,94
193,273
82,15
111,85
103,829
183,670
20,340
12,511
48,975
182,584
27,913
156,430
16,658
107,944
28,277
75,622
75,717
132,139
38,14
40,992
121,472
94,259
69,747
27,838
9,593
148,246
88,537
93,158
34,462
72,892
31,862
104,258
124,71
145,750
153,181
21,140
183,528
18,648
173,543
173,980
86,512
24,395
59,868
20,44
57,20
25,42
194,218
50,668
145,997
168,789
152,500
1,225
85,780
27,930
96,375
125,631
87,239
177,815
104,270
189,155
18,748
54,696
125,632
17,113
187,825
81,399
149,620
116,949
22,369
9,895
144,954
199,265
9,457
105,430
159,478
156,732
28,945
123,544
58,449
79,406
172,812
80,965
63,515
187,765
171,828
1,222
108,647
119,660
37,197
16,41
120,628
28,346
65,386
169,822
4,421
168,7
25,349
74,981
174,525
41,461
41,187
3,17
111,702
159,480
180,856
129,792
125,807
129,289
137,886
145,650
178,614
14,782
15,674
171,545
188,412
65,440
123,366
47,563
10,470
82,291
47,887
8,991
27,721
80,177
149,789
106,584
150,542
140,352
119,651
151,719
56,553
175,825
58,277
32,236
143,121
57,632
29,294
7,376
71,362
111,560
25,164
185,809
84,635
164,270
13,126
195,557
156,679
174,723
130,22
96,217
132,695
186,517
37,894
151,497
35,215
106,84
31,942
141,337
117,858
173,506
125,606
83,97
41,680
76,979
23,496
173,631
174,896
142,804
68,224
56,674
152,575
46,104
166,791
10,309
182,854
29,589
43,848
44,288
186,371
4,730
175,964
196,850
185,868
101,261
69,188
62,814
163,317
32,429
142,464
9,174
129,103
19,402
125,343
162,691
189,37
33,151
4,780
153,710
188,635
46,264
101,54
119,851
107,186
110,211
40,461
65,581
36,756
89,386
31,173
138,331
61,600
63,211
30,104
63,178
13,42
144,134
11,915
188,734
195,989
95,561
27,30
173,685
114,385
153,240
139,89
175,255
98,60
166,131
155,105
159,434
30,435
26,541
83,480
100,159
78,508
39,721
179,486
178,338
171,990
141,708
21,906
156,803
10,532
178,89
85,795
76,530
88,805
13,661
8,1000
54,77
13,569
41,450
191,458
63,114
100,294
5,598
128,336
95,844
97,219
77,903
6,18
5,204
73,17
153,273
131,961
130,309
79,750
137,607
167,777
68,654
113,232
21,582
121,529
131,847
118,567
83,215
51,578
89,443
134,189
59,459
20,77
171,810
182,492
96,885
177,489
101,225
166,605
93,216
171,155
188,89
27,322
188,655
185,96
55,36
193,148
123,312
188,435
101,310
155,585
142,591
84,629
174,328
108,156
132,468
96,66
68,239
72,153
132,750
111,748
107,853
17,626
40,719
193,794
191,116
3,805
45,825
159,747
150,778
81,504
35,152
157,197
84,340
52,948
52,723
107,691
4,668
169,343
57,407
161,880
155,935
181,525
90,968
128,838
12,904
73,250
2,665
35,919
164,772
54,802
144,367
77,327
17,313
134,68
141,840
28,296
117,935
187,583
35,690
34,124
109,810
1,954
161,800
9,580
12,732
181,54
15,942
189,218
120,511
64,723
6,564
114,69
21,279
18,921
47,369
168,243
193,550
54,596
173,505
72,437
187,592
94,612
111,130
64,507
83,369
136,920
36,169
10,283
49,314
62,385
68,564
58,19
169,156
76,249
156,41
148,682
56,17
95,777
166,946
37,868
179,452
57,272
115,630
25,513
147,29
45,133
75,745
200,870
144,299
148,953
59,499
8,470
177,817
128,284
69,142
171,962
8,560
71,278
75,276
9,676
51,467
22,58
179,772
57,789
128,584
167,348
161,930
117,850
22,676
197,170
139,158
18,483
53,778
93,193
68,885
192,905
94,847
136,870
21,70
99,425
193,939
86,832
117,634
45,497
13,545
31,32
98,311
60,582
81,629
86,107
34,733
59,421
111,830
178,170
59,498
70,58
65,35
190,412
147,664
79,332
122,349
163,466
19,885
92,663
137,668
119,981
199,478
5,815
196,653
176,39
97,598
53,353
26,472
66,756
26,184
104,995
140,252
18,521
161,1000
48,833
37,245
174,610
145,348
32,811
44,730
137,707
56,792
91,787
53,85
143,322
88,511
113,999
94,74
195,754
85,299
115,211
129,818
168,677
33,264
196,920
144,278
54,368
135,682
9,509
37,1000
59,800
199,784
21,666
127,355
3,260
11,819
172,111
173,883
166,149
133,51
159,308
124,600
57,697
163,264
38,797
2,359
17,663
126,463
136,882
81,889
46,394
52,475
62,63
37,228
86,350
50,195
127,138
50,84
82,512
12,190
153,520
66,86
83,792
2,585
26,763
35,420
25,123
64,210
126,239
149,627
37,2
27,448
5,108
66,779
6,305
58,56
67,261
90,866
176,931
115,386
172,921
35,209
186,714
34,210
41,398
180,760
8,620
17,454
62,117
15,772
135,49
151,291
95,63
34,384
69,575
43,811
145,878
167,820
121,663
75,448
162,92
96,328
165,713
60,454
80,915
31,61
60,9
31,744
166,677
181,99
170,224
82,758
150,619
189,806
39,807
37,480
163,68
96,622
89,500
181,402
156,427
52,781
190,339
73,675
172,8
58,413
48,304
10,549
156,434
182,791
41,235
6,192
118,797
23,953
181,281
63,110
9,39
131,139
39,283
91,27
45,733
87,884
156,96
47,594
133,488
183,973
56,544
70,301
88,82
70,616
194,905
64,108
139,519
87,437
23,395
185,788
154,680
123,780
26,698
161,181
79,267
74,239
58,573
35,528
85,289
94,561
45,675
103,190
119,77
87,559
144,159
175,620
176,417
30,778
24,534
89,25
48,114
120,883
127,61
180,812
196,232
14,357
69,258
200,360
168,578
74,17
103,295
96,127
36,334
142,108
161,308
73,348
67,151
46,51
64,292
6,852
186,312
1,127
17,644
56,779
80,618
157,500
101,162
36,264
90,886
183,392
142,767
126,525
187,882
178,873
26,673
177,26
82,291
7,918
73,450
129,596
79,643
50,599
46,513
49,882
156,136
129,337
168,952
58,538
122,899
2,223
127,323
4,897
171,882
117,493
165,169
126,939
150,594
4,857
144,514
170,100
4,586
28,119
113,871
104,132
176,395
165,247
185,488
131,636
47,656
3,41
25,692
4,862
155,95
149,316
5,595
199,196
197,900
188,741
106,794
129,335
29,246
72,620
138,167
127,206
70,609
34,645
147,693
80,267
107,820
169,271
176,212
187,607
153,279
73,890
158,736
184,618
170,486
135,35
74,560
18,871
3,617
13,948
89,855
109,353
77,388
60,426
66,88
155,634
191,419
105,652
76,922
96,373
165,283
185,230
108,977
163,871
200,498
29,51
128,492
3,127
123,459
16,82
131,102
187,188
58,274
176,309
173,427
98,342
144,592
18,184
52,662
140,487
22,606
117,192
117,407
156,476
103,484
196,533
200,288
29,681
40,817
64,116
87,385
28,70
158,983
177,231
57,287
137,314
103,228
197,461
15,944
173,42
70,708
68,721
106,278
196,822
194,856
186,98
149,545
170,714
4,542
19,899
93,981
99,880
80,243
152,732
44,100
27,602
48,105
53,228
16,632
29,959
197,625
178,54
99,501
114,263
97,513
183,967
14,208
156,1
122,656
90,419
32,94
57,528
169,926
180,643
148,43
171,803
171,314
189,938
16,420
38,427
125,937
78,782
151,81
114,286
178,852
93,330
74,423
132,82
87,614
84,452
102,636
106,912
42,362
132,386
108,697
97,199
189,35
65,748
149,443
176,959
99,740
25,545
163,937
15,234
39,947
8,835
91,220
187,50
99,932
79,579
9,514
88,518
180,753
118,588
67,920
24,771
77,521
11,31
133,221
8,150
186,654
70,957
142,709
137,779
118,431
76,863
99,96
22,236
42,998
147,530
142,217
53,225
110,904
32,418
114,766
151,61
6,902
122,971
161,764
17,945
21,756
123,454
182,348
131,28
41,837
185,108
138,901
135,786
52,279
46,680
146,35
55,546
4,418
149,829
95,815
24,206
24,948
156,706
29,935
23,504
103,616
58,110
30,35
58,112
163,15
5,173
100,486
153,582
52,323
178,475
9,114
172,690
115,445
179,214
21,945
174,597
122,975
106,74
51,536
101,831
170,585
16,831
190,388
6,120
128,825
199,311
42,620
11,971
186,853
100,133
150,548
24,261
83,96
11,326
150,388
33,355
69,679
78,926
149,31
141,654
124,571
12,73
82,515
131,269
141,24
27,259
14,519
7,606
152,789
18,141
172,338
4,232
120,341
77,341
15,380
141,46
172,574
15,110
86,379
171,321
88,652
23,257
159,49
163,203
66,503
145,847
75,487
117,386
72,414
57,507
123,900
38,140
127,912
73,327
199,793
22,668
120,464
101,247
11,993
74,621
61,66
87,200
30,88
65,107
35,663
63,921
61,113
121,700
55,547
163,223
102,642
76,877
33,644
131,815
84,998
83,804
21,325
58,671
185,58
194,436
50,199
185,488
128,245
27,563
3,901
147,202
173,207
187,157
138,84
161,229
130,699
78,29
56,575
55,919
196,435
79,165
91,676
17,93
115,643
155,12
189,538
174,817
118,981
84,971
126,473
127,654
119,307
79,396
44,666
2,394
1,663
151,47
21,4
15,838
159,605
91,557
197,380
2,589
23,725
28,334
171,207
39,723
37,491
99,664
170,669
11,214
79,562
70,463
192,544
196,749
130,49
4,269
118,180
172,732
66,947
95,492
19,180
162,408
127,479
44,541
2,456
188,932
44,54
13,846
154,56
17,356
72,444
97,728
142,38
125,775
154,465
140,269
46,645
93,324
54,834
149,708
102,90
22,413
200,563
73,862
113,943
181,524
11,318
2,363
122,186
74,800
199,652
87,536
151,512
78,763
25,612
102,645
69,341
51,483
82,500
52,618
66,140
97,389
18,41
154,622
93,990
138,810
57,699
62,6
94,696
61,604
141,91
169,718
149,946
51,462
32,491
91,638
184,590
189,985
40,877
174,502
17,745
20,925
78,461
199,821
197,604
50,297
79,162
180,216
101,756
106,821
93,728
189,838
170,598
80,166
57,869
35,248
99,68
167,691
115,841
192,527
159,799
97,871
193,653
23,257
21,608
71,291
112,805
111,296
79,340
51,656
117,26
167,498
95,172
35,114
137,360
11,589
57,774
48,21
98,342
99,467
7,657
42,509
63,825
128,832
103,886
21,267
155,624
134,664
24,167
145,92
124,620
198,605
149,561
151,46
174,518
131,248
171,651
157,57
108,706
125,721
163,446
199,454
46,507
11,941
106,976
43,930
20,599
144,457
175,672
24,399
197,835
17,46
33,47
17,275
184,328
161,930
174,13
94,918
23,772
182,283
155,620
44,133
177,550
145,693
34,81
70,87
94,362
130,309
170,119
91,203
28,692
118,280
124,903
3,685
92,882
146,673
6,526
180,356
106,957
80,78
113,353
6,294
111,376
138,281
118,329
24,313
34,134
3,144
26,942
46,674
147,587
174,59
123,722
82,787
108,103
105,176
106,369
180,469
124,74
40,963
43,615
12,875
188,481
167,30
15,190
134,905
89,809
87,653
129,137
64,173
59,522
87,955
32,945
103,57
29,592
2,253
61,140
180,487
24,909
190,456
99,803
110,390
72,857
23,976
110,215
77,143
53,33
161,616
116,535
32,979
30,960
149,762
194,842
67,367
67,728
70,525
139,43
139,861
175,493
59,767
100,68
47,969
162,431
27,183
185,414
50,589
136,197
51,383
16,267
183,617
57,397
122,457
119,439
55,766
156,551
86,484
34,448
39,419
13,384
109,71
70,121
143,631
39,227
78,67
162,762
17,91
149,786
163,419
183,901
43,581
177,729
150,171
136,687
80,888
40,342
13,534
124,429
60,618
115,826
165,97
157,719
30,34
62,835
57,513
147,167
138,810
4,511
156,952
131,286
32,640
120,82
7,736
40,875
166,298
198,708
86,883
19,593
149,113
123,237
153,248
18,427
148,470
180,732
68,673
107,868
183,175
119,755
147,565
140,459
119,687
157,37
147,778
23,723
129,745
44,955
198,821
75,695
148,642
9,396
116,400
182,344
53,244
103,230
185,249
6,95
147,669
159,438
93,450
47,309
193,430
192,846
119,287
170,794
98,543
132,374
9,737
26,904
112,183
168,428
18,694
71,814
132,116
81,139
181,124
64,872
133,52
45,182
86,890
167,73
125,366
194,51
158,283
46,138
21,343
1,346
187,509
65,806
69,994
86,337
5,700
14,636
140,387
26,809
200,612
17,561
142,40
191,950
36,322
198,958
71,932
6,342
118,470
124,933
171,903
159,1
84,332
80,626
103,33
29,325
81,596
131,593
169,790
41,508
9,365
143,571
125,269
198,249
59,924
50,373
177,426
82,696
94,589
75,953
166,526
138,286
125,355
85,377
192,811
67,100
63,737
174,191
97,839
5,847
76,844
154,856
75,234
197,322
40,635
38,255
15,665
82,415
17,712
162,993
179,849
26,922
91,181
125,148
125,945
116,216
133,178
1,149
181,866
103,868
66,28
120,958
106,873
91,752
89,894
140,784
10,237
160,997
136,337
180,520
178,828
113,171
165,10
16,16
2,898
48,209
196,830
188,294
23,293
53,151
52,355
55,870
95,362
162,454
93,363
28,916
75,760
36,733
5,802
59,248
140,917
61,233
124,613
4,522
69,389
4,600
180,909
61,746
107,766
181,453
81,914
192,523
174,900
73,328
193,712
127,881
111,594
79,84
81,561
106,881
119,673
108,814
91,111
26,642
22,649
125,79
28,562
199,81
45,795
154,520
128,71
98,617
72,369
88,370
169,285
137,100
35,713
74,290
63,144
42,170
182,681
177,23
180,990
161,667
136,976
125,463
172,353
75,412
171,714
33,597
97,610
56,838
76,461
45,96
86,806
8,543
70,152
29,260
89,74
13,791
10,614
126,744
54,333
46,15
10,37
100,199
51,250
143,676
139,481
3,59
11,986
126,845
152,772
14,86
193,897
55,982
30,633
143,384
16,288
96,143
5,820
89,705
171,422
26,557
119,646
173,294
24,558
91,793
32,636
183,364
76,512
79,396
135,272
125,255
197,254
128,870
90,30
160,860
133,889
123,827
172,661
18,59
80,141
132,678
135,210
34,176
45,756
120,818
73,471
168,761
119,944
181,155
14,764
59,229
80,514
189,177
134,911
158,636
17,100
177,941
173,548
42,497
112,639
119,990
45,170
72,734
107,927
6,858
29,674
152,255
6,574
66,270
173,474
180,10
148,310
96,143
198,153
84,239
108,838
30,684
182,728
71,507
106,846
140,295
43,548
55,742
138,566
141,200
6,789
20,383
76,246
57,292
119,5
81,138
78,227
65,340
172,172
177,598
43,482
144,399
57,156
17,67
198,526
86,72
170,241
165,243
166,618
187,983
56,583
141,197
67,874
197,205
176,492
133,834
183,273
82,254
124,306
136,222
198,304
76,518
52,297
88,723
154,601
163,422
25,633
80,741
1,251
133,449
190,742
61,61
119,989
39,106
13,166
109,630
200,543
156,258
95,8
98,488
96,906
82,719
8,338
117,439
139,837
84,250
197,275
76,209
77,399
121,259
142,542
165,47
40,956
48,157
89,827
154,877
97,660
42,345
101,95
78,483
101,776
185,527
100,843
170,146
66,587
193,882
137,190
108,942
126,496
96,216
150,201
147,202
4,737
4,219
173,312
71,401
70,505
158,117
162,102
162,304
40,286
173,448
65,480
161,261
10,62
183,805
5,377
105,104
104,110
135,295
97,302
135,452
3,804
172,450
161,55
119,561
132,587
105,811
12,543
96,806
41,159
58,130
157,932
110,668
47,649
57,270
164,985
15,700
160,115
4,268
103,171
53,550
133,376
188,29
99,360
11,619
75,242
17,32
99,835
186,786
9,282
138,413
145,200
89,496
47,245
198,316
118,587
169,820
103,296
103,950
149,851
186,13
2,812
158,270
128,565
84,992
146,588
30,102
56,895
101,596
109,413
36,420
172,12
152,205
166,193
56,110
113,195
104,126
195,190
55,498
115,521
127,269
108,743
22,648
136,962
200,508
36,773
43,654
67,585
188,455
150,347
143,913
75,188
184,651
62,536
185,180
52,439
87,415
126,687
166,333
73,241
2,883
5,324
175,202
98,541
92,792
191,263
94,902
25,189
173,600
182,899
121,461
34,300
129,230
12,212
124,346
146,494
81,355
55,643
72,87
38,91
50,179
182,978
154,931
21,267
12,218
116,177
45,604
18,717
70,402
120,78
85,441
88,521
100,997
89,645
63,288
101,612
63,662
38,539
159,948
135,809
48,559
32,240
100,517
59,233
173,399
81,157
132,2
133,259
125,917
96,300
166,26
23,486
46,407
56,463
5,713
44,853
120,748
63,893
192,94
192,923
178,113
63,451
79,588
86,636
103,410
175,160
75,233
37,761
188,720
72,313
182,638
146,382
149,407
123,457
188,657
110,114
174,847
112,850
24,984
95,55
54,814
30,676
96,726
44,743
27,890
149,504
37,260
193,383
99,474
164,117
193,15
98,701
144,104
92,59
198,521
160,143
181,109
119,528
159,19
114,44
165,871
152,707
26,394
14,259
178,656
71,922
80,499
65,432
24,808
5,566
39,544
161,849
2,536
173,855
21,30
36,442
153,174
169,387
185,423
158,578
37,617
89,27
192,810
62,584
174,548
197,149
4,787
3,188
135,320
76,244
20,809
176,245
191,134
11,305
120,665
25,205
193,952
188,181
72,956
59,616
59,759
102,245
105,310
121,447
148,146
116,21
193,410
13,824
67,760
35,659
90,395
17,170
6,280
127,94
118,433
151,451
8,208
57,770
193,626
77,954
66,347
77,48
41,899
54,491
41,685
49,811
150,835
117,159
178,549
33,76
169,553
4,101
155,956
66,159
143,640
120,847
137,177
111,974
58,570
30,745
96,841
40,141
183,529
142,165
2,284
166,627
121,494
102,209
129,54
32,232
104,793
134,264
191,785
108,384
171,682
182,527
191,724
72,118
16,406
160,137
44,469
99,937
66,91
148,977
190,578
23,962
28,584
16,553
114,536
30,691
58,452
174,111
102,16
147,490
187,236
188,41
95,122
19,317
152,391
3,871
120,525
53,427
170,69
137,324
151,332
145,916
115,733
129,780
46,100
66,835
28,152
123,318
155,155
92,725
117,125
70,548
59,902
6,343
192,960
10,886
184,275
69,354
194,989
180,422
103,953
126,953
64,625
80,666
22,913
192,625
124,505
4,233
18,135
123,145
122,96
14,862
107,986
125,612
89,101
195,482
142,506
32,835
38,943
91,535
4,91
9,55
117,584
27,885
77,967
96,397
98,455
98,521
71,771
93,787
61,569
26,107
94,595
91,700
115,787
111,978
115,161
26,47
27,105
151,439
38,18
175,999
112,382
4,983
154,549
121,885
25,832
40,686
129,514
185,759
68,629
102,266
11,343
68,200
32,361
1,398
132,620
76,756
106,303
182,788
151,87
125,505
54,116
172,914
112,251
12,993
105,140
115,312
174,958
63,153
159,151
191,148
5,72
192,714
178,285
91,643
53,435
68,346
167,72
34,759
195,329
78,210
102,713
77,970
65,669
72,565
175,622
31,138
75,462
142,362
63,35
36,11
148,686
35,401
78,263
155,479
100,10
21,105
1,311
195,920
109,782
66,836
125,811
36,989
188,25
44,11
124,609
83,763
88,636
26,267
146,530
117,224
46,910
47,882
156,787
32,720
102,329
39,60
7,753
154,39
67,860
192,617
16,467
162,850
111,748
110,499
6,260
40,397
71,846
123,882
14,384
109,521
2,400
102,288
161,17
11,161
167,103
188,920
176,782
195,574
103,786
73,180
55,428
73,730
95,373
100,159
92,891
67,140
42,405
91,933
185,968
7,979
105,228
10,311
65,96
104,860
120,949
167,178
133,299
150,948
79,350
56,808
93,658
35,643
85,418
165,744
171,102
9,828
60,386
154,102
182,416
173,132
132,800
141,781
186,907
114,353
10,679
136,857
111,881
92,695
11,423
46,604
131,331
168,842
149,144
54,645
36,982
191,818
157,987
126,382
191,753
3,820
35,605
161,856
29,2
101,618
125,272
63,419
75,592
100,474
126,870
53,85
88,975
160,432
140,977
52,156
80,33
137,149
19,567
22,198
31,332
23,375
30,789
146,282
128,314
187,885
36,830
135,531
31,41
180,41
105,255
149,235
153,748
158,952
44,50
23,175
167,487
123,838
106,782
16,151
54,269
194,252
176,92
89,467
87,771
159,282
89,757
18,87
59,279
54,387
14,726
185,390
3,499
121,722
164,128
53,71
59,82
65,922
52,485
111,220
33,341
111,759
58,769
57,833
116,760
37,670
192,840
85,749
157,179
169,406
110,465
91,911
2,209
22,977
84,82
3,227
9,870
1,985
191,504
106,453
40,49
11,17
119,199
37,511
45,243
186,278
33,705
189,26
53,11
159,347
164,84
35,289
119,827
66,90
170,189
124,346
180,271
61,409
96,642
71,182
104,604
158,597
129,257
87,1
144,943
55,479
64,652
163,677
114,435
159,566
145,819
90,954
110,21
147,901
47,304
128,271
11,110
6,57
71,186
43,2
37,123
87,526
96,788
62,422
86,859
67,258
54,340
147,164
157,908
97,368
61,638
113,751
108,986
76,145
36,686
57,888
71,106
173,826
126,265
195,197
145,470
31,121
195,448
175,73
27,742
192,764
77,204
53,727
153,249
168,66
66,804
172,873
56,292
55,599
176,978
131,221
161,524
141,332
51,777
76,155
108,196
9,95
93,455
120,595
70,31
195,587
188,12
84,653
145,978
192,861
105,611
5,226
165,471
18,218
188,593
1,483
97,516
64,560
79,102
35,709
50,416
29,670
21,117
54,440
157,663
123,587
54,575
7,846
101,753
19,858
157,800
12,97
191,377
200,356
35,344
107,313
154,559
192,883
121,446
123,308
194,930
132,527
92,273
65,154
20,205
18,468
14,375
174,535
150,361
57,396
111,771
78,367
125,459
99,765
40,240
15,381
15,193
16,341
29,55
15,766
11,79
4,744
44,327
53,182
92,550
26,241
157,425
50,951
175,232
26,481
193,505
193,429
57,248
24,61
161,471
192,906
32,685
75,405
131,201
189,516
178,561
24,590
3,138
92,296
74,866
197,744
141,221
13,394
46,729
20,473
63,674
155,746
43,706
45,240
10,444
95,68
123,833
118,578
46,302
194,880
25,89
126,52
192,762
57,535
200,721
78,554
109,653
132,928
17,497
67,805
126,779
148,712
17,272
82,189
83,867
35,795
16,683
64,916
26,584
59,874
174,262
183,76
64,361
133,119
137,833
136,669
161,778
11,759
30,470
98,272
128,115
163,813
120,617
179,641
75,266
14,347
148,655
20,300
189,816
197,785
154,526
166,503
53,379
167,321
95,165
34,698
60,189
113,316
34,373
51,903
44,292
37,649
45,956
63,940
33,51
105,604
14,411
136,438
2,58
135,796
182,348
12,863
160,22
49,688
4,109
141,892
104,943
166,143
3,166
174,541
76,78
138,835
92,844
65,132
195,529
32,92
143,546
115,142
105,634
153,173
122,402
176,992
117,161
102,278
146,916
76,49
198,959
133,746
137,194
104,595
81,394
57,230
122,658
29,893
71,308
29,87
177,965
131,999
145,927
84,433
94,633
62,32
179,3
95,181
186,936
184,994
56,245
135,298
165,265
62,530
160,947
172,408
58,731
56,257
200,887
137,114
69,867
23,885
104,774
126,439
73,366
12,801
113,547
109,274
13,623
117,504
113,473
119,806
70,501
32,698
189,313
45,131
122,680
42,285
67,921
152,128
21,634
143,162
98,172
53,19
130,112
64,409
92,844
160,307
107,824
180,471
178,987
87,494
54,623
173,370
173,899
74,982
15,846
146,661
35,503
16,790
88,123
68,845
26,739
115,786
20,438
187,963
187,887
198,102
62,141
80,624
175,63
100,613
13,496
16,645
6,131
69,689
43,696
71,333
154,513
150,304
114,826
142,671
83,24
183,412
194,206
28,694
90,565
98,857
34,540
90,731
59,172
180,250
56,900
22,962
149,958
21,410
75,961
182,273
112,493
185,839
128,404
145,527
45,617
37,257
11,398
81,895
165,295
43,117
39,909
10,167
135,323
62,221
56,547
7,205
200,842
174,613
44,271
171,311
186,994
41,351
79,815
165,424
101,153
195,640
149,600
124,530
142,223
29,858
97,980
105,990
162,163
187,178
67,359
200,531
186,417
180,6
70,530
135,335
190,502
117,547
72,887
6,704
163,684
138,514
76,238
88,120
22,834
12,617
163,612
46,823
152,336
154,973
133,639
93,416
197,507
188,599
38,160
124,717
9,600
161,18
190,831
141,430
110,5
185,52
89,734
70,946
1,923
122,375
198,459
110,755
48,494
145,429
168,97
30,173
140,444
151,176
36,181
41,32
128,300
38,599
36,770
84,497
123,568
149,553
47,764
175,833
123,427
162,476
126,829
12,459
73,917
11,801
109,972
136,76
127,257
8,791
200,394
59,549
84,991
189,665
87,138
79,321
45,958
78,109
71,103
196,658
18,476
113,697
168,689
10,916
81,605
18,735
62,835
188,429
32,838
140,332
99,719
46,836
4,96
138,424
26,997
25,305
163,327
30,765
99,796
121,133
98,712
36,426
91,941
159,385
29,436
52,322
14,184
58,151
55,65
67,162
40,202
90,305
137,41
165,680
195,70
69,630
104,39
151,832
26,704
78,259
120,534
92,224
133,14
193,325
170,470
159,896
72,67
185,79
60,233
34,958
144,227
69,569
73,113
2,595
52,887
110,795
20,550
79,541
47,915
5,125
138,909
94,430
88,795
66,366
55,933
80,164
109,159
167,380
127,756
184,1
191,884
50,759
164,316
98,158
168,560
179,159
70,301
97,385
140,213
20,962
189,833
35,645
26,933
24,680
55,960
103,587
189,240
32,280
175,149
200,509
121,928
50,690
76,604
25,7
88,896
198,253
78,192
24,209
47,729
147,974
149,984
117,809
35,442
175,480
151,208
74,871
108,563
22,288
176,971
88,625
63,108
12,22
40,187
157,751
137,234
197,704
152,416
7,405
88,873
192,873
32,560
22,256
57,529
47,840
189,745
48,642
70,282
154,816
33,733
72,958
80,767
46,294
164,603
23,580
133,267
98,949
57,1000
111,930
64,488
164,331
106,167
105,666
20,185
29,841
63,422
39,644
17,87
126,553
106,303
163,223
78,281
121,758
117,155
142,647
120,984
174,729
146,916
178,836
84,642
38,724
37,567
120,230
98,201
182,859
113,595
35,813
173,232
4,756
32,224
116,447
140,558
94,570
33,156
43,366
59,291
37,206
102,838
80,843
76,429
197,29
166,696
187,677
20,82
64,642
35,981
64,334
6,179
24,221
89,101
35,309
135,685
89,894
157,794
156,748
14,179
117,824
161,235
170,418
116,428
128,824
8,908
138,655
106,970
146,955
168,310
46,35
99,556
190,63
36,658
132,145
133,494
24,20
84,240
2,211
188,94
100,344
64,636
50,681
63,1000
194,82
197,178
23,425
176,605
18,221
168,525
136,677
177,367
51,192
195,22
130,532
134,273
94,512
159,882
74,506
14,399
113,5
89,2
4,393
142,823
102,715
196,179
115,226
128,338
173,702
35,1
189,919
152,52
107,819
67,79
62,666
97,502
166,579
163,952
123,339
78,60
92,198
22,625
69,39
158,390
119,608
70,618
169,900
94,605
57,413
131,756
37,288
165,965
61,296
49,106
136,11
46,74
182,799
175,198
6,928
169,597
38,329
111,447
164,395
182,246
25,512
172,818
72,264
62,570
173,994
110,47
124,896
53,43
50,118
112,238
145,785
93,604
30,111
129,640
145,926
99,89
136,312
140,200
54,173
128,604
53,940
12,504
139,195
12,52
112,411
92,834
50,226
95,399
170,487
38,162
75,222
137,881
53,638
131,964
143,593
43,975
67,56
147,124
32,102
191,414
4,633
28,906
76,355
54,13
159,594
103,359
68,197
25,741
116,327
60,720
11,345
163,508
127,392
155,565
96,960
9,870
186,669
13,705
8,472
52,366
192,901
200,634
7,26
121,311
14,799
30,653
41,234
109,394
98,978
78,872
194,958
149,159
117,349
194,944
135,177
12,984
194,424
63,394
108,82
128,79
130,459
132,585
68,393
89,176
148,900
152,21
77,891
55,435
182,808
114,570
186,140
15,406
22,462
83,926
104,663
147,542
119,537
108,885
196,928
186,205
103,451
12,466
39,319
31,195
167,862
49,309
170,263
167,352
52,841
121,423
15,484
121,338
82,808
109,928
39,177
160,182
54,488
94,994
167,176
114,987
122,629
114,778
194,813
81,538
133,481
2,444
73,797
80,618
19,762
183,238
43,56
169,861
35,745
57,501
182,719
83,656
95,865
135,459
101,779
190,469
99,14
30,458
44,642
180,744
19,630
140,158
19,583
129,209
158,447
33,870
23,993
112,349
183,512
107,516
185,529
160,523
144,764
170,755
54,698
172,822
57,870
115,368
115,768
102,641
21,112
135,177
161,83
174,885
2,683
86,631
128,981
130,71
81,842
57,847
131,746
193,761
44,381
81,231
66,793
105,802
21,649
111,605
84,34
14,347
65,833
4,180
87,144
5,314
92,473
149,285
117,674
74,648
130,831
22,906
99,962
62,406
25,449
39,991
151,390
128,75
113,854
140,939
66,359
162,917
70,617
54,634
194,723
178,311
74,317
117,489
36,264
61,209
88,280
66,530
74,983
69,771
34,237
150,26
177,137
141,499
146,518
91,160
107,686
123,980
63,444
146,561
40,625
75,137
147,524
160,821
127,76
64,302
9,225
49,358
157,511
173,685
140,146
169,621
132,261
47,494
94,380
119,112
132,269
157,386
39,39
41,984
156,621
38,341
145,558
62,263
111,866
150,852
100,301
144,813
139,382
23,749
49,578
58,48
174,648
170,191
118,734
45,565
98,11
35,473
127,193
13,329
77,439
180,198
154,578
155,557
155,779
32,434
24,605
174,764
13,365
135,125
32,197
62,498
185,597
125,274
58,24
24,1000
12,257
58,106
131,712
156,764
17,148
16,712
3,781
150,18
189,969
138,652
140,229
122,746
89,999
146,929
119,30
45,748
103,204
89,660
55,970
123,774
19,472
120,321
14,105
53,924
149,436
54,675
127,760
121,131
200,922
69,560
200,443
84,50
172,451
57,434
56,430
30,649
66,2
118,175
