5000000
83,153
65,839
163,853
7,644
137,829
42,898
67,92
106,579
154,329
25,774
88,237
89,235
57,710
142,319
76,493
80,909
29,251
185,575
162,747
65,92
123,666
123,273
26,90
143,916
71,185
174,536
118,842
194,483
63,554
45,291
136,456
115,878
83,210
41,29
158,804
197,53
3,453
29,628
119,560
23,698
76,492
32,944
171,549
161,799
94,944
9,495
114,195
79,608
14,140
175,328
13,848
108,163
127,754
175,207
120,53
99,538
93,293
6,342
162,259
79,717
67,366
93,210
116,197
24,212
51,646
34,144
133,625
67,83
41,632
138,765
189,497
192,422
96,752
162,250
85,320
128,285
131,551
79,720
118,730
8,790
170,567
36,94
176,670
126,485
108,130
183,184
170,496
164,841
23,371
130,71
170,77
167,103
194,190
123,497
17,25
123,61
151,803
94,465
191,979
27,295
98,890
46,809
130,112
170,688
19,902
21,565
115,694
172,584
199,822
102,885
184,108
159,761
34,5
138,1000
175,334
5,66
12,170
162,715
105,692
76,774
53,623
31,341
111,903
182,358
200,51
131,997
124,768
15,467
150,747
126,510
79,685
129,841
82,305
88,895
3,970
193,888
28,468
12,785
114,663
165,337
148,215
75,682
157,318
168,394
189,532
39,457
114,933
104,991
93,268
89,977
179,103
196,523
57,34
117,969
154,235
97,359
26,875
48,706
124,696
147,764
155,265
134,950
86,760
79,299
111,988
172,151
178,701
94,364
111,841
169,214
89,445
83,365
138,160
73,221
6,369
45,809
4,916
160,734
101,658
121,250
62,850
115,824
58,198
134,536
99,807
37,87
28,73
87,380
107,984
155,96
88,209
78,268
68,790
72,467
5,710
193,248
52,689
127,992
50,14
83,150
41,139
83,153
62,311
143,72
61,341
7,673
81,421
169,754
143,783
47,419
167,993
50,890
38,992
142,132
200,52
118,13
102,478
48,50
171,57
5,470
141,103
99,807
174,121
21,687
176,29
189,624
167,312
143,224
121,13
183,146
148,321
41,116
33,181
165,97
91,622
48,759
21,284
100,334
95,543
47,427
106,163
154,610
71,958
116,19
57,67
60,151
142,958
36,651
56,897
153,134
70,20
151,796
131,340
192,118
65,245
24,397
68,868
148,70
63,819
200,727
75,285
4,310
154,779
98,202
66,117
184,516
104,603
190,569
108,959
105,512
111,256
75,278
95,182
144,55
173,574
81,453
67,97
188,161
80,459
103,532
127,70
166,915
53,625
173,761
26,379
147,34
184,658
177,823
125,393
191,144
160,648
66,385
64,444
115,484
39,472
43,140
154,180
106,698
68,631
134,902
99,917
133,219
2,925
165,905
186,517
89,735
5,385
114,157
166,39
149,50
19,85
153,834
29,202
182,202
118,300
49,988
150,579
41,747
66,525
57,898
1,189
188,667
26,8
135,461
133,451
1,291
68,734
138,648
96,906
96,633
181,436
171,405
49,254
183,208
137,504
70,443
156,797
160,123
167,959
148,200
8,797
55,95
95,533
80,791
199,136
88,422
17,889
67,153
196,612
57,567
60,115
19,323
153,767
46,286
122,38
194,853
24,333
152,540
13,718
167,964
116,192
135,349
166,683
77,780
115,957
134,782
155,319
19,26
155,494
127,879
36,880
153,769
122,85
60,12
187,737
183,406
168,871
101,431
120,711
146,775
143,668
31,178
197,855
108,483
89,872
156,613
140,970
139,157
174,881
41,637
121,823
161,82
111,950
169,758
13,538
119,461
100,552
112,863
87,689
172,913
80,517
102,423
38,624
155,533
17,528
25,338
180,562
181,796
46,392
155,147
75,224
154,934
178,233
81,604
77,88
13,605
183,885
9,537
53,687
161,487
126,463
82,331
114,592
159,668
59,683
145,784
173,400
131,230
61,21
170,737
152,195
57,368
59,177
147,653
99,106
16,975
146,84
161,710
170,481
167,886
91,686
56,213
194,501
52,716
130,733
149,703
187,897
150,754
60,8
167,532
45,505
108,863
70,809
186,65
48,509
121,521
185,650
18,711
82,674
117,723
90,603
46,64
146,892
132,909
86,648
42,931
15,191
127,626
3,181
51,131
148,787
97,112
37,331
22,45
64,75
105,469
7,556
105,125
190,536
154,977
14,488
167,576
119,470
27,596
163,553
81,554
138,877
194,803
110,672
109,78
96,902
195,793
187,263
93,363
10,982
81,640
84,321
193,28
24,988
117,443
82,506
131,706
75,649
155,397
196,689
151,594
115,600
163,225
187,394
131,504
43,522
118,853
136,887
164,516
118,276
98,302
198,254
171,769
6,875
128,82
188,554
146,269
2,342
111,886
124,418
68,872
124,472
18,791
146,424
24,322
18,235
197,929
56,373
157,860
70,846
101,502
96,416
172,175
92,337
37,864
198,969
135,909
191,489
84,192
173,857
134,931
128,526
124,284
121,194
39,841
97,270
52,365
60,310
126,87
191,245
124,703
155,94
165,329
32,685
25,188
79,412
58,360
178,236
25,259
182,936
185,505
16,697
73,962
47,661
75,578
158,781
49,85
123,836
138,64
1,111
57,214
132,86
93,622
20,814
7,435
108,558
80,295
180,832
137,75
31,455
157,65
115,917
34,35
46,604
35,497
162,689
91,594
106,43
33,294
93,59
59,646
130,623
189,799
92,191
12,454
186,525
17,136
108,753
72,240
52,376
124,62
84,104
144,625
21,329
187,476
198,586
43,249
31,761
149,245
122,829
187,970
47,603
6,469
12,381
144,79
10,677
8,437
161,307
20,750
141,899
95,708
147,11
188,862
192,697
58,860
197,708
175,220
42,41
47,205
121,542
110,252
2,115
75,184
192,77
162,97
124,490
181,219
69,711
137,646
130,668
67,760
159,339
70,19
155,524
2,502
27,351
44,284
18,12
96,49
65,944
114,657
70,301
198,661
29,7
117,711
87,941
3,584
169,891
34,15
105,855
131,803
98,919
13,463
96,154
113,473
164,645
100,139
7,60
145,34
16,251
99,435
139,674
14,190
122,774
68,656
100,286
75,588
19,858
135,506
109,150
119,947
94,785
111,99
182,952
196,654
144,217
134,260
68,748
97,241
121,821
108,390
140,545
193,884
100,927
56,639
31,83
45,122
66,831
168,661
75,468
118,378
42,673
15,289
120,673
77,746
117,53
60,189
74,130
110,289
184,696
72,742
134,509
166,877
109,884
198,917
174,998
145,857
181,387
72,491
105,860
142,219
102,140
108,820
200,311
22,839
197,316
17,967
46,266
111,457
97,689
88,971
64,355
137,603
53,538
152,637
4,723
39,382
182,748
72,950
16,288
53,863
125,567
179,587
199,319
48,6
113,409
11,272
159,468
134,688
52,414
37,960
100,491
69,655
93,909
189,374
198,703
51,398
64,710
31,517
37,690
68,925
35,888
89,778
193,544
169,51
189,373
85,150
110,747
19,91
65,208
192,775
57,616
121,172
82,383
43,675
157,36
104,24
100,637
122,689
166,709
35,335
137,986
38,865
119,234
66,857
8,48
158,377
90,73
95,59
153,103
56,871
195,109
139,132
4,537
20,775
50,940
137,652
7,338
72,396
87,285
37,185
110,609
90,476
83,448
175,764
84,492
85,582
100,281
149,324
183,952
11,77
138,344
199,815
64,745
136,860
123,209
124,922
100,220
118,625
127,330
132,831
118,209
184,362
42,476
155,299
15,624
184,901
125,820
167,30
157,906
5,554
56,387
44,771
126,377
76,203
75,815
94,255
156,472
41,458
126,637
185,577
93,559
137,255
62,704
113,972
44,402
24,890
148,277
102,602
200,483
142,99
198,786
76,385
64,461
11,467
184,684
57,867
18,378
7,905
104,823
27,519
35,16
200,602
15,546
151,129
65,807
39,465
127,475
141,666
22,112
120,194
178,510
19,718
195,716
175,190
57,546
169,243
149,106
132,7
134,61
70,409
26,637
161,934
150,50
85,731
161,62
89,214
187,445
101,320
47,454
184,503
71,838
176,166
20,914
90,656
34,879
40,593
151,340
117,164
17,795
103,52
21,525
16,173
25,109
137,688
32,225
83,295
190,515
200,148
168,215
188,834
105,739
56,49
176,102
195,588
103,258
37,863
89,629
131,225
154,313
43,505
122,829
83,391
52,720
124,347
75,45
112,534
34,288
108,256
66,381
79,321
106,327
21,307
111,524
37,618
131,562
101,338
136,353
178,966
64,207
185,992
70,306
186,930
168,98
47,351
128,465
159,122
26,578
189,598
55,452
183,21
138,689
104,891
68,665
15,178
185,775
86,584
114,857
122,864
13,443
87,947
2,545
83,958
145,674
141,926
178,327
176,943
157,318
24,575
22,271
182,330
33,512
59,748
19,568
48,722
175,301
50,544
57,653
72,366
66,136
25,85
110,287
68,426
138,100
176,427
45,398
60,226
152,701
17,700
35,413
88,469
133,348
38,347
52,658
30,161
196,313
1,98
24,810
31,506
32,867
73,850
130,492
38,640
39,833
113,698
112,77
135,616
60,451
123,326
160,517
132,415
79,136
43,249
29,143
193,629
145,590
49,812
106,457
89,422
172,863
155,722
184,456
52,111
100,952
55,468
151,110
67,54
30,945
45,992
113,518
72,781
27,39
182,317
103,475
167,660
158,344
94,428
193,214
24,862
55,356
17,616
17,236
35,239
98,869
66,176
13,841
162,465
167,890
39,291
12,644
103,268
146,777
117,414
68,800
121,490
59,653
31,832
31,464
24,914
44,348
22,924
166,536
29,684
28,610
152,574
131,865
159,460
192,441
139,620
166,694
152,111
140,400
35,743
77,241
24,194
131,665
116,892
44,98
98,485
118,122
83,720
13,715
1,810
153,160
174,92
17,16
19,967
148,205
169,571
54,628
72,664
66,192
52,695
135,972
159,421
193,903
121,109
66,147
86,314
128,54
167,959
154,387
119,394
16,892
144,542
100,552
7,106
163,68
199,998
6,458
62,479
191,596
158,408
70,601
18,161
65,339
191,636
104,707
144,640
143,176
197,541
108,168
137,473
152,383
102,966
61,790
34,640
63,584
147,11
88,608
136,69
35,74
170,115
75,610
34,746
47,284
40,633
185,635
133,94
22,952
145,643
70,300
22,174
173,857
132,759
75,474
43,2
109,149
5,290
170,169
91,90
185,494
75,274
69,997
179,389
62,433
134,656
151,889
46,272
190,318
85,162
105,512
130,834
144,990
147,355
87,231
178,841
134,226
60,313
47,167
87,241
46,64
69,70
125,545
131,92
3,371
186,187
78,591
1,276
55,965
170,594
75,493
154,580
138,175
142,572
98,965
137,659
79,360
126,513
184,482
200,274
45,785
161,863
193,601
188,560
6,114
176,264
141,785
25,205
122,155
159,209
178,158
145,48
11,906
167,492
36,107
53,450
131,982
197,508
9,685
50,125
51,623
189,675
129,804
31,410
128,231
67,251
196,358
181,654
199,757
22,571
12,756
76,785
180,279
133,511
68,127
198,539
200,448
175,324
42,35
130,684
53,346
142,763
22,679
158,880
48,135
48,407
173,569
133,28
134,931
68,552
71,2
87,924
98,24
102,533
99,268
199,183
60,317
162,524
185,615
174,764
186,152
199,247
51,806
192,931
81,532
101,404
170,428
74,267
51,126
73,77
131,97
148,333
188,561
154,444
100,890
126,385
103,696
108,288
30,236
105,483
126,772
36,427
180,547
41,971
146,225
165,798
58,501
34,796
195,971
70,41
166,847
176,807
98,336
177,768
90,630
104,829
189,504
34,459
104,931
148,88
152,181
33,606
155,366
68,182
143,889
9,608
131,530
61,476
152,512
134,759
87,274
89,702
94,21
155,161
42,811
52,35
164,388
63,430
9,309
26,852
198,707
75,890
78,593
163,905
43,895
190,45
9,814
78,235
190,363
124,236
145,165
164,344
58,717
110,660
166,217
152,177
41,530
110,191
141,553
83,548
86,229
69,619
181,306
131,790
71,91
50,324
38,601
112,430
71,666
22,291
98,475
79,899
28,100
140,78
197,696
91,396
142,411
29,336
170,211
79,669
65,671
178,127
187,749
78,247
155,629
114,933
33,984
158,221
82,389
113,444
139,984
71,44
53,761
172,772
123,83
70,85
180,726
165,997
188,510
145,710
6,512
49,820
67,517
102,148
58,203
175,559
134,548
190,984
127,880
12,890
77,61
111,68
5,712
41,884
155,739
140,184
18,504
113,495
174,443
157,333
112,936
71,751
65,710
124,681
156,194
152,456
7,773
100,239
96,394
187,749
106,48
106,667
66,977
13,268
29,816
90,221
110,361
163,1000
153,26
76,633
6,487
159,678
28,375
78,161
84,752
17,818
130,767
154,450
30,917
75,615
114,479
178,737
123,605
36,607
157,390
20,246
23,245
128,85
14,789
146,837
31,957
16,944
122,332
97,934
163,159
69,177
120,355
10,168
75,608
138,494
9,155
1,524
81,542
161,693
34,453
154,224
69,425
81,689
170,447
80,84
40,946
46,93
104,360
51,240
106,207
13,638
86,504
129,338
66,794
27,251
133,536
121,37
54,45
82,702
57,655
51,237
143,750
183,592
32,766
33,998
189,95
4,300
152,318
3,241
33,661
72,559
172,810
160,691
1,55
85,407
192,192
171,355
191,417
23,161
6,635
121,219
50,179
178,68
117,993
70,29
106,833
193,352
114,911
88,428
28,996
104,941
127,999
56,926
35,180
118,895
187,921
25,713
84,849
80,514
79,118
17,917
50,711
163,13
36,839
60,252
38,622
95,801
146,676
40,702
128,572
175,528
181,118
159,101
32,352
81,107
156,152
89,54
151,898
155,890
25,502
32,371
106,453
146,335
25,458
63,358
157,178
119,140
95,481
178,761
56,889
27,32
13,626
82,334
190,39
54,946
191,710
74,626
6,163
129,2
153,622
81,423
113,897
52,436
40,675
110,102
123,94
164,589
50,78
181,344
193,968
30,434
161,403
79,23
100,262
23,693
51,212
107,999
121,634
172,695
118,188
172,497
177,292
56,365
20,867
22,239
167,673
32,924
146,25
180,436
40,282
80,1
71,243
165,467
58,552
25,506
166,526
63,477
47,947
114,647
14,293
72,506
37,966
167,986
25,29
190,82
70,638
54,573
4,26
143,597
5,724
178,946
99,837
106,1
111,839
91,860
127,699
4,539
135,823
66,112
178,198
166,832
97,101
14,365
160,910
168,804
163,899
8,147
136,24
39,991
69,41
25,597
88,125
83,528
159,121
153,285
106,482
147,386
82,64
105,214
127,756
139,605
89,828
193,740
41,343
35,791
124,397
154,902
127,161
20,820
5,403
169,857
96,285
60,447
45,981
196,290
122,207
71,895
86,29
68,913
31,916
16,241
46,602
51,272
200,143
183,232
56,378
93,686
173,95
145,459
111,567
124,240
171,378
177,45
61,323
195,523
22,330
93,202
86,312
167,358
131,457
113,85
15,288
76,634
117,583
138,854
86,943
145,661
36,187
90,769
175,992
96,371
51,130
145,52
140,703
146,705
167,938
98,394
155,725
8,790
197,127
42,337
144,73
112,11
84,896
92,653
69,380
119,278
102,328
87,873
188,941
137,551
99,465
149,475
131,476
152,864
92,585
50,275
151,876
171,183
12,630
118,845
132,147
68,639
183,60
78,713
49,296
147,213
82,791
11,177
44,928
138,12
148,437
67,96
135,429
61,409
116,827
53,449
113,588
51,359
75,558
149,255
5,501
5,941
158,866
3,846
162,1
200,312
153,120
45,273
29,159
164,537
13,278
143,671
190,605
85,908
120,536
199,253
32,404
152,473
147,854
171,139
44,253
2,789
128,346
40,815
112,349
130,139
187,137
168,533
12,437
181,292
176,165
6,319
50,256
112,942
39,144
27,284
157,943
192,295
10,444
152,563
133,906
58,355
33,10
7,702
119,559
98,530
124,839
195,185
10,232
43,958
25,288
64,689
93,645
86,896
88,79
158,576
35,131
17,702
162,435
128,812
46,416
50,972
171,155
83,59
49,175
81,26
125,184
125,76
135,36
196,604
136,263
108,666
154,915
176,734
151,504
154,208
158,551
197,150
136,732
12,171
85,425
35,861
103,130
59,736
114,407
41,970
148,692
97,853
83,829
82,537
22,962
128,296
180,854
40,954
70,984
189,267
30,412
94,518
98,253
188,314
70,764
185,502
190,554
64,185
104,688
44,266
155,614
17,313
65,197
16,79
79,839
50,568
127,869
107,228
199,787
103,849
78,471
108,316
62,798
148,14
85,504
80,643
161,288
89,577
163,738
46,196
175,220
59,447
178,258
189,670
21,606
10,622
54,468
1,254
2,354
3,86
172,42
101,941
19,101
46,549
157,342
25,386
147,852
118,534
185,100
111,521
106,289
120,137
12,917
140,79
118,968
33,140
192,172
53,95
94,766
97,530
121,311
33,207
36,557
30,136
134,194
27,840
129,271
76,323
98,824
146,830
73,147
200,376
200,518
47,129
171,388
80,623
120,876
178,701
180,77
1,689
115,84
77,182
30,479
163,122
193,526
167,108
93,154
16,717
197,619
73,76
177,568
18,526
65,467
143,436
37,111
131,934
8,213
92,987
52,52
106,557
45,377
123,349
58,216
112,351
188,560
137,842
146,675
98,676
106,959
179,156
29,609
8,908
23,128
66,165
125,301
121,957
158,629
158,448
60,742
125,406
183,4
169,730
46,293
146,218
178,779
169,135
139,152
133,640
160,61
140,348
126,949
65,286
53,35
74,589
23,369
188,389
16,526
113,181
86,497
95,368
8,271
65,813
200,86
166,42
69,888
88,179
78,939
38,470
135,303
143,121
145,172
132,763
95,667
91,848
73,848
86,233
181,265
188,708
158,589
115,183
145,143
124,455
151,625
93,864
74,141
9,148
95,785
146,269
157,360
92,478
194,166
64,162
84,367
1,670
148,810
120,348
54,157
79,753
43,303
187,641
146,975
76,749
37,784
1,653
155,751
108,167
84,478
128,647
190,254
86,932
42,259
21,213
168,652
196,90
188,965
94,600
143,826
103,386
107,450
65,447
159,69
146,772
108,947
102,202
169,512
58,137
131,522
130,719
102,158
91,513
79,136
170,6
46,195
66,131
80,857
80,141
42,721
148,790
155,101
117,129
75,888
74,27
18,927
69,911
186,511
39,661
37,887
35,998
46,744
77,890
148,228
162,16
80,943
82,609
183,564
195,102
138,957
25,377
16,784
191,302
168,966
152,488
169,546
25,252
69,396
168,74
140,344
124,982
37,888
73,536
113,178
57,639
144,322
119,649
172,613
72,173
8,94
105,248
30,369
151,590
197,102
182,875
10,986
10,422
92,226
176,551
23,405
119,678
95,805
42,560
159,507
123,484
131,633
177,293
91,98
4,63
117,777
75,950
115,100
100,791
69,453
166,14
50,292
17,293
33,735
79,469
147,882
145,696
177,895
56,689
155,782
92,942
107,125
148,408
122,903
125,338
91,627
178,258
151,340
140,209
57,706
147,19
157,839
25,274
57,238
25,546
119,345
52,339
121,10
43,164
106,449
129,908
48,289
190,267
49,308
115,17
172,987
109,450
65,853
122,945
29,935
112,626
88,895
111,999
167,565
108,56
25,507
119,560
88,2
125,967
128,265
34,891
32,339
111,456
63,871
159,564
96,154
194,922
111,985
4,551
43,210
7,707
14,482
78,746
99,764
33,619
44,389
68,10
177,407
28,313
34,869
67,153
30,770
67,415
106,361
26,826
140,991
141,149
185,143
187,172
196,179
109,73
92,656
183,466
109,603
104,28
74,731
195,607
161,366
33,966
40,352
67,108
119,645
8,978
151,798
172,303
199,16
144,265
51,767
37,252
180,492
82,192
174,641
180,974
196,899
64,74
156,349
51,956
28,636
172,180
199,104
183,40
108,576
80,192
175,440
87,514
20,695
116,122
165,608
123,464
154,554
11,375
179,220
12,267
60,947
7,27
69,107
193,110
146,650
84,448
156,349
136,26
103,332
39,425
115,279
146,504
98,51
53,948
170,844
79,122
185,775
97,444
181,464
34,832
9,79
121,867
6,492
199,801
105,712
9,722
31,803
186,453
33,285
22,42
43,851
181,523
89,423
53,49
113,103
60,264
105,552
46,822
86,532
15,660
30,612
164,998
80,80
107,718
177,683
99,463
124,892
45,44
96,645
198,606
50,883
133,26
34,34
123,396
24,322
97,933
26,87
122,853
98,355
66,441
54,822
4,275
77,513
165,195
143,788
71,510
7,71
28,704
193,861
178,838
88,265
134,601
6,654
161,547
194,653
142,978
26,801
86,344
115,563
16,62
49,199
79,153
135,31
77,444
96,719
143,786
98,969
69,783
184,23
155,265
16,323
44,191
195,703
38,300
102,722
47,547
133,431
183,141
84,181
102,486
89,211
193,319
194,649
169,939
158,60
185,911
129,769
101,35
19,256
125,305
43,887
144,455
14,94
24,540
160,594
116,112
145,28
113,99
149,446
148,701
25,966
71,48
144,268
64,399
75,348
83,11
116,728
56,758
41,636
174,535
32,517
115,925
76,878
21,469
55,128
34,473
77,237
147,800
169,520
30,826
11,933
185,50
188,320
16,273
9,639
123,221
25,53
18,814
25,274
141,533
80,769
43,265
100,793
198,598
12,78
52,63
53,640
49,218
82,762
171,203
78,92
45,48
171,731
123,259
30,819
25,199
166,985
34,533
69,952
42,699
184,557
174,927
107,258
35,56
1,600
92,129
160,392
155,879
35,27
104,595
36,889
121,330
62,266
143,118
54,753
78,758
3,302
131,817
84,963
68,755
94,358
186,27
173,165
95,752
191,479
18,484
189,405
188,766
7,98
72,386
38,68
77,299
93,385
179,602
105,601
17,344
192,645
147,758
21,294
172,3
78,606
190,191
144,409
164,478
175,584
86,972
11,63
98,166
91,281
89,139
91,990
60,67
44,68
139,235
194,80
149,635
162,404
66,204
43,481
141,563
190,832
183,87
45,515
25,387
151,759
16,314
93,303
96,829
156,714
44,875
4,536
131,123
142,860
69,390
178,676
115,738
76,315
145,850
143,926
81,619
137,261
32,6
123,403
142,418
12,536
154,987
107,544
15,839
99,753
97,684
112,435
168,233
43,42
102,397
81,605
91,795
103,612
196,952
3,386
94,680
42,493
86,231
129,221
97,792
62,324
93,591
158,981
140,1
99,715
100,773
182,682
161,589
110,646
154,206
97,728
24,738
3,25
24,480
18,129
86,10
97,387
183,871
2,498
34,515
123,342
183,793
128,360
74,686
142,227
175,651
6,319
66,929
50,609
107,983
73,769
182,81
172,324
20,764
190,276
33,338
101,988
35,108
151,50
153,252
74,313
38,793
185,398
175,85
125,770
65,690
67,134
144,515
45,504
104,741
168,74
63,88
185,465
179,347
9,653
152,700
168,951
2,943
138,751
4,14
162,409
9,15
86,37
13,642
48,713
111,633
65,210
63,92
49,190
48,855
87,912
87,465
5,936
187,394
92,845
12,916
145,899
189,302
172,7
159,802
79,665
136,624
88,319
126,619
45,671
170,406
80,292
165,530
173,233
143,917
59,52
50,228
101,96
167,731
154,178
90,82
152,101
125,328
103,270
174,239
164,106
196,417
34,627
71,909
134,181
54,925
136,678
40,289
200,913
57,29
185,991
140,229
107,789
58,629
34,291
100,893
77,585
55,767
63,625
158,940
57,319
154,825
41,832
86,824
185,551
130,470
182,701
174,20
31,264
1,907
119,244
144,720
116,785
132,670
1,594
187,878
113,804
19,247
178,833
31,463
69,498
178,579
20,316
133,398
147,625
111,36
6,487
20,600
78,424
26,456
200,205
40,847
97,634
142,453
150,934
103,423
170,703
177,880
67,596
29,813
176,177
98,646
14,682
77,260
63,998
47,661
89,431
147,907
173,272
76,932
121,17
38,528
140,474
91,917
167,525
1,53
26,274
80,989
178,668
120,969
110,169
161,180
64,548
29,592
58,478
154,394
92,17
133,843
77,708
134,60
198,89
159,530
91,554
195,638
77,311
157,998
9,624
168,240
167,356
150,400
38,162
143,349
75,26
112,483
140,956
39,849
100,659
55,980
192,930
115,976
53,668
83,997
48,453
59,648
73,206
57,919
71,497
161,726
37,379
96,402
163,38
196,750
63,795
3,130
1,545
4,357
103,539
10,974
35,539
95,211
70,503
29,461
69,313
76,292
156,79
44,701
130,369
9,293
13,888
106,740
23,539
136,62
73,478
32,478
163,539
101,127
92,394
58,729
164,809
67,261
40,767
82,732
70,26
197,863
111,51
66,245
187,787
122,548
38,717
198,163
28,829
115,835
161,91
122,758
42,939
30,607
49,53
93,590
3,415
200,455
90,990
146,687
163,721
37,352
164,744
101,924
111,450
53,296
149,713
4,617
182,776
13,979
5,285
194,454
127,604
75,709
169,65
102,680
152,716
99,837
124,423
117,551
31,948
122,441
117,260
156,718
172,621
116,942
109,787
113,692
160,485
111,807
130,108
161,315
180,196
101,973
191,464
62,980
111,252
50,235
61,949
74,80
139,577
48,25
156,76
76,745
76,916
140,661
155,396
96,598
135,716
125,117
24,521
196,305
14,1
6,129
114,850
81,316
26,787
195,679
139,507
56,35
137,342
95,651
162,573
66,957
176,436
166,974
93,172
133,395
93,108
85,576
74,883
32,760
146,321
86,67
196,667
94,727
26,475
35,1
21,810
52,332
61,49
141,62
184,458
25,254
27,249
3,851
146,288
110,623
43,415
155,669
110,942
41,21
31,819
34,11
35,546
40,366
7,117
87,697
163,3
81,346
155,630
188,391
150,462
53,866
122,797
76,771
37,5
102,465
183,778
59,793
92,86
37,692
118,426
179,89
46,517
107,238
83,68
107,672
29,645
197,300
178,54
92,361
105,528
74,738
183,736
44,580
98,930
48,531
62,907
82,899
90,371
95,342
64,907
96,362
51,596
104,829
152,923
174,465
128,166
64,170
179,398
76,84
138,687
20,525
199,193
69,860
167,449
177,40
7,129
84,200
151,261
166,442
142,701
187,851
158,815
95,669
147,799
108,871
193,51
185,647
138,635
83,931
49,545
113,803
113,174
35,319
45,557
134,932
192,653
179,309
8,487
16,897
129,991
7,128
97,261
132,1000
123,658
100,100
89,771
12,454
40,382
129,883
157,968
127,491
76,787
174,671
171,3
73,728
56,604
188,433
197,574
71,667
119,57
56,94
23,540
26,236
3,630
170,907
27,564
71,997
190,758
91,73
71,699
55,7
170,915
150,896
18,170
176,858
136,879
103,626
43,784
133,492
100,878
170,771
31,262
95,235
86,616
13,969
93,881
165,686
86,789
175,57
71,151
72,900
179,864
101,82
125,569
175,530
42,415
170,695
157,415
10,179
100,634
119,405
58,437
188,749
104,474
40,866
52,491
68,469
192,1000
133,282
173,901
50,144
121,146
102,511
4,830
29,979
94,637
184,524
196,578
1,171
2,741
30,201
166,423
86,304
194,554
135,196
166,691
93,608
18,698
88,592
168,661
105,251
12,539
150,336
113,732
142,475
17,909
55,826
180,374
171,663
9,337
84,861
44,16
124,33
52,961
6,24
170,979
162,358
72,935
141,795
55,717
12,739
62,802
179,53
177,340
37,668
49,160
99,206
92,408
75,847
78,245
50,823
104,502
29,63
27,620
195,945
89,703
21,303
20,560
72,535
24,873
40,281
61,803
195,81
34,462
84,741
94,671
117,377
103,748
113,712
181,832
150,247
113,939
177,495
14,885
103,674
102,441
26,177
160,563
185,455
147,679
143,449
185,741
146,613
67,201
56,552
93,263
92,590
178,647
175,637
157,627
84,335
184,477
153,436
88,655
194,73
76,579
75,722
184,791
112,778
137,39
23,11
68,442
115,314
95,479
128,80
155,801
32,667
150,226
54,514
52,981
17,683
137,244
74,851
134,545
75,948
142,389
100,238
164,827
178,659
200,816
135,940
144,532
19,327
2,209
117,783
139,341
188,798
141,330
125,240
193,542
69,969
95,300
55,104
14,373
109,990
112,421
41,312
197,151
37,985
119,272
18,856
162,501
103,707
47,29
196,556
18,577
181,948
42,24
173,326
128,524
196,372
79,147
44,133
74,885
45,365
6,82
167,228
79,636
137,490
105,957
177,716
55,163
36,556
98,800
88,130
11,822
79,916
30,249
195,797
165,910
139,511
114,594
86,52
64,665
3,907
83,666
184,121
7,326
10,605
80,813
176,579
124,451
40,877
96,311
184,57
37,740
151,908
157,552
44,632
62,531
176,990
44,826
63,174
10,293
29,983
73,989
88,624
26,23
36,802
115,270
138,646
174,634
124,378
33,835
80,920
54,430
25,969
97,628
98,445
33,546
159,899
7,418
153,442
129,872
60,87
63,919
7,676
150,589
135,977
114,548
107,851
35,720
115,860
177,611
34,954
41,823
17,196
8,910
19,823
121,182
55,484
166,242
157,282
59,957
75,645
43,106
187,170
16,437
41,911
164,327
197,360
45,519
193,21
27,800
141,189
33,469
21,717
16,599
179,24
198,324
190,346
180,274
73,684
151,125
69,113
49,719
122,577
133,232
118,316
35,468
160,973
29,337
57,748
57,810
82,252
16,221
56,268
157,593
109,801
112,943
5,727
140,499
95,410
100,699
46,343
90,443
17,528
4,139
27,332
142,816
173,864
60,984
156,63
69,946
81,903
195,610
183,619
40,748
123,517
158,254
174,679
172,554
53,125
195,412
3,175
168,999
74,784
190,271
136,498
71,90
20,67
105,726
126,600
180,825
102,364
44,763
79,984
52,717
48,385
83,868
69,718
190,702
54,297
107,450
79,30
21,219
71,177
144,815
128,874
45,737
46,110
48,814
44,430
17,102
34,254
130,277
174,467
108,941
157,610
176,606
8,82
57,684
125,260
116,595
64,178
68,213
84,179
180,709
182,236
170,283
190,984
140,408
48,964
163,631
198,762
120,499
49,929
185,284
115,809
75,606
193,170
133,372
1,426
53,440
3,843
98,826
135,893
62,574
43,842
14,339
55,187
38,447
92,915
176,461
125,963
104,984
3,484
146,740
111,912
67,794
137,989
114,985
51,880
51,310
154,170
154,99
184,229
131,629
77,80
145,594
69,157
143,540
127,31
41,708
110,514
103,813
168,749
88,369
126,41
158,896
25,495
75,719
17,656
156,389
17,297
164,57
66,371
11,926
64,532
117,163
76,467
90,302
136,529
158,809
45,713
8,395
29,918
39,847
178,381
57,153
76,56
116,320
53,403
22,940
84,956
130,297
94,435
79,436
55,818
121,868
21,744
125,151
99,735
113,784
137,538
127,867
9,419
197,827
200,466
15,790
126,4
59,805
191,631
60,54
110,730
110,160
191,722
117,267
161,507
107,534
90,811
123,301
22,661
30,893
181,24
186,781
41,793
8,569
99,87
53,823
135,244
54,252
147,333
113,679
135,818
45,383
9,210
16,195
161,750
60,464
42,903
95,500
144,745
76,32
148,18
37,401
58,561
163,16
2,125
173,670
22,243
124,57
144,42
126,926
148,648
133,73
147,664
6,773
162,935
15,117
76,155
71,888
64,95
108,228
68,51
144,581
192,120
159,832
123,269
83,635
186,918
31,518
93,480
161,287
164,314
135,129
23,258
124,977
69,739
185,515
67,83
34,207
132,18
71,905
47,754
115,172
13,970
81,12
173,743
160,826
20,651
71,907
36,139
58,435
27,386
56,436
72,803
64,333
30,381
63,432
170,741
148,178
47,77
26,794
82,914
42,871
165,41
180,991
130,660
46,472
76,811
132,85
16,286
76,225
187,756
3,622
76,488
132,301
172,380
20,803
152,519
68,287
35,340
132,276
190,145
121,992
81,524
30,711
68,616
29,111
123,766
20,326
149,644
150,233
135,531
129,408
71,861
105,883
102,243
110,898
170,392
45,809
53,561
89,241
163,307
11,988
39,82
142,497
167,247
124,435
55,954
85,10
192,133
64,457
19,508
162,801
142,169
23,456
74,357
54,214
26,281
92,249
47,966
188,804
23,367
138,42
138,94
76,558
54,180
14,152
148,957
98,629
121,515
80,182
106,22
154,38
101,162
2,96
59,201
177,972
92,973
114,457
84,62
176,697
24,407
74,919
148,253
106,597
62,589
186,746
46,808
102,560
198,341
169,670
44,208
78,256
173,58
4,558
199,471
196,251
20,669
34,521
12,480
38,848
123,968
23,793
196,943
111,964
139,820
64,364
13,957
39,637
150,479
17,440
128,90
196,290
181,263
80,667
162,335
167,714
188,369
6,703
95,410
32,924
122,16
93,699
161,689
188,430
66,2
197,413
129,667
43,517
182,385
118,35
15,852
98,899
38,430
178,201
94,396
14,99
64,16
146,739
182,445
77,990
104,462
144,696
132,486
75,153
37,293
44,275
46,359
57,261
131,402
109,799
187,599
164,459
141,86
28,569
124,361
14,560
30,646
103,484
118,818
153,673
184,363
25,914
49,200
46,267
84,958
55,634
192,979
84,207
56,719
42,93
43,631
188,119
164,611
195,614
139,644
24,808
64,554
87,140
91,990
95,73
18,826
109,691
177,42
115,792
183,421
66,490
21,459
49,241
33,936
64,406
129,369
29,739
86,88
106,302
153,688
37,3
31,53
71,635
174,842
30,692
37,66
15,277
70,511
98,706
140,930
51,539
87,732
141,55
84,585
14,594
181,238
59,820
194,848
78,137
123,75
6,373
13,605
12,894
137,621
113,127
118,70
52,676
85,424
182,682
39,502
86,303
42,257
169,210
19,906
193,789
104,255
37,336
67,753
15,291
51,645
99,377
26,100
165,169
64,515
118,39
18,365
184,29
45,260
57,303
9,422
116,460
199,781
159,877
200,702
17,571
81,269
63,557
175,721
24,648
19,994
170,360
194,29
122,297
191,190
11,764
151,73
65,95
190,572
150,431
96,133
50,939
109,730
156,385
61,18
168,302
116,401
57,647
64,640
138,322
140,241
180,263
6,482
85,391
193,397
30,870
60,964
196,697
26,846
49,484
133,875
78,243
48,886
104,54
14,218
72,143
146,188
139,401
22,267
152,171
149,74
166,947
199,451
91,167
160,970
140,593
111,602
102,85
185,655
129,995
185,940
94,721
180,62
47,544
141,454
4,200
52,872
196,511
56,432
52,421
82,149
184,743
91,924
155,290
109,636
112,48
63,206
26,826
67,50
155,984
182,963
191,989
161,704
70,648
74,40
62,392
165,875
171,529
72,105
145,178
60,304
51,554
90,433
169,653
62,872
173,588
9,743
120,339
162,153
82,8
176,230
124,510
127,420
199,341
139,333
2,670
59,252
97,433
103,323
53,801
137,994
71,281
48,662
109,651
162,713
36,687
21,347
71,254
143,343
58,56
79,125
130,694
129,890
126,79
31,774
170,457
183,51
45,206
188,893
161,196
151,711
45,80
141,356
56,483
179,914
10,253
3,499
77,880
41,478
45,702
171,783
45,572
131,20
155,644
104,822
162,544
186,845
12,509
91,587
49,534
60,631
33,409
54,188
86,13
173,960
64,568
102,918
137,664
36,962
115,391
6,620
63,784
158,514
3,232
74,596
129,323
33,41
96,473
50,929
112,277
124,483
22,361
7,142
116,227
44,846
39,166
67,240
13,729
160,896
74,366
144,123
5,779
140,852
92,774
134,364
132,189
87,241
145,274
121,955
130,929
143,966
28,944
143,264
117,568
79,763
152,593
63,897
185,390
143,744
131,216
117,440
42,848
110,896
96,990
167,64
197,511
105,269
157,222
150,856
127,820
179,159
196,841
56,874
152,988
16,164
123,8
199,599
178,257
134,931
183,726
96,853
77,708
183,367
187,269
28,270
158,111
27,412
130,608
198,500
111,933
135,730
54,46
65,3
68,655
158,361
195,738
89,871
142,209
31,579
34,583
36,465
55,32
38,614
72,351
127,560
75,629
62,43
181,639
71,895
42,866
17,746
100,357
147,200
27,373
161,778
63,610
157,20
9,17
162,684
141,917
186,86
27,697
150,758
121,459
99,358
12,450
29,725
160,726
120,276
111,846
166,166
152,275
34,800
145,133
22,785
122,323
153,45
53,719
158,966
11,127
56,933
138,829
69,815
165,71
38,520
181,832
74,764
188,328
190,224
181,698
119,251
167,139
106,208
123,895
127,226
71,246
12,798
51,914
87,300
71,945
197,263
52,505
127,866
88,735
182,795
93,290
171,204
127,18
102,587
194,372
163,870
79,360
152,732
88,609
112,750
17,122
68,816
79,640
168,613
93,12
2,404
1,55
191,38
43,130
95,567
88,394
109,273
106,20
50,152
141,469
126,9
82,705
107,654
74,685
95,142
159,715
97,683
115,731
136,845
39,295
160,817
199,965
139,966
69,676
63,304
138,864
139,88
102,322
33,838
136,56
118,458
64,797
79,928
83,756
25,251
8,132
84,418
36,410
12,543
60,959
91,638
55,708
159,614
70,900
189,266
10,615
122,147
124,603
66,431
142,707
75,626
88,253
172,193
16,934
199,50
83,21
112,563
40,404
30,410
61,358
156,253
33,808
48,509
126,966
186,512
118,331
120,415
188,227
99,644
2,70
133,495
35,708
135,96
39,602
106,106
61,920
178,343
120,788
175,615
182,633
99,287
3,877
167,740
8,410
61,838
58,374
96,464
141,374
3,882
59,790
144,592
78,289
191,954
147,718
147,121
47,441
23,931
13,152
95,860
71,551
171,537
94,477
83,155
195,144
116,88
137,357
30,707
165,538
100,720
25,605
96,871
163,751
126,1000
29,974
177,268
30,923
79,477
149,812
67,324
64,309
59,973
25,133
51,17
198,141
37,112
95,986
30,905
118,984
90,935
30,248
95,597
35,671
78,415
139,107
39,996
15,593
83,999
33,25
85,603
176,831
189,93
165,787
116,513
74,182
143,913
158,856
190,671
65,516
126,593
111,927
81,331
96,576
76,961
126,121
61,256
100,114
57,640
176,815
178,93
17,956
93,379
122,949
98,220
3,393
87,820
119,11
54,191
169,689
110,94
145,515
153,43
102,456
60,517
161,941
177,708
98,919
99,596
57,185
106,613
178,133
193,539
8,510
37,176
37,634
144,652
30,896
41,979
179,812
73,725
178,903
164,531
154,971
76,310
11,384
59,921
87,952
63,694
109,53
65,671
132,976
86,815
89,867
105,497
64,614
93,231
144,464
69,775
195,908
173,943
98,259
68,66
198,69
50,774
49,626
190,456
51,447
149,74
27,691
119,643
96,378
120,699
190,269
33,70
117,228
163,36
200,562
1,429
135,424
73,36
63,334
107,716
172,212
12,643
123,507
49,834
148,154
79,780
113,934
104,383
41,734
195,328
49,880
130,871
109,920
188,926
184,200
5,423
55,807
22,378
59,648
148,777
34,645
31,26
27,627
147,472
64,812
188,477
148,117
96,686
118,801
74,826
136,934
165,878
134,712
37,330
176,633
61,844
103,942
182,209
45,856
144,13
96,687
39,355
164,453
39,946
44,204
130,321
30,791
64,991
38,551
199,623
151,319
193,731
62,824
57,455
146,812
97,130
129,501
119,719
29,174
168,732
123,670
128,796
176,887
38,972
51,157
195,745
51,179
27,975
98,764
124,553
126,771
194,479
104,626
149,698
196,54
43,832
17,676
3,499
69,941
199,326
74,999
25,298
64,913
145,381
185,833
32,713
114,710
76,442
56,707
124,136
157,26
152,679
149,858
43,700
184,64
167,84
104,373
130,792
46,857
98,80
187,759
4,333
177,691
103,401
40,804
142,252
7,460
55,235
133,786
67,476
191,380
135,269
161,696
12,431
21,872
137,132
91,143
142,936
41,696
173,130
84,795
46,524
40,981
161,124
84,116
144,849
49,944
180,106
10,839
67,926
80,811
40,246
143,362
154,226
27,277
132,266
10,495
86,824
164,610
9,772
52,982
192,875
68,290
200,846
111,993
116,931
43,70
172,182
78,548
168,591
136,476
147,2
26,510
27,297
50,552
89,615
128,74
91,525
170,391
147,547
79,763
164,297
173,549
30,146
6,315
52,90
156,824
185,567
5,841
150,599
63,485
96,887
170,555
134,340
93,141
61,942
169,790
120,669
52,810
101,860
30,653
141,56
37,671
72,752
36,609
155,833
197,2
55,499
47,231
47,107
11,218
172,814
24,774
32,756
50,941
151,885
152,370
94,144
168,791
106,370
200,176
91,332
16,532
114,696
38,505
64,613
191,743
75,71
99,950
130,846
190,463
53,41
33,81
43,994
195,936
35,596
38,179
181,656
92,756
127,361
82,379
164,159
29,774
95,910
149,464
133,852
61,571
90,323
89,3
143,401
56,449
103,455
159,398
159,760
74,67
21,880
53,611
58,832
148,199
133,97
175,210
136,21
48,879
42,10
118,826
181,280
148,953
52,154
196,777
12,19
91,247
174,332
22,309
154,554
65,172
40,927
138,598
21,120
183,592
32,155
182,729
36,31
124,787
148,58
121,963
130,213
69,827
123,231
106,887
70,421
36,359
172,505
101,605
62,701
48,131
39,831
139,13
113,284
15,857
47,667
48,285
182,820
106,357
181,151
106,558
31,216
48,270
97,581
126,710
78,556
97,993
129,824
187,715
72,858
89,259
150,520
61,562
66,577
113,815
14,14
36,363
150,141
111,449
83,726
117,242
20,200
166,236
86,301
189,639
183,141
113,945
22,860
89,134
62,932
191,715
50,432
27,610
55,425
140,868
19,300
200,328
69,657
148,105
34,198
71,249
63,358
169,462
193,577
103,80
162,883
45,177
121,758
94,70
58,796
187,285
82,214
183,982
76,831
168,27
76,919
129,155
33,800
97,79
178,382
93,10
147,816
182,510
102,661
28,898
45,767
181,948
139,882
71,938
64,891
125,225
36,113
196,324
123,949
17,420
34,128
110,580
158,707
135,238
61,866
174,435
12,528
67,710
184,819
58,108
127,727
15,239
79,394
97,328
181,138
1,189
150,408
189,95
121,604
44,706
121,202
120,103
183,697
40,708
61,918
156,898
31,711
52,34
73,250
20,731
19,994
33,162
163,785
150,127
185,514
81,309
110,650
138,949
64,452
92,832
31,334
189,676
59,483
113,473
17,919
137,203
184,84
101,758
70,38
168,500
183,837
72,308
174,549
105,758
39,729
182,985
124,6
197,944
21,648
37,440
191,909
183,567
161,40
103,109
62,232
101,873
161,897
94,668
92,42
124,364
17,676
107,767
198,936
14,862
76,987
59,395
38,324
56,815
46,519
53,150
96,467
15,148
51,836
169,436
152,941
181,173
50,982
141,331
151,607
21,421
120,155
146,832
153,953
132,599
133,346
199,941
118,757
92,861
97,129
153,150
124,144
32,72
18,237
17,267
78,872
135,721
12,276
191,172
103,237
71,826
143,918
20,310
34,102
28,866
64,279
129,231
61,616
71,792
99,946
25,665
158,985
19,862
34,546
186,858
158,662
142,791
160,76
169,681
146,822
101,319
177,683
172,998
133,78
48,3
15,1
50,222
140,583
58,698
38,41
104,47
136,874
122,813
86,841
45,225
59,120
79,45
132,137
148,856
14,79
148,956
195,520
171,863
29,804
73,872
104,675
100,705
84,301
134,89
188,604
125,648
95,591
157,224
134,331
192,979
185,945
26,435
45,528
98,117
85,955
197,859
28,92
197,146
183,742
43,359
27,37
193,337
96,561
182,340
131,501
140,245
58,368
42,538
2,275
97,376
181,683
118,367
40,118
190,627
176,931
177,637
121,216
137,275
32,252
32,594
113,384
42,633
191,56
111,481
141,509
192,914
7,115
134,93
199,502
194,544
138,601
96,865
51,41
192,981
5,774
136,78
78,698
104,966
53,409
96,345
143,619
96,35
189,476
38,309
100,426
55,256
134,747
149,934
52,441
64,238
181,241
80,274
55,953
144,357
79,689
179,202
144,640
64,790
142,980
68,866
79,850
143,155
177,216
93,447
93,428
42,349
79,837
184,217
71,779
9,47
179,6
100,513
33,822
79,660
173,39
84,615
24,185
88,744
163,517
20,51
121,756
15,416
34,462
169,742
84,746
179,881
48,285
65,754
8,810
1,499
176,582
126,907
183,583
160,975
200,876
27,161
20,383
52,293
41,848
23,341
20,602
160,805
109,189
167,291
76,414
37,401
37,512
124,854
161,692
70,569
72,253
90,1
193,757
155,120
45,800
109,967
27,644
17,687
23,16
141,993
111,534
8,789
171,955
107,470
152,221
195,183
136,604
17,694
52,399
144,719
50,842
167,34
98,853
176,4
57,445
74,570
58,833
164,424
180,421
139,361
175,739
103,158
35,685
11,887
129,696
42,35
152,871
198,572
89,358
117,587
74,786
110,517
147,691
145,701
109,2
66,365
107,450
48,895
185,192
157,937
37,793
78,773
186,621
128,514
157,606
92,968
47,301
132,7
14,126
161,75
88,127
144,983
196,949
4,177
169,213
103,400
189,110
81,271
11,56
126,414
14,106
51,692
30,153
77,509
171,900
151,849
117,382
55,931
140,221
127,343
138,159
150,498
163,711
107,12
193,976
39,181
190,620
74,28
95,541
59,172
31,334
48,850
129,307
169,671
186,917
83,984
78,361
104,720
157,392
185,383
24,819
178,930
189,133
3,93
107,242
193,752
55,693
156,241
93,970
157,531
101,194
163,260
85,929
131,842
177,793
164,880
182,79
36,423
169,600
31,469
169,314
19,12
121,293
95,25
10,959
88,77
188,708
162,82
154,34
165,310
130,991
36,567
84,710
124,27
70,778
176,973
72,169
17,469
8,894
140,747
87,119
131,262
94,38
104,55
96,823
60,15
13,64
191,712
52,784
9,104
80,642
83,952
48,945
171,835
35,780
170,800
76,302
21,734
80,178
87,735
93,951
21,368
59,519
98,376
126,865
24,223
107,357
110,802
184,970
113,399
103,862
108,422
7,951
10,929
93,626
79,398
134,799
156,967
169,233
27,551
78,398
135,49
70,433
72,435
190,810
73,821
21,631
100,82
127,491
42,391
37,38
121,735
73,883
20,740
48,879
63,5
75,967
162,865
162,158
72,613
118,753
115,580
18,289
193,678
31,896
170,94
159,715
137,474
13,501
164,551
47,95
2,191
27,43
144,553
176,91
79,530
177,988
95,688
135,595
176,548
166,176
24,460
32,761
62,491
161,504
180,304
66,211
191,64
2,363
36,40
39,614
34,150
112,943
92,771
88,756
139,119
28,390
97,985
147,868
39,83
136,510
64,158
185,85
50,556
33,437
122,126
93,244
173,365
185,372
36,660
29,196
167,616
110,784
41,999
83,327
171,555
190,74
189,296
173,705
65,89
144,321
47,258
35,558
196,541
187,177
108,637
37,518
197,208
13,359
58,499
32,190
155,841
56,735
77,91
70,357
89,871
176,312
15,860
83,736
23,178
154,178
166,955
62,579
29,622
3,567
23,671
113,801
160,768
91,867
10,728
51,92
107,35
183,284
130,538
110,720
196,851
171,932
77,993
185,469
103,630
82,787
120,139
148,338
190,145
121,554
45,590
17,1
20,536
138,386
164,82
112,189
102,557
69,899
142,667
41,371
5,494
45,643
172,383
13,572
182,270
159,799
136,753
200,324
121,98
177,682
121,840
171,762
18,778
113,472
1,493
76,731
135,92
118,936
34,10
117,36
149,123
38,794
165,62
16,65
44,860
1,821
191,153
137,342
136,495
72,467
16,251
54,379
6,16
43,912
160,509
131,618
175,401
154,136
164,968
139,905
67,639
155,898
115,193
69,403
58,523
29,551
50,620
115,215
56,803
104,202
106,929
191,843
170,212
25,371
194,295
65,76
59,27
97,622
187,413
97,408
93,744
41,283
107,365
26,794
11,661
150,633
164,866
40,797
161,7
43,792
37,25
162,883
48,936
173,963
86,802
83,542
122,518
103,718
87,26
59,688
188,180
176,909
74,301
182,974
145,657
107,835
117,164
108,513
119,453
40,54
98,735
121,390
39,510
84,359
68,374
140,379
154,161
65,492
197,906
106,529
78,152
140,911
129,22
42,681
162,555
148,991
96,493
41,746
24,238
104,156
36,580
70,631
89,615
24,288
17,310
60,424
176,962
199,232
57,802
126,478
139,359
50,885
54,850
51,277
49,456
1,311
11,217
141,37
17,17
69,917
185,221
103,599
94,139
19,127
91,532
184,549
154,489
14,565
149,998
165,23
156,444
116,714
161,489
100,251
112,197
194,410
175,749
38,345
175,925
21,714
169,398
105,24
178,740
1,440
65,178
173,595
44,462
56,163
34,18
100,181
172,480
140,929
191,262
46,23
174,449
99,639
91,835
44,974
148,22
5,592
15,954
28,582
63,297
54,946
65,653
115,391
124,386
128,185
174,825
130,479
52,668
146,268
178,264
123,46
75,263
141,218
142,17
165,512
64,439
43,811
35,990
138,580
12,886
27,291
83,310
123,260
180,209
41,586
138,653
108,169
18,167
163,22
134,753
63,6
56,920
119,23
12,848
161,659
82,408
180,749
180,877
68,200
196,238
37,540
65,953
186,138
41,666
42,71
108,862
189,172
157,107
167,16
79,65
1,870
38,223
172,745
21,228
168,362
107,722
140,729
16,551
120,942
185,975
60,654
191,644
165,876
199,742
10,351
54,563
188,144
164,610
15,252
45,458
159,601
67,748
176,441
44,644
105,961
199,449
54,951
50,713
200,247
112,331
147,159
61,732
145,557
29,897
134,172
183,120
175,562
2,753
118,306
26,54
6,717
44,55
147,273
48,374
139,280
131,466
37,22
87,510
45,300
124,927
6,566
34,984
125,395
177,779
138,436
33,758
23,774
79,58
63,753
182,856
191,564
164,60
160,76
171,487
112,193
190,343
95,348
129,869
151,267
126,600
108,920
121,294
196,114
76,331
128,108
19,795
38,811
185,769
112,53
176,530
126,464
11,161
151,543
166,646
147,742
26,521
91,8
60,211
103,259
114,946
147,4
128,70
123,118
94,40
2,738
40,836
135,909
15,331
119,255
18,685
37,576
162,346
14,873
18,859
196,846
139,655
47,560
71,854
124,88
197,938
35,106
153,496
76,160
80,277
177,154
187,31
184,379
120,17
36,226
126,875
83,424
34,59
21,886
8,255
132,914
194,369
24,519
58,787
128,785
130,610
17,788
110,880
88,701
96,648
22,441
69,805
199,265
58,730
69,739
116,279
146,257
177,850
24,749
92,429
121,255
140,299
75,183
117,485
61,249
45,367
59,940
37,24
49,465
48,693
189,989
70,564
133,309
32,280
109,631
67,402
157,144
97,708
65,705
33,410
161,970
33,851
142,986
152,663
200,262
58,516
181,137
15,230
39,724
138,137
65,198
75,244
87,523
26,437
84,187
33,535
155,299
147,781
39,458
46,255
158,584
101,486
200,137
66,861
67,915
103,12
10,296
12,315
90,931
130,637
153,600
107,320
117,11
155,562
23,863
122,34
61,450
71,630
3,119
181,336
9,806
171,905
178,436
178,923
36,94
99,782
31,75
115,373
19,806
97,712
58,230
199,10
122,223
75,910
37,133
89,799
61,446
66,144
186,31
118,202
111,859
62,526
83,434
108,601
123,693
129,277
187,513
53,424
63,8
12,23
88,605
22,882
131,405
131,702
8,323
158,671
106,620
101,579
107,146
184,84
24,452
200,151
175,706
83,855
25,326
121,436
78,240
83,354
74,896
115,403
187,263
8,664
20,653
18,447
55,809
12,550
40,679
51,261
96,735
17,702
61,891
80,849
61,118
22,360
1,739
7,107
130,907
27,560
3,804
200,670
163,870
96,639
29,55
199,816
125,5
40,254
122,541
81,795
193,269
78,197
137,450
167,351
42,436
25,112
171,675
151,834
174,80
1,238
143,537
156,21
13,655
40,794
25,617
125,997
126,323
200,619
145,535
48,717
64,671
13,256
11,766
30,535
38,352
46,962
158,387
67,294
107,273
29,516
92,461
126,981
144,229
155,986
47,823
7,999
76,733
154,235
31,850
65,713
125,60
78,148
38,348
113,547
140,71
197,384
12,172
31,167
167,807
27,726
107,745
34,7
173,87
108,912
149,394
167,463
85,227
178,986
68,258
113,370
104,112
160,340
54,724
22,510
48,231
98,895
183,811
198,741
22,282
106,351
181,234
136,588
37,696
5,702
60,623
44,563
174,193
103,978
135,948
32,275
10,284
185,940
129,74
158,435
54,955
132,526
60,22
10,193
140,920
83,671
117,378
149,502
93,144
114,417
57,902
192,292
143,417
116,683
141,780
6,230
34,490
99,499
65,978
74,315
123,368
186,150
127,108
18,682
170,215
3,208
125,617
24,650
84,828
185,309
57,620
28,120
86,525
146,773
10,561
126,301
29,997
18,439
19,859
172,203
78,367
99,894
170,33
56,76
118,98
58,450
104,6
44,985
46,103
46,903
187,721
71,21
89,396
78,660
111,845
76,679
52,212
64,645
130,1000
76,944
152,638
95,679
87,207
119,837
137,828
52,79
8,749
167,131
189,936
17,825
184,761
78,644
91,105
192,553
99,371
101,925
163,939
55,785
94,730
36,59
198,892
75,700
108,780
36,228
49,34
111,317
199,169
37,1
128,885
96,785
77,519
77,206
121,331
163,650
115,639
37,702
132,538
134,439
33,725
56,305
85,785
185,372
180,476
95,630
78,100
136,487
170,621
92,439
174,743
32,198
150,45
182,33
7,449
179,471
73,514
2,176
143,121
163,653
144,878
57,817
94,357
29,16
139,738
53,145
37,497
90,841
33,178
198,902
41,878
188,300
9,655
166,984
69,432
56,861
18,283
124,323
77,933
57,962
103,510
18,673
20,102
126,866
112,60
48,108
194,870
120,59
103,53
157,14
135,572
159,522
122,294
42,610
87,732
137,308
25,941
129,884
92,272
142,999
192,923
122,520
21,403
80,500
25,912
15,395
27,130
92,190
74,642
20,468
143,296
81,52
74,240
155,268
192,612
19,268
47,957
146,125
110,484
169,246
35,282
79,825
76,163
136,759
87,895
3,624
83,636
99,417
21,434
157,673
7,576
73,438
117,68
43,516
67,273
178,930
102,745
23,15
111,36
83,140
104,131
16,928
103,614
136,383
28,996
47,989
173,874
77,446
141,294
113,878
54,787
116,844
8,685
91,844
162,550
27,498
50,112
57,178
63,975
107,693
2,766
129,182
25,938
29,833
158,32
19,135
4,571
128,315
24,411
116,534
138,393
51,733
137,119
46,65
157,907
132,145
11,66
165,420
148,246
147,681
164,436
115,637
3,167
9,970
198,226
86,983
172,976
194,691
97,239
179,647
124,583
184,35
91,145
152,397
143,723
116,812
193,511
12,122
115,657
148,667
50,120
183,720
192,838
65,933
112,732
185,160
15,469
29,492
73,763
83,411
63,732
114,538
182,930
134,196
158,405
71,393
60,375
182,301
177,750
165,695
128,621
175,990
7,624
57,233
155,219
167,885
20,733
147,3
9,289
172,231
110,588
199,411
86,351
70,17
4,644
110,480
7,71
200,737
181,931
147,428
152,403
97,754
192,275
143,767
89,189
91,437
126,193
60,639
17,111
156,966
117,432
161,966
146,602
197,299
179,350
169,584
148,755
122,704
100,189
180,692
95,141
152,153
11,882
23,885
143,238
105,791
45,489
41,7
113,191
22,505
152,672
94,465
78,153
84,345
147,650
4,951
37,795
70,539
53,4
45,220
59,224
82,243
99,781
136,793
36,974
134,704
81,649
61,277
185,130
72,919
191,669
73,331
95,118
48,887
119,689
70,534
163,404
25,756
158,112
110,900
170,74
60,785
179,442
103,267
21,63
55,414
170,686
1,998
11,252
198,126
94,264
133,752
162,301
31,294
82,320
143,71
139,557
179,994
78,771
114,866
70,961
90,110
114,406
195,628
194,553
68,513
89,508
14,560
122,877
9,505
86,494
153,949
37,510
15,206
2,559
69,305
152,17
147,957
121,386
3,559
163,345
14,584
47,980
178,922
100,742
60,757
112,409
175,710
55,992
191,202
76,423
130,514
189,678
54,738
146,228
95,316
191,369
38,200
91,851
101,325
70,512
91,790
170,595
185,925
182,722
117,713
136,285
136,855
132,290
61,678
97,622
122,199
133,964
38,695
195,421
138,508
123,397
138,602
38,333
68,155
146,132
92,472
197,920
118,226
74,96
3,613
70,409
95,282
36,311
116,232
161,56
78,113
168,932
122,285
146,487
127,903
57,761
89,420
97,990
143,94
121,560
1,218
150,815
155,694
194,582
126,537
124,832
95,342
97,866
49,737
143,731
1,312
25,409
71,757
18,23
163,107
165,289
137,306
195,291
66,719
146,596
63,111
137,595
176,419
139,255
16,746
38,101
159,944
29,943
180,280
108,710
87,431
193,822
97,718
116,313
117,120
194,459
151,414
197,33
118,30
88,850
11,66
144,545
15,155
54,997
34,347
149,458
54,431
111,538
122,692
89,350
191,366
99,485
31,37
189,703
155,960
41,459
58,144
67,518
162,854
16,972
75,173
185,266
31,856
99,199
165,666
177,671
73,654
57,286
95,461
171,770
113,788
71,915
103,231
130,679
26,566
165,747
28,220
165,30
39,331
195,329
65,953
115,273
161,389
85,962
10,217
171,974
41,677
78,998
137,997
29,548
45,20
176,910
53,580
118,256
81,886
68,21
9,706
81,975
66,912
49,359
42,499
178,953
158,907
38,609
190,581
103,371
10,235
46,283
74,751
126,364
178,980
31,444
63,875
6,599
177,19
197,981
139,211
139,488
130,320
51,158
35,196
86,624
70,903
35,151
28,10
131,823
9,768
138,148
166,961
145,231
136,450
189,61
46,293
25,855
145,443
39,662
23,204
5,858
98,656
56,81
77,186
12,373
74,118
10,379
157,147
134,286
137,967
117,629
1,896
9,977
106,559
38,877
34,640
16,302
97,937
160,588
86,206
157,580
110,619
139,9
157,16
129,770
67,949
172,376
102,147
192,72
22,813
60,316
108,117
43,92
184,370
68,191
4,693
160,538
189,297
75,310
4,275
196,722
20,204
26,373
97,46
160,108
183,696
55,799
21,541
45,983
82,750
85,92
22,887
10,197
74,625
158,527
95,827
30,600
25,727
37,77
173,521
46,70
97,17
130,501
155,925
149,607
194,999
181,613
101,796
130,4
57,938
185,164
79,360
43,400
158,536
135,617
38,750
18,834
94,622
77,645
48,240
114,474
52,169
153,447
69,927
24,863
59,373
97,383
50,54
72,224
81,679
193,671
190,141
118,232
28,373
196,556
141,736
106,970
180,650
165,89
148,60
73,331
33,250
168,416
95,401
124,468
133,95
156,858
67,492
74,280
123,196
57,425
101,230
88,642
120,802
33,10
151,668
159,308
70,794
146,267
2,592
165,290
158,658
35,689
35,396
165,740
21,992
101,668
27,806
23,65
58,463
101,620
186,182
64,609
7,194
184,947
68,599
175,35
83,286
27,23
139,673
146,188
133,193
36,399
61,138
140,23
192,535
94,553
81,991
82,360
177,98
156,501
26,503
123,910
161,193
154,351
87,89
115,441
98,252
162,841
36,594
68,718
115,766
125,173
97,598
85,355
172,796
49,156
144,308
95,963
123,157
193,615
59,821
148,387
142,688
7,547
61,375
72,592
9,953
140,399
159,622
173,929
62,878
178,691
49,966
110,563
84,330
99,824
28,297
44,46
83,239
62,291
15,567
193,829
102,874
130,224
149,253
174,565
55,819
153,739
144,725
53,333
3,689
90,686
87,367
3,644
5,212
173,197
50,32
164,973
38,799
125,225
183,619
68,605
110,558
89,332
182,456
20,134
177,405
192,268
57,44
184,121
180,894
96,28
64,657
174,859
57,276
58,111
79,222
156,746
92,443
31,631
94,622
131,509
52,890
67,324
38,983
109,146
47,836
163,868
171,109
11,419
192,206
23,494
22,284
172,917
95,308
132,981
123,445
39,407
69,648
80,780
175,785
118,845
111,821
133,698
113,800
74,454
91,391
127,142
189,420
152,974
111,554
151,46
16,842
69,214
64,815
172,497
65,978
146,767
174,461
53,481
142,102
80,59
51,720
192,960
144,684
16,203
18,725
146,646
182,980
125,472
139,260
73,292
110,257
200,712
103,896
152,923
21,232
113,150
128,378
187,405
78,875
190,438
30,981
74,984
163,676
11,283
102,653
108,11
192,906
73,348
93,114
68,518
31,374
74,623
112,124
16,222
189,805
175,862
105,931
157,868
113,483
178,405
144,138
101,551
148,742
180,362
167,942
183,699
89,916
50,177
192,650
157,900
40,541
101,84
60,508
17,248
77,251
200,427
51,872
135,354
101,274
154,198
196,826
188,98
99,878
53,899
127,44
124,768
79,616
82,858
138,962
52,733
87,661
138,949
173,94
26,333
90,183
77,35
110,787
152,583
51,884
163,972
23,795
17,503
107,663
109,327
71,801
81,29
82,190
37,568
134,932
130,666
26,843
91,449
65,287
71,235
19,929
52,899
136,49
16,340
30,225
79,275
134,769
56,544
80,144
176,845
66,932
121,873
33,308
39,803
114,16
22,74
119,83
53,354
153,288
139,678
107,952
189,519
110,89
66,4
158,396
78,581
159,371
162,997
192,47
94,260
200,208
180,780
72,615
79,799
17,977
16,671
172,206
86,375
138,819
109,130
85,826
96,182
151,165
108,191
103,738
22,770
97,773
68,634
193,495
132,690
87,629
111,767
166,207
180,577
13,385
117,430
110,136
123,37
41,885
45,408
179,35
97,488
40,993
142,245
56,552
20,840
83,341
25,814
39,914
62,313
71,991
34,904
111,254
11,35
143,179
132,918
44,616
85,573
26,876
176,908
49,11
190,482
82,5
163,304
2,712
118,205
169,91
26,851
137,1000
99,219
32,752
67,921
119,110
93,552
158,138
181,804
111,446
9,930
175,587
7,981
187,58
8,188
61,512
52,651
140,351
120,549
171,13
44,701
135,900
13,796
24,184
141,813
156,724
28,188
80,394
58,621
140,891
179,523
138,332
137,507
173,878
54,449
134,855
41,236
127,535
14,970
172,709
32,768
99,113
142,952
32,420
35,647
178,780
22,94
29,344
162,434
125,772
77,768
53,41
85,891
85,524
181,777
129,67
186,931
22,964
71,430
56,411
84,114
200,83
147,70
102,399
188,852
121,106
73,950
199,839
1,256
110,308
15,858
97,898
45,290
113,919
4,176
103,805
190,732
108,871
133,122
1,210
18,794
189,265
148,260
145,759
97,536
112,355
106,480
196,865
16,47
72,887
34,167
96,726
138,214
98,661
135,900
59,991
197,100
75,209
150,163
19,502
183,562
51,13
85,900
92,526
123,985
104,573
34,96
63,196
134,218
38,385
52,111
153,431
85,915
178,894
125,222
50,155
49,377
20,125
92,431
51,266
66,508
71,573
181,712
135,454
195,975
158,396
23,660
65,34
189,970
39,720
9,550
83,451
135,998
133,156
160,527
183,255
187,667
76,744
75,542
141,711
64,498
90,732
22,795
141,323
114,905
109,484
117,645
120,275
76,117
128,155
138,546
160,862
87,562
121,812
170,688
12,267
125,304
117,120
172,134
80,703
140,840
49,274
74,907
89,166
22,95
151,355
54,335
124,679
132,4
62,79
160,44
105,544
38,161
4,460
89,970
197,524
76,293
195,268
34,65
95,712
196,876
51,678
80,840
86,228
66,355
41,315
147,621
166,724
103,209
4,352
84,396
165,80
7,869
50,484
153,470
106,179
154,797
165,294
106,410
26,641
199,350
151,48
94,920
40,795
66,302
90,447
37,521
58,489
64,534
1,389
65,591
82,101
194,142
39,815
92,318
189,938
180,273
149,493
175,738
15,400
62,744
79,414
163,766
49,620
148,531
187,647
29,553
199,132
172,985
156,8
151,29
95,531
46,605
24,491
54,75
71,787
53,411
84,765
14,241
93,10
74,716
146,742
99,664
155,182
145,355
33,514
183,961
111,426
88,359
134,753
8,938
117,220
124,352
66,465
109,826
168,793
7,696
57,546
57,882
189,32
66,344
102,751
112,651
90,199
63,91
24,736
150,83
39,606
42,552
95,801
59,667
36,43
144,106
34,91
64,92
91,968
55,621
97,335
27,563
137,605
158,995
147,4
72,380
18,141
24,891
3,125
180,276
23,440
118,609
7,513
180,678
81,378
89,760
4,479
157,744
7,793
96,619
125,995
56,711
126,640
18,162
64,78
13,873
163,9
60,749
156,692
194,400
63,769
106,653
30,32
72,831
164,233
195,755
72,77
99,985
112,500
85,688
92,843
55,967
110,233
164,218
192,885
38,228
197,735
126,941
26,962
141,326
111,439
42,395
186,679
127,34
93,70
155,141
52,288
122,399
167,209
46,214
137,355
6,608
175,788
153,610
106,841
73,154
133,16
138,669
96,806
52,120
99,613
200,954
114,970
47,323
152,727
58,250
61,570
21,844
102,526
13,542
61,342
81,730
169,494
187,615
14,220
22,46
123,233
144,930
91,138
3,224
129,224
72,98
122,215
85,918
128,894
143,140
2,883
40,504
140,755
4,641
145,448
139,688
60,236
172,579
196,470
186,513
115,378
186,479
126,887
37,247
92,106
179,660
86,395
117,805
75,413
111,266
135,619
106,22
24,849
194,490
191,909
6,395
52,992
14,757
156,244
100,30
75,828
110,90
183,121
7,701
36,89
167,457
188,317
134,300
158,781
165,925
127,840
153,905
94,633
76,656
196,647
191,682
7,326
25,187
161,219
1,230
63,328
189,167
81,66
21,795
198,679
77,863
170,322
84,7
62,201
151,518
94,673
133,161
77,289
134,343
101,311
4,14
18,300
31,556
198,758
182,337
187,563
127,66
81,451
4,651
190,821
151,858
21,948
31,223
32,637
149,540
64,55
138,737
191,134
120,774
116,857
34,149
54,747
189,248
179,121
189,251
184,331
114,201
48,992
73,977
108,800
151,739
101,854
157,327
126,370
190,794
54,32
79,514
12,959
170,55
72,126
167,983
167,885
73,414
178,873
124,64
27,6
146,940
13,762
32,386
10,887
154,247
92,108
140,346
46,502
138,481
93,955
16,286
49,614
30,315
144,527
163,268
110,510
41,503
161,650
107,63
11,881
44,145
10,637
187,398
90,202
146,236
148,453
45,320
34,371
167,743
107,191
136,305
41,465
144,470
161,317
187,483
115,908
90,366
100,445
166,546
27,308
105,887
22,792
115,8
80,566
83,308
55,859
172,376
192,99
23,726
183,372
135,492
155,115
191,925
107,134
123,324
41,944
166,7
70,162
176,983
92,558
71,899
94,152
25,970
173,304
151,491
103,506
166,138
108,207
173,155
103,888
22,638
147,491
3,90
180,960
60,334
69,882
22,818
183,446
191,142
120,830
49,115
27,268
194,567
140,24
58,266
10,69
142,345
96,776
43,588
124,600
93,309
87,378
173,689
14,834
162,479
178,358
139,943
136,252
113,811
100,217
3,574
82,658
173,98
11,658
121,934
153,529
1,1000
66,897
49,126
71,346
78,602
78,376
180,896
96,38
23,473
19,147
96,473
195,990
157,256
137,812
144,647
85,624
120,106
180,168
12,224
187,462
109,196
103,472
173,35
63,694
115,622
109,213
67,450
49,498
168,480
72,185
151,363
4,423
112,769
138,696
6,998
109,975
104,386
158,533
142,110
150,562
7,556
140,314
83,112
92,359
55,457
176,273
3,37
162,457
102,676
166,370
144,865
55,292
30,209
166,420
175,675
56,855
67,688
172,596
200,752
30,149
12,578
143,958
121,424
155,682
71,854
22,533
162,181
82,676
74,114
89,93
90,945
102,529
18,627
182,110
74,186
78,234
138,796
174,850
74,940
80,530
96,545
194,782
136,435
141,410
53,222
16,232
116,643
45,162
19,551
33,10
63,161
46,778
52,991
173,645
169,503
18,907
78,151
139,452
200,457
75,792
133,856
134,861
18,389
54,56
150,7
38,683
119,682
57,588
148,904
86,381
192,518
188,366
69,946
22,137
169,74
12,98
111,673
27,424
132,664
128,747
100,871
180,262
64,486
61,578
19,526
74,639
74,839
82,446
144,588
177,921
174,591
136,541
139,950
74,463
167,631
188,658
159,848
86,761
69,977
64,614
40,127
129,969
165,436
7,260
50,158
80,712
85,680
137,174
174,405
130,264
136,2
84,288
170,249
91,748
182,89
85,57
31,920
190,117
181,206
43,913
121,648
153,152
138,186
92,84
46,362
23,501
45,543
52,749
62,362
128,550
197,275
47,946
76,548
120,815
27,360
168,102
110,741
195,826
31,506
20,308
142,226
145,483
11,321
46,219
139,791
4,327
104,205
100,157
108,333
84,849
81,799
145,129
60,603
130,918
26,248
112,344
160,889
13,299
162,539
76,321
135,724
123,559
146,613
92,333
39,914
37,724
90,392
23,788
137,43
164,869
122,597
114,140
80,446
172,522
146,537
80,777
17,313
126,295
113,191
103,596
10,974
137,864
172,131
164,962
47,46
28,194
114,60
42,656
153,491
116,554
161,332
112,117
16,831
45,438
86,457
39,34
74,536
43,132
139,650
128,638
149,21
183,729
51,713
30,910
124,473
149,112
147,902
154,299
22,249
146,351
104,61
176,525
104,471
90,210
112,189
32,24
134,734
129,473
8,986
92,778
107,95
125,50
168,477
150,111
126,194
79,678
125,801
195,397
34,254
152,738
81,706
150,673
77,980
155,642
49,869
176,743
141,626
71,58
85,112
165,393
139,318
55,308
174,982
128,654
101,422
42,552
194,970
167,569
121,96
80,122
143,677
102,160
170,760
108,696
98,90
112,549
177,746
105,291
51,815
9,24
89,271
35,231
56,983
52,386
113,362
64,472
153,496
28,352
59,418
188,653
45,870
163,602
12,914
125,466
52,7
90,189
42,76
110,796
141,681
149,699
65,933
185,139
116,473
146,813
87,395
59,824
82,281
108,409
68,10
66,319
50,135
55,719
126,956
159,792
43,262
176,825
94,466
71,598
68,607
35,8
35,686
180,410
28,303
67,695
172,542
26,373
19,718
178,627
193,868
10,237
185,448
184,363
66,662
33,922
22,500
71,506
181,33
12,684
72,829
161,428
169,187
70,654
61,627
48,701
150,507
130,503
164,675
121,741
147,193
150,127
45,476
35,672
146,597
134,254
192,231
101,107
82,435
118,854
57,676
195,617
118,575
128,949
143,448
27,818
88,789
11,905
6,800
159,107
137,135
81,406
23,167
136,130
156,366
84,365
17,157
28,731
102,604
151,785
16,999
167,780
105,475
62,461
26,624
114,937
95,289
96,699
101,632
127,997
114,678
127,29
154,247
141,830
42,58
185,136
12,758
117,97
142,775
37,354
61,906
72,356
143,609
146,822
66,905
184,498
172,633
123,551
180,205
110,8
131,185
200,975
88,385
3,22
165,914
198,416
173,848
41,1
18,35
69,891
198,403
99,215
118,847
153,861
149,102
193,689
97,824
179,950
96,16
87,812
79,102
104,952
32,408
129,305
23,18
57,200
122,989
144,872
138,38
23,277
16,918
16,291
128,961
104,676
69,575
46,173
8,165
115,349
38,212
116,506
135,39
31,121
146,476
129,600
102,918
83,515
181,534
122,746
39,77
33,31
95,654
167,496
50,453
150,982
179,883
11,989
155,39
82,593
108,127
138,40
134,655
150,227
114,13
180,260
108,346
168,229
132,475
60,423
67,486
77,553
159,81
115,986
15,418
126,914
84,342
56,909
135,897
56,935
78,705
118,633
141,224
143,63
162,31
81,690
106,305
1,60
48,624
126,766
33,455
117,732
181,878
149,779
160,52
23,745
160,172
149,928
184,480
195,390
23,399
191,327
78,871
110,244
72,368
15,208
134,261
48,747
88,479
180,601
109,366
42,754
100,946
5,477
137,739
29,233
43,558
123,900
128,725
94,462
107,611
48,817
28,840
66,437
112,985
11,285
86,885
11,631
191,429
172,275
186,401
109,220
189,755
176,998
109,729
163,533
101,354
26,570
112,908
179,221
130,113
129,489
59,662
4,125
55,528
103,38
61,500
156,827
166,779
68,275
53,882
122,430
111,158
100,622
134,614
111,461
183,177
43,637
104,324
6,696
71,943
134,547
82,571
106,565
184,392
99,150
77,755
23,183
17,200
79,51
67,365
68,305
90,268
91,505
22,320
183,746
8,771
135,975
170,246
112,838
138,290
167,198
116,129
42,569
143,127
20,413
65,598
64,332
8,177
67,783
23,987
67,475
110,223
184,307
21,594
11,907
169,554
37,429
172,542
41,794
198,549
10,359
68,997
155,752
33,813
2,701
111,156
83,698
156,129
29,275
138,887
171,847
169,718
30,971
13,996
14,643
67,243
171,980
55,166
141,703
127,972
88,220
27,515
184,742
160,869
97,537
150,341
119,80
164,707
91,306
143,864
20,580
184,733
55,324
106,833
41,565
1,712
174,525
20,681
18,780
67,156
86,120
94,212
194,159
69,285
43,873
200,645
75,449
193,679
190,698
34,376
103,614
200,850
194,138
109,639
170,561
126,3
23,6
133,316
6,296
131,167
11,831
197,607
164,863
170,253
163,714
3,291
56,352
170,152
180,86
51,370
101,982
93,197
102,477
87,548
34,790
174,823
55,632
120,847
132,934
133,255
87,413
190,388
30,752
73,52
189,784
21,471
137,176
88,889
23,181
109,908
153,697
84,899
176,95
60,363
180,903
162,52
72,693
195,729
124,736
74,37
134,219
12,515
171,91
22,698
21,205
190,163
74,742
197,909
32,658
27,625
75,584
69,812
156,184
174,121
114,795
86,350
147,694
163,310
34,25
166,349
193,75
162,714
27,995
109,783
139,301
17,419
43,41
111,222
183,953
91,386
197,919
25,909
180,521
111,94
31,662
136,902
146,87
115,624
73,158
28,4
150,842
28,370
182,770
174,444
77,921
72,43
198,815
47,91
179,626
71,385
124,717
170,393
160,535
101,115
32,723
88,62
69,808
1,513
2,269
20,207
113,369
186,287
183,782
67,718
48,945
59,192
19,656
25,658
66,708
49,175
73,220
5,995
123,208
83,135
142,285
17,258
194,67
89,203
6,682
123,698
195,856
192,560
192,203
15,851
6,228
26,850
96,487
152,775
23,836
2,818
54,531
107,73
180,575
45,277
193,823
57,410
112,122
78,659
31,857
49,24
188,356
109,65
25,464
177,142
197,241
159,93
71,395
142,667
179,52
26,811
96,902
169,510
67,583
176,831
66,118
120,950
109,591
18,783
24,424
94,858
73,5
116,452
98,70
88,320
66,615
54,235
4,197
149,174
51,138
175,963
195,93
113,379
196,119
199,783
123,357
46,290
10,471
13,70
164,569
38,468
111,10
199,593
165,361
195,272
153,12
13,437
90,707
116,605
29,813
42,907
192,155
94,21
175,314
196,939
197,954
194,280
104,24
86,288
77,141
149,445
42,375
136,62
171,558
85,507
113,517
46,428
130,583
125,133
25,827
42,583
91,553
165,959
5,150
29,226
157,348
145,938
153,52
15,305
136,825
116,702
98,349
37,8
51,303
187,937
187,459
187,369
81,734
18,683
177,996
125,659
46,845
60,44
193,242
7,121
180,550
182,933
9,200
117,441
26,899
131,456
137,122
159,880
159,836
75,402
106,278
100,683
109,484
157,822
174,122
193,207
138,773
5,846
17,87
76,531
168,117
65,946
32,628
45,385
165,13
59,492
134,140
192,502
95,699
106,706
5,786
129,228
149,96
128,867
158,244
42,493
126,876
103,133
134,180
92,288
153,474
157,117
200,453
29,716
184,45
178,659
107,257
88,81
186,670
50,804
4,854
77,496
169,903
124,12
112,447
107,997
43,346
133,248
61,676
152,997
170,212
11,255
113,709
93,224
93,354
35,336
86,454
89,861
5,611
64,409
159,747
37,392
179,638
174,918
70,10
141,835
197,864
200,766
141,107
40,366
165,971
18,964
78,895
182,240
60,928
130,251
19,66
23,45
150,122
84,765
126,125
9,927
53,891
11,36
2,853
15,127
130,56
123,391
71,654
37,337
10,766
136,651
7,331
168,730
169,103
34,34
137,906
141,113
149,30
186,482
113,405
14,182
131,367
7,380
95,860
190,365
169,794
130,48
150,96
170,967
129,397
36,178
57,137
152,729
76,437
127,415
104,682
136,477
78,599
101,995
199,700
196,701
18,364
65,30
199,879
91,506
33,900
52,489
78,564
89,213
198,904
17,184
4,677
132,858
6,662
52,205
65,527
163,235
63,859
189,921
49,536
176,765
156,797
49,82
127,809
121,682
19,243
114,789
157,788
74,614
134,887
31,52
180,411
62,315
42,169
176,970
54,518
189,273
133,425
2,575
150,119
200,132
113,74
105,49
9,910
56,14
65,747
132,787
121,288
52,912
190,815
152,117
132,232
121,871
5,411
119,835
200,132
94,343
65,692
144,83
78,574
18,1
11,104
45,601
139,106
92,791
162,527
10,182
151,594
129,32
69,129
154,731
78,372
97,162
181,670
185,975
135,750
30,576
176,186
115,399
37,941
74,975
59,700
77,866
6,285
89,571
193,244
77,999
80,909
107,737
28,70
41,687
124,930
130,584
85,403
123,356
59,565
84,584
30,902
152,748
28,131
133,56
143,990
198,102
111,13
7,210
79,451
67,899
105,292
158,653
48,658
148,661
2,255
86,58
92,992
149,451
62,887
195,518
68,553
184,32
50,706
172,182
21,427
36,116
94,753
179,714
148,503
82,592
8,203
183,206
8,149
65,185
56,578
183,72
5,635
167,588
155,762
41,483
70,691
134,951
123,735
27,14
171,268
129,741
93,419
15,745
104,898
171,308
100,937
103,483
53,95
136,552
32,624
21,867
39,433
192,911
46,829
33,8
68,353
39,259
90,209
37,908
77,277
77,117
159,44
130,823
168,408
83,429
90,458
70,251
63,128
145,755
9,437
153,22
27,402
31,310
64,860
133,25
101,98
17,825
166,528
70,455
31,24
122,50
93,313
173,762
46,951
58,743
3,222
198,746
114,702
69,799
180,227
46,997
121,350
199,228
25,858
119,109
119,739
17,357
55,974
116,105
79,837
133,900
128,977
73,151
122,27
164,388
87,332
26,754
13,688
141,404
177,323
75,497
192,88
90,833
61,665
160,600
85,776
39,422
68,577
60,739
58,95
102,393
18,498
171,308
17,869
71,629
170,636
37,306
106,299
198,456
17,144
26,147
54,648
64,434
111,181
10,954
23,939
118,584
32,887
136,51
156,105
156,729
181,221
163,254
86,834
19,898
101,513
152,506
106,157
118,921
65,535
34,83
135,819
132,238
13,303
57,946
195,989
31,478
134,443
40,14
110,820
97,112
176,790
180,172
99,570
200,859
28,811
22,200
125,963
109,732
119,242
31,686
114,651
152,199
180,202
80,796
187,801
165,852
160,350
10,200
163,505
93,259
116,447
144,337
161,590
5,106
72,836
142,301
91,958
46,117
112,443
28,132
185,684
47,218
33,966
105,552
191,866
128,570
200,415
176,134
39,61
111,123
80,65
53,976
23,433
78,948
48,169
9,845
108,863
159,78
126,105
30,23
112,210
12,259
197,770
195,3
126,620
106,232
131,335
144,252
138,624
144,252
49,947
53,303
27,681
143,831
114,380
5,895
74,221
90,854
122,119
79,4
31,482
60,117
8,828
113,219
10,280
195,102
183,310
112,619
34,710
156,622
34,262
76,727
175,15
25,401
163,486
65,951
195,114
45,139
70,922
184,566
112,287
7,624
64,605
67,137
86,84
122,291
57,162
14,299
121,428
50,282
90,920
83,478
52,956
140,459
73,134
175,120
123,787
93,61
11,868
90,677
108,919
139,603
108,828
103,655
126,136
163,654
177,869
80,612
143,973
1,408
193,985
50,627
64,505
148,389
181,286
93,414
167,315
198,74
33,85
42,898
63,962
131,604
152,900
115,16
157,557
184,911
132,470
3,940
50,302
193,301
135,699
54,486
17,123
197,632
100,834
158,339
159,296
22,194
188,132
114,743
62,51
155,219
61,413
20,831
25,670
190,730
78,485
157,724
151,302
176,346
153,352
86,691
154,264
9,523
72,998
191,119
135,87
5,862
128,1
174,20
28,199
29,188
103,57
122,207
74,266
188,758
62,127
179,655
197,813
164,159
22,92
85,820
98,872
133,436
129,233
143,945
81,620
8,611
195,81
92,576
188,89
112,14
110,202
107,9
114,470
121,231
178,700
73,564
44,674
44,110
161,315
104,710
172,812
125,27
75,356
66,652
200,688
79,268
12,781
137,268
137,363
117,494
166,654
144,172
192,415
49,331
60,92
99,134
174,286
8,885
113,243
169,372
104,830
10,416
178,828
91,586
127,173
141,913
132,519
168,887
88,848
153,468
57,566
107,518
53,266
92,712
71,541
44,456
45,67
42,379
39,963
125,479
7,8
57,799
160,563
12,43
21,708
104,687
40,817
34,956
87,765
51,804
86,215
10,224
93,271
93,652
119,590
163,783
77,594
74,701
39,859
75,133
41,329
139,519
115,786
34,788
35,448
82,268
8,938
139,448
13,556
76,586
42,349
30,321
138,912
157,567
5,864
97,870
39,195
139,843
76,557
58,111
52,187
21,425
11,522
42,461
93,727
107,964
197,730
144,85
54,374
26,617
200,25
103,628
61,35
120,498
130,633
3,749
90,460
8,123
33,685
125,2
130,520
18,506
147,415
67,73
194,611
193,129
13,559
82,117
76,759
11,928
113,822
6,95
95,843
164,34
46,811
132,751
62,356
183,466
24,9
3,87
115,513
123,989
39,161
167,466
48,567
155,946
153,555
184,926
121,884
197,241
90,701
30,878
150,636
121,482
70,467
53,501
147,111
79,577
35,15
173,821
43,810
122,240
195,191
49,761
180,614
40,251
152,784
78,403
165,249
187,700
1,818
191,549
51,523
167,396
19,259
191,167
153,13
16,560
177,988
26,749
103,319
113,527
97,17
70,369
92,222
84,247
4,165
67,211
43,276
47,808
150,327
138,88
119,327
153,492
78,374
93,250
134,823
58,872
63,613
1,573
136,897
128,767
200,645
121,664
51,118
75,123
48,810
71,610
14,291
34,307
156,906
126,293
62,710
189,967
5,460
122,670
14,548
179,455
32,382
94,617
158,305
59,981
138,224
136,321
166,604
171,995
7,916
14,568
106,75
24,902
183,332
18,422
75,334
34,29
131,198
87,581
162,13
135,870
125,855
159,783
168,739
133,378
172,936
174,52
41,74
31,50
155,848
11,588
145,772
62,627
35,136
79,408
52,272
3,931
12,857
180,57
172,394
10,604
78,828
53,928
108,884
53,864
179,840
183,143
82,130
142,3
158,280
170,861
178,613
139,156
50,506
52,294
169,176
124,948
120,418
44,493
14,668
128,395
121,484
161,305
43,447
132,269
134,510
31,263
142,473
6,227
74,773
130,558
198,270
39,149
71,970
26,316
9,675
54,944
178,73
59,309
93,228
190,532
142,513
188,613
145,600
3,274
163,453
187,643
60,672
61,465
117,442
124,273
180,994
117,436
118,916
45,477
58,909
89,123
15,911
115,840
24,689
141,836
68,906
12,658
174,610
81,169
82,443
159,31
163,876
45,826
67,285
130,408
184,773
19,906
181,317
189,441
90,763
46,863
31,180
20,896
129,123
170,782
112,957
138,344
168,450
56,151
65,744
38,832
125,572
112,596
191,121
171,988
99,240
49,992
99,873
82,383
188,643
43,398
143,830
178,232
63,457
65,469
36,83
159,775
62,977
28,423
91,231
127,64
161,577
62,670
16,549
123,922
110,379
164,727
161,160
162,429
79,379
193,417
11,961
14,66
88,718
41,395
66,932
110,347
30,295
160,513
148,517
81,20
42,768
54,293
143,621
82,109
82,36
65,288
45,572
133,438
15,153
3,508
171,840
111,989
186,14
39,66
148,208
28,954
57,713
66,371
123,225
26,387
10,485
74,3
140,29
152,238
109,853
163,650
145,733
89,518
128,850
1,329
98,262
81,431
102,133
132,426
142,28
4,786
78,972
2,560
179,997
187,419
73,358
64,553
198,944
136,927
17,646
22,821
40,402
36,570
140,461
90,246
101,138
45,601
158,473
113,833
101,958
113,720
132,834
66,863
153,123
174,623
39,964
188,430
194,54
46,958
48,632
148,413
21,213
155,481
193,100
40,832
28,694
23,393
176,318
46,559
163,118
136,94
29,270
72,501
62,985
130,303
137,224
58,652
43,445
157,222
164,225
19,375
18,300
161,908
10,419
73,585
133,274
131,725
19,446
22,294
74,277
68,872
6,989
82,855
175,797
149,818
124,665
70,453
113,519
46,137
37,17
29,74
33,472
1,690
43,628
75,311
48,469
111,84
11,435
110,636
114,258
178,847
140,79
87,397
94,281
188,729
184,37
54,449
195,934
68,664
55,514
42,367
156,628
83,103
146,748
167,668
115,146
48,483
174,278
56,137
103,858
25,547
96,735
148,814
52,766
104,941
52,296
69,342
103,968
99,112
133,819
41,25
112,11
146,702
197,881
6,512
79,884
131,386
188,989
158,494
15,994
36,670
104,478
163,179
20,879
81,387
10,818
159,29
113,707
21,52
136,841
78,827
90,969
124,575
199,630
2,316
12,462
76,733
7,768
106,504
170,371
191,390
135,842
122,681
184,762
53,416
75,709
194,990
10,803
148,341
197,590
32,257
133,634
58,741
130,225
183,888
141,205
36,258
157,950
198,817
121,218
117,419
144,998
48,684
34,690
127,391
108,347
175,717
100,964
124,872
121,684
118,620
42,919
7,146
137,353
56,922
39,340
143,126
49,659
145,296
78,645
6,105
14,456
5,274
3,845
200,324
19,455
121,42
155,643
2,946
20,862
180,875
133,784
36,474
138,942
161,348
13,548
194,508
200,626
117,550
45,817
36,856
155,492
23,170
4,240
13,178
183,745
161,731
172,241
54,277
189,559
2,741
113,454
128,372
130,496
76,66
163,988
17,144
54,3
71,474
170,449
141,390
112,472
101,685
200,628
196,223
47,592
90,866
65,40
105,956
140,135
132,210
13,805
66,82
91,874
21,495
37,272
82,548
64,517
8,161
125,568
65,593
39,90
200,263
64,31
101,395
147,289
146,206
146,838
81,176
20,326
90,77
132,932
14,997
165,669
33,582
161,916
96,439
109,976
37,541
49,500
68,36
14,999
108,311
22,468
179,514
156,844
6,816
101,417
132,782
12,920
41,290
45,273
43,560
12,247
136,717
103,98
112,742
118,594
122,919
14,23
29,432
158,16
109,546
83,320
175,552
193,418
118,101
48,676
102,504
145,172
128,651
3,291
59,632
127,893
26,408
43,246
73,460
61,72
11,97
62,766
169,543
64,655
94,154
75,171
7,622
180,999
131,431
177,147
37,838
158,386
123,66
97,463
81,607
10,225
97,533
126,529
81,777
163,398
8,590
91,950
24,579
128,215
139,187
37,365
150,524
78,215
176,415
50,159
139,400
151,917
158,989
157,860
147,207
151,301
75,729
6,775
31,778
190,168
118,596
42,16
193,359
77,990
84,54
45,193
112,112
70,489
121,208
84,297
84,472
24,328
63,615
151,341
81,517
37,694
28,152
148,58
106,242
4,485
40,818
33,566
2,830
173,322
98,961
146,149
43,657
62,120
183,903
10,925
190,198
95,933
74,357
88,118
33,193
191,38
5,415
96,123
28,527
23,87
6,207
56,814
134,611
137,177
138,944
43,181
52,730
113,334
193,646
52,223
77,248
23,198
173,173
19,423
34,608
62,404
165,192
69,323
159,874
130,53
164,112
5,143
119,752
19,831
72,688
20,440
65,466
178,366
23,395
28,519
46,458
175,806
142,879
161,328
127,957
55,129
160,314
135,559
199,373
148,573
72,986
88,750
170,213
179,549
31,149
178,672
8,331
162,528
4,673
179,523
7,401
77,59
14,806
36,706
12,578
99,13
55,92
10,574
148,540
18,12
3,440
57,883
173,777
73,345
135,721
13,261
78,725
44,351
138,173
50,150
85,771
174,380
92,390
169,706
170,951
41,289
80,26
113,341
131,755
75,311
128,543
46,102
171,229
128,51
59,618
37,27
45,716
71,666
144,191
22,127
158,108
107,63
186,859
179,30
79,482
171,30
69,579
98,237
108,573
80,96
89,68
152,717
23,679
81,10
78,932
100,570
182,570
56,917
180,901
197,507
100,328
162,979
60,309
80,454
161,973
52,831
98,982
62,825
155,817
21,518
199,54
84,214
119,280
198,971
160,786
120,228
136,610
127,514
183,784
20,416
94,450
187,155
113,649
59,669
24,127
78,605
57,440
77,528
119,455
146,283
186,427
114,975
62,651
185,377
194,814
101,100
175,156
134,329
137,785
26,128
54,512
178,832
64,257
179,899
26,574
19,389
40,354
9,270
173,849
178,664
55,35
151,12
148,955
154,468
80,865
136,232
56,779
106,410
27,715
46,390
96,109
97,920
167,368
182,323
52,132
15,184
17,400
150,690
64,266
88,364
102,268
133,426
122,977
113,134
64,527
109,754
171,736
104,145
178,376
73,363
166,158
43,938
147,629
167,503
12,75
42,573
184,641
167,381
83,732
138,566
191,198
199,548
102,104
196,679
155,138
177,466
102,191
52,237
173,493
153,587
90,53
136,637
139,623
137,780
199,135
58,328
36,413
142,12
65,697
12,90
153,212
132,476
161,960
147,303
190,747
100,441
45,967
143,952
166,709
82,577
140,823
57,297
12,133
62,213
200,439
183,37
121,455
194,149
99,256
154,492
61,404
193,355
178,549
46,700
50,507
163,696
81,871
75,502
60,51
118,986
66,158
191,745
75,174
44,578
83,460
119,548
87,916
157,106
35,145
67,66
50,733
153,586
177,984
72,788
35,381
29,906
88,827
23,86
65,25
73,240
11,3
12,359
28,786
125,870
150,236
161,323
38,10
29,791
35,802
178,214
162,708
120,871
120,513
87,811
76,524
158,946
191,370
37,556
108,821
176,836
48,687
48,828
12,973
188,709
63,790
90,759
5,845
78,17
9,309
149,159
44,189
102,670
116,816
24,500
115,882
183,143
8,611
23,787
43,377
158,814
188,905
98,361
197,122
136,543
44,751
64,648
121,605
51,462
160,649
55,595
124,941
96,112
13,451
143,202
198,545
8,426
38,919
53,615
71,447
109,821
31,637
90,131
101,74
58,164
91,222
32,542
199,861
61,453
134,634
7,264
167,399
39,507
12,438
195,905
30,715
189,216
186,757
192,913
35,874
42,659
11,759
65,12
3,457
19,558
79,523
104,861
19,350
145,625
121,199
118,23
109,435
50,187
153,175
136,949
198,496
30,841
2,880
95,191
97,54
104,980
17,42
77,482
187,137
108,567
85,230
68,125
55,821
193,206
40,500
122,55
170,361
177,720
168,414
104,676
38,466
123,799
189,853
188,122
68,538
123,702
86,295
191,211
170,990
159,892
148,513
184,86
72,665
196,982
102,421
179,239
188,680
60,434
168,437
54,48
146,892
91,228
9,462
160,439
154,240
190,182
183,867
30,980
83,887
73,91
97,769
182,280
155,81
134,994
192,335
146,521
143,37
162,406
146,604
190,577
68,543
126,63
103,13
76,610
4,658
141,836
168,204
18,381
50,853
57,52
190,950
188,466
154,236
128,412
164,591
121,425
138,780
96,349
186,913
10,128
110,832
22,618
103,675
100,617
153,747
158,562
200,504
16,436
42,605
195,904
3,446
182,256
137,465
183,305
124,197
109,856
75,25
65,486
95,523
15,440
77,252
31,523
187,41
178,587
9,241
200,177
63,482
172,302
171,245
58,827
164,464
164,44
20,333
167,510
51,190
106,787
188,910
40,389
80,723
1,422
193,667
41,310
185,609
74,325
33,794
20,412
67,375
12,98
146,162
36,503
180,43
12,902
69,771
56,977
124,760
122,645
199,674
177,8
161,302
169,478
78,955
64,674
169,972
121,689
190,432
176,775
38,406
137,580
96,931
125,698
19,325
151,168
157,914
172,344
36,448
145,912
6,790
186,216
14,761
10,5
130,983
69,625
175,278
72,350
175,739
38,152
197,286
31,314
58,605
84,268
163,35
87,335
108,71
124,803
161,519
135,305
200,371
156,176
26,689
34,212
163,255
147,260
32,558
200,527
79,441
72,234
175,679
29,75
8,102
194,895
146,899
99,706
132,246
133,31
164,731
157,73
77,976
187,155
49,482
178,271
51,137
41,196
63,989
9,561
167,509
197,140
71,463
42,900
30,281
94,809
14,424
189,740
26,485
173,272
121,577
97,914
84,210
51,563
198,576
10,545
134,662
179,179
131,214
18,12
62,421
105,112
63,661
101,865
150,759
184,573
194,187
133,801
124,528
64,485
146,813
150,377
129,660
172,202
181,493
142,774
15,623
58,108
154,724
53,311
41,989
43,839
15,376
7,598
72,803
110,58
19,676
119,861
105,134
117,777
127,392
96,718
116,24
172,188
72,233
4,977
8,160
160,989
38,193
40,827
28,318
83,198
52,516
190,369
92,13
160,316
158,626
64,333
113,786
33,673
123,467
103,221
65,951
123,99
196,409
146,440
186,723
189,39
179,880
56,60
80,179
109,818
2,486
193,751
50,374
157,256
141,747
198,257
31,446
57,594
162,846
193,956
172,350
70,854
43,363
184,37
152,925
43,482
67,975
163,256
30,798
5,404
176,239
148,489
11,547
26,528
82,15
111,866
172,543
5,144
14,534
25,384
185,111
93,506
50,648
182,133
88,831
92,266
199,730
135,895
26,889
137,16
151,947
54,856
120,944
173,397
155,657
121,796
103,456
132,386
93,65
135,360
192,85
165,795
182,628
17,409
171,109
174,792
106,174
191,614
69,46
82,205
49,858
161,606
135,406
193,887
123,974
114,312
138,576
114,384
104,3
29,219
109,313
9,110
97,932
30,419
35,381
3,173
27,780
119,317
142,886
168,884
105,69
11,603
56,49
12,258
119,110
119,348
197,345
134,63
104,65
31,381
2,244
174,514
88,921
131,890
79,395
133,269
186,239
143,793
29,70
197,1
2,380
55,950
92,774
28,841
28,59
100,857
90,918
99,734
180,439
114,982
89,796
157,538
120,871
127,684
150,361
134,544
91,909
62,16
146,419
38,765
13,775
149,850
127,160
44,456
14,521
73,149
12,325
41,404
1,283
179,548
51,535
2,441
176,101
144,107
65,730
154,220
190,937
199,448
52,79
37,363
139,558
102,531
57,800
58,91
182,839
112,445
61,355
181,734
160,23
159,725
176,484
43,816
174,375
146,185
68,710
74,269
40,510
2,584
105,758
131,628
106,682
176,819
131,651
151,184
41,190
128,835
55,817
23,135
128,759
145,98
94,867
98,427
38,845
154,206
70,852
157,251
21,722
151,18
106,93
53,943
186,534
62,423
49,439
92,34
80,334
48,419
24,654
134,840
43,987
33,959
137,958
109,224
115,525
73,240
83,308
131,459
101,729
37,873
103,204
157,310
110,615
169,854
24,721
128,635
14,750
159,615
78,62
77,497
37,903
125,923
175,940
8,503
40,815
25,69
105,144
42,800
144,490
138,982
133,665
56,239
192,256
118,296
173,53
30,622
63,449
141,386
127,58
60,147
174,178
105,964
85,442
169,872
21,113
41,450
77,17
97,74
81,634
65,457
168,93
136,362
137,687
118,711
200,483
95,198
69,788
99,779
156,938
119,849
119,706
200,876
73,72
25,308
51,461
198,269
138,83
96,773
51,236
126,1000
86,381
15,320
168,140
63,726
118,579
105,640
191,602
82,596
130,601
74,618
1,936
8,613
61,2
24,141
183,97
116,364
4,140
90,174
30,25
47,783
185,138
72,675
35,61
31,283
146,461
82,380
117,930
58,420
89,55
64,714
183,566
141,910
190,587
191,564
171,306
133,800
59,924
200,700
175,517
189,485
15,194
133,318
115,300
24,248
70,926
119,193
178,908
83,49
151,647
133,436
30,231
14,810
128,971
80,477
169,195
116,42
48,921
74,5
92,255
60,111
92,294
172,408
160,352
161,227
195,890
106,303
26,191
49,449
109,208
89,955
164,922
33,587
191,228
98,345
88,837
109,602
186,355
136,914
147,283
48,1000
79,830
109,151
10,636
128,235
33,924
175,503
86,914
197,542
39,802
86,125
72,919
162,241
65,796
171,103
98,208
57,936
82,811
6,83
141,539
50,967
109,16
186,384
178,59
96,668
194,241
86,469
59,716
110,842
145,781
171,422
129,804
114,723
44,495
76,453
91,943
141,991
78,516
128,713
107,847
23,76
40,643
148,490
159,793
76,213
44,971
94,321
139,561
78,319
3,320
156,173
102,59
190,739
55,299
70,529
53,520
128,818
22,817
124,435
6,152
125,627
171,583
178,196
187,369
27,435
70,94
51,94
119,692
20,881
19,92
131,339
181,685
180,328
178,113
76,675
102,237
41,600
26,285
98,220
166,415
36,96
62,12
88,372
190,829
169,493
131,181
104,189
145,497
82,621
138,471
146,431
23,632
59,97
85,420
47,100
68,937
151,494
86,827
127,301
149,629
33,363
99,40
162,256
126,332
31,283
192,167
15,545
173,948
95,647
145,437
127,221
159,812
143,849
96,190
100,426
74,211
23,741
67,447
150,543
193,883
12,237
109,382
143,262
74,531
65,718
63,361
144,558
87,595
132,63
165,483
31,134
56,425
8,871
148,538
94,876
131,94
63,767
63,784
62,730
184,850
68,580
177,908
49,182
33,796
158,44
110,20
135,5
156,82
153,420
80,591
93,744
70,426
189,714
64,803
131,175
43,112
165,806
184,817
58,423
22,74
146,774
153,811
140,879
170,35
14,644
75,929
32,770
77,824
160,588
160,814
16,807
124,807
193,488
188,554
98,42
197,196
148,633
144,198
49,486
110,73
62,428
121,623
30,336
6,532
60,778
46,822
31,289
53,725
21,720
1,449
85,860
57,764
145,736
86,484
191,645
116,281
144,454
95,340
171,533
85,528
44,362
186,623
132,669
47,220
166,464
116,131
27,286
147,24
39,64
197,941
55,561
38,555
133,616
107,693
22,168
79,136
26,964
107,791
187,343
93,69
30,430
190,176
198,551
11,751
12,589
166,332
100,492
80,50
169,313
39,296
73,670
49,101
63,949
73,465
151,814
94,658
88,105
56,660
24,911
44,127
8,925
16,25
131,165
3,505
71,651
200,763
167,305
9,462
121,749
101,927
34,128
114,890
104,382
29,503
75,477
130,658
155,296
121,379
24,707
149,453
123,245
89,168
167,958
40,343
37,742
138,601
30,250
88,76
49,217
161,64
6,368
85,827
19,740
101,926
69,125
36,453
63,199
195,215
72,390
139,559
5,911
54,676
99,632
155,167
147,845
44,600
8,406
95,321
116,988
162,656
163,80
1,790
122,761
111,879
153,838
162,77
89,300
146,222
22,917
124,290
168,570
191,625
101,538
163,296
16,641
83,166
111,268
15,36
83,805
190,361
43,618
89,864
16,699
54,951
18,52
151,442
81,926
19,713
124,134
84,697
117,145
143,219
183,436
176,596
69,608
126,673
105,929
88,851
45,941
77,688
182,746
3,992
60,281
175,497
56,488
81,550
60,968
103,513
61,650
121,159
1,841
93,129
94,123
17,515
38,777
136,700
180,789
10,959
161,937
146,85
3,328
118,159
166,306
19,548
114,480
174,627
79,427
66,795
180,759
28,117
155,491
128,91
59,308
77,827
196,869
142,745
55,365
29,988
187,559
184,234
72,802
124,129
8,890
160,2
10,696
41,566
48,162
75,24
93,100
108,274
151,467
173,771
199,386
73,178
176,968
14,251
121,165
44,365
78,14
127,582
84,323
163,509
184,116
114,368
105,547
115,535
164,459
126,588
156,72
58,626
72,100
31,831
84,819
140,935
168,143
76,140
181,108
41,159
157,888
122,330
8,989
86,623
152,126
54,852
18,878
94,230
156,450
158,702
44,614
183,320
76,828
134,203
53,238
114,666
120,267
126,930
39,683
93,423
31,268
137,77
99,888
58,987
126,115
28,784
51,277
194,357
66,278
136,32
128,948
50,36
27,928
9,294
135,458
103,837
91,884
124,42
83,917
64,810
91,775
102,248
180,135
83,139
96,898
25,79
131,466
21,973
102,381
3,906
31,572
184,240
191,454
83,266
10,5
125,285
64,228
30,791
195,216
9,871
51,431
145,114
130,634
32,357
160,344
195,546
199,98
46,577
126,523
156,341
134,876
115,585
194,909
194,924
89,590
128,20
78,346
43,397
14,869
122,344
7,738
81,561
14,118
190,375
35,539
49,249
23,99
186,976
167,994
110,869
2,625
15,594
18,404
33,944
169,770
136,746
81,726
16,658
12,700
8,15
116,292
169,440
87,310
106,830
131,226
36,506
88,910
4,751
2,637
112,938
198,357
123,366
2,580
101,607
21,731
105,536
89,400
71,137
69,220
101,463
190,345
100,801
160,339
185,49
154,406
189,6
19,441
43,766
20,470
56,426
48,729
53,452
54,372
157,69
145,8
184,993
36,391
110,38
137,197
139,774
168,672
104,805
161,984
105,933
34,514
185,787
72,664
106,871
113,39
172,518
166,61
171,172
148,589
184,604
112,509
162,430
39,999
197,139
163,665
98,175
88,501
116,748
42,429
94,661
30,110
174,428
91,726
157,470
87,56
9,227
78,311
89,561
25,635
24,974
90,836
61,95
138,470
82,591
176,394
6,175
149,368
157,735
78,442
83,969
102,395
4,188
57,234
175,661
166,689
174,343
6,510
84,344
192,474
195,641
105,86
94,10
105,146
93,335
103,352
136,531
44,516
156,870
8,15
72,335
130,565
130,778
183,180
152,859
150,78
127,404
37,433
43,262
3,69
156,662
94,486
124,15
177,163
69,297
2,774
71,506
181,139
149,638
108,477
34,886
192,255
117,812
167,264
26,62
100,178
115,425
156,749
3,279
108,2
13,893
159,200
88,260
109,719
119,500
93,82
53,845
149,638
30,62
88,808
16,245
13,553
84,41
14,821
145,413
160,113
116,572
9,183
2,912
165,128
123,533
140,946
76,481
89,24
127,694
153,896
60,214
167,119
103,663
123,424
67,109
90,749
120,44
179,609
56,29
107,955
106,741
196,947
111,539
66,333
182,498
127,783
16,586
42,589
30,437
46,650
159,328
165,405
169,770
178,698
148,857
47,966
175,476
64,288
177,265
117,172
172,592
52,165
104,442
199,820
10,815
135,297
94,332
91,751
186,913
70,196
189,152
192,26
191,978
87,985
76,828
169,872
99,493
10,215
138,462
1,938
112,845
139,528
41,634
132,926
196,752
91,643
124,907
100,992
70,705
76,25
50,98
188,329
107,213
170,807
149,403
111,57
153,882
53,651
112,210
31,728
124,974
161,317
43,332
11,771
116,787
25,136
155,650
53,694
98,675
112,656
124,193
34,982
125,90
76,382
174,589
9,789
31,845
21,788
70,619
46,276
126,946
108,581
59,997
4,602
119,634
8,35
122,229
184,581
180,183
191,907
134,613
122,613
172,165
46,778
114,701
4,16
143,484
78,65
115,171
102,68
159,277
4,433
145,774
150,42
163,725
91,717
37,373
198,579
117,586
65,328
183,302
58,488
74,420
101,474
181,744
142,915
109,246
184,104
42,871
7,648
175,700
68,544
145,484
112,869
130,508
83,285
119,256
61,868
157,710
1,204
117,762
141,287
197,969
72,811
21,834
27,431
31,114
62,55
108,491
81,120
37,90
137,867
157,786
71,197
142,659
67,605
119,17
35,987
66,802
100,874
9,108
56,380
57,310
182,841
96,689
46,619
69,631
128,331
145,225
15,30
64,975
182,409
64,525
9,175
148,139
169,506
125,426
18,12
15,134
111,29
167,844
70,622
124,892
98,864
151,786
67,753
70,901
98,953
93,391
178,855
87,252
116,105
6,571
119,285
197,953
170,693
46,311
73,245
82,991
182,338
179,514
176,809
95,457
18,410
160,282
83,148
130,517
38,826
182,77
14,567
84,930
49,593
64,746
29,742
107,394
32,864
19,65
28,31
53,542
35,186
94,710
129,438
90,823
10,415
132,51
19,785
61,603
23,343
178,849
177,107
17,124
14,988
181,670
31,869
115,338
134,258
99,130
106,214
148,466
4,185
67,369
138,458
87,555
131,381
121,392
162,660
189,595
165,156
113,119
142,947
87,261
79,59
13,116
146,162
118,975
23,816
189,94
106,317
142,265
24,848
70,88
116,493
25,750
172,701
126,195
143,368
46,633
46,998
98,694
8,679
88,418
200,119
5,597
120,320
173,152
155,112
152,982
42,233
109,981
194,282
84,931
1,393
24,173
85,905
162,554
141,98
12,894
100,445
176,599
153,841
23,467
186,950
16,18
111,167
139,170
194,889
195,992
31,802
197,829
167,629
118,470
195,169
198,589
80,971
192,327
7,531
175,719
157,995
54,431
176,590
139,893
156,527
141,218
83,893
43,584
37,511
63,124
56,780
57,330
159,553
142,870
146,510
49,779
80,137
178,719
144,358
140,91
1,110
151,112
70,755
124,478
146,421
45,821
186,997
138,988
159,971
56,561
15,646
79,222
11,517
63,131
130,400
78,140
18,261
180,551
50,750
107,850
164,232
150,344
31,909
115,346
177,395
49,789
197,794
164,23
37,141
33,304
62,607
67,461
24,865
168,511
41,549
111,144
159,644
92,106
73,79
171,804
69,992
22,37
180,559
62,424
42,544
155,557
186,569
23,113
98,506
10,49
186,772
191,494
155,406
139,913
73,74
89,215
111,579
75,297
95,22
118,62
18,282
85,444
28,865
1,629
37,856
174,324
92,714
22,294
109,122
156,546
196,934
59,516
159,922
2,43
189,393
164,22
142,323
91,230
67,14
130,978
55,354
160,478
128,325
5,797
114,597
59,376
102,571
79,528
22,916
58,709
75,754
88,623
127,151
108,839
86,743
35,256
74,224
159,612
47,647
95,805
79,260
158,685
55,125
122,328
10,521
49,985
27,145
181,445
43,223
8,640
115,396
13,404
145,149
66,180
114,831
145,72
149,130
171,861
83,865
28,375
187,345
168,902
138,649
46,539
198,980
27,883
82,372
90,489
34,6
99,648
47,556
192,781
16,488
58,521
100,146
18,322
44,264
128,698
42,529
93,74
40,589
199,680
183,704
179,620
172,773
173,272
12,65
196,95
175,297
106,456
21,297
78,703
59,274
46,336
106,40
17,910
165,896
89,783
33,592
97,597
157,469
137,68
145,867
169,254
198,247
46,653
198,655
124,248
163,94
172,57
7,124
129,510
158,259
16,110
140,268
102,538
132,782
56,791
90,817
57,418
65,960
132,570
140,505
99,832
62,161
8,327
181,654
36,424
130,974
86,732
146,767
47,437
120,585
29,243
12,957
196,636
157,895
94,429
78,591
126,343
110,453
26,123
114,365
32,372
43,1000
138,871
35,869
41,3
78,92
82,532
169,94
118,985
167,680
88,423
15,636
25,543
155,291
113,436
112,252
27,170
144,379
7,869
101,764
40,272
53,547
38,183
146,897
101,945
163,557
184,947
47,351
54,907
44,989
166,726
110,419
94,282
150,860
15,806
69,719
132,276
198,260
74,674
139,194
179,323
56,311
192,928
87,308
5,453
27,712
56,132
15,582
69,71
18,512
100,889
44,200
48,62
153,811
15,521
176,509
138,39
127,798
81,524
137,995
18,989
93,968
126,673
157,843
185,631
122,447
188,966
15,754
86,144
10,869
2,291
102,84
119,686
126,443
97,523
83,547
71,819
44,684
89,379
192,87
138,593
49,117
63,118
130,887
170,862
69,934
28,729
117,557
178,204
55,915
177,846
113,18
103,431
188,125
22,350
79,6
34,234
32,568
56,709
138,83
78,537
93,310
198,482
4,633
177,89
42,554
195,257
144,451
132,491
117,344
135,748
23,171
142,121
18,226
128,319
54,699
194,849
120,978
115,96
84,266
27,791
191,67
167,31
90,628
40,393
117,670
122,759
41,614
21,969
175,189
109,815
56,702
161,751
187,427
183,787
45,223
86,182
119,423
121,917
179,288
31,960
40,715
55,971
148,724
120,575
61,987
42,707
153,525
119,428
7,942
166,58
156,183
114,334
92,593
178,282
104,961
125,188
105,647
113,818
119,908
11,739
144,866
85,500
9,805
127,261
116,568
171,5
122,484
41,596
90,286
93,185
72,91
132,638
5,393
96,514
179,296
25,954
139,105
113,296
55,671
200,800
65,886
33,251
161,590
79,896
75,916
94,212
38,933
67,947
46,945
138,489
19,817
157,903
98,23
92,171
140,537
34,365
18,857
149,910
171,124
26,719
12,914
112,893
190,75
186,896
175,664
176,974
119,54
163,929
58,409
89,892
53,872
172,304
2,717
37,465
169,944
78,867
34,71
125,624
94,709
89,153
88,189
44,69
130,137
131,176
5,8
50,757
98,575
179,681
39,523
137,503
199,609
90,92
181,248
166,318
59,966
103,375
16,217
123,418
152,104
115,727
176,833
112,523
167,902
124,180
50,549
92,431
20,249
42,660
89,32
32,287
17,36
136,623
136,97
97,736
162,166
174,80
154,484
20,543
157,255
162,968
132,255
135,707
38,577
140,148
116,277
59,234
161,196
186,751
50,797
173,925
1,477
4,2
88,190
12,261
177,481
116,480
41,126
112,784
157,809
63,712
22,12
38,523
92,496
51,861
176,537
101,830
191,852
73,233
25,991
184,726
65,972
145,4
185,568
53,429
63,889
27,512
131,905
39,230
28,213
48,719
143,516
185,934
99,643
170,230
159,142
114,553
19,334
41,321
111,455
148,775
43,748
93,817
122,559
180,819
121,782
79,806
151,78
87,601
166,615
64,838
150,9
96,760
40,21
97,49
26,11
185,417
162,285
166,577
54,334
80,395
151,643
50,435
58,651
103,665
20,626
115,611
164,681
15,513
56,858
170,450
61,68
170,858
108,7
133,310
11,254
66,362
157,615
136,543
106,358
183,923
105,771
71,307
75,778
146,585
88,797
195,542
50,287
6,374
153,471
120,592
6,151
16,614
38,239
52,313
186,424
198,791
143,278
33,861
116,173
8,402
169,619
193,329
114,1
27,83
19,662
191,765
29,888
105,817
83,720
184,270
188,42
162,472
72,359
100,245
178,519
22,443
51,496
174,422
164,223
41,354
99,409
20,607
129,543
65,921
127,969
156,554
20,153
180,15
127,447
104,349
144,639
79,362
102,166
32,451
75,675
134,115
160,386
155,134
125,29
182,356
164,396
102,441
166,604
126,863
184,751
17,173
126,426
68,385
140,378
172,733
32,632
30,728
113,744
122,924
121,456
160,932
107,882
3,840
114,549
22,310
23,203
92,498
45,660
52,722
151,499
39,342
135,467
156,771
164,498
15,989
161,983
125,152
67,501
106,567
116,602
52,530
56,527
30,44
192,474
114,789
55,800
199,113
165,71
72,586
98,795
1,984
100,871
110,760
166,875
180,47
156,220
70,585
66,60
13,693
32,297
193,457
149,145
116,218
56,383
126,669
127,428
58,800
50,226
166,87
102,830
17,288
28,613
5,253
107,482
32,394
12,799
34,598
56,763
159,382
89,209
54,775
195,190
85,127
113,998
50,76
175,812
64,431
93,761
10,274
85,52
155,31
88,952
11,442
132,633
46,579
98,992
73,437
187,982
28,614
199,98
85,93
183,143
26,28
3,688
7,527
170,857
179,512
38,731
16,991
16,827
36,617
159,511
180,234
57,123
103,390
156,591
144,887
69,389
7,646
176,361
70,103
186,522
67,598
93,963
198,570
155,291
139,962
60,749
181,362
41,440
151,18
45,235
87,685
82,383
68,740
88,99
37,389
10,247
13,471
7,426
176,341
169,608
62,1
156,876
21,515
73,195
167,300
68,846
41,619
72,798
192,642
177,944
40,90
96,237
175,253
49,548
82,875
64,153
196,451
176,744
95,901
136,440
96,331
145,79
140,664
199,379
136,908
125,453
70,226
105,51
16,644
183,84
28,213
140,609
89,307
163,667
118,526
190,557
58,839
101,947
94,284
88,671
108,277
147,495
85,916
127,493
106,324
195,773
115,136
185,772
66,764
152,897
58,637
89,748
191,432
126,637
147,450
31,309
20,34
195,238
189,540
99,478
174,823
30,791
181,178
180,870
81,449
42,210
75,530
98,440
20,314
77,511
57,878
185,823
130,70
69,485
27,457
43,337
153,782
80,868
158,296
63,146
49,598
137,581
11,962
135,361
114,943
37,844
85,833
127,829
184,278
129,924
40,146
129,183
19,541
166,388
174,651
136,724
39,144
142,224
30,149
183,950
71,150
180,615
16,120
164,349
178,555
49,851
137,105
86,236
150,196
80,431
104,71
170,552
64,95
157,936
71,484
84,493
183,806
124,887
130,686
193,345
20,212
18,70
57,972
197,593
177,526
79,19
75,720
31,73
146,833
188,483
162,481
27,392
142,810
15,28
108,690
80,153
30,144
6,81
33,257
180,944
10,376
90,30
99,46
18,659
197,387
83,431
167,68
43,484
14,946
94,773
182,528
200,294
27,336
185,904
87,316
163,572
180,540
149,526
193,906
57,782
147,608
174,201
46,276
91,409
152,775
141,279
3,323
7,286
105,607
75,310
179,239
82,680
174,475
53,689
161,325
100,867
107,643
183,109
99,573
147,326
99,431
125,19
133,140
137,536
36,219
4,974
82,30
77,448
54,404
187,754
12,810
91,726
143,515
107,325
110,798
37,506
98,492
188,833
3,517
32,330
42,723
171,74
18,324
4,512
61,131
76,738
166,594
113,867
79,348
14,925
74,369
197,941
34,646
98,329
132,794
13,186
152,28
54,222
176,136
195,414
137,689
91,981
118,857
96,573
70,638
114,909
11,279
80,275
2,728
63,868
85,789
47,636
82,559
153,724
116,807
123,274
189,344
126,26
142,377
53,193
10,121
137,165
142,911
93,662
163,705
147,326
139,420
129,589
160,384
150,523
65,992
125,832
44,948
54,39
2,589
193,895
176,566
99,1000
179,745
124,763
106,860
132,953
176,812
106,635
32,61
40,488
71,312
5,822
99,367
199,32
56,255
198,206
125,354
18,291
85,952
52,744
167,839
24,912
63,491
196,82
79,296
48,957
101,537
65,6
39,475
130,419
141,83
38,793
100,793
66,578
5,829
200,404
106,18
63,969
17,715
127,346
36,888
60,688
180,291
41,481
124,808
118,706
62,219
123,580
37,151
64,822
33,967
84,84
199,169
137,375
198,261
95,913
156,810
171,717
90,170
19,535
198,910
152,848
37,810
181,874
119,182
25,656
16,507
33,213
25,863
158,628
84,982
159,299
150,815
111,595
162,1
156,644
61,59
4,677
48,184
178,733
183,625
13,760
161,597
195,724
145,968
125,836
153,271
148,629
11,40
6,507
71,619
52,765
3,583
186,244
80,302
63,859
63,445
50,168
62,300
172,335
185,526
27,123
122,33
142,948
23,846
55,774
190,160
133,110
86,459
29,554
97,115
15,757
150,854
104,760
197,200
74,178
171,880
136,376
24,925
199,432
161,916
23,192
99,615
149,870
144,667
150,784
122,246
47,877
120,468
110,587
104,713
57,201
114,870
159,350
185,198
74,42
98,398
141,125
99,261
144,756
73,540
31,509
61,66
95,556
82,785
33,343
43,36
143,492
175,373
177,976
156,194
172,598
188,97
13,911
38,710
162,786
157,66
35,102
50,660
122,639
94,968
5,645
76,512
127,166
198,638
178,72
5,595
96,620
109,365
109,491
10,165
52,701
156,365
113,355
79,881
102,139
28,768
103,188
74,275
137,241
84,601
7,750
77,704
12,742
71,319
79,549
161,54
37,216
57,992
154,865
98,617
180,281
24,204
14,9
87,775
166,669
113,521
128,481
116,951
104,84
199,947
185,307
150,691
152,464
17,388
195,328
19,425
50,66
178,809
179,756
19,321
172,975
82,920
92,978
61,53
147,864
78,393
194,576
16,998
15,295
9,685
13,275
35,260
141,715
28,844
169,158
14,772
6,862
122,648
135,415
91,327
9,974
53,305
77,334
51,412
94,361
191,84
198,423
105,325
86,410
38,343
25,992
90,360
171,838
115,459
115,427
41,404
131,355
175,269
5,341
129,752
67,801
142,717
152,931
183,572
17,274
43,641
12,917
76,436
177,325
32,116
189,569
10,697
125,475
34,357
15,776
164,889
174,711
78,893
88,862
149,826
139,493
164,950
179,253
92,845
160,70
24,272
167,691
102,13
5,991
15,198
100,185
127,124
51,22
134,956
180,227
185,732
121,285
187,708
19,821
67,60
173,411
174,945
46,65
22,912
44,443
96,996
15,624
6,345
120,301
163,386
3,464
6,610
23,503
42,934
115,501
28,695
128,160
79,191
197,765
142,850
22,593
40,708
88,452
153,262
177,15
97,990
4,566
148,853
25,209
32,557
64,478
52,291
29,763
50,729
196,187
115,919
135,835
94,131
28,889
161,474
167,28
16,949
191,620
105,642
189,642
58,523
120,320
91,509
19,744
14,951
120,264
118,694
78,925
33,758
58,449
124,585
104,460
108,440
123,157
125,230
47,399
98,788
56,139
5,787
44,880
115,502
62,292
114,377
138,273
25,172
108,189
39,504
110,92
123,666
22,46
101,328
169,388
121,917
193,310
141,641
69,361
7,48
114,65
59,353
126,857
109,561
9,814
166,826
118,264
190,538
148,902
19,73
9,141
64,415
143,19
178,735
140,390
143,944
108,135
155,601
126,831
104,93
86,452
75,679
177,891
57,838
83,432
35,318
24,652
157,943
171,45
4,719
90,170
29,43
169,819
78,823
177,351
16,405
123,949
185,713
66,343
140,841
33,472
72,175
158,285
93,966
123,183
198,761
185,614
47,481
90,860
134,764
172,171
188,4
38,300
29,22
14,807
171,409
63,846
198,336
167,850
42,304
79,523
39,743
168,649
124,814
59,806
120,127
1,886
92,827
183,799
38,574
63,477
77,475
96,122
128,999
184,434
186,615
77,99
120,15
47,964
200,90
167,690
97,346
85,734
68,463
51,288
91,830
82,730
43,566
86,646
52,837
56,998
101,605
49,822
170,263
175,97
131,298
122,901
1,422
106,209
80,595
139,279
138,355
22,865
112,218
138,977
6,280
7,460
170,798
162,34
115,713
194,776
199,646
148,248
107,582
93,168
70,148
79,871
25,736
27,253
29,412
184,927
18,650
91,884
47,616
158,561
64,397
43,953
88,759
5,424
121,448
84,381
14,210
61,289
105,689
160,899
66,954
134,121
143,212
181,948
175,840
81,140
101,656
128,741
135,787
10,965
178,9
39,23
111,6
36,599
5,825
24,332
138,684
136,157
150,812
176,910
3,235
127,954
79,614
68,54
174,884
16,571
46,96
90,913
27,174
128,149
95,145
90,244
75,661
108,505
53,735
61,569
73,893
83,350
149,27
82,519
43,590
43,319
23,741
127,816
112,654
71,274
38,708
78,775
65,338
89,602
30,14
50,324
137,523
112,255
17,384
14,397
37,446
105,930
98,648
53,539
39,735
100,124
30,475
169,769
34,736
189,914
36,67
127,567
175,390
166,962
63,119
29,240
170,756
13,68
30,141
112,51
49,187
45,37
102,208
138,895
117,760
190,675
190,643
191,922
56,499
36,55
91,933
107,755
77,693
128,365
152,926
46,202
185,780
26,628
109,940
19,10
164,472
108,969
141,16
196,725
24,144
49,345
89,620
45,429
9,324
25,116
58,489
60,68
120,450
10,70
81,475
123,834
34,654
139,751
186,845
45,485
39,102
5,750
196,315
148,173
15,546
157,540
110,74
88,622
83,834
197,93
116,79
176,502
184,454
32,694
129,87
161,441
78,783
62,345
144,918
143,967
152,102
29,505
82,650
132,48
47,802
117,928
79,876
68,418
141,556
39,39
178,958
84,595
16,510
143,848
53,723
45,648
159,584
150,302
59,879
71,635
191,434
183,348
19,341
136,192
54,463
36,452
28,219
44,653
113,813
24,262
113,460
135,764
120,482
31,60
62,477
82,696
19,912
167,689
198,430
193,620
160,444
190,678
181,104
146,238
175,573
13,465
141,244
111,265
160,431
164,101
46,576
18,496
131,324
145,462
91,260
187,209
68,523
177,774
2,636
39,827
149,81
183,576
105,283
93,430
92,291
37,906
85,146
165,426
129,690
46,872
1,156
25,570
111,246
179,32
148,827
150,736
8,410
93,921
178,492
98,709
39,674
42,264
54,66
78,474
99,448
128,11
155,925
103,347
163,600
123,358
141,890
61,353
133,445
126,494
43,883
152,510
64,848
188,7
151,421
75,285
160,112
119,835
30,260
158,395
193,73
133,330
71,685
16,706
177,747
86,862
76,446
151,99
22,745
182,535
139,231
174,839
42,664
61,695
119,339
66,786
76,539
72,52
190,326
134,419
83,970
93,661
126,959
96,221
45,501
33,327
142,505
196,584
93,488
158,726
40,27
71,370
42,148
42,484
163,768
119,771
159,273
130,479
82,584
129,632
71,312
42,843
171,699
107,415
175,776
71,797
41,335
35,119
194,279
92,776
167,283
17,216
146,781
179,276
144,588
99,995
200,537
129,732
192,154
159,644
76,243
105,99
13,934
112,256
120,679
171,326
171,527
126,227
188,559
100,225
139,149
94,571
187,192
98,108
191,628
107,556
121,790
162,997
69,938
133,594
125,369
169,978
113,882
186,938
61,115
34,845
50,200
142,288
175,740
63,509
128,289
145,291
156,33
100,541
176,315
154,819
44,777
17,865
8,87
167,383
157,487
107,243
160,240
54,484
45,852
138,864
94,235
95,507
108,949
142,532
48,334
89,972
143,465
147,613
13,839
96,479
124,614
60,34
172,973
124,412
189,41
169,139
145,979
83,632
38,656
119,351
7,896
37,20
189,103
186,817
112,810
20,711
11,851
100,599
9,692
122,87
86,600
86,317
176,78
42,563
157,370
108,419
115,419
127,151
179,715
177,997
10,970
43,189
110,384
157,618
105,457
162,38
30,937
99,717
186,130
178,283
52,488
177,873
105,955
11,931
86,40
35,699
73,289
111,629
54,241
109,405
144,963
124,614
69,841
96,711
121,328
80,246
109,40
80,51
109,203
194,492
33,352
78,793
25,717
23,996
45,922
83,677
91,197
97,94
37,231
28,516
43,397
180,245
109,419
139,200
94,165
172,553
63,651
189,420
7,502
140,303
58,844
57,926
75,868
200,776
80,570
141,77
96,399
139,678
128,731
175,827
184,1
92,536
97,330
65,459
192,697
27,124
170,480
185,401
157,506
58,978
122,67
54,39
76,814
196,612
174,647
91,99
13,299
37,912
7,975
135,912
156,397
33,613
43,574
118,649
193,12
140,715
29,699
129,823
95,528
182,207
89,105
184,774
62,628
124,302
32,734
90,104
124,498
165,718
139,158
113,914
196,701
158,586
184,827
164,648
179,960
126,130
165,221
133,756
36,112
157,849
133,646
187,228
126,390
145,800
177,312
97,741
57,193
91,876
40,337
69,280
53,62
148,184
112,530
70,485
61,689
15,510
78,652
170,988
131,895
50,164
71,872
155,485
159,253
45,511
182,210
178,950
131,694
156,494
16,160
52,371
97,322
147,847
156,225
113,999
89,777
147,371
173,69
146,139
65,776
65,370
82,427
196,107
57,133
142,353
188,302
26,891
51,577
169,934
179,530
73,660
26,873
105,64
185,819
177,429
41,62
168,100
42,465
94,944
12,322
73,469
133,25
56,520
127,768
80,217
53,624
86,467
2,411
129,48
68,308
3,912
161,939
67,416
154,785
19,206
24,596
23,657
24,345
15,897
48,342
37,115
157,73
75,501
75,187
199,852
191,729
166,121
65,471
55,972
21,628
163,741
106,631
69,334
117,37
175,328
174,817
67,816
170,480
53,435
194,374
51,47
88,389
176,727
153,167
200,237
78,877
45,771
174,743
98,672
104,421
97,745
23,602
91,130
132,5
37,861
73,675
106,103
43,347
178,897
166,977
130,339
98,713
97,110
171,320
166,411
153,665
152,317
75,294
43,718
51,984
91,597
168,845
194,882
95,254
98,915
179,462
169,613
104,323
67,61
186,940
135,742
85,811
23,349
81,777
91,420
95,166
172,864
194,8
171,823
10,552
69,961
101,514
189,895
134,811
191,982
134,557
109,966
126,101
186,676
59,984
142,883
12,518
161,5
134,174
57,560
175,252
184,997
169,291
9,972
130,733
184,812
168,963
136,993
185,971
123,408
163,897
21,181
77,987
76,249
192,252
14,211
183,85
154,574
49,461
190,395
17,480
67,193
92,548
28,372
116,510
140,283
89,644
84,200
140,752
176,113
152,583
77,979
81,777
176,495
187,762
102,823
147,730
29,880
188,103
21,354
121,632
173,400
39,937
57,942
86,55
21,245
137,61
60,640
13,705
105,857
133,420
45,315
172,377
150,910
45,556
77,455
61,641
192,114
60,796
72,714
163,882
77,390
17,284
3,504
137,854
106,490
191,763
173,914
41,390
124,32
200,656
200,661
124,381
87,58
170,661
30,24
95,306
27,670
22,741
3,296
146,672
188,62
53,592
178,257
100,654
12,328
124,191
174,654
151,283
4,4
28,141
86,275
58,517
99,373
93,6
126,354
10,631
121,464
66,207
200,179
110,295
172,470
153,640
69,818
59,973
118,336
53,714
176,14
185,866
7,381
84,846
103,791
119,909
196,138
177,494
65,393
36,302
25,189
95,214
7,971
71,622
112,445
14,149
25,191
177,476
187,658
84,477
162,779
66,756
53,793
27,17
13,707
4,867
43,551
135,897
58,337
189,303
8,631
43,590
113,344
49,644
119,665
104,87
55,868
53,919
40,257
141,494
101,441
134,69
123,44
7,510
72,879
170,48
121,454
68,430
62,916
65,476
19,901
101,934
180,978
98,436
36,727
87,16
125,526
103,655
42,145
131,715
54,8
192,495
107,672
52,917
120,369
19,188
22,495
103,77
101,361
134,551
186,618
94,257
34,38
18,119
102,905
105,46
183,573
16,269
55,584
82,792
93,496
28,736
48,27
162,124
8,46
31,762
113,266
129,228
64,88
148,918
9,441
170,626
100,830
196,123
135,583
85,800
75,621
51,122
138,87
18,798
11,976
106,785
93,403
164,522
99,158
19,372
57,384
82,867
35,324
93,190
154,4
111,668
159,199
110,86
60,641
181,806
64,427
22,960
67,234
154,810
22,211
118,815
40,849
168,881
158,373
76,75
98,804
3,561
192,304
39,6
73,885
31,789
10,794
176,856
118,886
146,746
77,176
91,967
149,572
103,333
74,117
172,502
134,823
84,407
163,67
72,550
87,366
134,437
100,578
38,622
190,74
51,865
132,332
158,729
46,929
4,283
172,230
133,886
88,245
9,628
104,61
123,201
43,985
142,367
158,998
184,106
121,437
200,353
52,850
46,617
189,199
159,342
63,26
57,965
44,100
166,11
111,651
159,900
194,954
140,547
10,38
2,926
199,954
152,2
186,99
125,674
30,352
13,855
51,368
156,759
119,453
120,555
198,913
182,810
173,819
31,42
100,20
166,318
45,448
99,476
104,73
194,996
117,72
149,216
77,844
187,3
6,177
166,891
162,860
160,709
48,253
199,311
34,322
175,768
169,229
36,168
66,731
70,560
60,984
139,468
109,960
17,427
199,762
77,373
124,29
22,321
130,529
153,669
148,832
200,759
46,855
81,770
179,636
56,19
131,681
187,741
128,131
113,316
103,117
77,192
38,279
123,503
79,441
187,724
21,204
29,36
14,966
149,483
118,432
93,60
116,937
121,322
169,370
16,181
200,558
161,162
198,70
199,634
27,54
90,109
50,189
169,477
154,292
167,527
75,343
28,507
116,146
71,6
138,922
116,438
185,511
106,425
18,572
169,5
96,955
101,241
83,498
107,900
147,159
8,761
101,979
37,665
77,368
136,40
173,793
146,884
128,324
168,236
165,72
71,976
200,191
104,357
33,463
102,324
39,86
96,83
178,49
153,405
131,240
183,846
99,877
121,549
143,122
48,496
98,316
166,284
50,829
23,417
89,232
40,432
31,782
56,581
8,681
92,678
101,434
105,354
103,5
4,853
129,405
25,32
84,994
36,779
153,167
15,969
46,476
67,240
129,507
175,114
120,680
147,704
56,462
30,653
83,81
187,133
93,809
21,720
15,378
3,614
115,85
118,283
157,76
147,992
119,32
117,682
199,231
37,51
68,669
150,554
45,175
140,252
91,603
77,609
151,510
35,610
69,609
1,749
73,27
132,219
88,399
158,859
198,804
137,758
20,507
182,735
191,130
14,503
127,90
140,570
47,791
14,176
121,374
53,260
198,703
135,505
39,417
109,36
70,764
144,443
141,436
185,9
25,991
110,637
185,83
4,219
57,63
156,621
89,980
162,586
155,209
183,483
137,901
24,398
147,429
145,880
122,562
144,158
1,721
199,184
21,23
79,314
112,737
66,114
36,414
63,807
92,275
66,250
100,84
181,902
156,314
198,20
111,662
63,49
169,767
126,348
198,902
155,138
18,818
127,27
155,570
144,447
88,836
141,409
53,144
105,833
69,446
105,444
46,947
141,673
197,146
3,272
99,53
95,173
155,548
160,414
170,250
181,638
45,615
33,67
38,969
89,221
62,107
30,891
166,720
114,596
170,796
109,321
71,365
106,732
198,56
83,751
91,724
103,632
4,236
115,253
26,954
71,543
8,36
127,764
54,260
110,494
97,988
135,684
46,525
193,369
154,967
24,349
98,365
156,471
51,101
137,699
103,774
117,445
61,970
52,642
91,137
36,368
12,280
106,604
149,426
141,984
170,888
118,185
174,493
159,511
139,758
50,809
62,296
72,982
125,345
115,146
157,623
192,666
52,647
1,402
92,502
183,437
153,784
41,78
125,680
40,643
89,401
116,845
194,358
6,208
165,266
57,987
182,414
33,650
134,681
84,881
188,502
4,461
142,360
47,703
71,240
52,546
169,13
96,222
186,612
94,429
30,862
17,195
10,953
34,332
154,77
193,840
93,865
88,676
166,319
42,724
188,832
184,917
16,88
44,84
112,620
94,989
177,432
113,928
52,366
11,497
129,709
115,844
198,821
64,874
147,58
59,512
132,835
158,847
113,950
41,776
141,729
132,908
120,775
129,706
36,175
141,745
63,898
184,151
18,630
123,437
105,924
112,926
44,604
73,94
127,269
164,132
43,549
176,194
5,157
70,955
90,446
53,162
118,195
165,936
50,420
45,794
101,609
25,366
139,377
77,831
68,14
164,585
118,495
146,989
163,275
159,907
26,846
194,667
21,432
173,187
10,273
164,439
165,195
80,694
154,490
84,49
13,473
23,112
45,338
91,968
26,862
38,59
67,601
164,616
95,437
80,658
14,59
94,785
12,482
197,686
15,132
9,174
37,766
81,993
38,305
55,213
141,169
124,172
7,485
41,275
26,899
143,965
101,256
64,618
18,168
54,562
156,282
139,609
170,128
96,29
33,110
145,108
93,566
7,344
157,892
102,778
8,687
186,976
18,917
167,358
151,700
59,338
124,388
155,290
63,562
196,364
111,838
177,126
192,556
8,442
29,922
172,864
166,452
49,907
63,46
119,757
40,64
105,497
4,592
117,816
91,297
17,158
181,182
51,16
49,609
75,964
111,768
14,450
97,910
51,787
68,824
161,362
155,363
84,563
115,156
1,889
18,103
51,34
85,130
162,948
78,294
16,468
176,920
104,291
111,570
147,130
98,707
40,556
11,681
17,643
82,344
103,258
104,89
65,671
127,329
81,963
133,270
85,615
180,559
59,645
152,492
131,157
156,645
168,51
133,659
100,297
156,554
87,924
14,21
158,250
97,713
119,124
179,809
56,56
102,119
97,694
28,322
35,254
174,439
105,857
66,228
111,142
133,932
146,290
144,851
78,55
168,644
37,775
198,916
49,784
66,9
63,250
173,239
191,157
65,182
128,340
72,740
100,93
162,145
197,895
93,722
122,634
171,775
91,767
55,746
161,245
87,108
128,902
3,570
103,808
95,272
76,979
87,203
9,264
44,738
37,74
82,404
104,633
114,633
128,368
10,106
39,106
26,208
159,916
21,383
152,553
113,212
25,999
91,657
11,64
181,634
9,315
68,136
94,383
116,876
39,775
82,992
165,116
94,561
147,850
41,858
122,937
23,191
91,802
158,927
127,144
161,672
197,443
134,22
80,711
23,22
14,90
117,369
181,815
41,794
29,405
11,382
3,792
181,380
89,119
110,770
8,8
61,908
91,181
162,136
197,539
33,372
141,855
111,184
129,611
1,736
190,720
13,424
163,481
33,848
17,377
109,981
97,186
199,528
116,82
127,49
168,686
48,1000
168,584
159,748
62,651
171,589
119,596
17,208
159,310
65,531
86,487
130,120
95,957
113,458
70,501
44,892
168,206
152,832
152,130
172,906
100,630
111,69
26,441
200,479
151,853
9,890
25,567
146,710
42,690
153,805
43,418
105,473
54,602
59,606
42,415
67,619
143,384
151,5
47,250
101,473
169,621
169,262
185,537
83,108
65,937
53,225
95,644
93,129
49,196
6,38
24,243
178,386
32,623
11,424
85,497
61,830
60,471
8,769
62,506
88,339
10,175
200,552
197,826
61,563
150,226
119,565
42,788
82,928
23,542
68,659
29,879
78,15
199,402
68,821
196,517
162,843
64,799
137,186
161,444
144,104
112,31
164,720
108,395
106,173
88,629
132,231
146,167
83,522
196,129
167,873
68,900
180,115
66,547
62,69
15,235
24,174
195,720
151,691
91,827
62,94
65,582
102,286
95,322
59,601
127,889
56,574
80,389
3,374
149,485
18,954
100,495
88,229
197,660
160,276
163,496
76,502
186,928
154,302
83,605
192,609
57,316
197,838
47,245
73,997
181,350
148,789
171,810
64,107
70,868
21,770
57,659
152,864
108,143
147,125
177,390
108,80
144,76
55,551
154,505
35,209
32,577
101,741
4,71
138,523
24,631
162,808
54,897
159,695
114,318
12,965
31,912
17,267
4,638
52,41
56,944
16,394
1,412
102,824
168,764
8,931
61,163
162,496
125,900
153,13
80,557
159,637
137,623
81,115
183,214
5,239
124,991
112,493
123,453
159,993
41,8
27,453
88,6
54,564
90,186
142,901
151,249
25,734
175,411
93,14
112,359
56,449
92,575
119,35
189,962
134,272
82,122
200,811
159,448
23,232
19,789
49,870
118,187
89,617
12,177
97,342
51,357
183,558
192,576
18,713
142,363
165,896
97,81
10,450
177,805
161,537
152,344
57,65
143,370
193,958
96,896
160,798
129,702
169,821
173,973
169,968
72,516
37,625
74,434
49,467
168,918
92,943
171,271
163,637
81,376
122,333
165,72
191,821
120,343
175,473
66,696
21,991
89,595
197,60
187,817
155,68
19,792
155,603
158,712
164,144
20,407
46,589
142,12
108,118
72,837
178,570
156,530
175,771
194,4
187,87
48,534
170,329
51,11
53,303
164,123
115,705
57,469
6,603
172,686
31,172
187,703
61,823
101,650
56,371
132,254
115,649
53,317
174,685
91,980
161,366
100,730
80,400
122,854
172,512
168,887
187,304
155,164
46,932
52,106
58,632
161,69
184,368
30,24
54,710
121,667
176,800
145,215
188,846
137,653
65,605
36,944
32,205
120,246
185,254
41,551
49,81
128,905
136,374
110,627
154,533
150,150
171,376
137,489
15,649
32,368
80,380
168,521
72,83
36,476
64,448
184,350
76,641
120,289
179,727
145,682
102,352
122,915
142,119
100,791
139,815
42,58
170,837
197,946
86,779
71,220
109,923
40,12
94,539
141,645
9,107
157,928
186,779
1,686
30,669
49,541
106,232
4,13
105,321
19,758
194,176
74,505
161,566
193,357
63,684
125,960
43,823
70,595
35,543
90,66
32,105
127,911
192,76
9,657
148,111
47,236
101,650
32,421
57,277
2,448
101,771
26,457
109,814
30,797
185,571
45,871
30,271
177,352
170,623
153,54
69,635
188,519
56,634
194,787
94,284
95,289
22,403
62,844
34,224
197,950
48,266
125,806
97,292
139,659
156,748
196,271
86,343
132,95
117,697
141,621
110,871
53,972
158,802
128,396
61,154
135,827
115,356
35,222
142,834
8,80
156,655
110,343
108,724
26,890
17,363
95,450
6,131
18,993
74,81
104,725
104,132
189,359
176,576
87,220
155,555
182,454
158,293
85,385
136,455
175,722
135,713
2,760
114,475
94,237
55,145
19,103
87,471
24,860
80,284
183,54
51,841
54,41
139,215
157,143
29,909
50,335
148,814
34,909
129,510
23,778
92,400
107,248
18,868
166,104
99,27
142,964
147,509
162,39
159,336
117,105
159,186
156,902
81,488
66,831
122,747
10,531
8,15
188,340
21,313
103,266
33,980
65,14
104,9
14,808
90,562
197,34
19,12
14,650
6,784
17,338
64,104
77,760
143,683
184,802
60,267
24,41
56,907
145,145
132,153
148,163
156,102
112,713
146,790
59,668
93,963
176,498
187,355
175,746
122,774
104,26
187,187
70,189
132,894
46,236
9,220
36,302
175,674
124,398
77,787
195,135
42,387
54,966
63,578
60,106
45,908
14,573
153,490
55,901
56,457
120,758
140,57
164,329
22,998
118,133
88,704
184,977
103,852
184,729
2,324
25,595
94,451
97,666
21,714
22,149
154,199
38,623
94,939
87,660
148,499
42,578
19,490
10,967
57,650
93,219
159,513
29,732
82,720
21,715
100,565
145,724
152,819
124,793
109,855
102,865
177,982
137,745
36,314
174,607
129,937
82,3
63,209
121,108
79,987
69,474
189,100
55,104
104,566
119,366
41,901
132,402
194,660
169,439
82,861
178,130
72,237
70,648
182,172
60,129
132,816
138,81
93,456
174,805
196,191
35,177
104,255
195,307
20,664
115,861
186,919
130,488
141,269
179,533
173,409
189,63
160,844
83,306
72,317
152,477
95,379
88,871
54,964
8,895
114,322
151,823
43,797
120,806
114,679
85,570
3,628
20,540
172,920
17,585
27,382
143,971
33,643
31,261
72,715
175,380
32,869
23,265
184,19
183,307
133,253
195,354
125,232
144,721
48,488
178,333
114,979
31,398
37,571
71,841
100,699
138,610
26,350
176,816
87,382
189,539
33,933
48,591
43,375
9,974
5,341
94,138
121,440
119,61
27,452
104,580
51,597
182,713
193,91
86,742
9,312
181,865
144,699
159,718
143,346
155,188
58,640
166,886
66,583
147,903
97,696
92,506
168,345
110,728
88,476
7,437
68,885
162,143
189,726
194,636
43,823
188,967
200,187
10,67
46,180
56,252
192,512
64,445
107,387
10,778
78,533
158,882
72,754
149,50
99,513
184,936
13,774
70,772
132,673
14,363
20,14
107,433
58,251
13,582
164,686
187,714
10,76
154,709
166,245
49,692
61,559
26,797
183,935
138,955
11,335
184,698
139,134
90,394
167,548
24,244
31,381
7,532
60,427
164,684
52,208
72,494
160,339
193,577
106,475
41,319
15,665
21,686
106,398
81,415
68,202
55,938
125,427
13,927
199,818
166,451
70,896
121,238
67,263
139,984
12,296
159,744
191,879
198,562
120,467
45,832
168,628
92,670
93,155
96,290
142,825
118,538
6,151
25,831
169,649
109,295
72,781
9,59
118,681
136,52
154,317
75,926
119,807
95,36
39,198
55,58
166,596
8,532
85,489
100,51
63,804
145,403
140,518
71,106
156,455
63,393
186,272
122,428
126,135
38,627
172,920
127,462
62,179
14,367
129,121
82,466
11,521
92,966
12,1000
52,499
19,445
57,188
68,260
156,143
169,813
65,317
180,193
139,147
80,711
159,578
53,499
2,280
47,389
142,716
147,246
58,939
114,881
137,940
157,939
25,707
52,921
68,347
9,114
38,510
34,4
160,256
168,494
11,97
110,257
132,255
162,28
21,24
157,154
121,890
76,101
117,581
40,373
21,228
10,873
103,631
86,461
91,692
15,630
70,981
140,711
108,403
178,623
185,5
8,839
43,108
55,805
179,840
22,148
125,66
26,718
134,240
136,543
94,911
39,103
164,872
93,563
117,777
45,982
199,279
182,380
200,485
64,29
50,340
24,850
122,317
188,320
66,915
11,652
26,404
185,352
179,267
147,799
5,744
145,954
192,170
61,865
158,883
18,137
15,37
170,806
12,652
95,161
97,407
66,682
200,476
106,180
151,497
194,45
86,7
78,824
89,695
143,748
86,429
145,896
171,164
189,804
16,767
61,6
133,556
164,187
74,596
176,26
72,563
168,510
37,336
135,804
127,518
46,391
108,782
128,323
45,235
33,649
88,775
184,366
68,479
65,791
119,262
150,16
157,465
149,276
9,361
145,785
20,270
122,978
137,143
88,128
152,606
176,604
19,745
61,950
189,518
196,407
200,502
68,467
186,659
28,883
109,371
60,774
137,4
130,344
155,49
190,288
17,608
85,372
193,451
199,223
105,589
127,881
20,535
13,784
23,704
182,545
100,2
175,688
126,104
55,684
136,346
181,889
33,18
74,462
171,475
44,845
42,591
121,355
177,760
119,637
102,162
48,909
77,322
170,683
178,378
180,563
61,619
151,559
85,442
73,94
149,77
53,240
149,152
98,265
44,405
137,448
4,271
35,235
186,634
197,531
175,664
157,890
151,803
30,284
64,794
74,540
2,586
87,266
86,719
196,124
85,424
85,711
133,313
58,525
143,732
73,73
2,369
84,318
168,40
141,829
119,918
187,911
109,787
126,936
71,999
183,367
147,631
151,29
42,984
119,52
35,293
164,924
89,404
37,160
179,346
151,666
40,430
187,872
185,862
192,802
63,949
78,638
126,89
83,338
178,76
51,277
195,841
83,96
131,928
1,498
107,83
127,504
153,427
130,672
10,62
5,143
88,944
39,797
33,901
38,444
105,269
196,608
126,640
131,425
185,316
146,154
78,436
83,957
160,704
108,293
87,426
200,49
2,72
82,954
92,557
28,378
82,431
7,42
123,605
4,448
104,638
146,725
172,390
179,613
92,455
167,516
42,849
148,368
28,196
57,266
152,940
22,424
178,859
138,330
51,556
139,150
129,44
132,177
25,258
31,921
112,530
129,992
165,372
138,998
137,981
58,973
199,460
112,223
193,418
197,467
42,844
177,246
82,217
25,498
40,77
185,819
163,242
19,70
3,461
115,53
21,968
61,623
22,64
18,252
65,934
175,148
185,257
136,712
66,448
196,61
48,717
162,206
129,821
40,262
82,168
184,138
59,828
106,968
144,781
111,635
3,930
171,660
171,56
86,927
184,364
85,383
181,205
163,491
162,639
174,317
129,682
159,958
112,613
148,235
2,328
109,542
131,158
24,445
133,15
137,101
171,295
97,730
84,849
144,73
2,67
105,766
197,477
141,174
190,162
38,797
149,489
49,479
54,446
125,298
60,659
199,417
99,904
83,112
48,793
34,379
10,414
108,549
183,294
66,378
116,255
170,986
66,310
175,692
74,907
43,97
52,735
102,494
32,939
123,27
28,514
162,256
98,408
192,388
99,656
10,942
176,608
109,908
129,246
185,605
13,801
25,263
170,506
3,423
182,548
131,248
156,48
56,137
11,832
186,195
116,262
175,204
87,817
53,638
72,527
36,699
66,408
195,822
103,464
144,508
34,657
34,595
118,510
70,123
144,208
188,356
48,370
161,826
70,216
155,891
82,528
119,5
149,762
154,562
25,30
185,974
157,972
34,626
120,867
29,130
134,712
195,671
1,631
188,288
89,365
22,859
128,186
64,369
58,704
125,706
5,632
65,859
80,323
42,358
51,655
182,174
135,969
75,699
143,949
127,909
191,703
180,652
167,256
188,905
151,550
176,714
72,738
127,283
51,970
137,928
39,781
74,365
44,353
16,760
125,25
83,602
124,623
46,952
144,555
28,738
44,740
48,106
95,322
36,677
118,935
61,427
27,77
148,917
85,953
107,613
20,347
184,932
186,588
84,577
32,825
141,278
171,13
199,519
90,166
172,463
9,297
90,749
129,263
152,924
33,555
106,787
59,783
100,29
200,315
55,45
75,466
86,526
63,520
168,609
148,36
77,724
164,574
102,434
186,137
125,70
120,849
123,662
144,999
102,810
13,247
137,77
126,417
90,725
170,294
34,245
167,500
117,832
113,577
53,459
110,115
65,663
110,522
200,755
40,769
56,214
83,24
72,137
72,710
42,652
69,675
139,811
59,705
90,72
138,123
83,630
152,320
67,286
149,346
48,617
60,313
154,504
197,928
105,369
131,323
11,69
71,780
20,208
66,16
15,659
164,447
30,561
44,422
109,367
170,420
141,737
11,856
116,377
178,110
15,442
44,530
86,472
74,843
117,375
158,329
162,792
13,281
54,159
89,785
33,437
16,131
50,771
51,865
81,144
57,865
108,175
51,669
13,390
124,381
57,729
92,645
66,385
45,13
54,876
61,128
175,865
152,929
3,792
25,400
103,441
152,783
97,589
96,455
171,418
67,589
126,836
149,91
167,17
185,891
40,362
32,679
1,380
97,237
35,363
74,744
170,860
40,968
150,252
48,348
150,284
94,799
91,79
194,199
21,7
185,933
175,552
74,378
125,215
36,592
106,129
198,891
82,79
171,42
169,972
143,654
199,754
112,387
200,120
33,77
34,656
166,670
13,581
102,476
107,835
56,158
56,749
6,738
70,760
149,585
76,47
167,557
146,467
159,911
127,462
69,471
176,503
173,933
3,636
107,117
58,898
191,123
105,518
19,561
170,253
41,780
112,871
100,579
159,362
166,358
99,641
79,612
161,587
115,35
35,194
174,554
111,707
90,248
119,136
171,149
17,921
143,298
83,779
139,387
51,580
73,877
81,301
48,583
135,698
97,359
134,409
110,465
98,517
115,640
125,304
146,900
104,792
86,373
183,469
112,681
92,341
178,539
28,337
20,840
148,751
111,127
55,161
78,653
200,751
197,246
183,566
96,250
92,980
10,37
173,328
74,283
153,810
102,772
163,752
200,230
75,124
126,289
110,46
155,706
113,407
181,402
50,876
12,184
89,40
50,364
191,549
101,651
107,127
148,260
21,56
173,887
21,307
195,483
143,221
39,727
46,549
181,712
199,714
135,122
25,726
131,132
109,739
61,280
51,857
112,200
159,248
198,423
84,894
138,603
135,848
13,263
59,451
58,387
114,907
149,91
133,917
182,717
28,895
26,36
8,121
188,344
184,894
166,522
69,718
133,533
78,929
125,470
150,928
106,191
195,616
102,591
5,394
141,903
87,540
118,660
142,872
102,820
20,804
137,691
175,732
22,950
88,780
75,954
98,235
181,146
194,618
52,177
194,775
88,532
172,965
135,269
122,823
102,34
126,584
162,946
160,551
184,790
184,679
164,681
53,456
199,304
197,825
95,580
121,700
76,394
130,249
63,787
62,776
99,896
138,796
173,162
129,357
3,88
6,827
15,335
178,876
47,284
121,295
19,272
29,543
145,77
22,486
140,697
45,942
199,214
143,864
75,52
108,164
24,701
154,223
57,900
85,588
112,125
126,73
91,195
105,212
186,858
166,812
153,525
70,579
40,369
37,159
28,9
77,767
6,464
137,646
68,209
44,20
172,413
117,41
179,33
75,61
5,374
33,673
148,451
9,670
122,452
135,777
95,573
198,465
82,814
50,233
69,398
176,876
117,689
125,708
9,315
185,459
145,803
188,517
2,631
171,539
57,680
107,761
142,685
145,137
3,675
176,945
155,873
200,451
64,20
77,992
121,395
66,470
76,382
200,552
3,656
52,250
81,366
184,454
59,468
56,189
116,946
193,269
116,281
112,843
31,185
11,944
14,215
42,59
155,257
79,421
119,544
157,357
15,49
45,543
132,38
55,198
66,335
76,790
159,115
112,295
41,990
195,330
110,680
120,845
49,443
2,85
49,383
133,847
60,948
100,715
55,980
15,420
169,16
67,73
93,56
13,941
38,865
77,987
20,243
95,942
8,347
102,698
157,126
20,602
24,992
62,396
2,520
18,888
169,159
99,152
122,227
162,699
6,91
103,423
171,975
195,477
64,530
169,166
33,827
94,758
161,213
8,380
93,330
38,802
143,310
13,915
86,979
162,562
73,54
73,507
49,487
63,914
20,473
166,447
6,252
200,650
111,309
134,806
29,124
28,560
184,13
62,40
88,531
5,157
56,605
162,715
162,182
54,371
184,392
5,199
82,795
106,515
41,377
86,587
31,729
132,579
140,350
57,611
160,188
194,235
56,768
119,492
193,966
29,888
104,265
53,685
120,340
20,230
120,130
21,999
10,784
27,251
159,330
64,744
167,542
174,693
71,799
130,927
97,307
179,176
6,174
177,639
8,554
68,183
156,66
200,958
54,263
175,536
39,763
93,21
76,821
9,739
112,762
93,813
187,528
65,314
62,973
104,24
11,817
141,147
61,847
171,802
124,256
51,712
57,121
6,63
194,179
193,371
128,756
129,905
23,497
191,745
79,150
75,599
110,217
46,199
187,206
99,196
77,603
88,143
42,210
69,632
155,229
104,485
162,186
141,865
163,667
186,368
136,835
98,601
184,705
169,373
121,643
43,356
45,656
159,989
163,303
192,179
185,392
100,639
39,277
134,95
134,948
39,127
21,2
168,873
56,105
161,785
91,624
162,452
1,520
138,960
47,42
58,484
135,990
43,27
138,90
177,747
108,250
22,148
96,593
6,837
134,897
40,542
28,917
9,521
96,842
106,254
192,431
106,242
2,12
179,851
191,740
120,544
45,480
59,298
157,160
174,81
31,93
42,883
3,153
125,104
85,55
116,303
54,133
134,108
51,9
143,526
7,730
116,188
115,133
189,264
117,204
147,333
42,252
28,441
186,450
111,105
44,796
195,430
151,880
21,845
116,674
139,414
172,658
186,981
106,195
63,477
85,657
46,68
35,273
51,143
182,260
153,725
32,633
61,744
72,935
157,820
126,938
133,308
146,479
142,46
140,644
104,173
53,569
172,502
144,321
16,785
78,462
130,49
127,533
64,43
146,423
45,726
99,247
146,483
138,318
20,442
163,659
104,4
199,648
148,694
5,940
143,892
131,798
61,624
68,764
20,75
152,545
24,784
101,820
182,157
84,742
191,46
59,278
129,245
148,118
67,638
19,310
53,844
114,813
6,288
6,686
199,574
78,135
97,503
177,546
12,296
173,773
15,280
167,102
12,149
186,132
160,665
103,74
163,633
52,593
197,480
55,69
180,878
75,793
68,488
56,440
1,602
102,325
48,484
138,184
195,632
130,330
200,94
166,51
143,830
9,508
104,713
173,381
61,864
103,312
66,534
20,410
55,608
56,359
150,694
54,94
174,645
184,537
88,355
27,163
179,89
192,93
73,459
146,992
157,770
121,191
161,200
49,452
91,461
83,748
66,929
37,877
41,554
18,355
43,522
167,644
178,924
133,650
139,389
134,879
54,877
27,605
139,195
64,730
56,341
148,134
148,623
123,628
57,228
124,778
74,239
173,201
168,473
112,600
194,688
1,227
189,893
137,700
109,389
11,786
74,606
87,284
39,526
178,851
102,287
14,262
56,72
120,524
13,684
36,35
145,246
141,282
143,916
158,520
123,737
196,583
74,937
195,396
16,809
159,354
104,731
123,224
115,177
179,452
162,338
52,375
192,122
175,137
96,280
184,694
192,888
62,5
165,841
144,938
188,223
19,825
103,281
2,631
80,23
129,810
119,698
175,316
132,987
170,697
25,286
154,76
62,328
151,215
162,965
76,355
99,905
78,127
164,378
20,774
18,937
74,226
123,629
67,366
113,217
166,800
56,178
15,673
198,125
193,125
61,286
49,478
124,349
122,913
18,411
94,489
170,566
114,845
35,197
57,653
95,719
150,524
170,738
126,435
68,223
5,483
9,426
20,74
172,478
3,186
119,217
19,742
70,420
94,451
94,318
153,726
46,848
22,539
46,448
88,372
183,767
187,893
58,617
189,467
147,747
75,405
196,96
151,811
179,187
23,998
54,79
119,646
88,984
52,641
12,982
29,448
28,983
37,225
179,377
30,936
5,498
82,995
3,566
100,58
65,362
194,569
165,550
131,705
100,705
20,176
136,772
51,599
141,618
28,795
138,965
83,562
179,778
20,131
66,562
60,786
68,526
137,290
146,848
3,203
9,381
178,761
9,794
194,247
182,330
156,619
105,718
91,4
165,554
82,64
86,890
144,263
73,676
153,878
84,574
93,319
142,613
103,897
200,530
173,84
19,469
131,641
197,16
127,274
123,88
104,277
190,785
166,738
107,662
101,426
181,447
161,228
163,907
14,684
23,8
100,533
51,572
190,168
18,162
91,920
65,358
103,807
146,197
142,689
136,327
77,339
113,958
14,642
26,292
40,696
90,836
165,768
165,325
70,638
199,959
33,813
171,248
166,56
23,227
86,379
87,907
95,683
160,511
166,858
189,683
81,502
192,846
134,533
105,554
77,263
117,154
8,491
157,315
145,510
5,406
101,155
176,115
85,425
146,133
46,118
92,303
166,384
114,808
188,513
199,861
74,530
100,33
34,876
90,970
75,843
198,9
162,147
147,714
1,718
197,72
102,543
86,693
198,129
151,616
171,84
156,300
48,191
127,927
167,563
127,652
140,158
55,55
26,485
53,703
126,346
61,86
65,891
174,948
102,713
170,114
184,745
136,76
15,924
171,500
117,456
118,522
49,645
74,168
110,748
4,803
161,218
103,354
77,433
17,712
143,241
189,441
64,476
109,423
194,492
200,195
94,391
53,625
94,115
106,443
36,436
182,392
34,996
62,706
83,720
32,353
7,719
111,861
179,301
168,825
98,748
4,198
172,746
52,203
171,564
124,849
19,668
179,347
69,383
167,690
31,951
175,412
94,900
9,462
118,484
133,691
26,921
108,697
38,245
50,503
80,505
84,175
90,915
195,687
192,977
109,134
132,841
96,584
171,413
60,796
65,792
49,563
45,55
123,159
119,339
103,358
47,643
38,901
116,144
34,355
104,712
160,734
150,673
185,139
49,828
196,520
159,942
76,135
134,993
119,498
130,676
181,346
147,995
16,13
18,150
85,134
178,395
16,480
154,180
97,184
1,403
188,935
126,997
120,114
10,132
187,57
167,121
25,741
156,206
79,831
164,595
17,414
181,704
6,645
107,779
180,767
150,952
33,945
149,518
86,81
127,359
36,425
51,569
126,399
9,966
181,457
53,867
116,26
191,424
136,927
85,136
133,884
110,346
115,457
130,65
57,552
111,756
17,135
155,602
156,70
186,996
10,570
179,522
5,741
103,940
192,768
152,535
98,886
69,19
40,956
34,703
56,322
24,228
75,40
23,35
128,843
54,23
22,600
151,563
152,808
109,83
188,820
172,69
40,977
161,371
102,674
82,527
107,961
91,305
128,105
194,73
124,226
158,861
167,336
46,427
102,518
1,354
10,396
186,866
88,707
188,464
14,483
21,149
111,998
30,170
44,828
138,804
19,369
182,850
171,30
81,367
123,901
123,632
85,10
182,123
188,455
48,256
151,41
125,1
34,462
182,694
76,464
65,943
71,738
31,671
143,92
106,259
37,731
75,972
31,419
47,878
30,965
160,891
37,531
94,893
145,734
81,700
31,257
102,633
143,5
62,826
9,195
38,106
29,198
138,729
59,56
55,779
44,148
195,289
111,734
126,703
120,877
189,544
130,124
93,127
152,929
24,984
26,456
143,22
105,956
146,276
84,356
155,421
130,576
20,139
161,319
129,237
179,276
112,949
27,810
8,675
72,234
68,955
66,101
179,637
164,730
99,496
177,574
63,235
33,448
166,917
22,513
167,396
168,822
198,785
152,738
193,566
112,345
40,858
92,985
30,20
67,42
60,878
165,17
109,908
135,177
130,84
193,164
109,535
36,559
146,307
73,653
29,475
21,570
88,854
65,407
72,779
57,618
66,255
143,356
181,176
40,760
3,907
121,743
165,810
53,897
29,83
159,387
80,564
142,55
26,436
89,586
130,265
60,489
120,13
111,184
198,143
60,38
171,213
28,203
181,245
54,50
138,575
25,766
168,853
21,74
169,854
33,518
144,497
64,309
188,475
17,36
177,901
106,304
94,594
52,268
192,3
14,53
146,226
110,844
15,904
149,820
103,346
62,406
198,255
63,913
76,155
37,543
56,58
183,88
142,651
65,622
177,364
7,492
125,562
106,962
16,189
184,855
80,901
129,747
157,412
148,986
21,292
141,277
68,363
73,13
46,460
194,934
75,28
115,639
136,75
6,97
159,958
189,167
164,817
72,637
34,71
15,249
148,481
17,16
169,975
187,820
186,878
194,480
93,817
96,650
105,974
50,899
52,246
173,566
126,95
141,49
26,382
138,835
36,66
31,823
148,889
125,731
66,536
190,184
187,27
38,923
178,21
133,254
7,488
165,822
125,729
189,291
181,223
199,755
23,1000
143,73
124,374
117,798
88,220
10,844
140,608
139,210
157,806
154,96
120,729
161,973
92,240
120,512
100,201
18,705
71,166
137,858
180,470
90,541
98,377
139,227
5,580
41,186
107,71
172,160
30,239
49,746
185,813
76,96
8,824
39,257
145,989
180,674
82,384
100,752
87,74
98,42
127,669
60,184
104,93
45,100
48,647
126,405
111,451
114,855
69,850
33,200
148,37
75,699
75,116
34,939
178,196
169,801
192,23
172,458
138,674
196,952
88,195
20,752
137,334
56,544
162,360
87,985
107,701
8,831
150,789
154,813
200,724
98,721
71,434
184,749
88,307
156,398
45,493
55,91
131,479
45,801
25,797
42,207
186,197
128,25
160,467
79,262
112,882
107,717
46,387
185,582
91,979
31,983
191,845
91,979
71,685
94,942
137,85
62,987
116,675
54,264
66,573
89,433
56,565
169,969
93,407
42,799
32,378
8,694
180,347
122,251
54,547
7,494
30,380
166,383
141,823
193,249
112,466
125,952
142,289
65,235
166,91
96,593
146,345
164,574
156,959
191,352
169,981
119,277
186,534
14,895
182,961
32,17
50,428
199,175
26,33
49,421
85,27
193,471
10,366
182,766
130,234
197,358
195,479
106,663
79,590
52,73
25,926
13,725
67,142
179,112
79,922
84,701
115,640
47,533
79,711
200,708
79,592
157,876
54,714
189,876
158,778
118,115
37,681
188,725
111,846
120,793
139,530
23,972
97,949
95,807
45,315
114,199
96,534
50,695
62,134
119,723
179,281
77,537
119,797
122,789
30,943
14,155
40,519
22,519
53,307
47,695
32,240
51,717
183,959
176,876
62,504
81,109
141,449
165,597
172,246
195,172
57,15
124,891
34,35
41,102
135,74
192,750
1,455
32,526
189,599
130,260
42,293
169,636
119,906
50,94
195,567
197,155
162,820
31,653
36,119
80,162
181,743
122,896
132,572
21,810
124,224
36,733
167,832
113,252
81,547
108,112
142,86
155,965
99,862
172,907
185,395
169,454
156,627
130,20
198,698
177,177
155,307
59,722
41,528
59,634
183,755
84,792
14,420
197,238
94,742
15,187
100,921
74,346
115,977
153,296
143,903
136,200
185,179
94,42
82,176
170,41
133,241
134,379
42,351
94,321
199,969
64,307
176,304
151,30
34,542
71,60
199,623
195,783
108,900
68,837
171,182
64,599
33,722
124,454
137,860
54,696
36,662
4,223
74,172
113,95
179,331
109,531
88,154
50,994
170,992
7,824
25,431
97,547
1,8
195,754
60,393
85,105
109,546
162,139
95,447
166,240
32,304
74,685
177,806
170,577
193,831
113,227
71,75
169,762
109,1000
20,220
131,168
182,481
143,457
17,806
189,526
193,459
194,253
32,645
8,514
179,545
170,236
151,422
129,134
143,806
112,627
144,667
184,971
105,484
168,625
40,757
2,709
199,408
169,838
124,758
2,597
117,287
145,896
88,190
27,704
10,74
5,589
101,479
41,804
150,733
25,271
45,549
108,946
62,421
198,303
47,657
198,228
135,472
17,458
102,270
118,147
88,41
46,953
47,461
35,214
1,543
199,287
15,327
32,10
198,555
5,546
182,485
41,975
48,700
84,744
156,753
200,213
184,326
85,930
94,305
197,263
171,395
78,409
101,952
171,276
198,899
88,500
13,29
171,966
165,866
3,377
183,837
186,998
38,40
93,835
128,491
42,525
77,875
121,706
127,495
53,740
108,705
163,454
144,173
138,942
146,714
72,40
105,24
79,128
81,316
146,87
15,250
172,338
189,844
157,447
44,65
188,354
92,15
49,658
148,581
90,143
78,99
133,751
198,216
150,266
68,161
125,43
134,27
33,105
71,474
17,544
83,730
146,617
4,958
189,637
85,237
144,309
23,611
109,454
25,896
98,921
92,125
2,528
1,225
101,903
163,531
166,660
46,88
86,785
90,217
52,477
99,468
192,178
114,736
149,791
132,595
21,386
158,347
4,11
2,252
163,607
175,256
13,679
53,160
62,948
36,311
55,334
150,258
38,596
91,450
46,171
173,636
165,979
77,53
89,488
77,515
139,604
199,872
105,424
63,214
59,215
110,283
143,343
135,26
193,206
132,591
187,713
79,987
5,961
130,803
90,588
60,16
172,628
38,419
78,710
41,345
185,410
16,964
153,109
77,664
83,569
122,232
65,620
92,830
29,782
73,450
102,966
180,75
137,734
14,931
74,118
132,493
137,301
177,25
167,597
163,750
10,788
184,771
194,720
188,899
45,676
161,924
166,157
136,593
82,834
28,778
69,994
31,47
66,980
2,699
74,541
98,953
34,831
8,145
29,798
1,427
50,505
169,106
126,415
159,150
177,751
112,508
180,744
46,76
171,215
97,247
139,437
36,901
101,586
159,82
176,711
146,366
124,543
8,956
31,553
50,268
120,416
102,452
68,54
119,461
129,74
24,127
8,477
43,425
49,164
187,894
47,355
66,864
155,279
199,719
90,43
51,382
41,585
36,832
47,378
131,510
63,345
46,34
138,760
156,36
59,885
119,830
200,674
72,538
25,952
102,547
86,260
57,39
136,904
187,366
120,928
99,396
66,659
150,227
155,678
29,733
125,803
145,161
158,508
164,896
98,203
184,467
75,324
57,879
115,611
54,155
121,641
32,593
99,500
33,435
42,625
127,460
122,365
4,783
71,966
99,441
111,635
150,635
145,300
86,65
197,481
176,335
95,10
152,226
167,877
86,400
15,887
7,199
54,59
132,889
158,477
41,874
150,33
165,605
52,505
39,746
129,860
121,743
106,323
193,779
13,651
199,230
192,923
130,549
55,74
93,352
33,680
179,208
42,560
56,835
136,651
68,747
189,598
49,681
86,143
84,267
6,279
5,157
59,405
127,150
29,841
98,396
120,249
89,125
3,294
192,98
36,711
84,977
16,354
77,673
173,216
90,405
194,495
181,511
166,162
176,632
152,515
161,322
74,666
116,188
55,261
61,807
5,734
47,906
167,801
30,906
183,297
15,706
61,141
14,599
85,463
108,766
108,67
16,613
6,402
159,936
185,402
126,71
17,664
64,398
67,776
18,663
152,375
84,403
38,554
67,85
182,396
114,176
162,799
19,643
119,432
33,474
72,894
121,649
200,517
46,760
28,610
79,812
121,365
33,985
6,963
199,169
150,85
5,844
6,960
31,527
17,988
27,607
104,482
136,147
116,135
62,860
131,557
46,615
199,694
161,90
30,247
68,878
163,416
149,907
53,384
31,680
111,538
95,172
9,918
4,325
106,789
74,383
58,386
44,789
140,987
32,182
170,144
108,251
19,111
94,266
174,923
153,484
58,59
58,631
95,719
91,154
146,419
69,108
173,475
29,210
80,90
127,412
178,50
133,198
38,868
88,646
60,86
51,233
138,710
25,181
61,949
71,205
24,778
190,365
33,90
60,637
78,742
9,555
160,128
176,168
171,663
183,410
35,384
18,683
66,907
162,44
55,238
13,122
29,578
24,774
123,952
21,559
43,787
118,862
4,163
25,859
33,340
138,269
14,1
177,80
12,997
152,171
85,792
132,604
59,591
148,381
13,677
82,62
8,231
144,894
185,188
119,832
130,665
161,858
122,841
76,142
110,899
14,509
125,997
195,375
76,545
65,553
122,901
39,527
18,961
66,924
178,382
183,205
129,329
142,960
51,55
151,75
132,165
31,526
147,648
187,459
41,797
40,903
142,843
117,243
102,900
157,169
24,140
47,591
43,763
144,585
187,867
194,186
191,661
74,792
14,501
17,16
180,71
100,850
110,252
151,186
149,614
92,289
143,135
58,183
1,223
41,914
73,587
132,160
102,673
49,543
87,368
189,919
51,522
27,608
22,67
119,419
126,363
40,368
77,392
115,717
88,843
80,730
109,957
72,904
46,356
74,541
98,314
191,474
125,371
155,894
183,953
81,108
8,147
164,458
113,413
154,639
37,560
7,482
151,40
113,75
47,682
14,151
23,988
81,925
7,613
54,47
74,556
2,15
17,183
110,432
181,391
17,473
148,706
45,508
159,720
114,445
9,515
20,491
20,184
199,73
185,117
73,594
33,484
170,766
104,443
77,550
119,532
110,295
99,623
72,193
45,868
102,103
138,758
24,53
45,743
38,631
187,710
62,670
151,558
75,480
162,209
48,807
188,421
27,383
165,410
139,225
139,76
9,728
175,394
108,661
114,864
142,328
73,726
176,945
101,446
22,988
181,844
81,379
167,482
32,353
192,558
74,526
145,195
55,288
151,809
146,463
99,263
156,84
66,359
69,391
73,321
104,233
154,813
42,518
88,826
66,138
22,991
34,503
2,778
143,698
125,552
129,416
171,877
197,904
148,299
185,397
87,548
111,156
43,291
18,562
166,633
158,46
130,554
118,810
182,797
84,842
195,386
121,886
79,412
61,602
179,107
191,364
180,597
155,880
11,752
30,845
103,395
180,293
43,217
65,205
181,135
1,975
146,641
98,508
163,682
197,658
135,372
160,793
136,157
78,538
129,742
153,94
173,69
69,575
200,54
63,62
31,410
76,906
87,308
49,401
196,494
62,87
167,421
25,651
177,274
40,767
79,105
119,933
16,53
177,110
62,510
57,179
66,886
46,218
61,983
138,35
86,277
108,566
59,666
112,450
196,270
161,574
71,827
97,360
14,549
84,970
33,660
136,368
81,536
198,404
73,949
49,527
43,437
77,307
113,721
126,505
121,443
14,214
185,355
105,934
76,123
183,416
110,834
94,469
17,144
108,722
63,552
105,901
9,300
88,937
143,329
149,466
108,50
123,246
169,896
81,815
55,742
142,764
146,367
109,368
175,916
5,750
173,160
85,421
143,505
173,242
68,917
145,586
58,501
113,590
122,703
52,170
4,640
129,81
54,464
122,264
99,549
156,852
164,290
91,55
136,678
79,460
146,67
107,142
169,94
140,612
126,881
42,877
130,888
23,776
160,420
43,626
96,98
7,413
17,608
83,416
18,281
174,102
135,638
68,340
5,206
168,900
2,280
40,948
71,223
63,970
142,552
28,945
88,31
137,131
42,501
122,528
192,698
128,165
8,321
12,816
21,662
165,976
21,673
18,664
65,30
96,239
49,427
135,604
18,710
162,928
91,2
194,469
66,279
46,60
24,470
135,929
137,179
127,18
182,254
176,549
125,393
178,341
42,37
45,72
75,509
4,504
169,426
153,780
120,586
21,121
84,954
155,860
14,245
12,224
199,380
95,940
57,176
198,64
131,564
189,644
138,767
149,111
62,816
165,474
146,221
46,383
191,857
174,466
48,393
138,474
6,33
26,685
84,753
171,572
50,418
47,650
14,258
108,225
192,869
134,1
104,994
36,915
8,957
46,506
93,935
21,969
26,8
87,286
150,848
115,664
62,883
72,112
106,371
104,504
12,6
48,546
130,607
52,429
6,195
161,847
125,282
159,139
60,194
176,547
55,128
133,312
162,252
82,874
200,980
173,174
117,416
185,656
22,116
126,406
36,194
66,27
137,155
101,229
144,551
108,778
73,330
41,127
159,939
118,151
28,966
67,827
184,208
85,457
45,302
53,661
49,297
146,111
29,21
15,271
93,909
93,207
171,122
188,975
16,537
109,935
167,756
150,591
36,239
78,184
126,225
78,514
32,32
118,482
34,344
148,773
179,390
91,786
180,181
34,625
34,779
71,265
198,760
89,29
96,66
159,314
151,7
2,43
45,329
60,425
109,881
84,495
75,292
181,611
190,248
42,558
175,716
86,380
66,336
109,789
178,606
122,769
150,149
78,712
65,426
138,107
26,780
156,146
69,250
113,64
110,896
158,231
84,496
2,806
35,638
12,214
112,605
85,176
196,191
13,368
174,460
104,489
50,744
45,744
117,807
81,836
52,701
5,606
116,353
124,599
1,847
27,596
31,693
139,190
19,219
68,45
22,659
42,39
124,504
180,401
134,216
185,296
184,577
141,946
127,134
82,1000
171,204
188,502
194,547
194,701
37,176
95,590
107,221
89,529
117,741
49,35
25,834
19,391
1,708
108,610
40,142
9,768
84,490
36,868
105,210
7,851
53,159
144,794
35,223
23,738
18,120
120,350
153,677
93,238
43,694
57,998
60,114
124,695
36,355
94,853
187,665
102,265
67,527
194,107
116,516
40,44
7,452
161,89
84,888
190,933
44,450
22,123
94,631
50,574
114,379
120,922
143,83
1,511
27,142
91,932
151,107
2,174
25,216
158,350
160,20
184,829
123,285
148,186
103,953
57,376
23,369
194,502
77,518
87,856
102,217
104,915
106,657
115,744
136,561
108,119
159,41
178,339
196,164
30,851
194,694
127,311
134,767
179,492
107,660
29,838
85,1000
34,26
154,980
64,158
191,934
30,496
17,189
46,442
74,709
83,866
183,839
163,790
54,603
49,341
5,946
38,985
146,778
26,838
114,660
104,781
112,941
33,571
5,350
189,289
3,299
191,2
101,498
89,122
88,995
162,117
94,24
164,948
146,865
12,634
89,787
121,422
43,990
60,131
21,805
164,946
4,791
196,634
192,314
171,510
28,791
43,518
200,181
46,362
103,470
50,2
187,534
76,27
199,633
112,490
184,708
38,68
198,528
19,686
189,17
103,638
116,62
137,959
174,31
152,972
171,591
173,660
10,513
32,793
49,737
73,457
124,256
91,189
148,31
32,692
93,958
191,408
191,140
150,630
53,574
3,12
153,72
93,840
8,864
95,99
119,856
150,961
130,581
31,181
183,254
196,26
9,235
7,366
103,729
6,558
71,517
69,710
72,629
192,738
63,19
138,484
69,728
81,14
111,192
2,656
98,476
64,372
51,12
156,546
6,883
155,693
80,650
68,962
36,434
26,763
87,244
18,256
16,959
49,46
147,996
129,670
80,499
123,716
129,220
140,775
192,29
29,554
140,918
176,764
134,918
65,559
54,873
31,995
183,660
136,907
101,780
128,51
51,131
84,893
105,912
140,254
175,806
118,281
146,877
154,289
158,184
176,858
198,496
90,323
54,270
33,507
170,163
195,181
87,574
159,46
13,179
39,949
23,568
33,632
16,331
124,762
98,556
184,100
106,91
164,702
159,35
32,711
117,205
119,544
156,262
148,913
129,650
87,723
143,182
29,509
142,69
163,52
92,90
115,586
76,881
36,897
173,173
184,968
15,363
102,750
116,928
13,290
47,510
103,546
141,998
179,232
147,136
149,758
15,779
190,693
36,513
13,878
195,208
8,540
142,832
15,40
65,282
41,133
156,216
157,952
46,545
133,908
82,213
70,792
21,718
18,718
143,988
155,659
143,141
113,223
68,100
86,453
175,38
200,725
167,9
102,884
190,655
28,989
152,24
136,968
90,533
6,140
101,7
59,182
72,998
180,913
68,949
123,12
94,178
187,648
27,584
72,500
107,597
140,243
61,168
129,761
33,112
24,923
128,369
125,298
153,628
11,210
110,53
66,719
37,398
55,767
39,301
28,887
50,702
127,508
79,608
113,242
186,622
98,705
115,574
19,71
90,946
155,537
174,101
153,714
32,828
200,601
200,687
31,368
88,951
57,344
61,244
154,749
69,319
76,677
72,306
152,429
43,849
138,21
70,483
22,496
15,248
74,256
153,49
60,456
187,909
131,362
63,555
45,588
128,753
170,514
197,172
189,133
168,595
31,775
140,625
24,236
182,720
84,629
78,232
196,485
177,278
104,292
192,842
57,423
175,733
70,873
136,695
14,882
92,479
156,199
89,595
149,14
93,967
22,770
198,821
25,477
190,98
168,203
136,82
110,319
140,264
43,866
78,521
58,957
136,533
109,712
92,589
117,578
96,218
10,201
54,666
53,859
124,864
22,297
114,824
166,811
17,722
82,920
80,609
171,901
109,154
17,205
135,965
160,74
103,699
159,488
67,405
19,284
79,517
84,653
60,447
127,590
36,515
149,851
13,522
193,926
150,117
19,756
19,297
128,64
160,234
81,289
81,266
18,530
136,389
49,202
54,800
155,322
164,984
127,681
79,464
44,914
17,318
122,688
118,656
14,451
184,763
102,8
199,771
137,551
22,752
102,103
194,427
131,574
21,903
68,543
53,77
98,695
97,296
23,997
60,490
198,239
5,779
89,132
166,920
44,207
156,239
85,158
185,6
116,830
46,933
99,190
57,277
27,121
35,213
148,661
198,320
148,600
94,199
149,981
46,337
28,1000
190,72
104,223
136,567
133,31
90,827
144,334
144,856
83,65
156,942
38,15
178,224
188,974
37,943
113,849
129,820
184,450
38,856
189,231
60,564
73,92
119,212
84,270
71,374
17,480
47,182
11,747
32,704
21,380
93,392
29,588
75,348
98,492
195,869
134,172
183,500
171,341
146,731
194,999
131,409
6,650
102,519
190,930
146,688
53,895
8,974
15,742
127,655
50,559
122,836
36,155
187,242
128,265
190,865
15,183
138,14
74,529
34,298
39,4
12,117
180,362
111,493
95,708
58,637
86,451
81,96
87,183
176,674
18,608
94,585
88,964
71,652
193,931
85,286
118,2
142,823
18,439
194,789
9,963
99,137
140,485
130,536
100,384
87,408
188,456
21,460
52,723
80,690
63,75
45,809
42,50
12,489
53,597
64,490
182,773
185,519
191,741
167,71
87,37
193,406
126,988
184,433
119,949
139,782
89,458
24,541
76,847
67,847
10,609
193,177
103,380
99,929
72,292
53,215
12,455
188,161
98,614
97,941
183,230
187,21
117,667
148,265
103,35
96,174
29,965
14,137
28,471
178,942
131,309
119,626
14,777
10,676
132,567
158,799
167,796
176,973
133,505
106,453
61,769
156,712
129,792
32,826
122,799
124,664
140,743
26,300
153,807
98,1000
109,391
27,428
149,841
106,119
139,486
91,624
172,871
192,309
150,826
76,994
54,377
172,670
55,797
64,664
173,65
50,417
190,420
57,520
25,656
5,526
125,925
74,989
174,846
61,280
159,641
164,614
131,669
185,347
139,81
94,679
35,76
126,402
5,682
1,843
166,583
162,965
48,414
145,576
58,55
196,963
14,805
82,387
72,60
33,725
63,603
177,183
133,883
160,71
195,596
31,828
66,613
181,412
115,429
162,263
125,817
99,344
85,247
138,901
57,915
20,162
34,879
195,369
186,272
132,263
175,871
163,930
102,641
154,891
94,890
196,170
190,865
49,76
61,432
184,728
47,959
189,764
170,692
134,761
26,294
164,685
168,681
171,76
91,591
166,244
17,415
54,979
144,571
164,882
5,632
134,635
158,71
123,424
19,97
83,871
158,532
110,900
45,354
130,207
14,901
130,674
103,618
89,582
169,445
49,223
178,812
91,17
198,309
146,78
86,937
65,407
162,780
58,814
111,98
136,695
160,18
38,330
198,560
47,334
125,164
182,698
20,749
44,563
107,209
48,695
177,756
150,450
22,598
162,568
9,563
85,57
78,653
39,253
92,563
185,430
90,648
123,425
169,987
44,891
73,700
145,44
166,435
184,946
54,899
108,964
81,596
5,898
155,200
7,721
179,11
46,541
27,845
146,26
102,923
36,195
58,538
170,198
182,551
174,843
58,853
139,432
153,422
177,811
25,492
189,283
157,314
1,860
108,378
91,555
52,136
69,484
90,922
181,199
158,471
62,765
139,464
190,160
2,614
12,965
50,496
196,276
16,878
30,844
68,296
57,980
111,158
172,227
82,832
110,835
70,100
68,386
96,185
68,567
163,700
104,558
70,998
164,956
196,385
148,86
52,516
162,815
15,258
118,355
166,245
133,277
111,504
130,572
103,928
178,455
73,796
190,305
185,855
200,410
111,288
62,377
187,657
162,873
193,330
9,12
156,499
168,755
38,894
144,976
61,778
92,888
134,938
79,879
106,368
87,206
111,111
119,196
59,536
42,841
191,879
33,295
146,675
69,299
50,355
45,358
40,809
32,818
89,760
137,59
87,276
4,144
173,866
22,754
197,433
118,646
89,588
21,174
155,468
163,271
113,296
56,885
68,657
196,552
162,348
181,225
184,817
32,893
95,659
137,29
138,63
138,793
139,555
93,99
174,342
65,612
63,844
128,754
102,738
151,23
48,360
27,550
194,872
150,916
151,989
19,42
196,385
158,478
182,221
133,679
83,431
150,891
172,928
34,191
93,814
132,454
121,423
140,340
182,548
102,994
14,105
70,581
198,756
26,720
89,684
176,13
41,662
136,149
153,766
9,508
186,109
47,91
23,418
190,104
12,499
54,367
44,209
31,626
114,448
155,258
75,899
163,540
148,917
19,602
114,547
122,676
89,701
85,354
28,375
91,90
12,909
97,815
118,432
3,437
172,623
32,144
62,628
32,892
126,203
120,837
107,3
121,481
174,446
67,390
124,504
116,875
78,861
197,56
163,509
46,261
79,968
144,997
131,835
2,989
39,479
12,561
124,406
193,704
131,802
119,112
137,239
148,585
23,36
168,957
69,834
51,246
10,222
31,725
126,436
22,697
10,174
44,554
54,564
76,643
147,560
55,543
82,154
60,792
76,642
57,805
138,380
97,722
33,765
153,612
97,554
135,405
53,274
109,92
66,349
49,703
13,933
36,978
63,795
191,317
91,499
117,273
128,452
74,178
67,704
90,33
103,590
120,77
125,952
20,619
27,182
63,453
58,121
136,461
32,991
21,944
5,836
180,831
92,276
136,209
22,738
44,155
145,837
115,904
123,572
135,73
96,706
133,582
192,557
4,986
146,388
56,777
60,698
168,534
150,994
153,862
145,633
95,581
187,356
169,247
130,252
90,244
17,901
17,780
51,272
1,450
112,741
20,877
6,925
150,818
135,275
50,633
51,801
48,532
114,917
195,913
55,923
176,22
97,765
63,262
178,719
54,873
90,251
57,693
7,192
11,938
83,442
137,409
30,399
196,305
191,283
177,703
93,38
131,65
29,814
108,164
117,365
196,587
121,132
133,5
136,81
185,679
73,25
53,804
58,300
66,83
138,405
8,828
119,728
75,886
138,423
59,688
166,427
174,479
35,278
12,233
93,231
43,136
46,353
173,859
36,711
56,701
184,830
3,999
58,365
20,166
15,961
54,480
73,935
96,182
65,84
44,945
16,957
6,883
62,819
146,297
174,626
2,797
73,750
71,349
182,977
117,382
88,909
121,160
45,163
149,639
191,504
119,882
25,173
179,802
139,809
198,358
89,828
126,50
4,692
115,166
188,911
185,710
50,337
61,827
24,817
134,511
93,125
182,936
103,248
99,653
120,882
3,559
53,800
152,284
97,612
173,749
73,787
73,581
186,606
71,598
116,85
116,794
116,787
21,12
76,177
15,839
84,242
167,193
53,313
50,337
101,66
60,356
114,922
172,111
110,981
189,655
8,422
43,639
7,712
8,889
199,858
135,514
85,125
160,676
128,678
77,871
172,388
50,340
10,177
97,185
23,855
199,927
167,603
172,730
102,410
170,655
11,453
113,544
95,843
16,942
15,380
6,885
43,942
163,274
68,182
151,814
147,467
150,327
139,700
40,346
53,3
37,686
19,306
100,393
144,696
200,248
8,975
54,261
118,662
132,927
109,363
86,426
76,514
197,124
93,598
105,803
52,740
92,709
15,195
18,701
178,261
181,102
192,26
150,943
192,956
134,703
60,255
82,932
27,308
183,15
19,758
185,227
8,350
1,643
164,716
75,945
99,750
117,178
116,902
195,650
79,901
43,591
60,81
32,646
32,28
28,425
140,193
118,947
132,35
132,10
9,862
64,68
184,294
100,570
74,391
35,780
92,33
184,621
54,624
94,413
163,504
86,959
157,138
199,912
163,273
184,909
59,79
171,67
68,151
21,672
25,587
181,343
112,197
120,399
34,427
95,711
16,515
109,111
110,65
170,18
35,596
53,503
171,519
167,84
147,485
154,518
13,671
6,363
181,864
47,851
168,141
108,361
179,253
188,609
114,281
182,418
163,133
72,632
155,677
153,336
33,216
140,664
14,251
110,949
127,110
65,664
104,480
169,744
175,335
120,519
26,282
143,629
56,444
59,873
107,111
120,192
186,985
186,693
44,816
124,476
62,133
47,543
16,608
103,767
113,790
36,296
188,40
191,863
139,822
154,25
95,866
161,150
11,828
116,546
26,637
28,128
89,204
56,713
6,195
92,433
180,617
52,746
171,113
90,309
198,689
124,187
68,847
181,581
33,912
110,292
14,622
39,487
108,973
163,849
47,558
172,509
121,387
54,606
181,981
81,945
195,229
159,521
44,74
159,409
53,933
180,375
48,370
121,150
195,824
5,214
53,503
190,365
24,314
28,892
14,43
123,925
30,705
185,175
69,663
37,122
169,15
19,843
84,45
196,293
179,308
178,484
148,432
167,447
92,727
118,55
64,322
144,789
188,574
156,326
34,773
46,994
195,949
89,80
40,573
82,34
77,841
185,438
93,6
33,747
165,160
11,575
114,972
99,306
170,834
189,993
50,66
200,231
1,736
111,68
7,495
88,228
189,847
99,744
62,842
88,228
24,611
14,935
156,323
99,985
83,782
177,252
73,145
149,537
128,813
91,927
191,958
109,259
188,674
33,319
124,388
54,215
131,457
156,372
186,370
36,152
189,583
137,684
169,700
189,467
124,550
65,164
34,363
56,238
22,531
73,351
35,296
44,132
100,978
14,638
1,575
80,393
87,18
29,146
179,449
36,490
47,336
187,602
138,192
150,388
92,166
159,262
195,188
64,914
41,899
32,506
106,831
93,486
43,853
47,353
72,577
125,147
98,29
126,495
144,331
111,761
44,331
81,403
79,380
124,888
115,438
4,437
87,319
32,574
45,636
115,661
75,186
68,925
5,246
164,321
1,48
80,284
96,153
88,926
108,404
160,271
96,565
117,658
9,307
26,615
79,599
184,558
88,339
55,71
177,164
43,493
111,424
164,273
69,493
123,176
130,607
78,115
85,323
120,337
125,921
155,120
29,532
27,379
198,477
132,24
155,336
7,738
42,939
107,875
134,781
90,603
115,839
170,809
57,435
160,493
187,281
127,376
66,735
159,693
112,357
161,647
48,624
137,916
182,515
139,562
5,514
148,534
72,154
128,217
7,23
177,785
8,935
170,805
40,334
181,588
176,848
171,632
107,510
42,510
37,630
45,631
30,83
16,759
51,488
7,309
167,687
1,257
107,310
1,273
94,705
115,615
149,203
172,732
133,33
123,748
2,500
27,501
137,915
82,116
67,101
66,41
188,716
179,393
25,756
116,90
65,134
195,694
92,670
78,715
189,544
168,467
38,491
61,484
164,168
90,137
68,700
119,856
53,544
1,402
157,882
116,221
172,570
65,331
194,863
20,698
91,707
21,767
177,585
155,354
136,248
177,986
14,645
99,198
181,486
68,929
75,129
91,898
110,67
165,236
107,562
79,877
123,493
26,359
83,217
148,5
70,623
12,166
195,760
36,231
54,526
27,772
106,850
42,725
30,640
148,667
73,459
118,236
126,777
67,182
28,319
127,823
63,4
58,782
75,425
55,854
27,631
47,757
115,646
32,557
64,775
49,617
86,497
7,345
155,229
147,859
114,915
30,714
53,743
36,208
36,497
73,439
84,643
99,795
9,50
168,323
23,255
180,84
79,340
111,474
119,965
95,101
174,9
64,134
34,769
152,834
183,456
172,327
24,721
12,652
106,141
84,904
91,569
167,53
40,825
175,222
111,19
127,476
41,18
85,593
32,839
23,112
183,701
80,756
34,343
75,691
118,493
165,609
165,921
105,907
193,6
6,185
113,114
85,668
39,940
4,855
171,610
2,693
196,397
146,216
151,991
82,323
26,971
120,603
3,238
162,374
110,516
72,385
164,625
57,305
9,970
26,134
119,671
115,598
156,576
95,237
123,643
86,891
7,195
2,66
73,764
192,246
12,97
163,202
180,603
122,909
5,53
127,827
98,230
81,504
3,816
37,861
138,413
32,481
161,633
57,114
164,399
154,901
141,529
110,786
163,505
142,600
118,18
195,587
4,779
190,459
166,11
25,744
19,333
114,690
114,477
107,396
15,446
10,437
25,293
89,900
122,193
137,22
98,597
88,201
132,782
31,863
116,334
13,60
156,310
33,435
98,195
129,817
80,667
86,740
64,897
22,855
108,846
157,577
91,973
5,984
131,813
48,714
54,54
176,80
147,714
101,746
85,124
168,999
98,777
39,721
13,503
132,683
37,626
60,524
101,754
124,240
146,833
96,912
35,548
76,119
92,582
146,418
129,714
100,906
49,764
186,626
74,1
157,111
142,430
69,143
113,926
82,236
182,772
118,422
23,485
84,6
137,747
192,972
200,251
23,282
130,494
38,741
70,193
29,374
81,734
144,413
120,484
92,992
34,811
168,285
199,588
145,910
130,93
2,244
51,658
179,605
164,392
63,992
62,149
96,52
158,745
122,150
94,400
118,168
102,534
183,139
106,19
115,65
192,994
102,627
34,988
13,686
120,315
85,120
47,773
141,677
116,571
109,147
106,208
199,707
54,439
82,403
169,977
186,343
98,395
103,989
63,967
166,682
151,155
47,849
170,582
161,126
102,336
136,487
186,433
28,117
153,216
96,769
150,637
127,935
44,290
131,157
28,627
68,993
180,961
53,448
173,868
132,113
86,244
60,575
31,918
50,15
3,606
87,410
178,982
167,563
136,428
107,369
128,124
134,913
148,237
114,176
47,945
3,786
165,635
10,38
189,4
30,422
82,94
8,697
133,190
136,281
10,535
22,815
100,580
140,136
131,900
173,963
98,11
117,655
94,908
16,434
72,878
43,209
147,288
85,579
187,261
13,832
186,830
178,782
112,62
152,70
104,127
145,412
167,328
93,351
124,570
167,534
145,422
125,604
34,886
117,888
115,952
35,661
88,424
171,625
193,848
178,174
106,450
32,538
119,174
6,834
77,885
99,324
160,814
74,883
154,438
159,28
50,635
99,308
4,401
178,226
6,104
185,435
84,427
168,233
135,643
90,298
111,635
39,717
45,50
190,969
148,993
107,845
106,767
77,32
138,449
116,948
31,920
183,206
85,848
33,384
30,848
59,223
128,214
38,27
145,275
40,177
104,175
99,134
147,479
101,547
35,461
74,880
186,835
78,777
40,659
65,883
114,154
33,100
87,334
43,186
64,357
155,116
110,985
75,680
31,673
148,370
195,317
51,611
47,83
106,472
80,161
75,563
70,971
136,652
167,360
122,708
67,728
161,734
140,775
150,987
55,119
36,537
48,774
129,687
69,478
131,210
1,55
123,904
55,827
50,848
41,312
143,726
62,488
195,99
146,298
65,654
18,777
114,24
191,538
2,186
49,337
103,94
165,72
169,487
60,10
174,436
89,15
177,368
35,241
29,55
59,937
30,952
126,671
199,236
11,197
64,142
136,196
106,864
24,875
78,814
166,656
144,823
166,693
20,449
150,719
170,752
43,875
106,829
190,825
189,329
147,53
71,200
132,183
73,159
64,358
43,249
131,270
159,68
15,939
154,797
139,128
12,743
65,836
195,765
146,376
126,867
46,215
112,685
63,307
123,22
155,1000
82,510
6,177
132,526
116,191
42,718
143,443
33,591
138,862
82,748
66,167
97,365
111,818
49,228
81,233
32,644
30,187
131,19
138,724
88,693
80,496
16,982
115,346
47,900
1,92
110,607
4,603
131,373
192,126
64,54
83,825
138,116
165,810
83,555
70,631
118,111
163,845
179,447
17,546
54,431
167,910
133,162
174,9
56,821
151,979
111,399
179,204
79,659
87,244
182,754
31,779
108,935
51,189
18,637
29,834
43,950
83,329
140,545
36,865
181,161
136,611
115,286
85,738
85,969
68,998
61,323
15,419
135,652
38,984
102,731
195,827
175,511
103,790
181,577
43,697
190,382
24,511
131,283
179,545
110,170
172,358
175,257
139,967
4,699
135,252
28,306
152,482
7,627
31,348
64,574
142,673
44,913
194,192
59,560
39,719
144,523
145,190
121,43
180,97
12,65
38,325
85,204
114,722
27,620
86,824
120,513
142,107
98,822
12,847
4,3
47,259
4,649
10,505
32,446
158,38
61,983
37,822
144,904
145,945
1,840
46,863
177,932
56,923
21,467
162,935
183,55
186,869
13,723
165,192
170,462
75,70
99,682
181,596
96,873
133,347
199,136
161,313
100,737
6,307
79,514
14,552
91,95
162,739
20,515
8,649
172,501
144,371
130,998
195,417
85,646
48,977
25,689
93,637
164,510
26,674
197,530
189,860
157,422
166,888
168,843
18,252
126,851
44,871
161,586
179,677
153,675
121,485
15,827
69,19
18,2
109,529
63,427
89,757
15,219
199,832
87,445
118,682
185,160
176,320
180,291
58,83
184,182
121,936
3,99
175,25
67,551
13,282
95,567
107,836
105,962
120,840
170,141
179,620
176,605
76,162
145,472
120,342
125,572
187,137
93,270
17,301
57,302
158,620
138,881
124,367
39,119
69,470
162,171
196,96
130,844
14,185
31,341
53,280
120,156
96,800
29,596
45,105
50,99
161,253
133,428
87,48
61,208
181,299
181,765
110,253
109,238
109,747
54,584
187,591
97,385
8,271
158,240
63,875
78,186
90,534
183,348
152,82
18,637
63,801
94,31
173,906
146,564
75,185
16,943
107,85
154,875
122,737
23,750
170,178
200,631
138,189
165,767
1,703
14,262
200,581
126,19
12,831
78,9
12,222
157,213
108,370
109,371
77,883
26,388
136,126
69,277
1,700
105,94
185,380
95,463
120,363
61,570
7,78
90,506
22,652
135,355
46,82
152,531
18,42
64,587
12,438
133,816
120,849
83,926
47,298
83,756
167,174
124,420
89,397
168,313
112,327
53,714
21,642
66,6
5,484
65,569
106,188
161,3
86,731
25,320
172,736
111,99
8,804
88,200
169,645
181,149
122,716
112,346
79,616
100,205
196,165
119,934
150,777
51,932
96,76
7,549
179,24
109,719
58,868
48,485
37,67
138,363
44,214
141,18
8,211
104,847
168,220
98,112
129,850
144,187
195,858
183,844
3,495
176,223
185,680
9,339
61,761
162,594
126,995
183,780
193,467
109,745
44,667
120,698
192,916
197,151
103,35
49,779
186,560
6,810
115,226
134,279
44,293
196,213
38,126
192,473
192,225
86,69
186,539
103,119
120,875
58,320
104,118
59,114
98,210
147,258
135,184
138,981
15,670
7,802
128,250
140,756
13,530
199,914
166,535
169,260
171,705
132,641
116,237
129,914
45,533
139,810
117,700
92,523
125,626
92,714
94,610
20,92
2,794
125,687
161,181
190,23
190,39
60,492
23,494
92,656
49,462
148,470
84,537
159,423
25,423
157,782
18,797
6,272
183,237
134,992
75,421
33,275
165,624
146,694
44,99
127,464
157,105
45,961
146,559
84,151
44,324
145,892
122,678
71,381
73,594
155,981
51,438
79,328
117,490
106,512
130,491
69,780
22,279
59,49
123,615
126,253
195,528
152,902
170,625
31,951
134,453
99,389
126,797
22,77
18,340
65,604
69,480
8,799
40,542
31,380
93,608
42,754
140,834
52,389
151,867
69,953
189,728
70,565
87,145
153,43
174,20
137,763
6,286
78,874
58,96
107,154
48,239
92,858
102,497
135,33
40,523
196,661
148,26
179,770
123,133
53,269
85,640
125,201
169,563
98,555
49,222
3,464
27,313
193,637
74,361
16,157
117,25
59,65
74,149
127,292
7,286
11,887
10,28
94,71
2,308
110,696
30,183
79,288
144,848
24,865
114,998
30,435
124,230
161,947
197,834
195,173
186,960
20,398
121,540
61,131
57,667
162,223
166,958
120,659
53,562
31,6
9,985
84,498
117,476
29,551
179,589
90,690
97,282
16,461
60,905
101,444
93,331
155,899
70,173
149,635
162,794
91,487
137,89
28,74
181,571
119,280
173,809
181,419
48,419
118,5
17,301
40,665
179,8
172,150
155,102
173,700
108,696
1,903
102,178
34,319
8,15
115,230
25,628
49,620
125,589
69,541
158,766
176,502
159,902
28,552
115,406
38,843
164,418
115,837
69,554
97,639
50,741
119,891
161,634
22,324
177,55
60,176
130,406
36,745
35,678
80,623
171,433
25,460
32,214
162,631
132,713
159,790
95,810
181,460
120,671
68,46
40,650
119,94
149,185
127,654
195,900
44,200
154,679
17,658
3,329
181,832
91,916
91,548
194,946
158,872
72,205
179,966
140,547
7,566
90,822
158,99
183,260
159,698
45,215
106,874
117,648
7,338
28,109
25,149
23,748
111,591
96,787
19,856
176,26
9,368
141,925
70,156
80,58
83,986
32,813
92,167
199,952
86,448
178,448
83,892
78,740
9,524
200,862
10,708
156,769
122,614
114,823
98,413
37,864
191,439
45,503
158,809
52,211
157,168
166,361
154,375
64,913
98,461
120,404
126,940
7,242
24,25
144,426
28,699
9,915
159,265
130,429
131,68
124,368
138,439
200,886
33,389
77,524
36,902
7,37
13,152
44,955
135,739
9,558
33,43
69,328
114,504
125,699
63,793
196,166
45,785
27,82
190,939
99,461
140,692
140,642
80,101
93,505
158,140
124,623
55,996
67,982
75,752
63,139
80,241
72,382
1,25
8,679
145,378
103,910
185,942
189,547
146,794
18,776
52,780
133,762
6,514
2,792
115,986
140,647
152,159
149,384
175,699
110,697
180,495
33,43
176,213
110,473
133,536
191,479
2,121
49,349
84,52
119,150
139,842
73,906
13,737
70,351
198,188
46,404
184,623
151,864
50,221
179,291
17,516
165,889
197,588
30,812
189,623
7,628
4,182
161,134
92,309
72,413
181,898
105,543
97,427
150,755
193,196
39,315
129,671
83,368
196,441
66,328
186,647
111,828
136,692
149,313
39,346
146,624
54,783
4,445
148,648
10,545
46,702
64,304
86,196
47,696
29,593
21,512
65,556
129,538
173,162
200,221
158,995
79,501
72,185
108,507
117,788
25,953
116,436
142,414
192,873
125,252
35,1
119,500
80,843
39,725
180,230
173,582
101,667
71,153
187,225
161,666
118,641
175,686
199,549
73,725
27,424
56,4
10,371
182,445
111,609
184,899
54,506
182,580
109,984
82,788
61,576
149,161
42,720
80,184
173,897
180,77
187,257
173,786
139,355
143,352
167,192
19,886
129,421
79,436
75,264
192,41
111,1
178,773
40,513
37,137
63,762
9,247
48,961
178,302
170,810
65,920
51,138
9,528
67,388
68,188
77,107
85,411
81,630
199,275
93,786
48,45
115,643
27,202
130,745
16,121
34,253
16,903
118,398
69,288
117,866
12,48
121,710
44,249
172,618
27,782
25,813
199,943
155,699
79,790
162,597
181,810
80,632
41,397
189,511
60,696
146,506
167,254
15,6
184,188
151,686
142,388
148,111
158,76
112,906
30,714
33,849
172,348
61,896
46,557
163,434
82,957
30,163
168,801
196,203
135,433
145,49
23,249
160,45
22,592
142,870
168,495
56,961
140,494
89,133
72,231
76,617
173,52
163,551
125,536
69,859
91,413
32,223
194,338
84,533
12,125
182,654
47,573
8,303
63,129
114,24
98,961
179,286
188,863
110,707
169,745
151,263
63,878
1,248
154,842
194,87
149,419
5,684
50,61
41,290
173,459
170,872
45,932
32,310
94,15
167,714
27,276
8,925
99,360
10,22
17,464
122,307
128,201
115,193
36,463
134,678
39,245
37,443
159,492
159,862
101,212
63,26
55,385
138,197
87,112
2,360
16,360
68,552
30,876
7,803
200,325
78,575
36,308
110,621
162,494
66,100
136,84
114,530
22,53
98,631
139,549
1,985
113,435
21,48
49,652
33,962
150,804
64,727
94,254
176,310
118,142
88,283
44,511
18,796
65,334
112,308
111,990
170,563
178,123
70,461
33,274
142,706
127,469
120,455
168,839
76,778
53,465
47,800
181,906
56,590
53,507
48,515
126,491
187,633
132,966
141,347
113,319
199,57
194,514
101,495
166,731
27,649
60,467
4,963
149,114
6,16
74,619
96,345
158,561
85,256
32,201
20,926
37,407
45,597
104,539
196,29
97,176
80,51
6,850
62,886
158,483
15,984
24,162
119,608
40,646
114,843
89,284
43,734
139,674
134,736
65,722
123,146
123,417
63,122
127,245
195,783
113,37
71,683
89,779
114,799
140,536
58,340
74,45
94,515
197,450
159,796
196,674
8,230
91,3
69,352
14,989
194,398
89,368
162,852
191,93
5,852
118,13
148,83
11,969
146,250
135,348
200,202
46,963
22,661
74,3
161,480
122,424
71,683
154,938
123,465
133,592
92,200
112,33
41,950
186,364
99,475
76,720
141,390
92,850
88,634
130,705
96,265
12,311
159,719
104,770
14,453
162,801
31,302
30,58
184,813
169,863
163,178
3,198
173,564
113,708
72,966
166,382
157,237
16,549
87,834
5,897
55,924
72,955
182,802
110,994
18,69
171,696
176,640
166,404
150,902
89,196
173,687
152,702
130,995
200,364
197,244
190,279
173,495
14,561
151,850
119,666
48,21
14,969
113,451
50,28
143,198
74,708
181,19
104,783
173,560
68,907
88,61
36,465
22,981
33,563
93,186
158,889
192,442
19,276
66,49
85,891
141,185
16,358
118,559
123,728
161,677
100,615
41,604
65,185
136,670
131,777
183,682
45,698
13,201
74,120
38,392
149,343
14,329
142,997
38,330
64,649
107,759
58,37
100,496
126,630
138,241
46,102
170,521
178,509
69,653
156,934
150,708
180,386
10,493
26,416
136,230
162,2
40,498
114,807
55,552
78,278
153,134
70,761
198,535
104,241
80,594
90,205
34,281
64,41
96,517
134,912
117,304
154,930
122,745
161,987
71,785
139,973
177,235
155,835
99,285
192,278
194,538
177,174
80,522
101,778
120,989
9,998
113,590
106,33
180,158
34,152
175,486
6,78
153,531
178,840
68,246
34,558
131,403
194,499
80,560
31,987
169,49
186,646
64,410
55,316
88,782
104,860
14,182
113,253
34,915
50,562
190,683
138,684
96,121
175,336
100,121
144,542
44,357
11,419
86,760
43,367
150,546
43,716
140,450
145,160
69,89
39,834
33,468
196,665
73,415
137,806
181,230
19,246
46,540
174,799
181,579
168,308
1,199
132,938
21,345
94,817
152,945
83,816
121,173
174,442
82,895
70,876
192,32
87,387
162,14
36,104
87,344
113,987
133,853
120,303
55,438
24,394
15,313
31,244
36,908
197,359
94,341
10,104
185,245
179,922
139,969
27,656
107,317
162,983
162,910
41,747
23,904
15,44
180,55
14,961
118,105
133,399
100,407
146,355
69,539
77,37
42,724
191,381
29,514
171,194
51,551
48,896
54,751
198,750
162,510
28,523
55,280
141,986
152,740
129,848
29,446
74,531
42,236
76,682
48,435
31,450
100,202
144,401
129,733
31,51
37,775
146,2
28,362
149,669
49,572
190,421
12,708
105,399
97,104
35,431
189,638
76,763
196,260
28,686
63,633
31,868
36,424
156,13
131,96
103,285
141,687
31,144
175,295
79,585
39,617
81,93
181,925
177,958
17,323
75,262
57,631
189,318
68,552
115,359
162,193
81,745
195,8
106,565
153,806
183,799
107,384
149,118
98,769
84,113
123,937
180,871
96,417
5,270
95,749
197,322
64,621
135,424
48,751
19,772
199,648
78,809
181,681
54,228
166,316
103,119
16,471
160,825
61,86
138,284
30,330
72,171
177,623
87,112
198,383
2,993
172,110
159,728
147,630
78,526
69,809
107,815
198,352
199,161
71,154
144,987
20,252
71,383
50,918
52,810
113,192
109,948
47,139
157,928
175,233
182,815
128,733
192,711
14,771
70,693
40,890
17,234
154,768
30,462
48,827
49,756
167,82
151,200
160,264
93,423
44,470
44,814
25,262
139,101
193,898
62,234
71,707
63,854
124,36
187,623
132,192
103,230
160,913
47,306
164,626
93,816
47,429
14,662
17,80
195,260
51,74
10,749
37,959
175,254
5,780
55,39
41,870
159,873
178,485
50,315
152,476
175,686
149,93
190,965
70,325
161,346
114,382
20,507
134,502
155,336
13,710
23,777
103,813
15,675
179,685
67,83
70,298
11,90
123,214
178,185
168,936
185,406
177,144
25,149
16,216
158,225
81,362
164,206
12,529
46,13
23,543
27,661
164,196
99,641
41,986
19,755
192,52
10,688
120,595
172,679
153,924
192,910
70,532
9,866
143,457
2,868
124,601
134,620
46,133
54,501
111,550
154,835
9,829
12,263
101,868
197,699
176,165
5,658
60,913
46,424
196,605
198,388
50,845
54,369
27,21
172,25
104,678
180,257
118,712
144,353
91,140
13,472
123,142
148,489
31,412
131,543
183,447
45,990
14,492
162,378
5,396
77,953
69,967
111,624
109,416
31,307
104,458
72,837
2,995
102,716
13,32
138,418
181,812
39,251
131,553
155,567
196,819
6,503
80,448
163,535
198,97
118,615
73,108
194,315
147,924
25,614
168,366
33,330
116,978
17,948
175,342
66,731
79,851
8,64
134,148
154,746
23,837
95,378
117,977
49,957
133,352
188,691
89,357
19,484
64,764
190,476
169,159
143,524
51,878
37,133
128,479
33,65
163,750
117,788
143,591
122,403
184,883
178,987
114,462
155,772
105,649
68,297
106,341
158,267
15,520
119,760
181,56
144,740
10,551
18,210
49,124
186,470
110,985
46,47
15,288
121,133
15,198
145,495
158,516
139,265
145,200
185,867
120,628
99,831
149,417
126,363
102,12
17,326
64,341
27,240
92,334
78,287
121,426
184,723
144,936
145,827
4,481
48,783
16,410
72,410
187,126
49,649
169,604
20,709
181,661
111,363
155,835
84,237
14,910
126,630
186,328
61,827
89,159
97,422
10,608
123,725
166,237
95,57
107,693
150,636
170,227
29,233
46,136
21,239
110,270
80,784
3,736
156,629
5,280
61,589
177,536
34,741
80,478
26,104
157,156
76,926
140,373
158,134
52,938
147,300
10,181
136,796
165,146
98,640
179,519
71,494
44,689
141,816
23,107
112,819
137,105
116,575
106,984
85,872
130,468
51,727
119,574
26,295
165,643
136,232
41,350
179,390
87,470
147,444
42,515
70,355
80,260
104,338
179,999
155,374
74,814
182,471
125,649
89,345
4,540
101,161
112,951
27,318
12,305
78,555
190,333
190,4
41,858
189,71
81,911
66,345
12,231
12,576
152,145
187,707
191,213
60,892
27,711
159,495
26,16
195,379
22,952
189,735
4,549
110,641
175,21
53,229
29,709
85,483
68,516
178,845
43,547
7,127
165,25
176,330
88,262
67,659
66,680
124,97
117,962
25,276
113,857
65,156
102,738
94,682
102,650
14,569
6,51
145,92
183,630
61,659
124,171
89,422
164,288
162,726
195,991
181,574
177,86
60,429
153,742
121,420
9,182
184,384
78,904
176,763
169,441
5,288
24,34
170,112
47,856
195,453
127,655
166,450
162,490
47,753
156,406
176,233
115,780
21,396
33,587
168,595
97,618
113,184
75,874
120,202
162,986
86,681
26,984
144,306
200,15
191,463
121,131
107,489
199,777
30,79
131,279
100,935
14,382
128,434
170,213
81,501
72,618
2,87
195,420
42,442
134,549
181,987
171,678
130,656
111,372
200,601
102,578
29,174
56,582
71,251
6,101
121,157
20,282
77,562
107,445
9,745
136,660
60,480
11,276
173,964
63,33
77,86
96,913
28,393
130,913
8,887
74,553
108,950
48,853
147,513
149,916
149,571
105,650
164,760
32,798
32,44
114,430
112,254
56,53
17,394
23,71
188,615
160,816
187,310
79,445
186,122
73,380
100,934
23,509
38,829
45,101
157,389
187,534
18,663
3,756
28,819
144,514
172,609
64,679
163,435
111,523
76,820
120,467
57,968
149,802
168,440
4,26
21,830
45,176
45,536
194,92
193,166
157,668
148,536
3,678
199,241
121,358
118,88
195,385
8,844
55,114
163,183
57,421
60,568
27,217
145,747
138,275
192,755
146,299
160,599
67,595
30,235
132,178
70,544
137,212
43,460
21,173
156,831
197,350
140,416
109,124
176,294
11,23
164,754
98,470
156,434
30,326
130,540
193,248
38,644
74,202
154,605
144,20
138,787
134,692
81,72
72,658
113,146
116,415
64,43
178,163
156,554
84,553
63,506
165,886
160,616
181,415
84,309
116,725
156,773
146,310
45,425
33,898
66,536
9,31
28,817
101,561
122,580
166,828
194,389
199,707
119,779
193,287
195,985
88,642
162,691
183,733
84,872
47,581
187,827
88,983
196,486
170,126
32,351
42,452
43,219
200,890
124,147
74,795
45,906
147,317
34,56
72,921
3,525
169,796
87,214
158,786
116,666
102,71
62,361
143,778
115,525
45,348
173,264
46,744
51,314
37,863
190,457
110,966
177,966
47,917
166,946
129,133
102,365
5,917
151,732
199,794
180,355
50,644
110,325
12,82
96,917
60,662
30,495
179,866
155,64
32,684
157,268
30,303
176,781
144,959
141,647
181,198
142,673
22,33
197,774
158,829
84,891
111,150
63,802
24,128
12,509
70,787
92,703
196,178
175,126
94,470
112,364
58,975
9,479
98,452
190,889
157,700
159,695
143,849
171,483
138,352
84,633
181,210
54,916
46,996
157,137
100,725
186,155
126,640
158,240
163,884
103,708
83,859
191,681
92,743
26,251
117,992
169,611
113,879
168,836
162,409
198,488
89,931
4,694
200,750
165,179
67,77
144,336
23,601
39,550
134,7
45,425
11,751
183,666
1,377
191,887
53,187
112,889
84,486
177,318
172,693
92,615
25,416
154,290
81,752
71,637
30,440
48,978
60,935
68,994
64,129
32,502
178,490
72,158
196,630
99,339
175,749
95,352
189,386
134,498
69,567
173,820
100,563
2,219
79,738
91,63
135,257
174,341
161,727
125,206
59,391
115,904
114,440
156,583
183,403
174,197
52,768
177,600
73,609
83,970
47,831
200,940
190,6
127,635
38,965
189,435
7,109
88,495
39,239
62,595
131,19
32,235
195,817
71,32
19,77
95,111
42,64
172,79
105,312
100,96
51,257
79,681
117,512
162,874
26,967
95,50
105,288
12,1000
116,283
27,348
80,356
74,483
190,827
145,964
90,865
40,980
88,835
172,658
20,31
17,995
115,935
165,109
185,658
5,815
27,156
47,321
38,288
165,88
57,426
177,58
18,702
66,677
94,444
157,177
118,949
105,776
69,53
12,766
110,215
69,2
82,27
168,600
94,485
103,76
7,429
90,193
195,357
2,449
157,438
12,636
62,387
119,239
8,891
51,644
63,209
173,430
179,298
44,265
150,381
147,171
179,196
142,235
94,542
13,421
11,316
165,601
61,367
44,199
182,996
75,289
113,477
142,864
75,60
54,124
121,964
94,879
95,846
45,990
193,792
159,202
188,423
150,133
25,570
158,891
139,296
8,833
87,737
6,265
55,314
82,12
200,483
95,920
85,588
5,168
67,316
143,278
49,290
82,690
165,465
29,408
131,360
7,632
76,579
195,248
152,613
66,64
184,629
101,727
124,764
189,612
53,314
79,740
89,952
179,461
50,681
91,514
132,311
144,458
91,22
124,234
198,963
143,443
73,865
39,350
160,663
77,375
172,320
181,863
144,924
147,288
97,693
85,750
3,961
50,381
101,429
145,389
24,510
23,508
59,251
169,431
124,448
120,284
121,957
77,148
48,340
198,835
68,228
61,870
91,470
123,269
94,254
150,721
114,970
112,534
102,314
195,534
197,586
191,159
21,605
16,605
178,71
67,73
64,336
186,558
49,409
87,943
114,622
196,640
10,936
186,630
179,78
105,31
84,427
26,625
79,352
126,626
90,105
14,873
117,592
20,377
134,829
4,633
184,227
180,342
137,854
88,216
136,96
98,100
46,748
118,736
115,698
146,151
18,871
85,477
115,346
147,745
199,894
144,875
29,995
1,574
75,671
140,545
200,471
170,524
149,848
129,478
3,907
132,355
40,565
179,780
158,404
64,488
79,413
76,128
97,613
21,409
43,326
74,382
187,273
64,406
164,14
101,555
64,509
30,768
180,625
133,680
56,954
183,461
90,374
48,45
106,574
69,200
106,327
26,395
149,108
3,499
49,502
33,382
87,919
163,590
33,162
49,663
149,484
49,360
27,537
122,114
21,74
181,951
107,393
90,912
193,992
111,989
139,890
128,50
74,31
63,9
101,773
132,976
186,26
72,154
22,752
139,178
15,955
83,475
98,34
3,647
124,614
85,21
12,560
71,166
103,684
107,567
60,130
60,136
103,5
8,576
118,527
151,527
17,26
190,496
72,420
165,664
64,885
99,835
57,163
75,271
67,629
156,755
154,35
136,928
72,256
51,867
83,453
98,249
171,143
55,3
157,307
195,197
198,92
134,730
107,409
102,153
28,782
66,660
73,768
179,283
155,860
28,819
38,314
67,656
153,386
41,753
193,393
71,639
103,182
86,627
147,915
105,211
154,464
186,340
117,434
45,479
141,701
104,332
62,467
135,864
84,127
17,779
151,921
89,347
142,962
136,803
104,972
10,157
53,677
10,192
33,845
169,588
120,348
148,402
19,144
146,832
139,460
184,334
51,12
20,189
194,416
55,369
61,366
99,997
29,42
80,356
23,963
59,482
130,740
167,820
97,34
22,289
120,903
74,160
179,206
137,423
34,684
79,583
152,83
130,110
54,65
144,905
4,119
11,978
43,12
96,308
121,346
71,186
170,656
187,817
90,228
14,825
196,654
100,234
16,22
161,755
134,339
104,398
91,785
83,933
97,537
74,184
2,883
127,507
162,551
21,322
95,760
1,769
131,913
147,320
31,251
102,804
136,104
160,42
62,555
29,783
22,366
27,876
167,582
74,655
55,891
189,670
51,217
186,967
151,680
198,17
160,981
124,169
178,744
66,973
42,855
144,67
113,610
97,681
104,484
118,30
2,315
65,939
167,311
13,719
109,847
25,527
175,357
187,775
139,353
155,964
93,229
1,37
37,173
184,854
75,442
106,388
167,754
117,886
103,597
55,786
108,339
54,275
91,721
159,305
81,975
180,639
22,275
49,439
38,261
182,106
117,901
103,308
81,595
110,47
101,358
5,261
169,532
67,199
12,750
133,869
54,889
134,741
111,580
32,182
111,686
149,650
86,894
161,812
105,82
79,161
138,147
114,408
140,548
88,245
42,622
181,55
61,556
101,670
17,104
89,320
14,954
197,883
98,793
36,627
88,416
81,283
81,884
195,160
99,352
46,640
17,892
100,60
134,612
170,510
145,949
8,172
63,292
114,396
119,829
11,615
181,45
5,755
161,122
145,822
23,457
157,538
80,80
165,163
195,608
197,732
3,797
104,78
174,378
167,465
3,218
197,437
198,497
13,550
45,266
197,674
45,211
112,248
144,155
152,195
168,280
168,449
193,604
114,90
131,577
190,565
106,756
190,948
19,21
171,290
37,344
83,669
136,669
108,515
132,253
186,784
78,58
187,290
43,404
162,412
82,984
127,755
116,886
176,213
55,247
182,499
4,440
154,989
187,85
93,248
185,529
182,824
74,903
41,757
58,540
103,178
188,986
101,633
139,924
164,344
168,71
149,330
137,378
180,657
107,359
125,127
10,871
61,366
75,741
151,210
100,246
88,270
192,580
84,935
120,571
130,562
125,234
36,682
112,672
177,8
121,970
141,945
155,800
145,634
99,944
55,268
74,328
86,805
16,222
76,181
67,539
175,713
149,526
190,167
147,287
20,990
26,199
42,970
38,533
95,852
91,222
87,600
138,865
170,269
112,915
170,773
18,958
151,672
90,436
153,510
42,908
123,943
184,59
155,768
32,831
39,872
69,948
122,334
188,82
57,258
67,61
141,534
64,35
126,903
12,817
62,654
114,129
188,800
51,621
148,556
28,989
171,344
149,498
59,121
156,339
63,277
139,361
106,95
117,881
59,501
136,588
160,941
101,279
42,102
112,690
200,35
192,341
75,649
132,519
185,672
40,745
56,416
4,161
39,646
149,837
187,588
143,204
44,492
98,788
16,669
32,528
105,432
36,21
185,10
36,794
154,467
153,697
56,277
140,616
195,950
71,387
104,677
10,70
11,704
158,355
51,126
125,165
129,729
88,873
53,600
130,749
144,614
10,779
93,644
127,607
56,36
64,768
63,413
200,187
38,26
130,540
156,983
132,22
197,183
134,503
113,374
77,10
67,480
6,414
87,498
27,193
98,455
79,193
52,536
103,500
86,758
159,91
41,62
107,226
77,625
153,31
77,467
166,181
185,912
98,566
189,196
91,686
195,484
24,665
86,46
195,510
105,244
124,88
79,623
155,486
104,698
81,513
24,170
20,199
5,725
113,755
21,622
121,786
134,236
171,452
7,842
90,107
146,408
78,192
33,86
21,84
125,158
133,437
9,903
50,790
111,792
190,512
83,842
154,34
69,86
185,652
74,459
28,694
74,428
98,139
78,229
65,656
69,71
37,23
56,891
38,546
136,866
109,154
134,757
65,959
175,13
65,904
171,39
19,136
159,659
197,346
137,182
190,56
36,218
137,928
182,74
116,846
81,678
81,79
96,620
25,357
118,631
162,505
70,526
3,458
41,387
168,811
30,114
127,465
146,406
190,386
80,947
12,643
78,858
145,457
126,970
77,102
77,441
193,290
172,898
132,590
169,580
83,750
31,384
122,729
29,418
103,129
151,608
160,612
25,350
110,376
149,721
96,460
178,376
100,948
30,284
112,682
123,626
164,961
47,428
20,316
135,821
198,834
144,802
7,911
166,566
96,752
26,531
144,164
169,805
118,889
12,6
15,793
161,195
98,98
40,114
46,376
151,819
131,952
28,638
111,793
138,459
14,361
22,96
28,387
35,530
135,690
182,772
123,660
44,557
7,839
158,860
178,322
29,598
167,15
192,812
2,191
15,307
194,588
192,727
32,101
160,377
177,487
113,115
63,697
106,627
112,529
69,823
146,871
55,190
53,84
45,59
20,39
122,798
68,649
114,512
71,513
116,560
79,130
22,254
7,614
124,675
30,875
47,676
179,90
101,228
148,455
104,579
164,914
136,599
30,399
33,218
55,320
78,76
141,170
84,818
184,358
54,901
65,426
50,196
31,54
60,122
43,248
62,902
107,245
96,534
117,534
71,457
124,172
87,920
145,877
12,548
148,7
33,57
20,462
3,919
180,530
177,703
11,546
157,696
64,750
56,715
117,959
99,23
31,66
81,4
79,97
107,596
31,47
198,598
183,938
141,192
112,525
175,169
24,168
20,69
78,273
187,773
184,894
190,236
5,754
66,935
168,155
25,547
130,929
13,38
175,230
182,849
186,384
71,317
61,463
64,153
108,149
93,173
189,842
140,402
117,800
6,806
77,533
181,529
35,660
106,419
32,239
149,755
106,387
57,767
49,367
111,193
177,655
88,198
190,641
77,272
178,534
24,203
78,884
61,362
1,782
80,110
75,387
165,479
95,164
116,812
22,188
139,415
139,946
122,153
93,687
55,337
95,690
73,804
18,214
155,791
59,339
121,220
162,16
150,739
4,822
110,893
59,745
89,515
169,901
9,219
85,743
191,884
82,321
8,416
162,559
180,739
140,674
164,426
26,112
148,811
176,795
32,166
173,42
24,113
109,668
9,577
73,307
151,801
109,200
143,789
194,490
54,771
128,204
124,32
90,69
27,210
33,439
161,247
76,945
92,637
127,619
7,857
85,876
21,261
68,739
149,274
169,867
158,300
47,388
49,801
82,833
160,836
116,85
153,741
195,262
145,184
127,778
172,450
126,704
88,597
91,72
86,612
24,883
50,191
4,660
182,372
154,608
130,346
60,689
197,711
119,136
24,767
162,380
26,560
16,936
193,591
195,522
101,268
89,759
156,2
76,102
31,69
68,227
25,633
156,671
142,53
152,888
144,258
109,670
119,584
129,812
173,823
1,790
153,108
101,673
199,935
38,788
8,149
182,221
28,208
70,737
176,12
47,986
68,852
155,257
14,3
185,656
163,605
27,216
178,715
162,9
153,664
41,358
77,192
25,793
191,148
1,196
42,458
154,566
1,234
120,517
155,112
127,757
167,721
76,538
82,417
36,927
60,277
17,891
152,679
142,217
85,69
173,193
27,160
175,760
10,7
168,14
131,298
50,259
52,472
153,648
120,942
200,967
78,487
94,764
118,68
68,386
20,551
181,172
173,815
72,737
195,754
195,114
135,18
1,191
134,142
193,280
39,250
82,756
7,178
166,863
193,205
33,816
169,900
116,475
181,918
200,130
92,365
86,119
38,932
101,723
52,454
184,988
109,363
143,985
185,837
48,952
186,464
66,56
171,440
147,747
74,222
89,467
147,342
194,248
110,190
65,463
154,270
149,643
86,541
5,681
172,534
22,618
79,797
74,463
90,505
97,746
96,33
24,558
6,955
192,528
73,487
56,575
120,60
177,813
148,562
70,537
55,802
82,563
69,88
44,806
141,285
14,608
131,69
160,642
71,291
72,309
121,154
34,906
174,786
43,627
97,751
66,574
132,565
49,658
4,80
161,209
145,200
83,799
170,848
1,229
36,943
116,797
89,203
192,322
16,514
38,29
44,68
77,36
157,713
175,432
167,365
136,282
185,352
111,290
165,343
90,90
1,830
173,245
189,555
15,840
118,684
49,893
113,6
43,293
122,181
128,582
66,545
92,747
154,352
107,470
99,453
106,525
116,193
46,152
194,259
73,493
138,519
74,273
112,994
145,999
102,814
125,229
6,919
169,647
189,553
48,60
55,681
181,110
49,714
12,421
73,937
176,903
63,296
34,505
33,977
184,673
43,689
57,866
89,641
85,743
108,981
190,767
76,415
7,336
31,783
14,844
129,301
82,247
119,429
85,362
64,633
45,484
94,228
162,504
92,703
178,72
88,282
102,957
51,747
140,685
6,200
189,473
51,677
64,142
188,564
133,22
2,232
59,777
42,493
172,277
186,947
35,100
143,21
5,618
9,779
135,29
71,202
81,807
22,405
155,341
35,806
166,135
124,468
142,592
130,846
139,718
5,38
131,356
175,610
11,593
149,237
194,911
47,136
63,520
167,248
16,417
177,589
197,983
84,383
195,252
187,98
115,74
70,623
122,813
200,404
99,600
6,196
2,259
29,68
200,132
40,433
198,252
109,171
46,911
145,422
104,751
115,892
50,551
186,262
136,760
126,415
175,135
30,251
127,553
197,498
37,483
77,933
2,596
53,186
100,119
26,84
54,811
45,493
143,707
81,972
96,133
152,712
190,830
26,140
63,435
155,818
46,503
187,543
199,620
96,410
133,143
187,452
61,278
95,749
139,405
155,147
157,513
93,936
58,125
20,950
17,565
194,979
5,91
128,473
134,899
195,520
82,692
78,111
2,382
72,346
20,788
187,412
170,104
182,9
15,620
57,86
127,521
86,169
116,566
146,140
10,277
151,18
93,489
79,939
175,304
76,802
136,566
136,30
160,525
2,185
152,252
48,787
5,334
20,501
108,174
151,888
39,743
196,509
137,251
1,922
166,301
66,815
129,575
7,871
64,393
92,269
81,805
186,754
131,516
162,675
193,47
38,254
97,679
3,650
94,793
45,724
81,895
116,566
131,506
97,475
103,12
47,934
120,764
182,242
24,584
158,113
102,827
73,689
175,314
75,495
39,299
177,694
69,851
48,50
49,364
178,21
41,100
155,204
31,123
120,269
42,920
188,222
115,13
180,297
196,753
3,40
195,606
183,223
6,707
164,180
112,272
144,482
8,651
163,221
185,658
80,42
102,158
30,827
108,83
181,182
146,830
27,84
181,266
18,598
38,132
13,552
137,416
145,865
131,512
171,606
34,651
174,872
37,211
170,295
144,968
150,50
128,103
192,536
191,67
200,620
32,876
111,706
139,347
21,893
158,224
38,865
174,244
174,38
53,729
122,266
118,184
71,494
144,701
162,226
134,560
184,804
106,539
127,950
61,558
185,730
135,696
137,530
140,965
56,153
101,269
114,507
121,507
111,513
67,253
153,939
133,48
42,577
73,946
150,149
131,193
16,789
175,235
124,316
162,586
88,396
105,32
129,355
107,31
184,399
126,57
6,885
148,107
1,737
148,224
6,189
26,38
128,550
83,739
144,339
14,914
122,562
102,255
34,623
103,839
65,954
110,830
56,553
177,189
169,50
48,488
170,401
42,747
174,584
30,307
197,706
173,229
105,353
8,235
94,976
53,804
9,872
20,936
17,800
53,889
22,520
56,254
154,45
152,802
61,210
38,896
74,46
89,756
10,484
114,210
81,931
189,338
78,555
135,929
58,634
127,53
161,184
117,873
20,133
5,992
64,487
11,52
56,940
72,138
191,861
43,212
149,947
34,421
63,999
199,936
186,987
115,376
78,903
129,226
100,257
23,449
114,711
57,246
79,166
10,861
18,974
4,875
19,700
56,421
136,674
152,816
11,287
114,77
80,271
123,183
118,614
13,220
47,642
132,379
49,837
80,10
86,793
32,883
45,125
169,897
22,924
43,480
169,152
96,656
142,617
102,582
169,560
16,955
107,737
107,981
144,480
127,217
89,504
71,334
64,786
20,905
199,353
80,144
94,418
25,926
156,922
48,927
93,681
61,443
17,40
172,808
120,433
187,890
59,199
175,453
59,108
80,647
7,543
8,312
2,535
130,304
70,378
74,643
192,824
48,12
57,751
171,755
149,99
168,584
6,655
143,578
122,420
129,165
72,940
42,468
59,390
184,221
190,693
59,163
80,621
61,746
187,199
27,721
131,572
103,974
168,118
30,681
148,119
185,254
157,807
32,100
136,893
173,314
141,353
92,584
70,317
80,647
14,134
120,690
19,362
196,722
187,305
144,38
156,792
175,856
165,561
14,735
95,668
170,423
22,814
87,992
198,88
194,595
42,213
31,269
78,677
58,680
109,869
126,901
37,779
110,226
162,67
114,245
47,449
194,304
181,978
80,628
113,87
149,806
70,364
107,994
190,163
146,520
118,442
187,225
112,157
109,418
50,73
94,521
104,269
79,328
187,778
148,809
91,18
116,728
183,679
85,821
23,326
23,354
167,204
108,18
26,18
78,882
27,571
74,12
102,411
152,322
71,309
81,928
6,780
82,93
139,611
180,926
102,834
96,628
19,253
35,504
132,908
70,829
175,929
95,865
183,140
194,202
6,730
54,611
3,391
133,4
41,444
171,994
68,972
195,781
154,831
5,658
97,45
192,924
76,806
145,424
88,950
188,42
100,433
158,967
98,673
30,583
130,124
8,92
101,575
46,222
56,262
194,498
36,43
67,186
43,397
173,355
59,97
109,365
140,800
30,375
161,726
53,139
33,136
160,851
24,363
60,130
89,882
180,257
60,578
148,329
138,926
180,756
25,605
72,384
38,592
198,246
36,979
102,66
70,677
131,172
63,418
58,661
29,851
5,552
167,7
141,660
146,662
1,961
148,463
26,669
21,400
172,11
193,306
19,104
69,166
200,346
21,332
174,42
30,632
192,166
12,77
31,855
138,754
61,93
105,397
22,421
156,24
121,58
8,702
49,582
123,773
139,709
87,370
20,93
97,638
95,82
39,778
47,555
107,874
19,862
29,113
174,149
72,347
110,339
139,6
129,720
140,11
176,57
48,175
195,138
189,55
168,64
99,576
136,494
73,744
147,905
81,659
172,91
150,189
99,154
195,270
169,248
123,462
106,758
61,53
69,483
143,382
91,607
79,778
14,900
73,949
166,449
74,933
187,510
194,292
18,574
106,123
136,847
150,106
64,311
75,469
18,651
20,519
162,290
166,389
89,4
50,82
181,783
134,646
109,858
31,917
131,135
60,429
104,424
190,652
178,299
102,181
43,565
109,954
169,1000
198,997
112,337
95,494
164,890
171,908
91,482
118,145
114,602
18,913
147,3
37,1000
155,982
155,48
76,793
9,708
89,452
16,213
177,158
96,785
160,821
167,277
43,732
90,599
149,53
137,706
20,202
3,281
13,742
5,828
166,988
113,469
180,411
51,385
90,462
63,710
32,409
186,565
175,971
58,691
157,792
99,233
17,353
18,277
8,355
94,262
159,621
45,723
139,484
81,740
157,863
51,924
59,490
39,11
8,382
51,909
155,441
49,638
62,794
182,887
132,576
12,413
48,243
87,684
61,683
198,632
94,513
127,791
43,654
85,37
11,798
105,853
180,722
102,143
149,627
72,995
96,200
38,800
130,422
180,276
75,343
151,134
81,527
43,183
54,497
53,142
166,506
136,815
65,878
95,86
19,517
21,240
81,288
18,92
125,691
190,597
67,683
165,56
170,951
155,487
175,449
46,729
118,21
118,993
179,231
113,706
197,322
107,818
31,893
94,674
9,674
17,195
44,348
39,965
160,626
114,612
77,950
104,563
26,393
161,742
33,99
48,76
96,128
29,318
124,877
200,873
76,727
198,518
35,919
109,540
67,505
112,588
129,768
85,343
85,151
184,130
193,986
1,659
157,414
132,903
169,921
27,227
165,28
196,233
166,845
143,595
64,75
80,392
192,562
59,103
48,799
163,765
136,179
16,945
80,511
3,687
147,81
126,379
172,87
28,187
75,277
81,774
161,696
100,812
94,558
106,955
139,24
72,813
84,231
172,235
107,96
193,748
37,160
155,181
22,459
33,240
86,781
186,743
80,84
71,846
199,893
59,88
43,123
52,895
168,421
44,949
176,624
113,586
27,714
88,466
186,574
84,751
11,136
175,526
29,162
65,310
151,425
56,744
123,598
113,868
137,954
29,270
33,506
164,877
126,731
109,401
184,205
12,283
82,279
179,437
27,357
163,704
92,1
187,876
101,844
126,594
155,796
168,1
14,984
107,766
126,254
45,119
149,853
33,678
102,759
165,11
195,996
58,387
1,225
108,209
82,610
82,847
148,464
193,107
42,716
70,461
71,514
54,748
173,854
70,977
174,742
110,213
97,934
25,591
98,185
7,572
101,255
190,620
7,166
84,571
15,391
26,555
115,71
183,823
179,739
108,595
123,937
189,290
116,149
118,724
147,377
38,17
120,644
177,685
128,200
127,413
144,549
96,625
34,710
70,328
60,781
166,302
32,239
61,948
3,593
77,264
44,440
144,482
185,585
92,498
34,941
110,643
146,955
189,671
8,441
143,276
150,927
128,628
28,937
74,574
95,295
25,208
116,655
69,360
131,566
46,777
176,14
200,522
192,360
152,375
21,126
38,129
108,669
78,515
198,24
24,756
135,932
43,970
37,390
46,293
173,239
61,642
64,871
55,714
80,182
139,610
166,190
84,841
98,264
136,102
127,251
41,272
60,422
133,475
25,799
153,861
68,612
48,223
76,600
72,518
161,131
109,7
179,687
151,636
190,122
70,143
95,429
79,370
79,597
31,505
116,890
126,367
6,618
39,185
68,238
173,719
183,235
2,37
48,392
57,526
178,993
118,653
153,348
188,439
93,134
150,475
127,556
188,360
115,43
88,827
32,113
7,74
159,319
82,852
103,938
33,82
63,809
49,581
198,724
65,200
117,506
95,14
156,264
39,947
150,275
42,592
67,984
37,885
91,163
26,624
119,58
81,230
178,920
16,273
153,62
162,740
22,864
90,994
184,679
60,919
83,654
161,764
152,279
173,270
127,974
183,135
39,380
18,778
188,683
198,512
26,204
200,983
137,438
90,723
119,141
128,285
144,347
115,422
121,359
75,770
135,176
140,334
181,437
188,41
34,953
105,873
175,166
132,437
120,432
7,68
80,26
111,823
155,387
137,411
36,682
116,989
89,26
105,168
19,992
166,353
10,850
42,40
94,369
29,93
190,316
52,459
23,621
160,810
40,593
70,933
136,167
76,169
93,269
180,953
74,615
120,294
83,64
144,153
67,596
92,1000
178,435
4,879
127,161
49,74
48,840
66,490
137,897
125,649
150,900
51,764
111,812
128,645
111,414
5,689
192,147
104,722
13,192
186,641
168,622
78,522
162,164
92,896
14,73
69,472
135,780
165,104
53,918
156,170
60,252
46,731
11,622
199,231
124,707
1,806
88,504
28,439
50,752
82,387
156,447
136,936
112,407
154,961
171,380
37,505
6,272
5,347
33,734
55,618
59,164
173,433
84,990
162,211
100,955
88,314
121,277
93,664
84,448
188,247
72,741
19,398
178,419
66,129
36,892
176,19
63,117
35,550
4,755
3,50
134,359
61,42
165,23
72,423
179,925
143,175
170,462
169,782
196,505
98,174
193,944
191,588
18,452
152,500
74,201
134,426
155,757
105,835
44,299
39,290
197,570
42,681
37,5
24,483
82,585
173,538
78,780
121,378
23,33
161,978
167,516
195,1000
73,436
47,351
143,240
27,62
20,468
9,77
80,743
199,159
49,642
74,245
20,734
135,222
117,60
196,250
68,980
69,739
123,781
62,415
123,695
124,983
112,765
185,171
86,841
38,553
139,105
171,831
103,150
25,33
63,873
196,829
193,478
131,453
80,151
79,648
172,537
63,630
167,840
155,453
4,284
50,519
162,745
94,589
176,313
4,414
189,244
156,722
47,528
195,282
160,17
108,917
37,797
83,693
29,640
170,814
89,918
139,290
127,385
105,434
104,331
83,300
76,736
27,687
61,44
11,552
86,849
102,910
9,306
165,714
174,774
175,344
72,293
127,978
121,546
35,233
125,780
183,276
23,78
49,842
87,503
156,446
125,208
107,788
62,486
49,611
158,830
146,705
57,340
189,354
175,710
160,321
69,671
68,857
175,415
13,197
189,134
13,898
79,316
63,57
73,233
54,60
83,197
188,881
178,432
149,149
47,801
3,936
197,893
5,869
48,343
143,865
37,168
20,798
82,973
44,473
15,75
5,536
21,855
95,781
94,566
200,443
108,76
77,59
195,86
80,501
74,42
77,754
42,739
108,121
10,221
69,116
149,166
139,341
4,701
82,100
1,243
139,72
58,817
176,890
191,217
100,747
141,843
83,108
58,97
139,269
45,599
83,692
102,694
41,570
159,598
26,696
27,435
171,741
190,270
46,392
1,804
112,139
90,67
125,658
165,502
105,969
157,824
157,526
151,923
123,61
143,248
194,766
105,581
99,40
73,168
107,849
72,839
68,412
165,57
161,915
137,652
147,532
130,485
80,481
104,881
48,454
124,295
199,900
197,701
39,353
73,31
104,84
58,564
77,207
3,752
16,928
38,837
123,246
31,125
177,737
124,547
113,629
183,3
16,590
32,26
104,920
15,189
132,948
48,343
198,671
29,775
74,37
64,974
186,389
192,968
79,994
179,554
167,630
17,510
132,352
178,937
92,956
158,768
88,232
113,501
6,309
60,750
22,334
43,94
183,9
4,94
48,606
10,506
151,80
63,582
79,917
96,37
182,34
125,745
100,813
55,79
194,771
129,934
143,154
136,851
192,761
47,301
110,991
29,796
117,241
69,616
2,717
149,271
168,670
197,42
150,349
76,104
116,869
11,874
39,600
152,936
119,839
56,781
101,602
35,749
100,493
171,784
79,556
153,215
199,842
126,518
29,118
34,642
44,67
143,326
198,7
190,734
54,961
91,645
2,289
91,180
135,661
94,220
91,903
142,152
13,619
180,455
91,72
136,388
72,909
32,625
3,156
23,17
55,769
41,358
180,235
110,952
79,940
100,830
33,686
85,99
44,95
41,809
74,469
198,538
123,420
89,798
179,686
121,258
21,741
122,835
131,106
82,677
27,548
132,997
89,468
89,912
116,447
107,186
194,826
172,53
138,639
121,328
157,521
101,306
127,439
20,803
174,167
15,990
142,504
126,529
190,256
37,748
5,585
98,222
100,813
4,474
169,901
78,233
134,467
102,554
28,15
138,188
96,524
11,671
27,896
113,940
79,355
173,551
21,795
150,676
172,32
193,221
183,943
43,835
160,465
70,30
183,942
161,561
88,806
151,975
112,469
46,872
101,144
22,148
134,558
199,979
26,353
153,568
165,569
20,937
31,887
168,626
161,998
100,351
137,918
160,271
91,394
171,978
183,158
49,962
27,150
29,549
150,756
17,295
166,910
87,946
135,558
167,409
143,704
79,152
64,600
58,765
37,176
37,996
4,479
68,775
164,94
64,4
105,489
161,61
22,231
46,689
22,675
84,545
179,107
196,314
97,215
69,959
106,933
198,782
59,618
61,949
1,980
48,981
178,380
61,918
40,952
17,685
109,711
122,95
135,412
97,256
40,580
73,690
194,266
106,137
138,726
193,474
133,103
183,746
53,665
179,137
119,888
4,696
160,305
135,79
180,55
199,160
95,596
21,896
147,683
79,618
21,704
87,124
111,525
142,772
143,866
188,938
119,548
166,142
177,70
177,831
41,434
159,656
116,55
70,396
59,502
170,630
94,652
190,837
165,967
54,521
199,807
144,144
186,28
155,944
97,944
171,308
1,152
47,712
27,389
62,782
116,796
42,670
18,765
10,466
11,465
197,545
15,650
111,715
120,438
123,58
23,738
75,468
163,57
58,616
127,33
186,438
158,248
6,713
83,826
28,657
199,243
78,209
8,974
127,534
40,946
127,632
149,936
30,763
57,240
169,220
68,408
52,237
15,413
165,71
62,528
172,897
63,202
73,172
123,59
156,520
193,858
7,755
128,485
196,276
135,376
69,87
158,139
59,162
140,83
130,893
31,373
28,39
62,557
127,902
143,691
106,566
144,755
181,543
22,271
23,1000
2,100
84,916
4,997
104,215
27,612
66,175
185,392
98,836
133,840
200,577
96,354
119,864
182,528
168,714
107,923
67,830
159,318
173,699
92,20
22,594
118,580
153,481
46,368
122,125
2,977
160,657
156,476
79,678
118,529
157,945
87,342
119,82
106,243
114,14
62,628
43,933
117,395
101,712
90,421
65,131
188,245
156,536
125,965
108,277
67,784
132,376
47,154
65,818
97,108
8,508
142,291
38,318
145,657
9,630
55,176
123,474
195,519
119,948
158,755
120,759
16,700
124,564
37,733
88,782
78,779
166,600
88,564
79,202
37,355
52,926
175,846
38,372
187,807
15,241
60,546
95,960
134,424
16,812
22,299
153,584
111,247
120,817
81,726
184,59
143,919
124,80
135,481
173,863
17,239
175,400
69,697
59,89
152,279
37,795
158,49
146,623
135,77
167,712
82,132
126,62
95,148
73,454
171,632
176,311
182,204
115,81
104,324
91,139
74,267
200,669
44,752
94,3
159,81
13,19
151,353
161,602
100,512
51,82
185,123
174,195
100,783
73,775
154,380
168,207
102,398
173,947
13,41
193,740
17,272
132,185
197,428
197,680
169,569
197,850
111,996
71,917
83,310
2,425
9,468
176,978
50,423
4,635
88,410
116,525
25,255
111,631
52,590
151,116
70,491
137,588
171,240
129,58
26,942
81,372
199,880
182,267
65,137
39,544
31,592
151,935
24,546
16,604
70,587
18,739
86,221
173,551
199,586
145,112
144,13
42,867
11,653
20,684
111,142
33,643
158,967
26,543
159,239
137,793
151,103
45,847
16,4
53,1
50,960
159,556
160,437
82,196
187,855
43,744
144,695
106,321
170,233
183,842
154,783
49,786
26,160
80,91
25,642
72,570
129,866
193,541
145,596
140,534
150,955
152,220
64,116
64,831
143,446
73,215
67,635
5,532
60,664
55,116
172,898
70,619
191,788
172,541
91,339
114,804
26,331
23,568
192,686
114,110
58,487
11,830
143,932
133,562
133,658
105,909
156,622
44,38
48,715
122,353
3,808
165,332
55,215
184,419
16,949
113,216
33,715
194,422
36,616
140,439
105,897
179,621
155,430
85,617
174,555
190,990
8,706
139,327
65,682
120,141
110,444
35,742
184,713
198,771
74,819
90,658
103,486
130,19
37,189
163,80
28,403
195,640
200,701
30,394
105,776
150,280
23,30
128,691
84,534
131,800
65,905
54,830
184,672
55,834
119,246
140,909
61,189
179,641
39,770
178,35
36,947
1,15
63,462
131,797
123,270
168,945
178,823
32,644
50,545
181,320
137,175
129,50
124,886
64,901
197,669
172,854
108,268
190,356
24,119
75,204
150,530
107,462
110,387
90,104
142,262
65,556
83,842
174,366
35,143
16,438
37,772
7,300
188,456
115,711
36,386
112,92
126,530
107,294
4,993
130,660
81,557
2,357
115,454
22,361
123,326
188,646
122,575
167,644
146,376
69,121
28,645
140,472
77,833
14,722
103,20
30,960
162,624
166,238
106,778
59,339
35,657
47,898
63,384
41,367
196,335
192,649
25,859
54,980
143,471
36,946
107,409
101,298
96,987
123,254
85,548
72,771
196,781
94,684
61,808
1,773
23,590
19,227
105,220
60,896
25,420
117,596
67,891
119,508
163,736
1,464
102,564
51,398
188,794
99,410
133,289
104,358
30,979
152,169
42,189
17,884
93,477
80,547
33,570
99,147
133,934
164,610
159,229
92,558
34,576
161,101
31,980
132,469
37,577
43,201
72,571
193,879
87,83
189,860
177,461
19,90
130,473
177,942
67,242
105,753
179,740
65,788
70,168
15,565
104,716
96,845
24,978
195,712
104,466
146,901
87,878
116,641
168,30
178,559
14,992
21,37
82,876
188,617
103,166
95,877
155,37
11,878
175,767
110,655
76,451
28,721
88,2
90,315
69,81
16,953
174,454
148,35
49,366
161,299
169,186
20,475
127,127
197,390
90,998
95,570
117,891
178,399
1,274
136,733
106,159
100,310
48,67
28,305
37,167
84,732
152,710
79,69
167,161
161,826
54,21
69,838
119,248
65,400
3,205
103,450
107,331
193,320
167,360
190,734
64,316
39,949
130,689
8,846
197,935
180,23
46,472
30,310
102,439
169,347
124,999
84,547
130,117
188,125
8,889
57,502
19,737
147,162
79,273
46,917
104,809
63,714
134,1
22,466
15,414
169,675
84,896
111,467
25,105
21,386
135,485
10,805
198,236
194,785
98,2
110,138
162,115
159,98
127,400
118,854
126,513
175,806
13,19
86,878
58,996
169,128
177,926
49,287
80,632
76,974
70,124
195,403
179,927
44,161
144,882
139,725
24,421
94,590
111,54
87,304
182,252
180,882
124,500
16,680
79,338
91,3
154,393
76,929
185,727
36,205
39,385
142,662
83,253
77,522
189,532
128,902
96,537
94,714
50,270
21,380
45,308
142,78
109,872
13,305
32,516
135,274
137,245
129,837
34,30
192,414
26,457
195,422
11,838
82,961
180,818
50,843
182,197
96,9
132,667
43,190
182,658
28,142
73,383
178,186
157,407
86,276
67,835
79,817
38,17
86,412
128,40
107,707
40,318
175,432
199,331
26,279
109,499
192,211
142,837
176,558
87,721
107,559
102,450
154,737
164,736
18,263
142,396
59,946
94,419
182,174
59,924
10,813
2,268
46,918
59,339
30,684
40,791
12,415
166,179
117,315
145,382
115,541
42,9
44,467
199,636
24,93
64,269
47,435
59,78
53,966
107,160
16,514
43,532
189,428
4,347
67,641
176,593
120,753
33,163
39,826
117,887
119,512
41,762
97,223
75,556
46,813
124,498
97,907
79,747
6,279
163,637
111,646
146,836
189,985
95,721
158,377
118,105
75,407
55,528
68,691
171,689
142,224
3,639
116,362
115,979
181,533
2,425
53,940
21,490
141,622
124,541
57,708
85,442
52,590
43,301
36,599
165,67
182,227
133,510
171,999
77,98
26,743
102,369
101,24
131,629
12,806
88,795
190,125
4,307
150,858
20,871
57,122
48,840
100,475
111,795
19,770
43,599
128,360
181,278
64,420
34,907
2,231
103,735
54,366
110,340
194,271
182,915
38,138
186,286
145,906
9,328
4,982
150,420
170,738
16,849
13,871
37,405
162,367
26,149
26,169
54,41
140,848
11,746
200,687
172,94
156,427
146,950
177,954
129,729
139,90
52,895
183,969
161,441
98,940
81,646
38,774
40,566
59,773
188,669
187,470
198,914
147,414
145,660
41,675
180,647
171,864
124,27
36,755
151,451
27,83
108,898
139,853
181,708
123,134
155,908
170,416
15,920
186,219
58,150
141,920
119,297
105,143
32,999
184,481
173,918
43,455
18,679
73,995
3,920
21,398
133,55
27,675
51,562
5,827
190,695
114,404
124,722
11,115
109,498
32,27
13,758
123,49
169,807
153,940
94,317
52,529
182,166
137,903
93,600
75,870
25,912
48,728
46,762
118,37
147,359
196,708
185,466
138,449
50,262
101,649
94,361
81,295
199,227
180,287
23,368
30,375
187,510
148,258
50,517
149,246
137,720
106,295
100,330
192,131
73,551
117,56
49,787
159,329
199,272
200,674
48,843
57,564
39,175
24,511
34,72
193,546
52,964
193,615
97,736
3,615
138,480
185,521
53,413
142,203
56,316
136,703
85,42
16,53
70,524
55,654
88,25
85,379
188,937
145,245
106,269
184,775
196,333
119,921
13,974
33,630
32,795
13,580
83,551
42,39
63,881
11,418
162,136
181,16
11,658
39,349
195,488
58,164
147,121
43,329
110,158
147,530
169,407
10,321
134,425
15,255
42,564
18,460
3,620
69,159
176,581
152,107
102,725
154,264
70,578
196,582
191,362
23,422
68,599
152,34
52,382
123,693
47,576
140,281
79,19
197,682
105,889
20,618
18,462
140,519
51,918
128,287
151,683
122,683
91,340
3,391
69,660
98,263
192,899
137,408
86,485
134,246
65,405
90,762
81,129
132,493
24,827
16,294
53,272
178,371
189,871
178,50
166,23
40,37
78,336
154,386
28,333
18,873
120,653
110,42
42,892
144,585
111,153
71,805
57,332
25,505
37,631
74,448
113,177
39,880
19,380
168,935
101,927
15,852
105,955
93,900
81,347
181,355
50,614
9,938
106,740
70,528
21,360
147,651
189,421
109,330
71,426
56,514
172,631
109,449
131,675
60,173
62,529
65,840
9,876
153,242
84,196
111,199
83,898
33,423
116,187
117,599
100,335
196,566
153,812
86,998
79,439
85,568
123,854
193,217
196,46
144,724
135,721
152,350
28,235
185,497
36,454
194,935
67,990
163,855
191,523
105,478
166,127
88,425
36,766
174,776
56,932
169,222
188,841
164,285
119,264
5,624
97,81
48,1
47,273
97,377
116,191
182,431
117,76
45,16
104,85
91,279
4,59
192,347
119,815
83,161
129,219
22,738
152,715
165,557
120,536
72,752
60,576
39,209
54,860
2,864
29,254
166,853
85,597
180,468
78,289
150,255
124,850
32,242
169,67
200,960
116,934
194,744
114,757
41,499
19,543
191,306
91,160
54,86
11,817
33,214
186,428
119,547
167,114
157,216
118,109
94,986
136,39
159,783
183,954
78,47
87,749
123,148
189,98
140,545
45,447
3,210
37,683
125,142
67,546
197,452
167,347
82,247
196,278
151,931
87,630
25,243
109,410
198,619
82,227
28,665
160,881
5,700
10,331
110,752
196,492
135,173
113,217
21,952
30,830
35,16
28,378
13,332
64,564
108,485
68,646
111,32
193,790
6,110
158,514
12,696
185,833
196,99
107,327
1,470
186,318
102,668
129,949
186,20
178,939
122,792
174,265
182,886
176,516
131,166
153,420
118,980
192,533
44,952
13,9
160,613
55,539
41,330
110,877
123,397
155,780
96,684
157,757
135,666
1,762
94,523
187,347
67,917
168,872
109,372
109,305
146,130
150,930
5,685
197,848
160,782
71,911
183,804
123,322
61,627
43,278
48,851
60,490
162,683
120,888
126,927
133,325
190,851
88,882
67,772
179,879
87,647
157,468
105,640
64,595
143,447
70,192
87,144
24,527
138,104
163,951
10,189
76,143
172,566
51,442
25,202
2,618
69,257
14,308
112,84
120,213
99,193
123,475
178,224
161,620
114,338
123,61
76,19
53,20
83,61
111,932
41,486
168,444
196,389
16,894
4,948
18,454
189,570
140,591
120,864
187,391
100,364
22,168
69,693
5,887
157,730
49,786
80,788
163,747
33,135
18,821
64,482
24,274
132,323
38,525
22,458
35,780
18,185
7,375
181,673
8,542
58,248
5,179
84,688
65,557
112,205
85,346
119,929
55,943
167,709
4,449
78,823
189,268
29,998
29,436
100,270
168,805
169,530
9,320
175,939
134,608
115,349
112,860
141,982
135,76
19,976
1,611
110,743
45,145
127,223
55,803
112,976
58,261
116,232
118,95
20,291
83,87
169,676
159,166
158,257
170,632
104,177
23,241
123,825
136,221
100,590
14,452
69,322
183,461
13,594
36,826
195,391
99,167
7,428
49,866
41,708
78,977
104,230
68,110
173,343
123,968
177,375
27,492
183,462
111,586
38,668
59,203
13,434
126,139
123,70
68,8
121,473
39,314
110,784
138,260
1,576
186,737
70,590
78,927
88,845
96,84
110,690
118,343
56,692
1,696
169,821
76,319
62,870
158,139
141,642
93,303
45,760
132,844
184,424
89,958
61,926
137,222
144,79
188,567
41,478
151,355
66,657
119,339
101,73
123,390
152,198
159,576
139,12
175,343
130,926
124,566
24,63
169,209
26,579
173,989
137,696
50,424
51,436
155,55
179,155
166,520
11,300
143,275
91,547
59,216
151,361
128,415
145,935
186,217
118,278
151,682
83,614
104,63
161,237
194,825
147,593
115,284
166,745
121,419
148,757
48,711
11,590
103,222
65,452
66,905
44,659
127,860
40,38
27,965
30,362
57,409
22,909
7,70
8,211
150,338
173,720
111,789
41,541
106,669
124,452
24,353
78,611
29,147
130,415
82,443
175,674
121,987
56,967
135,374
49,210
20,227
114,497
45,166
106,225
2,200
154,873
61,263
3,479
56,498
56,690
88,521
59,989
143,865
161,689
96,994
47,735
69,16
109,942
40,269
82,930
29,319
141,842
197,34
109,560
38,986
169,358
96,720
36,296
187,517
105,129
192,248
96,628
57,991
157,51
134,839
91,703
51,331
126,97
76,23
10,580
98,301
122,991
75,237
180,276
27,460
29,223
120,466
52,129
195,379
25,966
57,869
81,346
140,896
111,828
65,828
199,768
104,729
93,442
122,954
161,508
146,216
165,534
115,390
46,334
11,486
10,447
20,801
58,853
170,462
141,317
41,467
104,190
157,1
166,658
130,175
53,475
40,234
96,624
149,443
113,762
117,354
55,293
54,413
49,582
75,689
45,580
30,35
99,984
112,940
198,640
149,662
168,5
170,15
153,133
102,2
11,836
169,345
197,240
79,990
157,940
13,996
107,963
12,131
182,3
158,261
113,181
58,82
17,412
164,437
39,512
161,110
107,22
177,580
151,67
132,146
31,967
36,628
73,843
106,105
174,670
108,231
186,855
40,121
118,852
196,926
80,55
86,851
177,47
95,9
48,540
81,570
118,925
127,268
134,796
71,403
23,328
145,631
180,504
52,977
79,27
44,557
149,711
39,770
52,44
185,236
183,754
133,614
41,927
181,772
40,734
127,207
194,174
24,201
193,666
178,737
133,467
78,587
187,226
6,395
83,332
151,920
46,877
27,158
197,343
30,132
108,486
191,279
136,668
48,818
23,748
196,819
170,505
129,271
56,986
144,936
58,506
194,90
119,421
66,707
121,94
72,43
84,397
183,909
116,105
155,463
54,323
68,664
21,90
14,12
186,324
36,719
71,914
53,963
189,761
100,469
91,715
67,479
153,568
86,771
28,853
169,880
104,136
90,555
58,76
20,723
115,751
80,503
167,32
16,190
112,381
190,349
38,216
11,921
145,805
172,33
31,263
115,473
50,495
119,942
188,872
145,924
135,556
20,991
84,700
91,493
195,79
98,942
3,57
117,117
72,473
155,340
100,318
118,45
115,609
19,76
114,943
4,382
121,368
153,610
22,546
175,866
3,715
110,996
102,858
197,194
132,695
145,55
44,336
2,619
176,438
184,194
149,109
168,483
94,715
82,357
43,533
48,507
35,649
182,338
99,443
48,226
149,4
82,145
58,880
36,560
105,233
177,63
37,782
169,488
152,877
105,121
186,338
31,69
87,162
15,494
93,549
3,834
104,922
105,384
71,147
82,229
25,635
54,37
81,540
70,698
6,659
130,342
185,943
5,272
24,477
52,321
135,476
110,738
69,815
91,611
191,879
73,719
134,919
84,141
96,847
154,124
72,316
178,349
139,16
148,244
164,578
127,779
90,550
92,856
56,902
161,1
126,348
5,202
83,878
132,328
94,887
27,798
3,765
167,154
168,909
135,561
150,544
176,231
128,181
117,865
87,963
124,206
48,359
42,254
68,179
148,645
190,458
143,667
196,121
123,851
83,366
6,262
112,720
28,174
55,100
2,245
180,91
147,1
174,51
12,708
105,303
142,926
53,709
163,217
13,510
136,344
91,666
183,24
30,873
5,712
77,242
81,695
138,554
26,516
76,993
67,908
159,200
62,232
1,71
150,732
82,825
34,382
198,36
129,212
106,426
163,139
88,730
118,219
49,390
71,330
179,553
35,828
179,837
32,540
122,529
100,337
177,978
119,535
51,275
74,974
4,878
150,722
59,562
55,329
35,150
53,15
4,722
128,99
37,902
57,903
143,753
148,675
156,953
139,567
31,661
55,844
192,585
78,789
101,949
132,975
138,547
88,705
152,381
112,623
175,728
6,320
184,468
148,900
179,134
132,107
169,164
82,188
1,796
8,740
194,632
26,830
9,892
186,540
67,363
79,217
82,269
27,789
46,561
157,699
95,788
187,31
188,876
122,918
112,444
145,284
32,861
179,125
108,16
85,22
183,415
170,95
198,592
154,69
72,113
139,263
192,787
119,577
103,889
18,617
143,401
166,82
71,268
50,829
8,83
127,801
115,436
33,765
192,397
145,474
58,914
40,148
145,731
36,618
159,197
16,68
48,871
50,734
151,658
118,51
70,815
39,633
114,903
168,261
87,992
198,773
63,707
171,631
97,792
175,839
191,92
112,110
25,930
63,438
70,112
170,739
10,41
132,773
3,143
154,613
169,655
147,701
145,485
47,292
123,759
157,712
5,915
175,755
192,543
151,107
30,842
23,899
105,179
190,141
58,809
129,810
25,331
25,99
183,127
61,834
172,678
12,840
57,572
62,59
61,793
171,16
139,279
126,204
38,103
106,393
75,960
166,817
58,125
105,751
76,721
80,530
48,125
42,449
134,576
90,806
77,103
72,918
25,842
64,771
124,681
85,293
86,708
176,217
172,465
9,2
165,899
54,920
126,870
41,690
46,755
120,337
96,232
120,991
51,311
179,20
36,654
70,592
194,9
177,906
65,114
164,569
46,132
180,178
25,233
8,421
1,250
184,996
151,447
42,898
25,17
46,102
154,676
182,942
7,40
6,877
193,116
76,68
137,9
89,710
57,479
35,762
9,381
149,386
115,122
149,130
36,998
8,665
89,766
62,963
54,23
19,360
48,554
147,934
146,830
1,536
99,482
139,313
60,511
59,375
75,392
184,40
43,211
50,330
52,228
130,255
138,472
75,157
18,310
50,386
194,922
176,922
117,839
68,957
133,678
108,367
140,503
65,573
84,934
120,274
106,183
183,383
115,715
148,589
155,759
124,423
31,862
198,53
200,626
13,302
175,565
149,471
134,543
54,703
1,252
77,714
118,557
64,42
156,93
20,931
48,103
144,771
32,280
50,926
166,457
165,931
128,189
159,93
198,417
58,723
171,169
180,925
178,228
5,62
167,1
64,984
21,884
144,576
156,17
116,996
192,559
30,679
36,322
174,929
34,518
120,391
3,972
144,286
118,143
164,180
58,154
151,227
174,242
64,532
173,168
101,967
92,254
110,200
177,163
111,229
164,743
50,554
115,351
39,218
128,429
104,858
101,903
17,833
75,976
49,975
180,10
38,427
122,48
142,92
177,732
194,967
66,19
104,980
161,949
79,89
38,754
21,911
103,343
37,383
171,479
130,920
175,297
161,59
140,894
29,21
124,796
40,696
16,874
155,755
100,29
95,430
161,426
134,550
117,667
136,770
38,788
181,364
34,282
19,542
96,805
39,710
169,929
63,385
150,620
134,599
38,242
140,725
62,556
46,811
188,48
59,416
132,895
86,215
174,488
160,72
155,18
79,435
82,515
66,221
72,864
168,900
144,523
60,864
9,203
88,382
4,622
200,658
82,476
74,977
161,535
81,778
181,733
81,939
147,242
45,30
20,715
16,251
20,392
71,877
77,159
138,133
137,198
29,48
75,462
111,687
145,831
171,900
57,445
56,719
153,248
184,812
8,577
45,568
78,923
175,991
20,777
23,859
181,433
96,407
94,727
197,628
133,567
135,674
161,1
83,277
8,613
143,747
22,97
52,572
50,62
181,181
27,411
11,860
87,86
187,462
146,803
138,722
19,730
117,295
17,194
81,418
94,238
29,926
175,912
19,302
75,484
115,463
4,537
6,200
54,724
195,293
93,916
157,258
199,911
23,618
130,83
60,310
112,868
168,845
24,890
53,183
38,387
107,180
137,386
141,749
94,41
145,358
93,337
128,678
21,272
25,995
60,785
5,526
131,546
134,209
89,934
188,750
14,835
2,729
100,362
133,203
68,501
191,368
103,447
155,83
16,521
80,509
22,84
120,988
19,477
55,783
108,39
182,189
151,594
46,343
166,768
65,917
189,729
16,283
135,930
16,667
45,27
85,890
52,317
27,822
150,978
97,980
18,55
70,292
132,213
158,861
119,667
10,760
17,634
55,131
48,932
120,864
3,678
153,693
50,240
179,294
39,16
111,27
26,993
48,900
6,877
152,28
34,21
83,842
174,662
138,872
171,224
161,294
40,728
141,752
27,260
104,836
73,71
43,664
47,908
21,59
103,232
30,420
174,773
63,852
124,373
72,156
86,632
149,249
30,496
13,543
75,375
25,159
82,114
151,852
146,727
188,937
18,293
67,316
165,928
106,633
52,545
95,932
54,938
100,14
195,395
189,870
167,146
112,431
182,834
44,162
82,576
194,15
8,116
82,136
25,526
28,752
47,352
76,758
96,276
146,729
148,386
186,649
30,277
8,915
70,536
70,104
92,730
163,919
51,751
2,16
50,251
126,427
155,803
35,810
156,279
166,774
74,602
94,857
7,412
147,334
132,819
135,509
150,578
121,134
48,303
38,232
150,200
158,838
178,881
117,687
134,53
44,239
12,36
51,800
199,866
145,605
91,98
65,28
128,528
137,907
142,403
188,552
28,747
65,983
28,964
6,535
144,531
194,431
133,646
122,138
53,598
180,25
78,258
188,190
118,690
156,493
36,892
17,515
55,765
102,468
182,244
181,471
32,238
130,857
94,551
38,827
85,489
110,102
11,774
85,740
138,537
46,883
19,207
108,281
183,288
22,186
146,725
67,303
142,523
176,452
48,547
173,739
198,536
152,442
31,124
77,800
32,123
191,789
90,882
16,134
128,100
28,284
129,304
95,66
109,701
21,905
76,825
75,51
1,77
196,350
54,583
21,82
119,95
51,199
7,9
29,182
155,858
164,640
40,601
45,670
110,861
51,982
140,528
10,66
162,477
56,299
145,253
132,129
118,992
54,530
63,489
99,348
84,734
39,932
37,258
45,629
82,171
185,795
93,586
168,51
100,600
59,989
108,351
45,422
123,456
124,985
88,213
38,63
182,937
150,145
44,385
98,591
30,286
28,612
159,755
41,783
128,123
139,56
82,514
187,634
184,164
114,390
135,209
68,553
130,289
147,629
15,960
163,568
68,896
164,154
36,864
68,174
11,953
48,403
174,602
77,703
123,332
83,982
46,60
181,677
101,815
99,2
145,854
135,343
84,534
15,124
174,148
137,580
197,954
36,122
182,239
149,681
189,372
143,151
78,817
138,289
84,627
41,327
68,404
142,746
140,456
37,771
43,419
141,415
46,397
20,557
111,422
87,181
27,25
49,12
84,289
25,482
120,267
7,63
163,288
126,197
48,621
94,69
63,575
132,673
135,479
92,419
93,207
161,121
32,527
40,640
183,234
135,467
54,211
137,46
97,520
189,218
10,113
183,551
28,634
128,304
200,664
37,954
70,342
58,505
96,608
186,758
180,161
155,249
156,765
73,32
108,66
199,802
189,176
139,215
163,514
179,438
172,856
5,24
140,401
191,144
152,453
85,577
100,456
16,620
191,906
190,844
104,831
117,557
147,260
171,583
192,742
13,296
159,289
10,428
140,286
150,804
21,183
139,640
8,753
92,199
133,860
125,529
1,490
146,165
30,209
22,296
83,508
60,90
66,616
15,930
196,179
69,919
116,555
35,675
118,375
82,435
69,750
100,922
126,611
3,328
86,376
140,540
193,342
8,441
92,887
14,61
29,906
51,428
82,367
122,894
178,909
144,246
121,994
199,375
190,229
31,926
189,32
116,960
26,967
177,340
18,953
170,946
47,366
37,45
132,453
90,664
30,12
165,189
124,139
110,894
102,72
147,961
46,159
46,574
198,245
28,57
131,456
39,13
17,86
133,203
177,66
95,302
26,184
11,426
89,909
55,172
139,540
69,395
160,518
158,580
52,259
36,938
1,699
143,516
133,311
33,7
84,777
66,759
115,584
81,216
169,500
195,608
106,356
50,634
19,808
77,300
200,638
82,829
23,61
191,455
73,184
72,698
117,910
21,819
90,512
174,462
28,732
148,118
79,954
102,360
177,988
161,103
37,729
12,243
132,486
170,134
200,361
39,557
103,350
54,337
177,307
20,518
132,853
107,115
188,663
199,689
110,100
102,647
112,805
40,516
167,138
91,142
10,866
118,450
17,240
159,430
96,892
91,258
132,553
113,318
73,529
18,883
105,378
71,199
35,667
163,525
17,767
163,932
187,593
112,560
70,890
16,835
43,452
62,690
138,431
51,778
138,75
177,269
148,123
24,137
96,959
87,89
191,465
199,674
176,638
147,293
140,907
123,644
68,610
57,325
122,769
164,335
107,58
89,556
42,961
16,809
45,779
200,70
145,611
84,78
175,134
115,978
188,580
36,195
114,367
14,902
95,524
96,307
24,88
70,253
32,203
86,315
40,999
120,441
71,334
6,470
194,884
28,297
24,699
70,632
63,863
40,788
193,351
185,961
132,469
48,409
107,939
191,372
91,424
153,267
141,1
164,735
65,160
66,627
40,600
150,384
35,49
11,816
61,515
17,494
132,957
6,678
90,610
162,641
4,918
25,351
140,146
119,515
191,934
87,288
149,632
35,651
105,309
192,324
38,854
186,933
47,346
191,394
169,37
75,144
89,112
6,903
98,104
8,671
73,877
31,720
34,363
11,537
81,783
103,29
57,564
161,987
54,775
140,923
76,876
118,340
157,312
52,71
9,784
9,199
5,180
96,323
15,145
42,844
142,759
163,447
178,571
68,712
74,466
1,321
143,41
51,763
81,560
127,58
121,938
186,737
45,625
10,64
142,695
116,599
137,691
95,533
161,193
93,8
95,99
153,86
94,989
4,271
157,813
82,636
32,200
15,582
168,421
40,856
178,617
39,215
78,982
159,498
177,956
196,314
148,89
60,371
127,133
154,277
149,408
40,675
97,28
187,978
14,71
2,811
85,866
122,469
55,797
45,453
184,394
76,930
39,952
167,370
165,431
102,929
45,820
76,729
36,85
104,162
111,186
133,747
179,54
150,502
143,629
116,594
99,886
56,991
141,88
155,754
78,733
140,876
106,9
97,327
19,171
74,259
117,339
85,869
171,802
147,599
191,910
141,671
171,845
91,936
37,16
4,531
87,587
28,156
174,46
146,201
145,367
26,343
171,630
38,728
189,766
120,654
169,954
71,383
5,902
183,690
177,288
17,402
121,237
167,725
17,204
45,625
177,96
18,248
185,784
182,334
149,47
195,904
117,694
3,665
22,535
195,418
187,55
134,968
58,127
132,834
63,553
110,973
135,870
17,186
69,890
154,579
131,202
181,155
109,915
36,764
40,833
119,144
110,758
134,125
95,586
152,813
159,725
90,438
114,40
38,684
70,551
34,677
58,286
98,81
156,304
4,68
147,819
147,878
105,252
12,948
34,541
129,827
17,776
87,569
54,857
193,295
111,349
122,394
133,249
198,17
157,280
161,849
167,858
171,475
167,485
126,324
31,372
1,523
168,706
72,750
133,368
91,152
45,662
55,444
31,380
30,974
198,737
75,50
147,501
152,809
47,552
178,227
159,814
60,699
181,507
166,229
57,293
84,578
81,423
115,830
129,729
38,593
200,376
47,176
54,217
116,931
126,85
170,43
111,191
170,572
118,613
83,919
88,959
180,24
98,512
50,168
5,792
119,481
140,549
52,769
154,771
110,775
122,451
84,633
128,799
135,275
46,366
15,810
3,580
69,290
9,695
69,584
199,70
166,597
15,267
155,808
28,422
129,469
131,28
90,877
142,254
66,391
151,182
151,860
149,727
14,319
60,418
188,721
6,274
83,340
32,774
10,990
197,297
95,823
156,626
154,739
152,779
190,552
125,145
133,4
33,959
89,112
46,630
107,952
13,128
62,171
78,437
122,408
142,62
103,656
146,165
79,851
123,587
153,532
93,530
80,7
101,264
200,875
14,163
23,207
115,290
60,640
87,340
14,820
8,701
125,110
87,493
150,656
105,475
31,150
133,70
104,106
15,259
108,54
173,857
23,722
155,464
135,839
30,695
64,298
146,97
195,897
84,83
173,694
188,416
97,319
80,792
104,174
165,175
117,128
187,672
108,564
146,814
33,192
147,748
50,898
2,890
108,815
136,751
168,130
33,20
32,300
142,311
169,880
161,987
169,134
79,106
56,589
96,100
128,837
172,752
95,809
27,714
184,297
121,714
185,447
14,497
121,111
141,930
32,255
155,1
102,463
44,551
191,565
169,161
98,492
5,270
12,472
199,847
126,995
179,401
97,964
136,855
186,484
43,181
143,755
162,661
173,614
63,349
45,791
41,325
151,682
29,6
11,409
120,583
76,526
153,227
79,755
188,904
5,704
57,980
48,403
112,535
39,23
71,746
8,786
88,994
48,657
199,606
133,184
111,818
27,435
117,375
158,863
1,251
189,155
177,567
185,763
133,694
97,517
53,252
51,664
78,489
103,52
152,429
81,415
55,688
44,209
97,455
167,492
145,567
29,451
189,2
26,727
152,86
173,735
101,257
72,974
14,586
61,526
59,44
126,391
73,16
194,259
49,442
159,390
145,613
90,192
20,728
60,782
173,260
124,605
136,813
135,406
183,751
128,348
150,424
129,28
76,813
197,206
139,879
16,774
66,109
23,779
72,460
156,314
83,612
149,274
94,51
113,427
122,710
80,888
80,524
91,122
75,19
67,933
81,994
11,98
182,226
200,931
199,227
138,610
118,984
159,58
74,680
141,926
70,329
113,581
31,399
111,481
5,795
90,11
62,336
168,706
61,220
192,354
179,261
58,38
130,822
177,536
56,938
107,912
74,899
29,668
174,867
80,629
40,564
184,224
85,321
140,180
112,209
104,875
5,943
126,115
64,472
54,168
110,13
166,210
172,908
26,632
127,952
17,480
180,156
20,192
132,250
31,595
3,437
60,482
156,602
109,730
102,78
120,906
45,120
81,792
15,31
31,553
76,959
39,992
176,703
25,891
29,460
115,266
149,574
131,256
119,159
94,908
37,319
59,802
182,978
188,568
90,950
115,968
47,808
160,16
54,36
133,977
35,333
60,516
41,55
33,223
133,332
136,73
193,890
106,7
39,205
198,996
27,779
87,582
66,927
59,51
152,779
27,634
66,987
145,422
138,686
189,225
90,936
125,613
19,932
45,803
160,176
64,360
139,813
92,161
146,199
19,790
33,372
108,463
9,957
119,161
18,592
128,11
67,613
87,259
6,270
30,24
176,607
80,273
36,265
107,682
184,153
35,836
199,207
104,950
157,359
156,856
73,521
17,767
121,929
28,133
54,669
7,397
15,281
4,706
97,827
194,925
189,614
106,990
141,355
168,716
14,45
39,749
98,45
102,426
50,780
127,663
63,407
28,392
151,489
117,316
129,280
155,146
37,545
104,296
125,583
15,866
165,343
110,133
154,27
177,232
106,470
150,725
147,433
78,187
108,434
47,898
195,286
106,696
171,254
78,75
74,434
61,313
164,416
66,478
61,297
122,290
6,763
30,746
126,190
38,595
118,268
69,141
80,35
149,473
13,810
177,890
84,558
16,166
48,159
26,799
24,194
60,779
43,563
138,333
169,832
151,45
74,399
79,207
34,19
173,710
49,952
54,111
135,548
159,391
108,428
123,139
178,715
35,949
150,161
75,819
97,608
196,692
131,872
58,875
151,569
52,682
72,771
166,623
30,890
13,819
129,453
38,906
28,880
30,237
151,561
82,107
82,274
148,760
115,49
180,824
133,910
147,860
150,725
140,973
88,20
27,115
195,623
172,953
171,588
29,884
176,188
42,785
100,424
99,446
25,785
106,110
28,588
55,319
46,453
81,413
168,780
145,705
151,41
134,559
157,4
56,170
73,728
7,654
89,465
127,160
15,352
122,662
124,642
134,829
195,962
16,253
15,969
86,21
190,243
43,331
158,738
59,878
79,985
93,681
184,407
44,322
11,200
139,706
14,670
175,571
81,103
22,654
98,479
184,709
52,195
40,721
17,797
182,870
173,664
162,251
34,521
166,607
68,595
66,199
192,389
177,210
138,357
150,319
33,815
167,654
75,987
29,988
162,548
52,567
29,277
55,533
65,500
71,4
152,745
108,47
26,975
147,743
100,422
52,817
32,576
62,406
74,465
67,760
106,935
46,127
192,772
157,549
43,573
165,813
113,107
152,613
80,26
167,631
32,60
100,109
85,430
28,840
63,282
54,788
36,346
132,554
15,212
37,230
39,941
96,746
7,427
88,188
42,64
18,804
189,995
132,672
146,687
44,690
136,123
18,964
24,372
110,505
111,865
108,958
129,230
16,954
150,832
160,746
36,845
84,505
156,773
188,904
155,861
114,155
121,854
33,409
48,233
174,740
36,110
152,969
189,981
162,744
192,336
59,782
130,44
186,865
144,619
183,878
44,5
68,240
55,517
174,137
79,512
97,844
152,548
154,471
78,127
52,842
151,415
80,233
153,819
117,482
26,486
8,34
56,902
19,87
150,831
77,11
70,67
95,656
15,246
180,779
138,122
47,922
170,323
31,90
101,315
13,315
129,601
110,125
134,686
200,596
53,286
163,899
147,565
21,914
142,291
93,233
95,143
64,387
187,734
180,834
11,364
125,256
100,110
17,520
166,837
23,580
177,126
5,309
199,968
116,396
161,252
171,371
136,980
129,299
44,677
108,84
129,741
117,997
170,486
168,993
186,774
96,138
185,277
98,504
71,712
105,498
176,280
162,36
141,903
80,639
101,322
164,521
176,389
70,884
121,909
85,529
7,42
168,978
42,392
170,920
84,931
153,719
112,970
180,547
75,601
13,87
10,49
167,940
96,374
134,130
166,241
164,900
135,373
27,445
56,954
139,329
35,409
183,93
148,912
53,491
190,700
11,654
88,437
176,403
195,78
146,354
7,35
135,87
28,354
76,830
36,518
83,203
153,727
1,652
104,329
163,860
99,831
84,627
16,330
97,512
24,904
164,705
101,576
82,13
166,319
22,764
71,583
46,538
118,411
23,4
69,404
73,112
97,244
185,961
189,850
160,661
90,136
156,294
10,322
87,277
70,692
119,902
47,52
160,534
22,642
8,916
163,168
61,901
150,483
166,327
46,391
168,787
94,166
59,10
101,338
70,214
69,65
186,846
19,72
25,592
104,786
143,196
139,485
111,709
176,126
53,301
53,470
54,622
98,687
103,389
50,379
159,37
105,447
118,839
151,899
178,614
144,235
185,78
121,106
64,343
79,276
198,38
135,76
181,632
157,412
87,348
192,906
96,803
55,300
98,302
189,307
199,896
120,209
46,239
131,172
116,158
186,176
58,600
95,564
183,788
199,609
82,155
199,746
31,527
47,385
62,695
125,482
89,887
113,199
159,794
147,105
199,77
58,201
157,297
139,178
38,308
74,547
68,217
15,916
28,874
40,334
108,25
185,42
173,651
13,882
31,822
120,180
16,783
18,853
101,557
100,804
120,588
123,156
183,871
45,835
125,425
81,554
84,188
19,568
12,533
58,167
71,659
141,608
137,448
144,143
102,197
75,589
75,590
104,496
106,77
130,768
157,581
166,199
4,126
105,239
102,474
141,722
99,383
41,492
177,300
70,710
43,948
127,571
10,428
49,900
91,526
134,764
156,540
61,923
112,125
47,805
96,641
100,793
190,636
117,921
72,442
163,662
100,809
195,739
39,515
42,891
168,705
173,797
136,791
192,599
72,947
148,970
61,294
78,422
175,865
126,35
27,744
94,395
72,58
122,581
80,951
16,974
153,387
101,572
8,93
165,87
190,696
166,168
136,13
136,129
11,821
32,544
1,254
166,742
173,528
73,462
165,912
46,890
141,856
59,156
131,312
96,252
69,999
194,220
154,536
178,432
11,260
106,397
175,490
81,11
199,663
163,724
120,589
156,190
39,460
182,435
90,592
150,515
62,115
109,69
142,594
195,85
104,78
85,660
172,607
151,357
164,952
25,686
155,341
145,573
133,707
133,506
49,916
175,673
142,568
199,287
88,146
147,689
95,339
2,371
86,164
132,753
142,368
148,27
132,282
91,291
163,803
117,512
184,792
184,541
87,912
137,904
9,81
178,648
181,525
191,256
179,556
102,915
112,689
106,303
94,599
163,544
26,103
136,440
122,412
26,181
142,491
58,23
95,971
170,683
113,79
107,290
14,567
195,641
11,917
150,51
198,219
125,38
28,900
175,103
192,842
84,965
6,308
149,103
34,340
71,797
41,736
93,740
132,812
37,182
15,246
76,423
16,103
61,465
180,42
167,109
83,330
82,113
180,964
92,155
113,391
55,474
161,198
98,994
157,179
58,942
7,201
140,851
108,871
74,801
150,272
88,768
33,228
2,597
156,615
67,609
100,13
187,113
70,710
188,637
100,913
127,226
191,454
169,355
5,81
194,662
174,411
155,381
64,475
151,25
95,681
5,887
199,462
15,512
89,982
165,594
15,445
197,363
175,501
138,109
68,949
199,999
57,179
2,18
61,28
53,905
105,884
175,830
26,306
82,538
42,725
132,968
35,614
40,816
155,135
129,840
130,686
34,160
77,462
171,571
126,82
12,941
41,101
54,624
16,160
190,314
197,717
24,350
84,956
100,301
28,87
142,279
109,356
100,944
133,325
116,325
157,529
6,282
126,52
140,652
83,620
28,778
55,963
199,914
147,932
80,51
94,52
163,457
28,76
29,521
100,284
21,31
111,282
170,336
146,64
162,599
196,521
110,229
190,208
79,33
40,601
69,488
73,750
195,929
136,200
12,539
121,914
83,995
105,471
186,451
86,691
6,902
116,408
114,413
111,201
100,618
100,46
166,152
190,153
71,367
155,803
166,73
31,64
179,135
89,575
97,744
162,68
86,30
29,328
59,340
64,319
46,869
156,356
1,84
110,118
30,713
19,844
105,523
2,726
110,819
14,874
30,548
21,268
190,413
118,414
110,117
81,569
177,968
69,729
35,168
175,87
62,152
35,987
26,994
188,130
103,62
14,794
130,219
44,876
87,260
91,990
190,461
128,682
49,848
69,447
110,580
56,124
60,335
94,24
149,507
149,504
28,88
57,260
3,712
28,433
173,140
131,540
74,613
85,975
179,501
126,628
4,961
109,811
114,525
26,604
58,165
120,824
5,736
62,996
192,922
132,927
197,797
106,756
166,620
195,160
39,171
21,549
49,14
128,119
99,535
87,454
25,906
15,738
199,53
147,62
193,807
44,816
86,566
37,651
4,94
164,263
132,201
26,465
19,498
107,62
33,914
184,286
139,455
104,204
187,712
37,341
162,302
30,382
126,155
8,857
60,172
46,401
36,327
181,305
37,578
189,505
1,893
137,471
67,467
34,960
63,564
177,6
91,847
23,62
132,413
69,223
165,873
116,607
79,966
78,467
194,342
189,212
53,594
137,120
122,908
31,253
173,108
11,82
198,593
128,352
92,533
117,941
52,397
11,365
69,375
130,192
138,308
68,130
173,799
136,839
130,430
105,965
64,974
80,216
121,626
28,428
135,835
19,283
36,888
173,816
58,334
161,886
30,828
163,417
184,71
149,209
83,291
35,531
177,587
54,56
1,780
128,646
46,994
32,492
147,570
167,393
56,947
127,436
193,490
47,792
2,718
166,885
134,712
59,654
15,143
76,272
63,379
19,411
134,686
175,483
89,593
97,709
142,874
28,859
115,226
165,367
139,885
7,373
93,811
161,369
63,899
87,260
72,278
27,185
48,660
165,642
192,620
178,20
105,1
66,665
54,337
38,41
188,901
174,847
141,855
140,102
148,185
193,881
79,821
110,197
8,446
131,725
155,657
159,928
189,923
100,120
126,772
171,48
109,693
166,115
176,911
66,419
80,162
198,541
67,743
131,320
25,705
59,492
105,498
109,771
156,843
193,924
136,849
181,307
148,471
154,48
72,837
79,880
198,739
76,498
186,435
12,98
102,728
101,446
183,732
92,604
133,285
17,626
139,833
23,993
22,294
137,720
59,545
116,290
7,441
181,551
85,920
71,723
135,849
183,914
136,509
137,701
20,882
168,975
173,398
6,697
1,704
124,786
139,952
21,452
56,643
10,109
154,932
33,250
169,526
59,672
151,489
59,39
101,529
10,986
145,890
73,977
193,984
131,881
169,18
51,45
178,655
63,458
182,85
126,319
82,346
30,164
173,312
155,408
58,324
81,508
190,85
55,623
96,913
146,912
38,125
188,794
175,838
162,90
50,857
41,945
87,57
177,675
135,589
106,857
141,36
172,718
13,692
28,591
150,352
171,534
91,976
44,389
34,545
191,964
73,238
118,99
52,952
36,365
70,304
62,69
29,179
169,785
184,108
62,173
39,241
121,283
17,809
159,839
65,696
48,460
133,247
23,701
143,408
194,577
142,725
184,894
74,975
24,326
139,765
134,236
153,535
3,806
49,951
103,403
33,877
199,281
195,444
38,482
60,603
69,14
6,196
196,369
67,386
174,222
165,553
70,1000
35,674
51,662
77,292
164,221
54,906
11,829
50,237
117,261
59,855
2,893
139,667
102,435
127,999
180,630
162,650
134,817
83,22
196,21
118,471
79,355
77,796
96,776
17,841
20,284
193,811
167,122
188,979
74,174
59,734
61,388
6,670
46,76
47,520
17,720
76,728
178,993
146,808
64,594
173,202
180,885
182,927
131,2
145,432
59,313
44,914
192,4
154,542
142,276
182,44
200,461
95,611
178,78
98,752
157,605
171,938
44,569
200,89
114,42
22,625
152,285
125,250
186,684
171,781
27,554
122,569
57,50
157,385
183,833
191,367
195,708
1,805
172,384
105,290
87,317
194,623
37,838
190,662
26,289
92,974
177,959
31,336
131,637
138,205
1,395
31,598
91,514
133,519
88,55
78,931
38,980
172,475
69,931
199,387
14,603
44,251
38,748
200,670
189,966
64,451
46,486
61,647
182,129
133,568
175,992
23,894
39,417
161,121
91,86
42,114
41,976
50,849
145,970
163,453
195,316
150,519
46,646
21,583
171,563
130,252
115,502
86,432
148,212
177,332
12,92
107,738
174,460
123,117
12,476
97,568
3,5
189,846
118,808
146,776
121,900
75,995
116,494
68,485
81,565
172,865
35,244
11,958
96,737
17,373
14,351
121,96
186,858
163,764
107,755
30,593
79,238
161,321
79,104
44,121
166,210
5,33
34,999
34,32
87,558
6,205
18,98
102,31
4,24
195,40
113,684
42,489
168,296
82,893
133,17
48,916
149,708
169,498
172,95
25,312
10,512
21,1
4,913
90,773
162,404
124,429
32,210
98,144
39,943
128,38
105,948
98,452
190,700
200,743
44,564
62,109
83,619
4,576
8,628
19,898
19,190
16,86
112,870
127,717
19,854
30,998
60,382
8,598
121,945
74,682
193,172
71,614
104,818
107,638
147,737
128,572
46,79
59,762
93,840
64,944
43,94
93,129
107,975
156,3
15,645
139,187
33,943
141,76
190,637
90,640
66,850
27,135
124,336
77,335
151,235
164,458
106,739
128,384
183,672
79,12
124,592
147,817
123,703
198,814
172,261
174,75
176,826
29,105
52,418
127,993
162,852
171,436
21,262
139,804
154,426
151,42
138,667
25,339
44,892
56,643
62,183
132,942
153,727
88,998
104,988
74,777
80,753
68,784
121,884
104,739
91,809
97,215
33,426
74,91
165,883
88,638
124,50
16,874
105,631
51,831
133,461
156,365
114,84
51,639
5,361
166,81
106,768
176,236
182,198
90,611
141,118
46,520
47,427
145,497
173,496
27,3
142,525
14,941
11,899
118,39
44,172
37,945
199,225
89,888
144,935
50,358
100,130
6,257
40,68
15,975
52,610
134,643
18,420
87,272
197,609
166,605
137,895
9,836
124,504
132,900
100,350
178,237
156,789
62,340
68,802
164,144
55,290
30,197
125,495
54,972
134,512
149,363
41,380
197,940
166,858
109,808
89,416
1,605
30,826
160,814
88,549
55,469
54,77
73,504
177,723
30,946
145,128
18,192
139,112
118,784
109,141
193,405
111,756
152,987
121,160
166,242
52,222
176,714
112,227
160,933
45,7
54,559
168,281
121,502
55,602
113,9
97,689
165,143
83,272
34,565
30,753
183,359
11,590
126,260
180,109
122,511
13,57
62,867
147,363
57,846
43,363
37,485
73,847
199,5
140,288
179,828
196,130
111,84
137,673
175,409
60,248
50,749
105,389
199,686
199,853
106,529
93,721
165,354
100,100
164,970
32,673
186,756
95,449
128,553
102,188
84,786
91,245
176,935
173,794
177,250
198,426
125,15
155,170
181,574
163,107
48,609
163,731
109,532
86,963
125,335
165,605
139,524
105,649
117,366
96,868
124,27
26,475
15,750
51,404
179,462
50,78
14,531
8,858
150,635
184,313
179,965
127,952
138,497
176,705
191,837
51,165
35,239
92,259
109,127
55,319
161,775
38,102
45,793
192,678
129,953
19,2
70,7
77,176
169,679
103,786
135,215
180,882
177,495
127,174
90,436
174,449
43,784
65,713
158,152
155,997
35,528
171,974
96,760
166,358
174,91
172,678
181,381
14,507
93,780
99,88
178,129
4,292
187,744
119,399
139,919
98,400
199,315
145,326
196,984
185,924
131,593
10,714
29,212
127,480
103,811
150,943
100,259
10,865
184,302
151,596
53,167
143,633
192,181
109,166
76,447
4,67
167,645
36,952
56,855
80,61
7,616
156,83
84,979
16,937
48,568
36,413
200,760
107,170
32,513
21,287
173,281
59,692
77,695
131,159
93,390
66,970
146,587
127,114
6,204
161,872
70,248
7,410
2,820
175,558
84,172
187,597
177,146
53,817
153,934
150,572
93,131
185,610
26,873
18,390
102,502
151,141
120,126
147,360
179,601
26,289
29,931
48,633
102,556
2,646
133,208
68,145
71,792
79,80
8,78
161,109
86,260
77,984
143,243
62,839
45,22
42,692
2,309
123,504
183,822
11,837
122,817
197,90
1,416
127,711
159,63
62,640
144,881
88,743
64,753
115,894
184,451
147,666
129,662
64,149
17,196
118,21
109,2
61,445
46,679
21,566
133,320
124,640
173,851
136,827
192,23
83,807
48,632
34,158
159,908
90,295
147,376
125,987
55,653
163,202
179,340
107,760
44,658
53,634
54,691
43,741
70,330
51,705
97,388
54,547
121,181
47,856
31,123
127,285
15,954
151,514
53,41
199,689
126,349
137,996
64,980
59,724
30,514
68,297
94,444
75,790
110,41
83,598
5,579
83,140
192,931
182,154
92,804
56,515
167,500
168,46
102,936
62,656
9,617
56,773
142,31
131,639
81,502
84,711
100,888
124,35
44,191
172,493
14,826
50,816
153,740
79,833
92,607
105,269
49,414
168,275
100,937
6,475
175,778
142,607
177,862
61,382
68,800
47,322
141,103
179,133
12,966
134,130
167,100
55,154
154,125
50,464
102,881
1,513
128,54
193,584
132,829
197,891
84,40
30,628
112,822
135,417
76,936
62,863
75,723
137,52
138,831
182,630
176,846
175,21
137,243
196,673
198,89
6,374
30,944
12,84
82,90
165,101
13,403
21,775
4,5
134,123
150,497
105,430
13,290
150,116
197,765
149,121
55,142
169,78
81,768
165,735
185,895
75,659
184,871
93,309
61,249
83,356
117,197
21,162
182,845
35,933
187,74
70,679
43,183
35,807
92,922
174,86
164,320
189,27
137,520
31,554
170,711
8,858
37,614
128,793
140,996
90,480
73,987
165,871
41,794
24,372
156,137
200,795
4,960
27,473
86,440
79,942
175,497
103,299
38,324
87,904
11,831
121,94
192,822
104,338
11,128
188,16
96,928
135,926
103,489
13,370
130,19
190,686
146,715
177,273
30,701
143,334
105,74
128,35
21,574
101,388
96,8
103,482
164,852
187,856
53,444
145,28
28,267
82,969
169,826
62,355
152,123
100,300
61,686
43,103
188,83
147,549
162,645
99,242
14,562
196,339
191,391
38,637
47,308
43,251
109,574
138,148
102,115
85,159
59,736
196,243
75,862
60,765
16,114
196,166
4,921
17,145
142,868
165,261
86,6
129,97
113,504
48,561
170,355
146,136
14,682
156,149
83,132
162,489
185,261
39,292
84,891
59,217
110,156
136,757
3,738
199,67
31,354
195,934
77,965
97,511
128,316
196,220
57,867
120,459
95,386
186,819
30,317
147,173
47,738
15,767
19,961
138,687
38,645
159,26
14,295
111,555
164,155
159,53
146,756
22,840
181,769
111,44
120,204
155,456
68,525
9,449
98,147
8,603
39,575
131,822
45,647
67,940
8,222
16,468
61,248
129,520
127,961
62,71
105,496
124,830
110,165
29,997
9,748
94,541
25,414
176,573
113,60
124,799
9,498
34,667
31,888
187,779
109,916
63,339
40,718
3,771
103,515
175,291
143,494
117,737
136,446
184,871
51,925
79,1
172,83
135,710
142,688
173,771
66,584
45,713
17,150
124,810
87,858
58,162
49,922
55,618
138,322
72,714
51,450
106,729
189,25
196,96
26,302
4,799
154,512
28,129
125,109
11,521
179,722
49,886
15,965
48,868
99,382
86,548
47,290
27,779
78,654
14,545
135,20
131,439
35,454
127,45
148,265
186,647
145,204
181,721
57,965
1,772
111,779
25,325
55,78
20,190
74,466
79,313
58,264
61,923
1,642
181,178
97,119
170,286
44,127
135,331
178,646
31,317
70,822
67,93
194,933
196,758
145,819
23,270
128,572
117,210
93,224
5,266
45,190
172,560
37,752
168,257
66,535
128,188
84,12
36,937
169,620
66,446
37,267
108,407
27,25
194,531
185,2
115,420
24,339
103,36
57,728
198,756
133,222
65,81
72,351
13,806
78,249
112,27
53,63
57,30
128,257
81,613
115,707
136,57
7,227
113,695
123,441
80,240
23,967
116,108
94,61
90,131
147,150
129,383
9,326
183,289
195,456
42,386
163,42
158,936
183,457
26,644
2,548
124,576
73,69
75,897
128,454
15,444
181,173
108,886
20,958
85,941
133,128
172,976
30,160
55,177
35,236
111,276
65,351
69,856
160,644
191,458
116,542
47,212
4,110
39,244
86,223
154,365
43,282
154,837
34,96
65,602
193,340
18,257
134,852
164,709
164,140
167,955
124,876
196,358
167,29
106,285
20,865
9,765
136,559
102,279
50,5
72,582
111,739
190,474
37,683
151,972
129,939
156,286
44,141
1,57
34,141
94,374
153,819
25,617
189,316
108,149
115,889
200,788
162,588
68,308
77,296
199,385
184,757
130,371
21,662
121,341
192,847
67,587
91,812
151,401
106,422
121,319
59,235
69,236
61,539
157,455
104,27
153,518
19,815
40,637
119,502
86,671
39,732
22,469
93,784
34,444
110,940
167,431
142,366
200,552
91,587
38,444
92,566
114,699
42,684
23,914
136,96
176,470
38,94
109,29
39,750
117,410
102,311
23,950
9,23
93,555
94,141
106,540
183,787
49,558
160,961
82,41
177,813
120,849
28,842
28,8
160,616
135,235
127,633
92,222
55,467
134,511
88,974
199,410
189,170
77,489
151,260
178,342
166,551
135,213
14,542
191,317
39,298
17,893
117,266
170,119
145,657
13,606
149,790
51,843
167,400
53,508
109,86
53,797
52,824
64,995
137,784
32,629
164,521
190,4
3,999
172,468
122,998
136,356
27,322
110,55
195,937
2,549
113,473
123,34
191,615
175,673
199,141
14,285
145,730
99,18
153,145
75,286
176,1
30,79
34,516
181,672
33,990
142,178
129,381
161,820
65,829
41,744
84,219
163,936
38,815
129,247
85,422
170,473
85,386
154,948
190,284
92,158
27,17
197,722
130,48
91,674
70,131
196,719
127,478
5,792
65,920
94,631
112,492
94,123
182,395
10,53
66,688
87,599
84,927
193,178
120,124
189,47
89,910
1,665
14,148
111,690
86,865
147,838
69,885
149,955
48,396
123,507
166,797
112,168
162,394
150,941
106,538
44,433
149,610
122,414
101,999
134,256
77,798
180,360
86,843
191,650
90,676
114,587
59,348
129,792
165,368
37,948
16,235
91,358
149,180
80,861
184,575
160,973
5,196
73,937
8,990
13,497
193,821
69,289
11,20
170,42
107,512
47,569
97,828
82,288
126,629
4,585
92,408
77,581
62,713
184,120
192,824
199,603
5,317
79,590
77,641
10,352
95,47
9,65
10,194
197,644
163,289
178,228
153,671
59,72
79,117
81,808
150,741
132,810
27,35
178,688
76,866
32,755
51,306
66,470
67,397
164,540
51,997
49,167
159,827
135,569
113,497
109,337
69,132
126,957
138,929
96,381
195,938
179,881
32,999
167,240
169,237
79,181
49,550
168,926
85,642
182,213
181,93
22,952
72,655
17,64
3,405
55,555
41,575
189,86
138,65
154,727
197,972
62,407
52,694
89,555
196,398
28,174
166,654
100,808
108,555
21,801
102,481
132,13
71,988
75,427
56,896
80,41
117,88
72,87
195,9
18,289
198,623
124,988
74,564
147,65
104,632
191,730
118,407
16,687
187,364
63,679
90,240
153,825
169,923
1,732
153,21
168,735
195,568
100,693
22,437
110,755
145,217
49,297
151,537
131,270
194,249
182,410
135,755
137,496
91,396
165,250
100,893
159,469
175,425
70,584
62,906
156,784
154,922
148,388
148,482
143,852
129,943
40,89
178,285
63,611
31,848
4,212
131,629
10,5
95,283
80,953
124,893
39,60
169,241
123,277
148,668
126,258
192,960
35,161
161,167
48,547
148,176
158,788
147,17
81,868
132,172
143,280
45,831
167,565
194,252
159,46
53,255
77,803
108,437
40,910
59,544
119,131
153,81
8,762
95,44
15,748
54,549
37,758
118,488
178,405
59,977
31,980
176,193
60,488
76,942
160,336
98,625
142,416
159,830
115,177
8,44
111,34
198,382
19,653
120,846
38,480
138,652
171,15
191,269
41,623
46,231
95,65
180,295
194,298
59,292
58,534
39,830
119,753
192,6
123,427
192,60
70,952
134,216
108,187
61,45
176,583
122,218
153,452
132,872
95,292
50,172
105,624
176,19
182,139
65,941
94,621
21,67
82,2
51,643
64,354
87,276
127,547
32,573
139,170
168,910
88,960
110,153
92,293
11,160
87,843
65,830
140,660
141,227
65,521
101,793
139,117
37,652
175,941
126,558
5,479
81,321
158,602
153,466
20,421
52,17
134,141
23,332
5,208
29,375
7,629
156,1000
86,155
172,304
166,567
155,315
84,189
42,410
109,499
173,413
158,437
106,20
158,704
86,573
157,576
95,355
7,155
163,437
187,539
174,693
118,47
124,391
39,10
31,156
195,842
91,589
93,518
21,658
6,471
31,136
135,189
102,84
21,240
173,432
174,299
34,82
37,67
151,506
187,430
12,639
25,340
195,608
93,213
23,162
115,487
93,498
128,621
66,732
95,214
23,884
139,979
199,3
50,787
196,705
29,632
147,179
173,99
45,921
2,846
34,591
96,723
161,206
148,965
94,186
191,549
8,425
78,197
181,539
143,357
100,270
88,875
150,993
197,282
100,469
53,42
196,89
15,938
92,427
25,982
25,713
120,742
129,372
37,960
157,392
109,261
54,653
106,815
148,106
25,526
135,530
109,216
111,1
47,881
162,959
163,612
167,576
9,407
46,635
100,486
44,102
20,581
38,513
154,893
168,327
45,487
115,263
128,268
130,903
165,769
75,638
100,270
194,244
27,687
32,235
83,25
26,105
194,678
120,696
68,935
117,237
57,506
62,599
200,919
182,742
18,741
34,478
74,479
139,633
86,410
152,933
50,821
28,240
36,50
61,414
33,816
84,854
34,205
124,529
143,676
189,156
200,81
16,146
53,605
127,170
151,620
149,85
169,568
177,823
141,47
105,922
158,345
143,602
31,209
193,105
115,454
91,55
57,519
55,186
104,297
108,493
176,650
9,981
75,678
32,825
138,712
63,647
73,613
12,7
97,803
109,912
171,403
155,391
174,415
161,169
111,502
42,26
101,939
65,131
108,27
33,743
37,207
155,279
194,909
190,68
164,277
125,604
22,128
55,149
104,813
124,939
49,63
4,563
120,928
129,133
163,475
67,269
195,466
55,950
134,231
185,813
28,959
63,608
4,642
29,425
14,101
166,932
7,930
190,325
144,92
173,811
131,476
60,17
190,440
166,139
163,481
42,645
27,980
64,882
4,279
92,158
43,66
70,353
21,709
7,761
183,808
198,764
64,2
166,661
19,131
122,625
185,579
154,405
88,125
88,826
58,165
87,747
76,506
10,55
18,355
129,591
191,656
134,69
100,995
45,637
118,76
65,431
120,605
140,943
35,660
36,68
149,281
68,589
126,641
167,439
59,189
44,669
139,906
7,79
15,153
18,334
164,667
157,780
38,327
175,850
59,977
99,63
119,133
11,406
128,770
54,485
21,481
125,741
144,244
184,901
189,918
96,124
178,873
1,576
130,628
89,859
143,248
121,110
26,780
42,575
78,425
120,329
31,568
192,383
44,341
106,977
186,457
185,92
33,615
185,387
174,368
41,805
79,775
89,61
95,605
1,482
196,484
151,682
93,895
125,355
64,349
27,104
42,399
96,344
107,648
4,211
11,235
188,383
166,450
104,625
37,722
74,910
197,955
157,344
120,891
79,971
44,767
92,956
187,474
136,169
18,20
21,442
142,231
79,109
134,84
162,764
51,957
157,656
132,479
149,788
99,263
65,654
162,855
191,51
32,507
133,349
121,997
131,679
17,86
44,594
128,132
25,454
101,926
35,63
137,619
45,869
81,393
168,442
76,730
147,421
60,136
139,587
85,596
135,192
113,562
179,20
145,934
185,634
96,330
143,896
130,399
27,272
77,920
153,142
156,955
198,394
90,136
25,741
89,995
89,260
167,411
22,667
154,241
116,638
59,124
28,890
181,13
105,53
9,586
78,758
187,424
178,113
69,301
38,212
99,343
182,608
167,971
156,6
134,511
118,463
33,719
74,966
52,366
103,281
44,807
120,341
90,33
128,349
24,680
108,549
168,345
52,621
106,560
46,508
178,260
171,579
183,351
4,350
187,655
176,367
172,91
48,337
12,605
43,460
124,425
141,442
147,887
28,985
2,54
15,707
46,907
145,425
200,865
46,807
77,46
134,736
119,240
101,320
149,500
171,729
195,79
21,573
109,193
27,288
199,152
8,257
47,1000
93,622
162,514
155,320
152,742
119,55
199,825
14,564
26,778
179,48
25,566
53,67
152,608
40,348
12,477
187,820
129,223
100,754
104,659
114,581
183,984
105,955
162,414
39,851
40,922
165,130
168,990
147,170
158,449
25,762
81,8
42,620
170,220
185,878
33,779
97,337
161,1000
114,254
121,310
111,614
29,752
48,30
195,428
188,391
169,983
169,585
188,846
78,273
13,127
128,929
80,343
147,788
172,522
184,187
73,879
182,944
3,126
38,288
63,784
134,596
192,428
194,828
3,796
39,119
45,631
187,888
136,559
8,639
59,275
123,991
88,565
62,987
159,310
102,99
93,996
86,809
177,403
80,184
43,182
195,521
89,439
58,13
136,786
130,920
29,935
134,410
188,381
18,681
137,656
142,736
164,543
123,829
124,361
186,938
10,578
142,134
145,170
33,419
73,792
69,765
186,272
181,129
114,739
115,27
46,554
38,872
36,539
161,54
75,363
155,807
111,918
162,128
11,878
10,604
48,654
58,418
128,825
36,960
124,160
129,656
169,110
168,150
21,38
134,431
65,292
195,278
45,971
161,354
71,738
200,360
86,859
73,250
100,641
191,661
53,689
24,770
173,220
200,585
91,591
14,35
29,130
168,980
54,744
89,21
22,579
160,435
38,937
106,352
18,708
43,790
185,556
127,647
151,212
127,407
65,236
180,271
154,528
182,102
155,918
81,578
98,983
195,389
92,655
147,106
12,901
10,595
50,119
193,697
168,224
146,19
150,325
29,188
85,151
132,729
98,905
37,5
34,90
38,174
159,52
127,21
192,540
83,386
29,204
172,356
57,770
28,453
43,237
150,330
126,5
21,442
75,901
69,50
114,184
183,340
38,534
166,520
34,557
169,726
109,15
36,332
192,197
195,987
88,492
126,542
17,970
65,891
102,16
49,961
5,568
54,730
154,976
71,481
188,522
150,850
45,478
56,499
127,773
70,95
14,483
111,699
59,112
16,24
140,356
177,914
192,270
29,461
107,785
137,417
184,587
32,614
172,562
79,759
173,371
154,903
66,776
87,727
150,500
85,178
153,931
127,482
17,334
200,58
30,497
47,493
24,745
115,254
2,38
108,238
136,623
58,603
94,970
185,124
73,590
60,590
177,626
138,842
177,458
86,868
61,476
35,879
64,117
105,208
108,509
1,317
98,13
180,37
164,921
67,375
75,168
113,490
161,505
21,593
11,535
19,62
169,452
39,153
152,907
80,313
69,669
58,569
126,886
191,511
51,43
88,336
137,170
178,884
6,841
189,407
165,406
146,974
67,338
182,426
184,508
63,629
194,641
121,99
23,393
25,968
43,989
15,991
50,387
73,560
126,393
166,138
77,831
114,496
197,867
108,172
124,43
65,723
186,855
84,923
140,920
166,115
101,845
165,763
199,688
56,904
78,175
181,553
5,349
51,283
87,274
180,808
79,188
105,57
46,939
32,737
13,499
25,801
182,169
46,36
19,288
83,689
78,23
177,386
123,794
79,347
180,151
113,56
99,579
24,750
96,452
175,72
43,672
195,462
80,281
196,92
119,892
30,407
107,785
77,742
137,710
52,407
152,721
85,369
83,62
158,335
48,331
186,112
46,769
26,224
1,837
19,565
200,924
150,852
114,661
71,236
73,952
31,931
165,73
63,190
163,989
86,17
2,628
188,386
157,203
27,346
151,818
123,169
10,865
117,631
71,647
50,96
58,643
43,962
161,497
40,538
131,28
124,421
80,173
171,351
165,170
200,191
1,613
74,905
146,454
91,243
53,688
51,457
81,54
92,814
109,674
78,498
82,761
118,493
62,464
16,403
137,843
19,745
28,322
126,862
58,206
40,119
184,108
106,607
96,846
131,212
24,136
138,901
101,544
115,300
28,265
113,632
94,464
38,372
197,371
123,822
26,374
153,912
37,9
151,250
51,243
46,310
24,414
184,181
28,255
127,426
52,970
188,529
142,884
24,5
31,850
32,254
91,516
40,460
21,907
53,797
97,786
198,527
149,101
92,499
17,701
158,894
147,393
42,812
17,699
169,823
53,967
125,474
15,520
87,154
112,414
180,931
77,594
96,551
172,212
151,569
112,944
171,973
61,467
20,123
9,977
162,318
5,365
32,773
65,537
63,438
126,528
104,480
6,25
27,1000
125,417
109,705
31,814
197,613
19,234
178,181
69,72
95,654
192,47
65,600
13,424
25,852
53,624
83,832
193,463
196,683
26,798
97,739
181,922
46,950
3,101
150,478
6,4
20,583
43,819
6,369
161,441
131,701
90,976
199,880
126,208
117,702
145,735
52,751
179,910
61,527
113,134
74,137
157,92
1,160
168,671
173,839
8,78
135,844
40,227
180,316
98,834
196,499
121,432
165,631
108,926
178,598
94,482
118,537
129,383
135,181
23,337
24,890
43,941
49,439
164,320
92,653
196,573
156,654
160,686
71,907
143,334
148,663
86,733
11,388
199,397
47,58
142,993
182,7
12,730
6,45
181,671
51,432
59,760
156,579
179,88
170,70
176,955
100,351
195,413
135,606
191,74
48,570
145,856
167,536
186,108
152,109
85,24
130,767
16,231
63,752
11,181
85,821
116,705
120,878
126,485
192,306
61,224
168,390
4,609
114,78
30,454
29,335
36,807
180,344
135,516
179,845
4,876
67,698
61,925
177,287
125,355
130,79
43,559
30,80
64,983
59,416
192,332
172,107
149,618
20,915
187,992
99,107
40,619
129,771
126,479
170,1
30,929
146,854
91,204
31,498
18,257
182,156
67,844
191,979
200,571
64,42
123,617
194,97
88,810
7,519
82,508
95,709
147,250
12,44
146,673
91,763
90,629
43,688
123,780
68,588
37,654
109,943
134,278
199,161
114,525
118,267
99,436
108,430
102,968
200,477
124,772
16,93
88,817
73,33
190,933
125,885
179,622
87,208
176,732
26,456
132,645
36,515
6,37
45,719
175,839
158,518
102,329
195,726
84,722
70,57
118,319
200,757
14,780
96,168
116,909
48,677
165,872
64,352
64,868
181,140
155,245
195,762
160,687
25,515
91,992
59,981
74,114
38,103
30,931
190,219
150,525
108,702
25,794
97,257
19,625
58,541
38,589
96,253
5,425
17,325
118,690
107,844
4,118
72,444
94,48
140,517
78,616
90,984
89,626
1,857
118,25
36,437
132,912
68,631
200,192
83,739
190,378
15,199
67,365
45,560
91,31
154,40
36,511
145,697
58,119
169,85
131,768
157,748
178,792
126,578
170,575
12,838
152,479
120,265
160,655
130,767
73,398
51,981
160,451
84,619
68,541
140,720
46,776
19,963
69,52
131,524
140,613
9,773
55,189
69,602
101,485
193,600
184,240
130,244
176,382
188,791
127,869
97,790
104,567
6,811
4,505
177,881
171,542
92,862
122,890
69,950
115,290
84,44
185,963
112,580
136,598
31,35
83,963
68,360
81,962
37,535
131,376
150,156
6,368
93,498
190,42
91,539
18,150
26,104
60,473
68,456
157,305
28,864
55,456
56,796
21,949
189,271
96,32
26,957
24,424
40,822
190,174
19,817
43,387
192,45
165,78
67,484
27,557
69,277
109,692
173,80
31,519
110,71
155,381
94,656
146,293
2,623
155,847
90,597
136,794
114,390
14,932
173,691
126,218
139,189
179,759
107,223
66,8
18,430
159,539
68,413
86,509
197,540
62,418
103,547
135,749
168,153
19,734
109,712
56,45
170,587
151,146
77,171
17,365
95,970
197,370
72,573
187,515
103,472
160,763
142,768
159,65
26,386
93,870
174,163
180,483
91,313
58,156
193,496
64,472
64,566
180,183
143,465
200,995
28,6
40,617
127,191
44,608
26,223
28,360
54,5
151,582
74,738
62,614
110,632
47,112
172,939
37,955
61,615
62,58
168,232
94,128
129,259
55,588
31,917
103,216
139,887
5,986
142,791
45,194
17,704
171,98
42,237
40,792
59,945
16,25
156,688
139,91
80,96
185,423
145,800
131,993
118,542
169,979
28,542
187,305
90,344
97,463
37,553
179,584
106,742
127,673
49,7
140,483
111,791
145,185
45,465
149,751
177,526
167,40
97,882
122,975
101,144
144,424
190,682
173,710
23,806
28,152
45,617
34,112
187,580
46,425
148,942
169,285
190,370
89,82
90,791
112,926
134,561
188,771
170,57
8,101
121,349
113,702
111,545
12,617
112,697
174,808
44,874
115,323
119,732
87,169
115,698
157,33
59,790
34,689
153,843
179,944
30,943
165,588
153,730
24,443
153,526
184,49
120,25
18,193
169,540
81,446
11,115
82,558
110,612
117,419
74,167
154,962
14,588
94,578
5,164
52,8
83,498
60,648
23,429
85,796
128,665
94,289
197,193
186,199
93,863
69,477
7,349
62,287
118,377
2,531
138,234
135,433
37,312
159,644
105,279
161,189
26,969
189,250
11,472
147,374
41,909
137,72
141,336
29,255
118,605
91,938
136,416
175,838
190,534
124,491
1,328
109,325
152,842
145,843
61,777
141,63
195,625
85,953
197,833
74,459
199,53
66,789
54,592
196,422
149,147
38,809
192,759
154,607
86,141
99,628
62,809
33,145
175,554
185,10
52,764
1,970
89,69
50,210
185,653
147,65
95,255
18,749
193,453
94,316
67,745
19,403
93,287
127,72
31,326
78,63
39,708
53,106
94,416
196,805
90,878
69,789
66,491
118,151
127,112
143,26
83,747
85,778
41,154
153,51
106,48
184,214
123,936
68,864
149,150
139,793
33,578
105,854
160,832
199,208
1,818
49,471
100,235
100,708
2,303
140,823
50,401
129,728
195,972
192,191
28,257
15,51
181,193
111,290
187,35
161,732
31,788
105,893
12,35
121,913
80,174
32,839
153,919
52,132
44,891
45,113
31,805
66,81
114,355
77,413
42,244
74,907
28,765
198,899
139,503
114,676
91,87
112,130
119,443
116,677
175,193
83,308
93,311
78,44
158,491
40,528
5,270
172,803
80,838
27,341
189,693
64,455
196,804
199,124
164,857
11,41
123,958
97,310
117,326
179,795
136,787
132,203
75,231
95,878
23,451
169,978
90,301
75,764
32,994
109,838
24,934
160,32
77,61
101,262
41,11
159,983
14,989
189,762
4,996
11,776
4,74
34,140
67,644
113,385
191,273
53,199
113,119
130,231
19,603
6,394
132,717
163,28
143,504
168,382
94,480
54,88
59,481
140,366
109,183
79,924
168,231
106,770
51,10
79,473
166,751
139,85
74,135
60,306
89,709
186,918
154,87
63,911
10,928
116,361
97,165
158,36
148,244
111,626
174,753
165,657
28,542
41,624
24,336
67,415
169,598
116,612
125,339
136,717
35,901
100,858
169,292
88,663
57,307
36,467
191,243
187,448
148,743
178,893
50,786
91,344
88,921
33,105
48,701
95,746
12,587
14,527
135,327
149,827
59,504
51,862
48,758
95,606
109,609
132,263
91,244
53,72
155,857
3,257
141,600
157,84
119,690
71,83
151,551
43,571
16,184
105,96
191,385
187,693
200,819
47,669
111,530
75,560
143,281
143,49
84,279
147,636
177,714
84,515
119,777
95,762
52,892
20,775
77,54
158,811
123,397
178,446
189,405
53,54
174,624
102,534
46,350
101,102
20,831
173,47
170,28
164,298
36,951
109,141
76,427
168,901
4,665
28,588
154,465
111,585
36,865
136,271
42,617
91,280
150,348
99,976
182,965
50,376
188,882
11,932
4,231
123,944
56,279
143,975
172,746
184,339
34,72
85,936
83,437
10,552
170,794
51,186
35,941
152,738
131,992
77,538
77,429
108,738
28,312
172,275
124,59
127,648
8,828
92,223
5,662
80,529
110,358
42,292
122,712
157,50
196,287
93,373
47,337
123,510
73,818
4,496
159,308
151,321
87,672
66,765
2,117
41,383
103,504
31,51
167,725
50,611
140,944
126,475
189,526
114,625
9,211
189,6
155,586
7,107
13,653
114,624
179,221
11,376
17,735
139,418
175,188
120,462
54,263
3,436
145,514
174,321
58,665
49,68
186,792
7,696
22,330
185,266
100,473
23,247
60,81
14,583
8,934
53,971
121,503
143,170
40,452
53,720
3,547
29,243
112,394
77,973
56,846
107,563
15,905
40,374
152,846
50,671
43,228
79,618
151,150
193,995
12,119
148,623
183,756
90,929
13,197
10,649
174,987
146,927
59,555
166,49
56,4
120,731
91,575
47,613
65,407
21,540
27,780
76,216
122,66
76,423
179,539
118,404
64,309
44,160
195,279
160,262
27,735
189,714
23,628
36,605
95,821
189,77
3,627
54,714
115,720
119,678
37,469
109,210
48,296
132,349
116,766
142,298
191,269
60,191
62,480
156,593
157,315
73,63
34,757
178,76
142,73
73,827
175,273
154,707
25,480
130,572
21,171
17,762
30,202
156,153
23,906
18,823
190,64
28,536
70,474
171,794
150,418
17,411
164,604
55,901
92,110
67,602
22,640
49,945
159,890
90,728
90,193
191,664
19,545
148,439
186,840
29,67
39,953
8,315
176,576
149,32
122,580
153,975
198,697
162,48
123,791
11,850
145,485
2,439
57,807
35,197
40,419
105,450
77,611
4,869
16,506
184,234
133,683
71,130
114,954
12,797
54,240
50,821
194,631
24,455
145,986
179,981
138,404
93,198
48,666
155,374
143,433
70,266
39,176
192,613
94,911
27,544
126,897
118,665
8,939
131,104
91,678
58,476
194,402
9,311
141,821
34,934
156,445
90,852
48,732
129,278
118,90
53,252
51,686
168,117
167,385
54,704
36,384
15,973
73,35
156,835
156,718
175,218
4,717
104,484
56,648
142,22
153,820
126,915
75,383
51,750
38,226
21,731
80,357
97,682
61,593
169,895
175,644
120,671
7,541
135,117
140,683
49,968
38,86
179,932
166,413
153,606
62,466
180,977
36,606
132,110
153,300
72,853
30,49
180,934
181,357
150,584
190,803
90,21
76,228
181,378
50,947
43,30
142,487
105,758
48,746
6,752
105,244
18,643
113,591
186,922
34,136
100,88
199,697
34,295
120,27
170,805
122,472
180,164
57,383
118,28
96,982
82,283
128,127
180,290
53,875
62,918
90,835
152,669
122,514
13,682
65,245
42,972
72,269
117,529
128,45
162,508
160,986
66,517
166,623
175,839
169,902
99,26
84,416
125,291
103,166
147,599
5,567
56,737
195,742
50,967
169,817
195,669
64,947
184,312
67,573
11,816
195,436
170,642
163,985
75,259
98,846
200,551
129,733
54,554
191,414
100,887
44,636
18,399
65,640
139,494
113,961
44,185
38,515
61,393
65,780
162,337
47,6
53,174
52,114
142,649
64,152
179,172
98,739
96,315
17,691
75,746
91,988
163,722
99,584
23,653
113,316
40,805
43,888
3,352
89,431
19,842
19,252
121,649
160,661
31,944
59,449
173,619
191,609
64,66
118,930
41,424
37,234
133,158
35,757
150,107
177,277
126,685
172,999
94,385
135,442
52,320
36,117
165,478
179,153
185,226
61,512
176,896
51,296
113,780
82,981
68,333
91,746
173,812
56,548
119,711
13,708
125,895
133,95
87,469
89,911
51,236
182,695
176,42
30,109
95,721
86,914
145,415
126,299
69,152
196,554
51,934
198,995
184,175
2,666
41,864
71,493
74,736
46,85
24,366
191,210
132,361
52,888
23,50
118,281
4,462
75,278
60,772
79,103
64,607
83,282
167,497
166,179
24,572
56,535
179,494
49,628
91,530
187,712
182,153
181,222
69,689
145,347
79,699
157,819
50,332
166,433
132,123
143,632
149,118
22,635
36,164
40,729
138,942
171,558
75,994
43,104
39,431
73,691
182,198
88,507
46,530
75,61
196,365
33,395
11,924
151,996
160,722
112,897
150,997
161,631
82,505
121,388
116,429
181,203
164,789
68,99
149,33
134,425
88,354
46,853
114,968
111,875
22,882
181,849
130,751
95,974
33,540
11,470
5,45
11,774
26,893
76,407
196,82
25,545
85,74
149,882
92,772
175,617
42,386
77,458
163,286
62,341
47,186
117,435
46,223
121,963
23,847
12,34
55,325
146,717
53,545
71,641
2,889
105,445
188,773
18,727
151,881
157,80
176,802
66,27
151,688
196,249
57,752
160,757
21,451
10,144
97,12
190,830
159,382
137,925
124,265
113,557
47,785
41,800
42,969
177,687
165,789
85,100
186,255
85,24
2,496
138,478
59,223
83,922
75,820
140,178
81,896
20,703
116,784
128,988
60,632
143,495
195,204
57,418
57,432
177,785
164,903
97,340
83,707
121,258
135,520
195,512
25,184
165,917
165,398
193,464
65,398
195,98
195,217
147,450
112,70
7,852
138,72
86,297
134,692
197,918
101,380
161,926
112,577
163,132
67,714
23,615
137,729
54,515
58,754
94,622
82,87
146,304
13,246
145,167
64,61
55,387
47,710
23,913
71,630
23,579
118,420
115,950
42,811
180,478
197,920
185,142
143,351
10,24
9,847
99,144
110,171
119,29
32,190
190,261
199,374
133,799
90,508
179,180
91,334
182,318
113,520
143,250
137,676
38,4
62,775
160,947
181,97
184,811
100,312
56,779
65,325
187,931
46,5
44,748
150,946
2,264
193,567
183,500
45,701
70,878
200,262
105,503
127,512
20,733
180,337
145,811
129,406
132,964
157,654
131,35
153,267
123,238
178,472
192,440
26,938
188,845
34,466
128,29
83,161
165,613
195,499
61,838
105,153
55,604
68,37
58,430
130,752
195,220
134,670
97,976
77,161
51,35
27,366
148,206
155,139
95,165
28,826
119,336
140,336
32,52
40,804
11,667
197,476
1,701
199,800
60,963
48,424
116,230
119,846
85,337
186,535
125,601
162,570
151,270
194,577
130,725
123,387
127,768
179,584
135,539
130,625
67,613
120,555
7,656
4,466
199,347
67,229
5,62
128,624
84,456
37,75
28,907
103,208
10,726
199,952
189,89
113,193
192,179
73,146
193,26
3,277
162,809
56,689
57,926
170,341
108,284
185,478
13,750
115,81
56,711
88,294
109,240
176,76
43,880
169,822
38,860
171,950
30,487
146,971
134,735
140,202
111,151
122,165
75,242
23,791
89,825
62,514
22,650
190,351
13,655
75,360
94,285
143,953
67,279
126,951
98,202
86,46
147,852
96,978
48,473
90,360
28,886
10,201
133,542
16,807
200,251
67,468
65,391
93,640
64,692
22,469
38,528
38,776
137,980
137,932
120,340
158,880
93,560
151,922
94,695
189,279
200,66
43,877
61,898
138,630
76,972
62,935
105,551
39,446
4,306
136,247
168,405
43,296
127,764
10,774
115,171
136,408
108,437
6,320
17,865
183,291
48,477
86,826
46,190
127,471
32,997
30,720
50,638
44,516
179,308
146,1000
127,582
124,528
128,306
74,419
186,76
35,402
144,626
183,733
23,844
82,989
90,570
164,531
57,239
13,362
13,581
9,251
107,578
164,912
175,164
9,363
143,627
157,680
22,687
52,666
102,671
12,236
129,559
25,741
97,127
121,896
109,974
113,588
80,134
44,956
15,955
182,24
197,298
93,508
72,961
9,289
80,173
15,141
75,434
1,721
126,834
164,301
101,112
55,27
64,792
124,326
33,368
166,755
48,621
28,271
13,795
78,707
74,222
192,462
123,265
147,78
111,615
73,918
124,249
66,814
142,784
150,217
5,773
179,548
188,543
192,44
157,288
67,7
137,704
55,260
185,75
9,276
156,150
190,617
195,908
110,180
171,945
111,566
160,116
164,965
191,723
19,83
146,697
19,553
83,405
128,478
83,858
174,85
181,313
170,31
101,140
57,192
93,730
184,440
117,886
159,782
144,615
98,824
27,545
70,994
165,88
159,384
43,362
134,525
19,864
184,776
180,117
188,130
121,726
33,368
117,435
114,564
81,898
155,608
120,934
111,186
188,522
159,801
71,294
31,172
62,790
85,591
13,643
100,457
173,551
162,490
88,436
63,514
187,521
36,232
152,704
45,105
67,950
108,287
99,570
181,896
70,980
173,846
167,857
43,886
148,487
102,26
13,418
83,40
91,472
165,796
136,657
40,638
25,902
60,115
193,597
58,966
12,6
150,86
58,182
153,705
194,486
32,512
57,807
101,214
25,435
85,882
78,23
158,531
189,475
46,792
64,100
143,187
60,362
125,731
22,346
27,12
110,882
157,450
77,184
54,263
148,625
139,587
43,238
81,130
109,945
103,936
112,922
112,996
40,356
99,830
8,776
89,234
97,509
176,532
107,597
125,234
97,122
196,261
81,576
117,348
18,546
162,909
194,934
78,240
114,720
74,605
20,678
155,964
23,368
177,680
121,721
148,62
63,700
165,637
200,92
94,533
129,168
164,476
22,65
73,223
22,362
27,222
31,12
26,922
72,41
86,984
116,749
70,451
100,804
33,610
36,311
186,5
145,342
165,334
18,631
28,40
56,760
128,136
5,224
41,237
10,523
156,905
198,715
150,142
58,409
131,79
103,224
152,750
141,433
162,155
68,579
52,187
55,723
200,593
11,86
148,525
170,664
167,513
122,82
42,325
103,912
174,267
15,520
189,610
185,63
130,8
48,97
72,751
168,559
170,894
36,797
119,775
120,608
122,372
128,815
60,578
97,759
50,738
128,614
180,76
196,355
157,354
179,643
147,285
188,881
165,689
37,221
186,928
108,92
156,170
93,502
96,933
4,658
26,855
74,812
173,775
10,688
39,108
93,32
27,402
124,346
116,456
68,450
7,872
29,848
152,819
133,99
146,905
55,976
195,132
100,390
68,500
49,657
134,777
17,215
120,401
178,366
67,742
149,125
6,786
71,549
117,530
59,900
34,624
44,229
63,771
124,775
172,458
3,171
78,318
19,891
159,877
71,516
112,4
141,96
29,790
191,809
195,913
65,298
142,511
143,595
8,728
48,580
183,41
32,503
102,639
143,200
2,479
160,104
170,148
115,53
78,82
25,208
24,839
166,687
26,691
21,999
131,884
168,586
143,77
108,110
59,247
149,13
125,376
121,63
75,604
30,295
85,622
198,648
69,548
108,429
137,92
176,803
161,598
114,193
197,506
111,670
126,273
15,430
49,484
5,99
193,320
8,539
109,848
184,540
2,656
116,456
19,158
135,348
146,79
22,629
91,867
170,523
75,444
147,358
188,815
150,478
153,873
146,840
169,290
24,709
26,300
48,194
101,796
62,229
6,451
26,265
102,124
133,59
21,246
89,645
108,877
75,680
88,261
109,172
154,520
104,6
79,706
78,886
41,932
154,751
27,518
77,627
147,74
21,58
134,198
28,872
143,347
169,641
53,629
28,334
195,772
142,371
187,502
53,9
31,204
161,624
48,381
127,421
17,95
101,38
103,513
21,271
118,694
69,798
38,864
169,546
72,820
160,425
164,574
87,513
49,902
103,516
134,607
62,873
37,327
41,709
31,894
121,628
88,620
101,623
59,939
162,776
112,449
19,398
110,367
139,997
185,113
32,153
39,940
155,224
41,964
33,380
2,81
158,696
18,462
123,794
162,43
86,336
103,109
193,182
188,842
155,750
33,238
42,6
48,434
64,416
103,794
22,466
134,709
86,757
53,360
148,214
8,368
98,3
37,245
101,776
118,579
121,296
148,930
149,511
144,738
39,713
49,256
163,252
47,804
119,281
153,320
29,180
152,393
111,724
74,484
127,71
151,571
88,545
38,611
158,729
57,813
128,607
99,156
101,297
77,358
197,350
104,28
76,316
80,925
120,213
69,795
39,14
96,733
112,499
149,344
169,348
184,998
165,180
179,557
21,6
17,914
21,951
188,281
65,203
36,169
130,809
192,187
12,257
59,993
196,797
113,162
74,938
102,270
157,788
139,509
77,902
117,169
20,239
125,966
35,294
121,431
40,436
144,641
7,402
192,509
151,937
179,605
78,879
79,137
58,81
19,793
60,755
35,947
188,302
4,861
193,611
183,292
46,765
31,324
11,350
192,71
130,1
113,289
104,221
28,578
31,393
97,393
30,177
129,854
116,478
109,559
160,152
26,82
159,703
9,3
199,843
109,432
113,44
90,528
134,353
98,273
166,624
194,932
56,662
10,613
161,306
35,534
198,830
138,757
162,621
54,201
6,351
136,850
121,880
192,383
109,193
131,547
100,409
19,718
107,117
165,524
98,274
161,269
8,555
47,638
159,563
14,329
123,935
33,375
47,168
18,348
147,483
195,714
166,895
188,697
147,409
90,886
58,296
100,937
70,353
140,751
20,378
122,50
95,550
187,28
36,413
39,909
102,321
132,947
174,320
187,792
152,982
175,262
131,484
99,582
55,88
118,61
189,593
132,784
142,749
74,308
168,846
83,207
38,854
50,262
132,474
58,889
59,329
5,937
79,394
100,924
184,284
177,62
185,946
77,561
145,557
98,640
149,53
61,538
91,749
47,438
186,461
2,675
124,39
164,588
22,679
174,555
85,656
162,469
119,108
79,70
190,705
21,33
198,139
82,818
72,753
21,557
172,211
126,467
78,243
143,860
103,618
125,349
29,553
50,546
8,635
131,239
169,943
91,57
176,908
192,502
125,319
69,691
83,575
27,526
62,364
170,830
153,917
135,347
40,366
199,954
15,16
84,365
169,494
196,250
80,966
97,11
136,244
32,929
123,875
179,506
91,642
16,382
70,874
199,408
144,407
132,11
182,670
4,255
6,218
191,206
113,993
108,718
64,197
3,244
87,404
110,915
50,593
122,297
29,21
196,179
64,825
166,357
14,876
77,226
77,226
41,675
21,390
192,673
89,648
168,349
43,617
117,777
55,771
90,311
54,207
168,845
33,686
62,761
73,992
124,453
166,827
187,927
103,762
81,344
61,765
81,176
120,311
111,45
90,225
9,294
75,925
53,225
183,511
97,73
149,508
85,327
78,58
130,133
101,898
118,549
94,963
114,212
93,49
47,685
159,587
3,317
189,364
87,530
165,461
39,730
99,96
139,990
97,135
6,896
75,25
122,813
112,597
68,892
117,136
172,241
40,697
27,685
4,151
92,841
36,585
11,675
125,58
106,938
192,649
176,679
44,945
101,719
89,729
109,930
166,965
130,145
126,295
29,423
23,736
32,67
118,334
195,247
18,986
50,250
181,32
45,45
119,21
104,11
25,453
41,993
198,288
88,769
89,393
39,693
123,549
69,535
108,703
150,913
117,913
118,206
191,854
129,297
127,671
121,791
132,615
15,92
140,787
81,914
176,81
64,854
23,467
115,336
38,234
149,602
24,362
131,175
106,577
115,137
57,299
100,364
11,787
13,979
73,26
53,20
41,152
122,811
161,885
106,263
30,427
85,4
78,257
159,225
43,301
180,808
179,216
69,1
101,868
32,907
23,188
85,538
111,643
81,185
104,878
113,291
19,407
186,408
92,606
163,36
185,719
184,924
31,420
29,88
56,252
197,812
79,418
129,978
92,821
169,978
100,975
145,260
198,893
197,337
149,782
140,58
108,101
118,397
61,710
33,941
106,294
141,662
136,876
63,220
165,661
7,289
175,176
92,118
86,53
69,977
124,14
143,347
159,690
139,531
8,92
175,143
158,566
22,687
170,464
64,884
69,108
10,982
3,363
102,377
152,428
136,155
124,163
178,876
79,475
60,127
71,703
46,696
78,922
89,600
131,211
4,817
7,602
198,678
38,461
98,461
139,928
18,281
100,962
168,728
94,417
186,833
36,160
161,880
182,846
124,368
157,886
26,146
71,289
195,240
56,190
59,72
91,314
66,691
143,864
77,296
142,786
166,702
35,389
199,679
144,602
80,37
80,531
127,514
21,913
194,144
119,390
176,178
83,649
44,458
21,830
23,88
104,843
198,763
159,373
23,589
134,545
79,821
162,925
43,710
68,24
128,538
32,544
166,14
77,102
19,763
48,3
134,252
154,674
77,51
36,169
131,644
96,809
46,844
191,760
81,434
100,779
113,980
194,549
60,127
63,104
100,313
76,767
131,578
6,856
194,830
144,865
186,209
149,362
188,562
123,489
59,379
83,60
174,201
176,435
12,314
198,735
70,383
133,904
2,847
191,277
117,291
24,472
151,690
167,75
92,270
169,5
8,513
45,745
152,169
19,379
79,693
171,329
123,502
108,794
135,289
106,791
113,308
36,927
12,333
91,45
157,941
139,745
137,158
45,972
9,668
31,546
108,867
6,546
107,538
115,855
59,968
17,829
87,305
173,630
84,685
153,197
190,152
129,720
179,758
72,14
143,809
150,603
163,927
54,581
76,726
166,47
148,948
22,803
161,109
113,417
86,138
172,914
75,371
21,728
111,663
195,719
4,870
145,409
157,199
61,46
17,392
166,189
197,723
24,184
81,764
56,776
149,240
187,62
122,194
69,677
87,154
89,250
97,421
37,298
188,514
9,875
84,4
63,932
90,701
150,865
95,394
15,357
99,232
92,660
192,250
9,434
172,32
175,27
66,804
20,765
14,901
172,401
99,290
157,825
86,8
166,513
68,599
18,45
34,79
123,725
103,376
21,551
8,870
101,347
147,987
199,955
66,621
93,318
2,156
162,587
30,740
82,460
86,816
58,267
117,860
189,691
4,749
42,646
1,336
70,928
150,472
179,300
153,335
75,506
173,392
113,387
84,888
135,32
94,204
145,523
29,524
86,366
118,298
53,522
139,152
169,733
118,683
163,252
77,265
42,296
189,203
20,231
190,888
157,566
118,79
155,570
132,411
150,767
146,566
7,494
78,79
98,470
92,183
40,871
98,411
35,890
97,485
91,577
98,289
50,774
77,589
156,987
61,255
95,307
3,693
43,806
9,521
92,767
72,683
111,297
108,841
124,752
172,838
196,928
179,770
92,779
22,232
133,365
59,669
78,217
156,448
14,288
145,42
3,772
128,779
146,100
127,432
114,243
198,685
80,787
49,342
39,611
1,600
142,85
184,306
92,541
8,489
182,557
104,639
13,119
197,976
181,419
64,378
137,219
84,315
147,245
122,261
88,582
110,460
102,492
79,184
166,381
85,906
78,965
146,906
17,401
27,357
94,569
88,535
46,450
40,83
131,105
172,57
181,90
127,328
187,408
165,824
10,610
156,138
95,168
174,330
2,944
20,843
170,33
153,12
81,70
182,322
196,33
126,139
179,475
44,30
13,496
168,274
96,805
7,714
175,405
67,337
76,146
90,604
80,441
185,373
80,696
150,535
171,687
108,388
52,524
77,308
102,612
187,990
18,309
172,962
16,717
30,756
46,503
197,839
2,689
190,168
192,714
189,178
134,864
35,416
114,407
36,409
5,23
35,807
193,851
39,641
152,844
177,818
167,20
73,959
14,183
36,185
79,105
151,761
172,348
140,711
110,426
72,230
35,403
88,273
55,572
130,385
13,229
41,621
87,64
127,524
171,229
104,544
106,452
64,62
116,154
93,540
173,457
100,680
176,211
165,50
156,903
119,963
80,158
126,776
50,378
171,31
1,941
58,831
79,139
93,45
155,578
25,544
120,856
119,365
18,186
38,919
13,973
1,39
59,978
51,803
155,149
69,31
31,819
118,876
135,289
93,236
138,358
57,340
59,591
41,858
182,922
103,599
39,757
137,749
85,965
42,4
198,415
183,370
169,104
39,68
166,285
9,31
14,593
190,741
179,485
51,4
108,363
191,672
20,47
37,238
173,508
101,87
152,8
165,559
150,927
21,825
182,506
116,363
132,440
143,676
111,597
51,186
54,698
142,997
187,86
33,155
31,53
29,562
130,380
77,146
122,478
167,619
111,789
160,947
127,859
21,934
106,723
66,162
28,725
147,79
99,882
155,856
134,866
53,147
65,17
10,178
102,528
32,29
105,244
175,708
73,318
166,90
13,79
35,736
18,126
48,351
119,560
122,985
138,922
127,148
186,366
3,190
165,444
24,181
176,525
162,593
171,221
177,288
154,140
99,855
21,23
26,221
136,118
81,291
135,80
63,726
94,3
116,468
46,806
92,122
159,535
41,275
156,58
4,551
21,417
134,618
5,760
47,735
177,100
122,152
11,181
124,461
31,396
14,806
125,544
115,880
156,113
110,605
103,741
71,476
76,234
159,321
137,145
138,383
198,326
27,499
148,190
144,449
6,987
4,525
18,816
101,763
56,266
116,617
115,245
9,331
123,545
91,442
189,744
192,28
121,560
90,704
30,648
87,484
53,395
43,191
135,248
71,275
171,242
76,563
69,675
173,382
18,179
146,284
118,431
156,961
133,499
194,92
35,325
159,261
52,504
7,987
63,445
25,355
43,318
171,482
144,135
106,533
164,666
3,38
14,639
144,571
2,13
103,424
181,351
199,124
147,802
122,495
91,373
105,356
152,228
18,974
127,766
173,902
3,910
12,211
42,326
61,128
61,575
4,674
159,37
36,752
34,632
155,951
191,705
14,247
155,365
54,207
79,557
3,481
141,344
192,90
29,619
94,910
73,330
31,161
69,305
116,536
171,485
33,698
116,844
152,660
156,259
58,361
100,401
36,183
127,965
13,22
134,873
43,643
161,556
178,576
115,195
135,493
124,165
70,378
194,973
156,362
54,459
156,12
136,433
25,48
90,51
63,957
187,249
199,634
35,364
193,227
30,864
181,777
144,422
11,822
194,96
45,755
31,56
74,631
177,863
142,887
107,15
140,948
22,187
33,830
76,891
125,559
113,562
10,625
3,150
128,320
21,219
93,439
128,444
59,594
152,779
16,508
194,250
90,798
163,712
100,842
196,542
192,332
6,366
121,862
195,770
109,251
13,918
45,233
91,935
63,314
151,142
189,241
33,55
2,975
96,621
97,914
118,388
151,757
177,172
156,664
23,343
142,270
193,962
79,332
65,665
116,640
26,217
2,426
92,202
8,929
102,734
68,848
196,710
50,123
14,344
141,750
158,5
109,345
97,576
181,624
162,651
81,408
24,785
80,954
162,12
57,557
181,622
168,787
189,126
33,575
111,972
12,496
183,857
118,353
149,218
127,551
1,496
35,9
161,386
161,474
56,437
23,442
136,117
164,737
106,572
73,886
12,232
83,234
33,835
117,397
54,595
125,51
194,912
57,96
176,923
79,670
72,132
19,837
165,196
12,844
165,242
149,161
136,590
76,14
25,958
42,104
99,533
162,100
63,255
179,823
167,933
170,91
136,296
52,211
148,26
82,536
114,571
192,19
10,518
96,363
113,422
179,351
34,379
178,658
163,379
68,990
73,444
47,698
99,687
60,284
34,688
33,271
12,242
125,601
37,671
122,956
85,682
167,955
60,267
38,981
75,375
26,209
158,230
37,532
14,569
104,920
123,158
102,363
38,893
90,718
64,766
41,693
62,570
96,989
131,891
129,171
16,11
103,29
118,979
125,153
37,230
54,39
152,935
126,857
136,771
132,424
48,450
137,656
19,571
66,235
60,989
24,401
159,73
27,253
187,534
62,943
19,51
119,720
89,824
172,363
78,141
146,986
81,374
95,474
161,182
172,215
159,720
156,770
39,115
66,315
7,863
33,56
3,483
153,328
199,885
41,560
130,423
195,68
74,110
82,980
37,429
170,989
172,701
69,720
80,904
58,386
11,325
17,114
183,963
66,311
89,989
180,862
8,779
151,288
197,150
125,954
76,562
15,608
79,704
79,43
188,187
94,628
53,853
79,441
16,455
20,277
183,433
103,495
12,883
44,120
125,985
80,967
33,342
192,850
8,314
140,94
198,213
50,933
156,268
102,214
93,220
161,754
169,4
93,33
182,363
109,584
106,274
37,862
87,104
70,648
199,986
26,102
126,370
21,885
50,161
182,367
89,921
82,101
140,737
9,450
63,744
22,512
18,341
79,889
162,256
16,945
162,607
13,315
98,118
26,516
90,359
163,528
116,154
139,848
134,978
2,944
118,454
87,265
24,539
122,997
3,36
17,749
138,49
189,405
95,155
103,413
17,521
147,31
32,439
108,506
169,796
22,360
87,402
21,275
19,890
188,785
97,272
88,845
128,259
41,331
121,96
125,161
172,388
23,868
53,276
129,851
159,427
70,986
65,436
20,236
177,577
5,506
184,420
178,290
64,194
194,3
122,122
52,899
133,822
23,357
99,479
45,209
88,915
167,392
25,751
152,882
47,347
163,128
35,842
157,717
173,467
12,689
194,421
127,150
180,126
119,794
12,479
100,691
60,504
62,75
195,479
101,415
172,433
87,377
45,55
129,556
53,784
47,198
197,236
98,107
110,669
192,841
199,285
81,567
185,781
7,354
149,618
196,176
106,326
49,903
8,687
94,232
102,131
54,159
21,598
147,60
64,295
7,283
72,770
172,642
151,124
75,488
83,287
21,881
66,16
112,278
11,912
41,895
185,406
48,442
85,999
99,856
101,1
64,9
116,382
7,827
78,568
134,13
11,303
54,68
14,381
33,409
144,682
118,708
7,440
156,69
161,716
73,973
27,567
26,66
196,190
23,626
174,7
196,865
142,72
33,337
51,299
108,627
76,573
87,964
137,11
119,706
18,206
97,854
153,114
95,253
137,436
134,475
192,151
130,465
44,864
19,104
95,443
126,793
197,203
148,327
116,486
132,113
44,154
64,103
34,365
135,697
40,341
83,988
97,517
146,920
191,770
91,804
61,306
138,124
164,261
21,449
36,168
9,250
95,648
111,285
71,995
43,762
70,683
150,508
56,518
99,702
61,771
28,829
93,110
181,13
19,271
163,960
152,242
88,49
5,566
139,774
157,805
44,359
126,929
143,338
16,401
52,968
29,345
62,643
107,36
64,785
12,516
118,235
49,438
59,254
197,917
86,860
4,898
138,125
73,436
158,405
89,329
67,24
186,845
129,115
72,803
97,441
171,214
61,131
28,933
122,39
26,220
186,82
152,704
33,451
139,755
10,696
96,52
139,782
142,331
137,621
63,935
128,435
90,396
127,920
32,676
13,496
22,108
194,771
62,639
167,229
77,363
199,113
168,654
127,312
192,451
153,930
60,669
153,870
183,575
145,116
136,997
195,945
118,389
126,30
17,40
192,420
45,452
37,485
178,428
80,250
197,275
130,694
146,206
111,883
61,980
40,885
56,718
19,284
96,367
47,175
138,426
6,225
139,845
89,966
154,841
115,765
67,735
160,440
170,192
65,678
45,547
91,290
8,883
7,402
130,895
103,891
98,823
22,538
74,513
179,399
59,674
67,595
53,963
141,578
88,534
196,838
178,691
82,164
196,886
70,507
135,236
157,89
177,856
182,797
131,522
22,208
157,781
42,884
121,731
191,618
30,630
182,488
10,736
125,287
97,975
53,147
65,941
111,763
139,495
165,723
150,470
166,253
18,515
118,439
144,780
176,699
192,169
92,82
18,691
159,527
161,944
187,923
25,457
99,250
13,291
136,281
79,266
8,436
130,752
69,321
109,354
194,462
168,223
7,351
176,758
128,565
95,480
80,149
124,893
94,360
15,497
40,485
39,414
68,913
90,313
134,824
70,211
116,423
141,748
148,864
179,54
50,456
35,821
78,153
73,508
160,903
115,938
29,330
194,338
151,947
179,244
199,891
110,288
13,429
124,846
76,299
21,548
126,683
105,487
76,3
196,487
118,2
35,552
39,901
149,808
109,539
149,576
136,384
200,148
145,694
20,8
65,509
87,444
200,589
93,675
160,465
143,827
178,178
175,630
51,806
134,696
20,784
156,690
158,180
69,185
142,33
5,788
52,846
181,195
86,375
179,404
56,978
42,702
190,170
65,680
4,729
54,382
179,82
100,862
181,970
56,172
76,433
51,899
2,278
137,601
28,731
63,275
15,778
127,139
71,272
37,944
138,572
155,984
69,414
124,642
121,353
8,317
11,607
153,142
123,671
148,268
82,256
24,952
132,863
119,880
60,133
181,448
35,329
198,732
60,600
33,681
28,909
51,270
48,615
133,536
10,239
142,869
125,953
71,25
136,929
102,97
139,178
92,636
68,848
172,640
69,620
64,616
174,45
11,696
94,768
43,401
101,733
148,739
10,940
55,24
147,322
180,36
21,576
196,467
71,750
67,439
190,43
118,420
137,528
155,955
153,611
18,422
18,527
171,728
69,447
145,409
162,907
77,950
162,379
151,171
150,118
106,997
190,850
176,171
134,89
172,662
21,927
19,434
134,215
73,286
116,319
105,208
178,861
171,53
28,253
194,65
182,997
82,973
138,334
92,429
165,348
56,100
22,113
80,853
70,572
54,212
94,44
73,963
72,958
170,221
135,697
199,427
176,229
163,545
185,299
122,425
198,971
72,640
37,159
151,688
76,790
98,634
145,188
87,94
1,748
140,372
33,17
186,11
153,613
192,199
41,583
88,228
192,734
165,637
108,763
198,709
130,171
158,77
165,738
59,412
183,538
196,701
10,746
150,541
163,798
119,759
156,981
74,986
179,816
147,689
33,390
171,534
161,653
108,943
124,283
53,363
127,400
17,461
82,339
2,824
77,358
29,602
143,360
19,203
184,534
48,497
128,357
163,945
73,158
87,157
187,553
1,195
143,875
20,561
156,571
170,757
176,765
197,354
152,186
141,489
119,69
17,64
154,350
92,70
170,875
5,813
31,806
66,754
84,225
60,326
191,770
135,527
1,631
157,274
38,918
179,396
18,41
95,189
67,197
179,270
199,137
90,645
47,125
58,544
31,135
95,523
30,566
74,32
24,931
39,553
4,914
136,460
103,747
20,121
105,495
105,920
112,437
73,716
136,678
163,870
174,751
190,704
157,85
40,395
103,181
165,919
17,320
84,717
131,756
28,257
159,343
51,190
84,909
143,339
58,248
58,570
191,830
155,803
38,934
26,544
31,965
112,380
80,671
109,54
190,140
152,252
30,299
78,695
43,771
68,615
178,351
115,449
66,57
83,634
92,134
192,834
198,870
2,216
93,120
35,312
115,162
171,17
156,663
64,528
62,100
119,788
12,197
98,909
15,24
161,812
167,134
52,956
56,162
57,849
156,694
11,136
101,895
42,639
134,97
49,805
176,36
122,248
34,65
170,289
72,670
106,501
15,854
72,990
126,829
100,714
88,136
55,349
160,796
45,249
148,724
66,539
160,144
16,950
51,43
182,656
99,388
122,280
152,883
98,943
137,750
65,375
176,833
47,721
137,376
200,802
157,415
101,186
182,871
151,951
111,973
16,16
23,818
56,452
86,302
134,224
1,117
103,194
182,646
173,539
59,567
108,997
48,81
150,733
33,898
35,751
190,875
86,321
108,837
198,481
83,146
46,311
110,999
194,468
95,971
153,250
157,632
179,396
91,364
153,570
187,83
92,214
55,86
139,4
174,978
133,677
181,838
171,825
148,54
112,234
173,31
128,301
145,226
80,929
14,545
23,989
191,885
25,644
75,701
16,476
82,405
52,929
191,677
147,294
116,341
102,526
195,221
196,567
158,276
91,613
120,222
140,301
18,261
159,959
1,10
86,399
60,372
112,95
146,425
167,368
183,130
98,255
55,51
158,676
181,106
30,968
7,915
36,508
133,759
200,946
111,651
92,486
155,889
136,511
59,265
6,592
179,982
109,32
165,568
11,657
129,747
84,926
187,802
105,18
51,275
56,986
114,961
195,746
98,501
62,894
103,559
17,795
104,856
115,92
117,578
74,211
181,125
117,120
88,89
191,733
66,25
78,242
4,922
55,837
139,623
113,446
67,229
144,369
159,698
57,451
52,423
124,878
103,137
13,530
128,823
45,402
131,300
66,5
31,901
46,288
179,264
129,191
197,266
144,727
154,720
100,90
184,836
125,53
52,366
113,413
186,665
86,456
2,954
38,55
180,468
138,842
106,321
86,338
12,80
55,640
190,417
99,331
19,660
3,1
130,351
105,590
109,34
134,51
105,428
31,194
136,877
122,453
194,376
89,830
16,257
101,906
137,516
159,407
170,838
134,496
111,494
181,934
55,395
96,881
140,760
49,837
89,557
117,409
146,317
129,652
32,18
8,717
131,71
6,236
91,394
160,814
30,765
127,471
53,841
196,201
160,140
56,76
117,152
14,931
189,783
80,277
3,847
60,245
160,827
53,509
78,392
138,160
55,667
131,939
63,100
151,556
64,266
6,675
69,508
53,594
48,429
136,484
84,887
75,685
8,912
145,930
81,571
163,804
153,826
99,448
29,946
174,452
152,144
58,978
52,372
62,486
97,61
146,941
2,954
187,425
34,460
81,205
2,753
47,664
141,556
198,842
50,346
14,308
55,923
52,129
194,141
102,817
11,4
163,722
190,810
116,490
148,403
199,431
99,948
111,860
181,462
159,886
86,619
121,767
83,981
163,15
45,953
87,259
160,108
93,462
123,167
56,400
1,624
156,948
87,12
110,190
175,756
168,342
14,123
42,639
55,303
23,704
109,32
69,860
44,409
60,297
50,41
123,984
42,658
50,468
70,139
118,811
79,154
199,295
128,677
165,742
67,507
106,438
136,234
83,457
21,591
89,221
31,309
46,307
83,703
83,952
21,813
157,724
142,206
167,861
20,803
33,462
190,371
22,639
61,531
190,286
86,529
186,672
69,193
93,825
51,745
141,99
164,942
142,906
91,266
72,557
119,109
62,268
9,991
78,388
173,571
64,780
50,697
28,691
184,544
195,455
102,980
186,239
87,367
199,85
67,648
37,571
72,906
32,333
119,902
117,381
186,507
188,653
37,235
38,701
60,509
134,45
180,58
109,696
78,912
65,43
12,519
122,186
171,551
48,889
113,155
121,668
173,666
14,714
42,633
67,239
147,529
4,636
26,718
157,202
164,997
150,308
79,125
25,839
159,42
76,791
198,141
84,859
103,23
34,766
80,771
29,513
37,509
182,65
81,359
105,674
178,764
75,581
35,615
64,561
13,687
95,201
77,861
66,200
89,884
42,501
27,141
12,951
187,726
164,125
40,378
137,707
133,116
61,547
57,53
191,506
135,379
36,634
180,659
192,33
93,435
91,333
172,59
72,46
98,845
86,965
91,99
132,896
14,764
178,798
52,237
102,239
30,246
27,416
196,345
177,846
18,640
76,601
54,250
112,325
150,846
192,678
181,192
14,215
103,76
144,377
79,970
147,936
120,540
110,801
192,879
76,695
88,368
14,380
101,866
127,813
142,258
66,855
146,114
62,407
37,786
88,484
194,456
60,905
54,503
81,172
179,118
130,206
32,898
156,728
37,448
47,519
32,514
61,933
63,850
173,330
107,871
113,313
184,776
21,450
2,974
43,765
156,797
3,97
113,767
187,872
81,923
53,16
142,787
54,607
194,366
20,201
161,746
196,810
16,370
35,454
7,535
9,37
190,459
165,55
27,802
111,197
69,458
37,721
170,959
149,61
95,213
24,363
85,932
30,533
40,173
84,171
150,872
108,794
79,193
88,257
37,792
124,813
50,326
87,406
119,420
186,891
90,891
126,231
27,591
194,933
38,909
98,156
7,409
115,678
43,350
193,105
121,169
105,924
69,85
137,553
83,694
101,892
48,325
180,688
163,475
113,950
27,138
81,705
198,911
14,356
151,980
83,698
11,920
156,784
97,452
121,877
21,675
174,672
50,255
54,351
84,199
90,298
53,116
122,762
174,122
200,587
81,227
193,782
70,977
124,800
46,300
109,749
175,831
54,73
143,862
73,91
136,2
85,305
135,500
27,219
54,333
5,815
121,377
116,193
173,74
53,39
12,362
29,906
178,838
4,200
154,783
127,239
67,866
2,735
156,3
43,313
85,839
156,253
122,279
160,869
179,946
16,229
192,653
123,56
118,523
89,175
38,957
29,52
184,182
58,741
179,856
66,998
43,866
142,954
93,378
190,103
154,24
93,813
56,683
192,11
132,404
144,950
98,706
101,62
80,666
189,911
113,765
105,562
148,242
103,439
38,597
115,269
135,812
136,132
31,445
155,728
79,398
2,680
140,569
11,625
163,894
144,55
65,447
52,491
148,861
184,641
148,840
153,862
169,321
181,956
60,721
162,585
59,840
182,687
53,602
162,283
111,381
129,360
179,38
73,129
3,866
167,284
11,424
171,229
100,445
11,500
32,647
41,886
172,449
173,564
185,890
174,695
193,117
56,512
167,26
59,792
110,46
94,261
71,425
54,339
100,954
107,782
59,251
172,892
140,345
105,58
106,897
165,991
94,193
186,417
147,172
189,197
27,587
17,752
60,90
6,690
140,923
8,737
39,45
96,538
30,692
166,646
73,368
197,703
109,304
90,394
181,89
96,394
125,38
185,865
181,456
175,306
167,956
92,699
2,794
115,528
106,138
39,570
119,7
23,108
86,359
82,674
43,708
116,884
185,22
153,830
61,452
122,560
183,676
168,865
158,643
148,154
182,406
48,702
49,210
93,656
79,622
128,815
13,428
7,848
8,171
13,277
83,168
102,464
129,897
23,881
135,195
71,212
101,911
153,604
123,744
143,62
32,37
143,240
67,851
193,263
120,825
44,442
123,421
81,731
64,444
194,603
157,921
88,743
76,469
124,676
186,938
152,831
150,294
149,825
9,437
193,921
19,1000
200,405
165,336
51,977
196,278
110,140
163,299
148,498
22,32
98,734
142,529
99,726
89,633
119,886
145,880
76,165
45,504
6,872
166,103
89,494
98,439
175,972
197,351
104,789
105,99
6,677
148,955
59,165
88,740
174,214
90,283
128,245
1,302
199,556
14,218
31,408
187,813
170,817
113,250
136,325
124,107
22,984
7,276
79,877
194,793
57,770
31,72
22,144
66,803
138,46
82,452
26,76
134,793
87,268
58,425
106,538
98,310
110,282
62,545
156,945
138,78
38,907
52,542
190,995
48,690
9,132
99,903
80,288
52,17
139,41
75,870
116,491
56,653
36,614
14,735
84,745
173,396
23,295
67,463
95,290
16,862
136,549
145,450
46,116
73,491
75,490
167,979
108,712
39,617
173,786
193,75
46,689
41,670
120,547
31,863
133,972
63,30
32,123
107,640
12,79
110,60
162,336
95,897
76,379
117,333
119,69
11,34
195,238
196,529
16,241
186,428
173,303
106,496
2,801
140,735
101,283
24,179
49,996
19,537
109,345
38,871
69,234
168,470
175,818
79,693
109,68
8,4
176,627
68,269
11,619
1,670
77,268
29,18
27,433
134,557
58,845
194,58
96,521
88,549
83,517
147,640
76,118
77,89
171,372
184,594
72,430
34,560
63,604
157,880
9,893
65,813
52,460
48,440
58,19
90,99
85,658
42,820
76,263
34,962
112,277
56,631
169,594
84,136
193,520
31,751
190,840
29,760
71,377
77,220
6,683
144,12
101,76
36,887
159,594
140,570
87,447
90,580
98,789
88,833
135,989
31,437
91,8
167,944
30,311
85,5
30,710
145,433
35,212
175,133
27,433
158,466
149,294
145,807
61,667
109,726
115,727
105,575
110,97
51,686
18,147
95,884
6,809
185,522
199,419
75,237
137,185
4,573
186,378
33,954
169,402
198,276
166,745
64,739
93,433
39,29
28,473
156,434
42,308
65,92
75,506
109,465
187,334
186,300
83,866
170,204
23,582
106,550
127,935
36,513
152,515
19,521
44,542
181,444
75,235
4,900
15,430
55,138
185,618
174,698
59,898
69,148
90,803
144,88
51,418
124,384
45,95
48,690
73,89
3,925
18,17
4,188
6,844
34,851
200,402
91,243
177,642
14,788
125,860
143,516
8,481
55,107
107,109
15,134
121,15
51,726
118,577
63,726
86,791
51,468
165,982
20,906
197,883
34,978
133,15
196,799
8,606
38,8
114,489
150,148
86,226
183,793
94,440
87,27
191,858
145,836
32,32
52,411
139,807
138,5
143,517
47,891
82,628
90,104
97,118
130,220
45,216
12,57
68,48
6,675
49,959
33,180
1,874
108,133
50,740
126,135
72,946
5,516
103,966
144,716
145,647
170,774
9,502
97,405
75,907
114,352
168,304
39,514
64,847
177,598
171,567
37,193
22,787
2,144
37,888
69,658
44,351
140,686
162,228
157,815
175,848
42,480
197,946
178,520
179,328
118,296
147,595
25,16
153,929
115,104
189,740
143,876
161,279
99,980
173,114
15,734
154,616
73,72
38,239
74,906
39,642
34,375
86,286
136,217
187,964
33,1000
87,122
76,175
38,588
116,287
120,976
188,749
194,280
96,135
109,937
27,737
71,461
94,447
135,178
33,231
160,418
132,918
8,333
22,440
177,73
137,778
70,524
64,529
102,363
187,36
146,635
172,968
138,934
29,428
172,878
56,77
182,753
132,682
10,869
91,845
145,948
92,796
101,982
70,477
31,524
88,450
53,318
77,656
12,848
79,922
5,859
199,74
172,48
146,951
117,65
140,898
3,948
5,188
86,530
3,623
101,448
143,266
184,295
164,586
118,542
175,693
135,865
164,461
151,598
190,343
133,819
18,742
72,958
3,895
73,680
84,545
146,201
18,467
170,761
46,427
148,238
196,998
89,169
12,118
18,899
154,354
90,782
63,2
176,321
105,65
127,723
79,384
153,656
197,579
78,788
50,274
43,657
119,408
147,270
133,74
98,59
159,743
166,357
156,52
133,719
61,623
56,146
116,527
152,822
27,72
32,644
196,760
163,585
186,740
103,759
148,492
91,973
60,996
16,897
76,237
4,199
146,168
135,657
179,362
124,840
46,96
81,957
113,430
148,235
169,529
88,645
62,90
33,118
123,6
51,368
86,688
119,533
38,57
23,501
183,308
13,367
180,344
146,884
75,805
57,12
107,953
80,293
145,717
88,375
3,496
148,924
176,493
60,858
191,108
152,210
53,822
101,341
69,81
167,556
35,864
139,556
174,381
190,542
8,468
16,564
37,388
126,36
127,819
6,736
199,440
26,678
151,544
169,499
47,270
185,166
105,819
19,437
28,360
84,512
34,558
197,819
170,771
32,110
113,634
44,300
132,40
119,534
133,471
147,742
50,554
11,668
130,170
71,407
75,764
22,200
180,110
136,932
84,931
29,808
195,213
42,974
27,478
105,461
51,302
33,25
114,794
135,324
71,525
30,131
41,998
117,197
179,551
155,287
13,561
16,686
190,441
44,630
145,399
177,870
160,327
61,836
135,167
1,496
165,685
131,49
87,895
136,144
130,780
177,519
179,540
176,694
152,45
75,121
193,90
55,254
104,176
83,830
57,668
91,44
19,808
10,483
65,526
134,47
56,317
160,19
183,206
52,843
165,74
198,486
115,17
89,983
35,971
189,729
6,169
131,447
144,459
43,384
134,854
83,267
69,145
142,819
93,178
89,58
44,230
115,420
71,185
70,597
178,534
189,368
183,970
50,891
188,308
28,198
68,670
19,948
144,795
143,51
186,587
24,451
31,799
139,626
193,283
169,152
176,543
61,233
121,919
167,366
42,446
70,808
121,943
1,617
200,114
118,869
128,738
128,618
9,432
122,633
113,381
57,95
19,18
27,256
104,113
61,141
64,80
8,561
43,301
9,961
192,752
40,636
2,510
172,242
132,43
100,427
15,90
7,196
33,51
19,474
53,295
98,595
10,275
66,834
84,33
139,347
166,782
162,189
126,197
28,697
115,375
24,438
6,976
125,709
102,432
163,968
157,263
150,697
165,423
147,398
19,268
62,994
158,763
46,948
40,684
36,194
164,461
61,75
119,978
172,922
180,827
159,961
117,727
182,926
194,410
75,706
53,862
122,448
100,120
12,965
62,304
102,667
64,285
105,440
24,237
90,556
4,202
173,511
159,510
84,225
62,620
184,827
22,478
162,17
55,925
144,978
107,77
100,766
126,543
22,831
114,420
182,421
66,913
189,928
120,107
81,487
18,265
153,609
58,114
48,706
153,843
193,336
134,938
32,169
160,672
35,725
153,161
190,701
60,77
20,47
150,946
189,146
109,962
93,282
122,622
11,147
197,794
177,511
178,827
108,648
120,830
131,152
58,302
119,430
60,14
66,86
34,221
59,712
88,472
1,870
144,679
194,190
56,178
189,140
101,241
88,477
75,573
160,990
114,748
106,375
143,183
131,521
94,618
109,193
14,297
97,181
44,486
119,442
138,942
73,92
59,158
104,32
40,364
93,159
198,431
172,419
19,914
31,763
182,50
177,756
135,840
90,331
188,256
7,440
57,464
9,975
58,953
43,371
138,426
169,890
195,762
109,825
99,653
9,847
112,793
78,388
64,983
8,248
95,334
20,23
51,695
98,538
197,600
145,127
111,174
15,125
47,596
43,722
83,211
10,990
95,485
51,418
198,766
24,52
156,7
189,75
155,23
3,913
49,921
17,662
132,395
158,732
90,298
145,337
178,841
177,806
178,405
18,297
12,213
135,589
96,985
173,123
176,372
30,31
78,584
9,245
175,312
99,226
130,377
193,206
66,679
187,609
123,297
175,527
173,298
147,182
70,253
109,888
71,242
2,6
143,148
51,953
114,80
101,434
82,334
37,483
172,301
28,247
164,430
89,18
55,479
32,590
94,171
163,723
138,616
77,149
41,64
69,568
6,891
190,790
75,452
13,447
3,376
132,492
64,257
137,817
126,361
74,68
57,710
50,815
7,973
142,377
5,848
118,64
147,478
145,144
139,719
13,619
173,50
120,550
130,590
149,769
158,53
71,848
42,643
36,759
195,496
164,703
18,425
76,16
128,990
93,88
106,11
4,820
82,898
30,951
119,709
151,166
172,622
110,427
101,878
138,447
39,179
26,817
139,515
72,446
81,242
166,780
199,59
165,326
124,562
111,268
27,583
125,811
12,67
181,85
166,554
187,654
162,243
71,660
186,77
144,172
125,396
44,109
99,449
111,811
72,331
149,123
197,81
5,613
116,113
54,218
49,711
26,904
166,299
175,225
163,54
114,620
101,466
156,337
67,996
200,568
17,778
2,864
34,278
51,593
22,899
44,120
108,688
194,366
198,412
42,605
115,621
156,991
73,187
92,400
93,670
45,663
167,593
144,420
10,10
87,263
27,971
125,453
200,857
143,836
1,295
53,7
51,981
39,324
177,137
59,690
176,365
143,908
53,671
158,5
35,792
65,746
5,925
138,539
143,109
173,908
87,141
62,838
154,230
170,605
14,637
10,900
33,219
199,679
63,537
6,798
126,349
81,391
59,383
9,593
156,161
89,197
147,222
53,354
33,106
17,988
32,851
18,512
28,379
99,187
99,840
63,189
41,732
176,187
158,701
141,215
163,223
147,448
174,935
133,233
19,586
197,81
95,604
132,500
43,290
102,180
78,148
71,11
102,504
138,207
89,542
65,484
24,540
42,158
182,502
48,387
57,72
68,79
182,789
65,316
151,958
63,547
151,482
84,630
116,264
75,443
140,151
122,190
3,108
37,370
194,748
77,134
26,441
154,987
170,153
73,284
136,666
138,128
153,975
48,631
24,480
114,956
93,274
78,373
200,975
122,577
72,311
197,885
154,291
3,106
104,473
48,830
35,234
193,992
147,184
63,520
5,94
105,129
127,619
81,952
155,157
68,804
16,734
134,780
146,454
90,462
63,566
137,351
20,252
25,946
26,813
66,406
108,208
72,270
95,365
6,527
89,636
80,374
40,168
140,563
142,972
91,924
16,460
88,686
62,740
32,187
52,675
77,924
33,914
140,802
39,399
9,314
81,18
7,868
120,87
138,332
160,162
17,619
8,413
35,937
24,757
24,399
173,639
122,275
62,68
174,647
167,822
149,908
41,36
83,89
83,705
184,523
51,97
144,561
166,798
99,104
178,329
73,182
2,918
99,841
3,427
111,667
125,909
135,554
190,47
126,176
152,165
63,166
51,788
118,581
148,294
132,18
28,111
48,285
130,464
19,371
86,391
63,990
134,680
176,720
171,32
21,823
82,751
17,738
107,868
104,501
57,835
192,684
29,432
135,164
31,103
160,809
78,671
22,620
43,524
23,701
178,754
168,536
52,937
153,624
162,394
1,17
76,308
159,847
181,479
182,133
26,105
4,500
48,366
120,10
109,949
48,112
13,295
84,214
103,888
54,623
166,321
170,160
75,433
138,494
101,341
72,355
188,243
6,808
128,29
115,845
193,259
79,624
147,196
37,344
31,447
27,439
67,889
35,429
98,781
2,198
12,303
18,967
168,268
158,945
173,1000
184,337
2,707
189,57
184,638
59,93
127,413
131,283
102,468
156,463
34,473
74,977
164,272
9,927
162,195
160,167
94,225
164,239
110,567
172,565
126,882
85,955
132,35
89,261
87,564
166,39
44,442
78,680
164,193
168,300
143,168
91,836
57,117
13,939
172,319
200,828
22,596
184,44
101,677
148,170
197,753
100,837
165,357
70,636
124,741
140,499
148,654
187,841
25,973
43,165
131,596
49,86
192,977
144,293
91,882
188,599
54,948
28,603
73,824
97,220
195,214
4,706
14,411
91,962
30,300
79,808
136,459
24,573
128,613
162,285
29,40
195,713
182,432
115,277
108,177
29,28
142,35
63,440
120,654
66,352
132,499
135,67
91,377
125,630
87,482
117,566
49,81
180,821
17,389
4,795
75,69
129,826
116,383
81,179
120,624
35,816
88,581
178,38
130,615
98,919
123,837
189,622
9,50
80,454
135,548
48,47
26,905
76,262
58,313
115,615
80,388
59,105
158,921
1,694
143,205
161,334
25,467
67,518
98,289
101,164
110,461
56,217
75,780
163,920
136,347
60,373
58,215
36,940
106,91
186,853
103,482
3,191
32,779
168,882
197,101
62,56
32,729
14,369
17,885
51,6
40,870
24,452
53,901
48,364
87,102
79,597
34,247
162,762
200,592
62,448
120,651
78,726
156,435
144,96
7,882
164,863
32,985
10,446
148,441
12,338
9,440
32,699
33,977
44,381
81,716
141,261
71,374
31,608
123,809
45,314
151,859
96,836
156,53
63,519
80,243
183,685
85,238
121,514
179,652
177,357
87,918
183,601
28,508
41,638
125,291
12,891
180,481
14,428
139,747
110,381
11,709
5,55
25,989
124,124
123,328
75,605
158,503
145,204
145,704
7,407
90,685
190,315
162,368
44,955
108,62
121,576
47,903
74,791
11,105
26,639
179,732
137,722
140,538
134,290
46,581
175,842
86,417
13,68
125,197
22,577
169,168
143,195
69,16
200,435
38,889
31,254
36,107
9,922
80,829
44,82
98,251
69,21
74,989
153,152
105,927
56,17
163,470
72,452
115,934
166,308
99,809
80,14
104,646
103,187
49,532
145,569
74,213
98,658
56,596
111,191
96,767
179,844
177,340
152,230
144,880
84,506
197,405
135,905
67,737
103,216
89,995
70,378
35,251
129,959
91,484
151,657
18,546
97,545
53,857
102,190
186,730
140,145
10,431
172,974
21,662
193,674
117,916
41,866
183,54
115,158
14,230
90,481
183,814
13,293
168,392
59,264
69,648
27,211
165,222
121,916
74,125
55,966
200,806
7,412
68,322
99,324
67,682
145,771
53,280
187,782
76,89
121,211
19,364
179,432
25,98
36,157
61,770
190,350
39,817
17,143
48,747
5,293
131,675
184,919
106,22
161,292
36,287
146,145
42,265
90,302
125,763
120,636
22,973
114,299
141,272
17,169
126,932
79,193
196,201
141,976
47,231
71,605
137,524
183,717
98,106
126,639
170,662
74,904
194,941
159,768
38,668
180,733
34,447
136,981
189,812
67,888
196,369
162,488
42,623
152,475
123,122
15,364
69,25
2,268
94,929
98,674
171,787
172,632
36,693
138,713
29,895
200,437
115,591
139,273
99,241
109,784
98,356
170,858
168,134
33,370
175,846
189,339
31,206
173,120
52,933
62,130
43,394
9,304
51,726
168,157
79,765
129,639
71,951
135,973
50,649
99,838
52,213
81,913
146,966
200,453
170,56
150,501
199,787
28,785
187,392
148,893
143,147
83,23
118,206
51,455
104,90
61,514
123,303
97,655
90,672
157,797
181,296
77,372
110,931
129,95
105,292
47,28
106,278
87,183
43,590
164,500
31,814
43,333
72,187
59,625
187,713
171,488
152,569
102,225
143,890
65,742
118,901
157,954
139,326
100,517
70,579
17,548
88,864
8,832
82,931
120,221
183,601
60,584
117,432
23,196
172,905
15,996
123,24
108,328
83,797
151,192
84,748
37,972
188,994
165,386
120,59
173,286
153,779
75,232
139,943
142,35
75,394
25,408
73,72
188,482
44,495
38,39
184,809
49,726
2,677
122,625
51,58
154,260
61,673
185,29
40,583
151,487
31,892
102,589
157,210
12,287
42,851
13,578
160,193
46,639
124,767
171,591
165,770
68,281
85,973
88,735
137,492
15,669
18,680
72,559
25,423
195,287
20,354
189,440
71,858
127,52
106,778
99,932
60,834
43,680
94,114
101,827
97,900
119,736
98,570
167,148
196,883
130,644
6,150
142,416
179,681
150,986
93,148
49,401
184,561
174,363
58,555
45,551
30,472
89,157
39,124
33,171
38,684
1,576
109,697
189,282
6,289
100,160
141,368
194,77
14,126
33,104
195,345
35,163
43,12
54,262
5,675
97,100
51,591
173,728
168,960
93,863
138,665
132,744
41,333
115,111
48,801
137,620
144,443
64,19
76,63
88,74
184,629
155,312
126,531
116,413
68,170
67,593
86,862
160,39
156,516
110,625
153,233
49,220
119,605
186,27
84,412
117,551
76,643
159,645
50,664
123,190
2,879
152,133
91,523
19,734
90,404
62,706
166,356
143,192
11,282
132,351
10,107
117,273
116,25
182,912
96,172
28,828
108,971
50,430
184,153
24,897
129,789
139,973
32,16
43,868
53,507
77,481
135,890
132,401
8,187
70,94
101,416
157,537
6,663
86,177
118,506
36,515
6,983
85,163
1,586
80,513
190,517
94,173
61,250
147,535
171,464
149,267
152,19
107,403
154,154
138,573
157,353
80,236
7,344
84,372
49,316
3,865
99,466
94,261
111,591
144,661
108,544
34,855
52,79
136,670
7,87
79,188
27,795
112,98
16,150
103,897
121,53
129,400
74,304
9,96
122,181
144,620
183,316
38,166
95,297
75,129
184,895
197,190
90,846
1,52
143,400
65,245
81,843
138,150
140,771
47,227
113,755
19,153
1,853
102,293
197,175
95,392
92,421
198,862
103,254
132,716
165,188
114,887
142,150
31,185
164,244
12,216
139,418
76,864
152,120
190,874
69,408
196,705
89,32
154,242
174,600
90,158
2,9
61,160
79,658
198,645
76,426
137,588
14,247
94,879
110,756
25,929
140,828
164,542
79,288
154,268
24,757
142,8
185,173
151,737
176,405
61,133
194,824
14,774
166,787
182,259
1,321
103,223
94,700
108,144
24,560
62,840
121,997
148,911
67,456
10,920
151,28
184,836
172,45
68,204
137,399
43,695
189,138
12,1
179,388
177,808
96,526
31,623
120,808
163,916
44,791
81,594
106,650
14,898
127,151
135,187
46,425
195,919
154,804
7,987
195,910
186,773
160,900
110,410
154,368
43,117
179,642
138,70
167,17
198,278
129,930
184,491
37,864
140,599
181,538
149,629
59,660
187,471
120,657
60,566
89,741
121,585
65,207
168,969
184,340
93,576
99,203
158,381
106,232
188,694
89,844
17,488
14,896
97,45
31,771
180,420
96,149
176,805
144,757
85,896
189,842
154,952
38,623
163,291
16,979
142,667
32,707
95,997
126,569
3,325
23,261
2,996
117,265
147,974
129,542
186,643
112,63
136,879
19,121
29,575
72,99
92,624
164,145
69,640
105,625
24,472
4,581
46,42
27,725
121,871
125,441
60,536
45,745
170,233
64,717
90,3
122,897
80,17
183,993
129,477
69,579
37,225
73,657
186,590
52,928
22,50
180,777
195,835
109,451
67,972
118,545
99,532
146,53
62,157
195,827
104,180
190,520
102,775
9,689
67,968
37,805
55,693
106,774
48,350
17,173
105,603
183,699
128,919
129,689
62,298
102,849
184,563
83,35
20,477
129,707
30,761
24,7
47,720
104,447
82,589
75,530
19,244
151,748
125,483
115,198
137,704
42,316
110,50
138,740
27,280
68,913
184,607
99,550
23,595
149,696
30,395
168,345
19,131
149,291
162,131
4,71
5,158
183,866
93,876
79,781
198,374
44,757
38,905
27,889
173,66
22,161
70,730
180,346
66,785
57,529
36,625
114,460
153,974
152,701
31,876
169,79
87,578
106,959
122,807
31,157
17,735
39,252
35,322
174,409
40,42
155,525
112,839
152,488
166,49
13,572
172,474
34,946
6,316
170,875
100,248
4,642
106,648
132,143
126,170
117,194
36,198
74,121
24,200
58,814
182,139
50,854
126,511
62,135
155,837
157,994
23,325
82,553
121,74
144,483
33,319
191,248
50,964
135,797
124,648
200,660
153,43
145,415
16,346
45,570
150,109
132,570
126,907
170,918
4,929
8,236
97,81
158,121
172,706
187,863
163,217
94,917
63,38
186,341
173,469
129,316
199,822
2,440
162,191
15,106
198,937
12,95
93,160
78,766
86,371
59,244
93,147
73,494
75,353
173,994
101,484
72,680
70,69
102,219
158,48
149,142
194,382
8,21
40,310
113,128
80,929
46,652
42,207
188,322
123,850
109,808
145,597
178,261
150,785
162,2
111,572
4,784
112,848
27,631
39,529
120,235
128,786
55,290
27,416
157,257
84,202
46,752
31,149
119,368
63,522
14,698
189,417
168,586
48,779
150,728
142,994
31,349
29,694
132,889
92,400
54,773
73,762
93,375
66,782
106,388
13,259
169,989
28,583
71,465
48,623
162,775
22,277
7,566
174,939
189,469
10,458
187,584
106,342
200,644
45,989
3,440
195,110
117,376
94,809
179,13
68,680
123,877
99,215
150,840
194,439
64,79
135,386
45,184
68,986
89,969
153,429
53,450
170,570
44,10
97,715
100,828
106,695
127,167
87,351
182,94
157,189
179,816
30,86
185,942
145,143
18,62
10,33
136,288
3,238
16,328
25,906
77,431
103,985
31,688
177,891
138,821
147,862
11,554
79,339
92,344
51,94
121,515
162,634
27,497
80,349
88,248
41,282
200,71
183,724
181,592
143,497
2,310
116,802
155,328
12,263
100,225
24,868
153,242
25,346
13,289
148,229
72,366
1,429
81,21
37,785
67,853
135,151
139,269
57,526
99,791
108,332
15,174
187,866
141,856
99,294
83,505
7,687
52,644
98,921
104,322
53,121
118,746
6,677
196,451
61,124
156,612
177,466
145,947
149,234
92,4
82,896
181,478
8,889
13,409
147,875
172,201
84,198
59,958
47,58
53,560
54,860
100,726
11,805
105,743
2,960
138,149
43,358
13,171
146,372
1,423
93,702
139,388
118,478
189,704
129,211
170,560
154,522
94,62
131,260
34,358
137,264
119,205
73,90
188,795
143,206
130,764
152,745
36,513
14,837
1,735
127,526
12,408
79,219
192,880
128,45
54,839
72,211
47,972
129,409
91,798
30,381
36,306
35,162
36,789
44,42
62,324
26,179
185,293
2,86
96,284
31,304
77,436
102,166
114,245
68,60
143,277
6,989
36,158
34,723
88,830
8,382
51,593
172,348
88,389
188,195
5,592
65,794
183,297
85,72
18,267
182,856
187,81
3,527
104,704
19,529
151,679
3,136
61,387
140,431
109,707
79,315
106,31
110,983
131,85
177,616
130,633
56,662
109,715
87,67
48,727
197,610
107,548
100,58
123,206
123,836
52,725
121,331
13,604
16,35
45,711
87,247
12,244
65,996
183,564
169,146
138,966
59,916
28,54
122,932
102,852
27,266
93,883
127,430
62,136
6,270
2,456
187,259
154,12
56,977
153,856
74,171
39,624
124,537
94,732
88,290
165,812
64,565
104,267
125,980
153,338
74,417
37,167
90,477
52,970
145,388
39,431
50,395
120,356
187,668
109,370
95,716
156,15
123,18
108,420
126,259
164,552
115,67
50,951
55,503
94,690
163,377
89,544
74,779
151,565
66,787
96,303
146,574
117,795
170,79
21,870
64,405
122,849
83,827
41,352
88,853
28,562
30,534
22,783
85,299
39,485
154,292
100,699
54,912
4,516
74,448
33,466
47,820
128,633
145,330
13,754
53,452
117,978
22,161
13,662
40,178
136,873
60,867
193,942
156,85
104,348
32,983
13,222
55,70
163,305
200,684
10,335
152,363
56,98
175,365
162,492
18,291
87,614
18,925
91,710
31,834
194,99
91,14
22,891
153,566
195,40
158,455
151,456
105,344
158,324
95,791
138,558
102,615
23,884
43,240
127,792
1,623
39,113
141,624
38,762
168,796
121,706
188,649
22,119
65,117
142,615
164,85
138,910
154,338
82,145
198,650
109,774
45,516
64,235
51,438
167,499
34,382
62,744
7,442
24,786
28,858
3,57
35,262
116,895
24,18
114,594
125,116
30,99
175,856
52,404
119,778
53,920
130,670
138,239
111,843
7,255
196,808
120,112
120,286
92,835
36,371
150,657
82,726
26,69
18,410
83,595
196,772
164,622
7,779
102,86
24,148
167,290
104,489
1,275
55,794
187,962
89,903
185,585
150,494
147,502
34,981
56,862
2,322
192,661
168,6
177,640
141,952
125,688
199,992
200,149
61,106
42,85
88,321
66,107
70,645
134,391
178,695
70,298
64,634
167,475
101,1
170,932
67,310
101,358
75,119
67,527
15,443
50,533
120,507
61,403
141,502
135,379
95,752
194,113
88,719
145,641
110,554
29,726
17,253
8,512
190,591
38,896
176,537
152,528
92,576
56,960
166,270
43,294
81,497
189,735
76,428
197,217
9,585
173,407
115,987
20,108
34,17
140,400
180,416
87,614
45,986
196,381
65,4
181,475
19,455
65,160
139,305
39,537
29,761
163,726
84,286
67,888
59,880
18,434
130,53
61,168
136,892
126,481
50,72
176,260
10,231
17,818
39,406
161,422
109,829
198,498
72,848
63,362
11,34
92,444
174,31
16,633
98,388
194,414
160,621
32,206
182,700
70,934
62,257
72,724
116,527
146,267
82,729
61,451
134,70
140,462
22,851
112,749
165,320
171,441
2,420
116,756
126,859
191,668
140,610
133,976
137,527
171,595
183,604
48,821
147,724
2,330
147,661
117,931
130,921
189,315
104,716
23,210
33,24
23,114
97,906
38,227
18,692
98,532
135,98
8,996
14,559
67,510
139,471
149,438
28,188
102,566
62,24
67,829
2,645
97,499
156,487
78,796
35,356
197,34
16,116
154,866
50,64
73,605
14,226
46,280
91,807
193,574
72,69
31,953
117,884
150,185
192,957
193,20
100,598
69,367
177,717
20,782
145,380
94,397
116,302
83,499
84,285
178,516
171,872
172,951
158,293
114,3
86,961
6,818
124,597
61,637
52,594
151,599
166,631
101,221
117,785
79,573
181,264
70,975
130,901
148,140
27,872
52,13
111,369
167,427
1,266
117,963
76,901
175,945
138,162
135,782
18,299
10,982
20,940
52,985
18,814
188,714
50,894
189,5
61,87
87,692
183,907
36,149
182,436
29,174
130,818
162,869
36,455
115,136
140,974
104,411
105,782
62,282
56,512
91,165
174,173
184,839
159,616
146,836
156,773
183,216
158,768
155,107
100,521
159,854
111,880
155,714
159,627
38,916
28,54
72,727
52,575
176,190
169,682
57,537
167,549
178,948
106,437
55,590
135,101
197,272
21,14
123,706
187,750
5,270
86,716
194,514
73,771
67,181
30,517
95,224
136,315
165,871
90,670
79,983
136,582
2,941
21,369
72,542
180,302
8,830
111,838
100,260
163,859
19,878
33,374
109,63
17,452
155,835
135,416
6,908
2,788
166,851
35,979
135,648
161,704
160,360
10,261
152,189
161,190
52,947
63,226
142,670
139,618
92,362
33,268
20,669
165,125
194,23
175,48
84,308
149,444
70,69
41,872
192,567
180,480
87,55
47,334
135,53
121,916
90,284
86,416
48,375
14,708
41,931
74,157
166,31
157,160
165,402
93,944
54,70
145,912
90,818
4,273
77,818
44,376
57,755
3,504
101,554
99,255
26,839
18,181
195,621
85,209
130,856
125,58
142,827
98,639
131,872
115,190
51,398
40,364
103,616
191,147
15,708
180,278
166,975
18,132
9,940
66,175
126,379
62,9
88,87
163,320
97,34
174,173
187,119
34,472
125,2
11,893
175,610
109,572
79,838
121,495
24,933
16,428
187,22
101,738
198,771
65,961
198,897
72,128
41,386
193,711
197,780
163,502
73,74
16,960
19,194
42,957
50,537
113,628
2,199
65,891
67,855
52,550
133,429
166,913
65,356
119,765
188,993
136,847
15,119
19,768
30,267
184,878
163,878
45,719
85,578
52,390
176,631
133,56
192,509
194,908
40,616
123,565
106,188
1,397
104,983
100,956
120,189
6,289
187,922
65,172
14,441
13,198
27,379
167,386
74,666
68,595
38,190
108,815
141,265
136,931
29,408
24,948
133,173
92,46
181,791
17,542
26,150
36,704
171,624
135,220
152,921
199,106
29,100
187,417
38,968
70,730
148,469
155,806
196,872
94,750
39,292
197,711
54,871
16,744
71,916
50,12
57,575
15,559
5,963
177,355
199,712
18,943
47,668
194,964
31,411
55,346
59,231
163,281
45,510
161,108
99,565
128,71
61,69
148,642
177,826
155,939
110,124
149,803
94,36
36,232
84,290
168,80
168,832
29,763
68,213
164,414
5,497
51,221
177,38
4,756
90,427
14,436
103,806
46,485
19,856
100,793
5,619
90,20
146,810
34,876
166,134
9,547
138,779
37,877
115,590
57,977
189,887
161,301
12,27
119,895
166,37
58,508
163,73
64,908
170,787
106,791
152,443
128,50
193,962
200,128
134,231
179,742
188,859
31,980
98,710
101,262
104,41
80,784
46,209
107,839
167,66
22,628
34,963
195,749
199,982
128,713
80,89
29,966
172,613
172,570
97,701
186,408
70,799
158,968
72,623
151,307
51,262
14,516
77,951
30,518
56,936
180,790
198,890
171,302
156,624
6,827
113,975
178,978
65,638
169,753
13,167
105,219
163,294
13,640
102,241
43,554
59,214
81,82
200,261
150,858
149,511
188,299
104,293
48,127
135,185
152,863
65,721
158,466
183,147
44,170
64,291
163,638
62,502
163,704
84,936
192,811
84,250
71,194
170,928
176,224
178,418
8,50
59,959
34,681
64,753
139,187
40,196
70,671
63,764
163,849
93,162
74,33
148,435
80,446
185,320
102,510
157,83
65,401
145,328
79,166
95,762
117,997
197,892
166,69
173,457
93,912
124,940
37,394
7,997
15,351
105,979
64,915
179,996
10,502
5,416
130,47
47,843
46,296
2,992
154,985
195,373
27,841
175,172
1,707
183,334
134,453
99,1
38,79
152,165
136,815
57,653
90,126
150,648
143,537
49,563
56,305
171,252
119,883
78,987
155,959
116,640
16,444
150,137
193,289
132,151
34,679
51,732
5,541
24,874
86,896
50,547
100,277
135,812
6,46
70,527
68,15
40,738
163,665
136,94
57,313
9,859
27,705
144,135
165,745
73,826
156,407
150,762
87,606
128,521
72,454
180,729
188,853
26,85
192,12
38,345
188,621
89,400
140,164
105,282
74,966
189,872
198,790
188,751
166,19
5,828
59,877
179,225
25,643
29,988
16,332
136,153
129,306
88,784
71,393
143,470
29,971
80,211
152,525
77,801
147,78
113,830
174,307
180,405
200,648
56,490
38,506
32,355
66,775
132,210
125,379
63,658
134,791
57,322
103,601
199,953
30,990
155,419
49,502
66,247
73,75
70,733
48,528
196,841
136,272
168,737
199,600
140,950
164,312
50,166
135,959
92,997
161,695
105,985
56,852
164,994
71,610
126,141
102,703
137,899
95,889
36,487
158,106
101,475
54,599
10,936
165,800
105,399
82,35
15,528
67,603
102,389
103,926
14,59
70,276
159,369
52,406
164,801
44,197
140,465
171,5
127,920
69,658
140,19
29,964
108,468
151,578
92,944
199,369
86,221
181,959
3,964
196,554
156,196
62,556
7,276
8,489
114,186
136,8
84,428
50,122
154,731
61,462
59,589
81,348
83,386
172,598
112,278
142,215
146,637
191,669
91,515
166,300
133,222
11,14
71,851
5,235
125,61
145,906
173,785
145,386
142,963
174,571
25,572
96,905
27,553
121,117
93,248
76,844
112,958
126,266
34,492
57,799
111,167
136,798
38,170
127,540
10,61
145,732
123,487
195,971
55,1000
25,527
102,102
85,334
39,917
152,454
15,240
88,167
190,342
72,917
119,105
33,802
21,553
148,867
32,161
163,885
114,753
165,180
102,729
197,759
197,681
185,727
24,192
154,26
103,851
47,88
45,526
182,60
7,947
43,281
155,389
180,479
200,570
200,113
136,447
52,54
52,539
35,489
107,942
155,779
183,895
14,448
123,288
141,650
176,549
163,214
47,396
20,971
176,302
86,144
172,93
198,557
151,845
30,584
119,250
142,404
13,988
62,236
104,862
56,508
111,341
109,692
39,229
61,36
74,611
200,269
129,854
3,36
69,275
181,632
66,888
65,270
49,753
27,132
19,323
80,845
45,578
193,228
107,583
104,533
20,861
104,502
81,271
199,781
146,655
37,673
115,92
124,565
24,887
64,545
196,641
63,317
97,360
81,458
81,166
72,690
41,870
179,685
126,350
189,563
107,760
51,928
199,320
61,330
9,676
150,563
125,877
81,414
198,522
110,872
111,652
48,207
61,198
190,334
42,947
85,343
191,597
121,370
167,100
134,189
194,101
196,612
149,494
46,271
155,672
10,866
159,336
146,387
7,168
134,39
142,825
107,734
123,878
67,26
7,120
96,912
127,338
3,915
76,153
47,659
72,803
170,285
125,925
87,876
74,665
194,535
160,350
42,740
114,289
107,480
74,28
8,261
43,872
76,77
78,184
151,457
173,715
118,801
193,52
43,651
68,902
27,892
31,838
82,775
172,985
106,240
35,766
71,27
139,359
23,20
157,782
15,294
118,71
94,444
121,225
42,518
179,746
148,518
168,956
34,548
101,902
139,317
54,611
68,996
110,654
14,659
197,559
174,759
144,940
43,871
158,73
159,295
59,616
79,532
191,385
8,519
128,900
93,817
144,603
123,854
41,327
8,751
51,57
130,346
10,211
88,779
49,596
70,67
77,110
9,270
116,588
106,125
176,44
190,140
92,216
152,477
68,125
81,301
74,560
83,192
6,656
103,547
81,816
9,27
41,115
11,884
137,820
158,917
198,147
182,264
147,335
2,454
174,416
43,177
62,325
141,721
199,488
67,868
160,998
50,440
30,325
170,343
28,289
48,855
42,361
171,85
54,364
34,574
77,731
196,635
99,17
90,321
122,531
37,995
156,116
102,75
19,485
130,488
110,583
42,436
37,870
151,928
97,525
166,480
66,86
111,508
17,562
77,802
184,780
142,439
47,370
146,729
200,665
48,638
45,268
115,696
48,279
193,654
43,4
7,425
154,630
22,827
8,524
152,234
74,341
154,465
130,756
125,518
98,945
37,145
84,653
130,403
87,385
191,19
136,421
167,40
147,888
74,706
10,214
102,98
5,337
28,188
101,462
41,231
124,554
29,716
7,207
140,815
15,430
84,910
121,217
54,460
31,249
161,323
3,704
86,158
147,279
113,401
167,258
134,228
22,247
2,419
100,664
2,465
88,688
3,327
67,460
8,586
103,112
145,351
140,169
65,621
121,339
40,628
144,509
1,62
15,590
145,24
95,150
51,816
46,528
124,396
131,202
31,303
106,306
149,130
188,409
93,664
20,292
43,185
1,531
5,479
62,630
118,506
107,818
133,290
200,810
122,510
98,96
14,651
162,50
10,247
181,21
192,484
148,115
36,683
90,420
133,954
72,693
5,869
53,172
26,724
166,634
48,104
52,360
151,182
29,554
164,384
64,893
78,403
72,911
106,433
54,56
25,306
30,217
80,14
70,486
159,917
163,887
196,797
76,754
14,272
82,307
100,327
3,461
99,733
31,691
131,927
137,668
24,565
145,367
185,480
28,501
41,229
59,890
104,391
26,839
68,223
157,835
142,841
156,653
198,76
119,542
184,340
115,894
164,519
180,368
13,115
186,856
82,80
190,991
77,978
4,937
37,606
109,52
38,762
166,508
96,793
94,827
69,927
140,682
150,462
53,371
123,653
103,992
157,579
26,598
62,550
48,720
137,66
197,366
182,620
10,651
69,474
49,926
114,314
20,863
57,604
47,16
139,888
140,963
127,822
189,389
39,771
199,923
111,573
189,807
131,763
173,397
9,980
162,919
136,550
137,656
145,717
133,534
140,539
91,970
77,997
105,274
111,635
190,590
59,319
63,94
157,777
191,506
77,721
123,257
101,385
132,290
132,284
43,757
23,56
183,881
87,705
136,541
95,841
94,295
111,74
171,503
2,34
184,542
92,984
12,795
153,288
9,277
153,244
31,2
11,53
103,154
44,614
93,620
66,533
195,871
199,516
151,310
79,989
106,847
24,957
199,49
49,62
63,498
175,937
197,18
104,764
198,216
33,770
126,444
23,379
6,865
125,813
49,591
41,388
142,382
68,775
9,239
84,731
120,939
49,792
86,718
130,792
122,625
38,146
194,516
22,397
88,3
133,848
111,793
54,100
57,39
2,511
195,423
183,248
60,682
62,428
27,956
172,879
190,103
138,494
95,469
163,466
152,956
52,162
179,119
111,527
24,437
80,760
112,143
110,649
86,661
70,428
91,689
160,533
154,839
126,873
36,630
113,53
195,171
102,600
61,794
62,553
50,994
49,152
182,621
191,573
191,777
141,430
97,584
15,383
107,917
101,537
33,927
118,938
86,14
86,219
22,285
21,856
114,263
67,855
168,169
113,790
155,429
158,735
88,771
50,446
161,708
194,496
37,408
94,776
23,37
149,484
165,714
160,545
135,704
13,253
143,484
96,26
180,67
50,669
36,863
123,682
189,319
146,572
197,771
199,287
120,341
53,559
67,860
49,222
61,271
24,753
193,406
5,169
91,871
32,953
185,964
165,938
193,802
142,358
23,892
13,364
150,168
124,622
24,729
197,167
42,437
131,857
105,127
169,825
131,429
76,716
117,960
22,578
35,906
55,559
147,182
133,714
69,521
184,688
116,835
41,375
94,110
96,384
96,424
45,171
196,250
157,334
195,153
113,169
166,68
97,755
116,475
35,954
170,436
1,736
86,517
22,275
79,417
5,849
190,185
147,141
32,23
171,846
43,905
56,72
67,42
76,528
140,849
48,18
11,238
73,281
18,243
48,285
111,686
72,177
2,746
134,711
171,961
110,696
17,740
99,487
61,705
57,134
88,605
50,449
199,818
86,216
103,669
15,352
119,800
182,508
149,198
128,440
60,167
12,102
85,656
81,816
159,620
121,967
106,37
82,883
178,653
148,115
114,208
47,884
86,301
61,987
41,34
91,604
72,798
91,931
105,903
121,36
181,2
164,509
141,388
44,127
22,413
34,171
172,100
31,727
27,353
196,79
84,738
18,728
135,469
51,170
195,314
57,531
198,169
23,673
38,877
170,337
11,58
19,540
150,872
59,947
188,651
27,494
29,449
19,108
24,190
11,572
185,330
143,559
94,967
162,958
96,942
104,244
128,618
99,382
18,430
38,213
165,189
75,50
95,413
190,81
9,271
59,229
29,479
75,212
192,280
51,118
37,889
132,484
1,9
35,209
105,741
152,540
182,570
154,854
40,441
145,912
37,8
51,439
41,102
64,158
178,870
159,439
115,13
130,425
123,205
98,755
24,655
148,21
4,621
9,417
73,212
138,498
68,544
3,556
163,943
66,93
197,893
197,356
52,763
115,972
137,317
30,410
108,763
50,355
200,551
145,495
121,249
52,502
127,790
38,303
68,188
119,670
52,123
129,147
16,129
26,253
20,472
93,911
152,550
91,239
31,409
67,855
51,257
184,992
159,45
96,460
78,835
55,171
137,323
157,818
98,87
167,318
44,109
197,556
126,530
128,584
73,300
162,715
97,609
104,578
109,924
18,999
148,367
118,52
44,665
96,471
145,209
103,550
110,715
94,184
162,650
116,272
200,869
143,487
77,654
67,603
167,874
77,813
164,901
32,379
187,146
27,316
130,808
183,793
166,987
192,873
197,108
96,944
150,951
12,283
114,604
195,55
12,415
185,891
68,188
1,734
112,231
84,956
147,199
129,407
119,442
125,38
151,757
108,750
144,409
40,717
149,983
159,881
141,497
98,873
125,448
46,835
89,897
162,28
168,847
86,942
143,946
92,62
34,581
40,140
153,788
145,624
124,242
149,977
45,762
197,265
154,324
106,140
11,544
189,644
112,914
98,120
161,316
31,187
200,965
146,285
170,684
130,388
189,344
84,724
135,94
29,926
86,829
177,647
34,8
36,506
67,969
9,401
104,728
128,520
114,929
84,136
180,866
48,672
117,234
49,342
161,925
36,578
69,549
91,958
15,586
72,27
34,212
153,603
115,848
33,50
37,349
18,909
39,131
71,686
41,47
151,634
186,849
56,163
9,146
185,99
123,205
118,125
161,567
143,424
174,177
160,393
102,35
153,678
16,370
191,86
67,404
125,436
112,767
156,781
126,646
130,841
75,427
153,185
171,995
51,614
23,711
167,728
163,93
42,121
130,716
7,363
31,126
117,688
76,840
91,730
150,594
23,218
123,952
98,185
127,663
124,242
51,985
151,580
101,977
49,658
27,984
85,496
120,142
148,114
53,758
173,603
185,246
179,378
72,259
129,121
147,271
76,144
192,628
81,114
47,58
178,661
48,677
146,560
51,662
180,313
18,822
38,946
47,500
80,419
192,886
62,240
84,386
2,873
183,723
172,144
118,130
53,541
70,759
20,108
165,718
29,923
37,647
159,130
81,230
6,140
182,120
59,853
93,746
88,801
129,190
93,310
162,531
2,881
71,489
151,654
144,102
188,449
50,312
17,828
180,907
45,211
185,687
27,890
160,747
69,586
91,616
189,768
39,319
170,905
113,738
65,150
161,894
8,745
189,697
33,808
168,787
67,28
193,851
73,451
198,42
164,142
175,360
144,937
190,437
16,72
182,952
22,719
194,780
104,927
53,747
159,343
103,684
160,572
139,999
34,850
148,40
34,609
125,488
176,468
169,854
84,478
188,397
30,948
28,453
79,60
90,640
19,659
194,295
52,847
47,284
182,656
189,111
2,101
48,452
136,74
104,739
86,774
33,85
82,685
160,992
40,144
184,677
140,864
132,865
154,669
185,78
187,979
24,254
19,903
127,759
153,832
113,572
22,544
22,257
166,785
62,645
107,916
9,409
182,983
60,362
11,977
25,632
184,97
112,68
128,81
49,910
23,566
193,870
115,642
192,425
177,487
50,354
69,349
75,510
161,494
51,200
50,972
164,635
153,37
191,896
76,992
183,629
180,766
113,722
129,789
156,171
28,219
54,558
5,388
167,502
4,545
60,641
45,502
1,295
10,495
61,34
136,962
25,484
30,471
181,772
141,802
62,856
39,644
180,9
16,934
90,460
150,10
40,346
181,527
36,213
186,438
138,400
62,579
153,614
58,512
79,790
98,2
120,645
112,498
53,189
189,326
27,4
142,908
2,470
28,415
200,559
164,940
96,220
73,691
35,699
111,368
47,818
39,370
175,344
172,534
60,446
60,850
42,964
50,293
139,323
107,118
135,528
169,18
37,616
77,863
187,838
70,384
42,436
7,255
140,866
23,425
22,652
127,904
34,964
33,565
184,192
52,191
67,471
18,807
115,311
199,184
49,358
193,953
145,884
178,547
118,880
56,699
25,832
118,192
112,15
15,644
125,405
112,102
119,152
66,119
87,163
41,858
182,750
10,737
120,460
163,547
133,751
122,590
108,123
27,561
28,514
135,106
182,30
132,233
76,23
27,937
178,783
64,681
135,203
169,313
105,970
24,995
3,357
2,36
29,255
166,229
198,293
117,872
91,924
93,562
147,352
140,63
153,880
89,402
137,140
148,383
21,512
28,819
112,640
45,877
168,682
24,619
34,918
133,122
63,655
69,81
101,412
12,374
197,233
76,102
3,391
19,588
48,103
190,803
133,471
148,503
183,336
62,475
39,305
45,770
67,391
75,684
148,883
68,699
104,795
88,58
181,502
10,979
48,16
198,916
124,307
91,503
194,948
53,541
37,614
25,816
142,211
144,145
114,29
132,806
51,787
110,7
102,940
61,101
44,786
147,618
32,872
116,907
108,598
195,911
195,631
149,539
199,980
85,987
73,987
40,77
85,95
164,771
29,644
171,215
153,75
78,628
196,389
180,107
195,985
35,461
177,280
67,367
1,280
180,121
192,212
156,655
140,218
168,854
164,955
168,769
30,327
155,768
12,952
89,461
76,809
165,856
118,1
37,344
49,75
77,219
188,441
178,602
149,977
37,472
57,976
105,680
123,549
107,242
12,327
131,495
17,10
85,73
31,631
54,199
59,824
39,251
25,522
114,79
187,689
149,465
66,20
125,953
120,659
166,574
128,948
55,246
95,464
65,827
2,46
47,313
127,739
189,784
23,159
154,666
117,858
144,485
1,263
85,500
92,65
162,493
73,403
113,83
48,383
131,240
85,762
30,566
5,54
23,146
179,712
164,394
39,847
63,401
41,256
58,173
14,357
178,108
39,673
81,249
70,682
71,722
91,914
41,564
137,596
43,239
7,347
8,572
16,864
171,479
62,841
161,384
58,847
112,558
77,628
62,343
116,540
82,985
57,412
200,516
48,847
39,941
52,75
47,597
93,38
32,597
74,746
68,729
25,802
142,175
69,505
88,120
193,841
173,602
138,195
127,356
161,608
152,413
24,235
7,816
181,251
36,186
84,538
6,795
46,855
45,360
100,968
90,150
72,859
53,661
156,785
164,391
4,1
87,89
172,167
116,82
15,368
186,467
103,892
102,214
134,79
48,603
174,309
60,37
90,358
118,930
142,794
43,860
155,796
61,33
88,913
77,379
199,812
84,299
33,670
115,388
110,746
163,767
175,969
196,497
102,167
152,437
179,668
140,681
98,778
19,422
180,606
46,520
163,414
32,311
193,322
135,731
13,62
111,170
55,957
131,717
38,520
105,833
110,736
78,418
164,242
17,748
155,284
92,597
103,190
78,874
175,523
188,418
166,239
56,703
151,117
53,721
4,514
151,82
105,329
69,940
144,949
94,359
98,330
198,274
11,802
177,206
137,112
108,373
164,200
3,39
189,964
145,591
61,244
85,130
172,907
100,362
66,587
48,53
70,977
105,245
28,156
52,685
119,309
87,148
115,81
127,701
24,728
38,90
135,319
86,19
58,406
29,34
144,658
44,674
63,983
76,49
200,903
73,22
59,828
60,519
108,112
61,408
125,334
118,539
100,473
63,434
96,274
183,447
124,986
21,940
48,76
58,814
142,859
154,979
130,204
3,170
157,630
70,212
151,852
52,832
178,204
82,830
165,243
158,562
44,711
156,931
122,766
124,837
167,371
11,775
134,237
145,500
146,611
137,850
15,816
124,727
80,305
85,516
87,574
196,65
160,446
110,827
30,566
191,960
188,668
63,341
181,858
14,882
98,146
89,561
28,502
166,119
167,774
151,985
154,684
159,879
149,489
173,812
43,784
199,621
15,826
114,620
156,814
77,151
160,294
66,92
1,360
81,412
194,8
152,94
177,158
186,49
155,169
59,232
50,702
26,53
159,345
104,174
184,339
165,556
18,932
43,178
92,777
138,679
156,506
190,530
189,615
152,241
61,828
195,244
34,20
162,592
90,644
30,494
15,954
178,967
147,790
69,854
113,653
99,298
119,286
143,655
106,142
132,386
153,992
141,470
174,581
157,653
44,846
131,19
97,797
48,953
64,562
148,271
40,937
92,768
146,204
102,163
20,891
142,985
197,533
38,210
197,749
121,678
110,691
191,187
91,226
35,101
8,824
58,355
112,721
177,442
24,614
100,431
84,589
71,493
39,63
197,44
178,653
8,491
44,649
174,691
111,129
3,639
170,765
167,558
107,71
192,772
133,147
14,671
105,597
169,287
76,435
26,24
60,624
186,872
96,374
38,266
11,928
127,990
92,554
57,218
91,162
97,977
120,929
35,482
143,87
71,904
157,5
103,194
38,251
125,333
52,789
137,543
45,875
112,755
158,147
135,213
38,831
165,699
114,364
157,812
59,561
94,682
43,39
60,482
44,215
24,947
7,828
114,184
81,458
78,494
7,854
9,834
166,150
30,575
134,789
138,923
74,576
14,317
169,779
51,311
190,458
11,185
195,972
40,281
77,508
129,678
53,914
107,169
55,550
46,544
86,756
176,46
9,187
85,217
63,72
184,872
49,698
49,110
112,102
13,698
160,487
120,147
15,313
199,128
168,414
162,60
87,996
196,24
144,974
73,927
38,465
159,592
83,411
172,629
178,857
129,545
38,324
115,847
92,663
42,140
50,518
112,959
82,626
99,771
133,569
63,436
68,915
64,926
52,776
175,229
7,691
115,179
182,428
166,800
45,728
144,131
46,514
99,321
128,127
151,384
193,603
192,701
34,629
9,7
124,473
200,87
180,476
187,712
113,196
46,172
1,40
8,230
142,855
137,395
185,460
87,594
68,974
30,229
60,145
27,200
196,61
129,823
24,882
47,97
182,819
177,984
55,495
58,288
91,610
71,831
135,144
161,327
28,575
31,213
68,282
21,57
124,918
160,901
100,842
140,157
109,696
89,403
125,245
190,202
190,166
13,958
152,353
27,146
160,920
35,613
116,698
71,767
51,129
197,576
161,276
15,596
92,615
7,955
87,603
99,8
32,916
180,205
118,39
159,147
78,918
123,845
141,818
167,74
11,159
94,507
133,543
172,912
164,271
41,200
133,11
139,186
76,720
197,333
125,152
124,438
178,872
189,592
146,41
132,935
35,454
51,901
65,181
42,619
159,323
167,276
110,16
69,591
155,261
36,111
91,659
21,771
167,159
54,553
142,792
184,739
1,629
168,392
17,129
196,142
45,987
42,762
172,705
179,946
170,991
23,338
70,40
167,464
183,878
170,891
3,777
24,300
194,61
178,965
32,870
25,125
187,301
191,152
47,562
107,971
29,156
181,697
73,167
167,482
160,34
97,998
187,439
165,80
70,588
196,702
54,443
194,19
125,309
196,80
187,416
174,746
30,620
65,941
20,507
156,491
143,801
92,378
99,837
128,792
25,707
174,810
76,327
32,842
186,442
105,217
23,880
2,351
69,627
47,853
32,327
87,841
184,387
195,191
78,732
39,406
154,501
167,309
150,728
98,787
109,312
140,78
111,7
56,120
21,289
127,936
140,889
130,761
61,887
77,728
72,357
161,720
145,836
21,567
84,864
42,556
92,85
113,78
148,355
38,403
61,212
132,917
171,300
70,866
41,862
142,449
106,74
176,399
25,933
82,964
15,87
149,974
69,101
186,369
181,981
26,344
46,232
94,933
6,460
6,855
130,625
199,764
174,474
11,275
121,688
57,602
19,163
148,788
85,989
1,894
56,991
74,194
140,570
40,715
22,509
1,506
93,843
12,356
18,412
50,686
194,835
54,403
59,322
194,372
11,818
12,870
72,995
120,81
198,306
4,30
86,393
77,625
77,787
82,127
174,783
104,24
55,471
127,756
34,645
37,534
100,520
49,93
157,431
1,959
70,352
27,629
27,557
94,44
75,923
142,797
147,793
36,21
13,501
16,974
110,143
70,666
155,286
44,819
79,167
19,872
193,807
148,833
130,484
185,856
57,955
51,105
134,365
183,590
4,731
196,744
165,559
182,569
66,396
57,910
111,284
84,361
198,590
119,537
98,753
37,989
141,214
94,85
150,485
110,925
165,132
5,289
110,481
46,785
97,724
25,885
155,21
115,924
43,150
198,90
54,971
137,184
147,794
39,344
82,622
5,443
176,931
186,997
13,944
111,306
5,885
66,383
68,914
147,728
193,312
148,735
132,443
30,91
150,316
65,468
7,51
192,161
191,599
189,935
140,583
199,869
152,439
145,571
95,142
48,636
141,176
18,425
44,842
51,290
104,894
45,291
147,352
104,662
141,931
113,734
91,395
107,152
49,145
8,366
115,154
37,462
34,895
36,697
112,738
51,514
161,458
101,182
107,475
166,658
13,93
198,823
13,135
19,225
143,738
170,92
188,51
43,383
200,848
8,260
3,187
40,673
129,382
155,355
62,208
104,440
84,197
55,796
163,400
123,161
90,602
198,970
168,680
83,540
193,89
167,666
134,511
166,463
35,508
125,792
170,155
115,108
30,407
8,325
125,871
165,672
198,137
81,327
71,143
139,360
115,816
61,263
67,106
26,154
15,692
55,109
80,132
34,83
120,239
35,182
80,332
16,235
178,541
42,980
99,948
87,541
26,443
10,595
69,780
155,610
64,849
20,269
53,102
75,987
129,34
34,327
29,147
81,495
87,344
22,183
170,403
61,75
150,622
145,213
136,215
127,266
171,344
41,263
83,760
63,374
115,80
104,453
7,66
152,634
36,688
8,940
19,919
69,360
117,7
27,895
179,437
76,457
12,26
48,742
105,233
22,259
48,14
59,803
196,208
40,889
161,727
75,197
161,757
7,144
52,347
68,71
100,773
182,973
145,648
117,189
8,426
158,210
107,315
145,156
60,161
16,376
27,864
123,903
110,237
200,411
197,532
10,321
109,464
96,372
116,646
72,556
167,196
120,946
80,996
2,654
84,540
76,621
30,295
45,931
38,592
13,871
47,636
39,729
93,648
138,211
178,689
125,342
35,157
121,411
105,583
16,607
148,547
157,290
21,698
47,139
21,102
43,373
158,155
28,42
101,274
61,116
114,866
18,789
128,570
108,404
93,785
3,58
196,410
3,467
130,728
69,723
65,113
142,509
20,269
133,499
115,975
26,334
176,617
96,577
198,404
143,44
160,978
32,443
69,309
140,852
182,694
111,764
113,586
120,694
1,840
145,382
82,620
141,488
155,74
118,31
79,417
134,444
108,629
99,550
175,533
191,153
63,961
121,334
155,151
198,897
128,657
51,682
27,100
196,826
134,22
153,78
122,991
29,805
128,429
23,499
31,357
193,69
25,385
83,414
154,757
74,860
160,885
40,269
58,789
191,732
145,546
26,830
186,405
104,879
36,728
59,710
126,127
116,872
93,688
111,947
142,664
26,827
105,137
130,244
120,587
34,765
79,923
191,987
149,911
5,818
147,812
157,453
81,51
38,246
41,560
73,928
174,449
59,312
194,661
154,209
63,881
96,943
141,353
89,94
176,80
50,912
96,331
180,47
90,802
182,728
20,886
41,983
133,35
180,714
174,766
106,676
104,105
4,988
139,334
19,109
31,724
49,200
155,183
145,312
27,517
196,406
88,486
45,26
167,724
91,14
40,908
15,811
6,892
131,353
45,902
192,271
22,297
151,646
172,917
38,660
7,799
172,865
79,49
97,511
85,741
152,23
103,79
117,854
177,49
76,875
13,97
135,533
32,980
96,746
150,949
74,680
44,911
26,356
189,884
177,22
174,840
37,891
71,837
140,795
119,370
107,346
80,643
82,159
162,124
58,960
97,911
146,492
175,647
33,456
179,332
174,535
5,923
191,219
39,827
13,228
151,431
149,48
93,613
24,122
112,640
192,40
40,325
16,808
176,40
188,848
13,567
9,125
199,982
50,564
88,486
68,63
178,32
109,421
57,640
93,320
46,81
107,27
17,473
183,502
199,495
57,507
90,734
47,604
179,32
34,418
168,237
113,248
9,435
86,398
107,143
21,477
170,64
71,477
126,877
186,365
141,95
116,809
54,497
49,902
122,271
57,361
69,963
152,695
181,450
28,162
159,44
30,96
98,972
173,541
72,268
21,309
116,471
110,15
166,782
94,860
122,80
162,155
157,571
4,422
166,412
180,747
120,707
62,269
104,618
6,438
35,795
191,548
159,914
122,340
143,157
107,265
127,497
86,350
8,662
90,576
123,71
39,690
175,215
193,106
140,523
21,803
185,337
47,297
185,493
23,337
105,130
111,261
54,607
57,488
79,50
28,338
122,85
21,130
109,997
107,302
50,467
167,897
111,146
190,372
42,130
30,104
62,599
33,482
60,765
22,861
100,162
155,661
148,684
142,369
28,449
9,634
81,522
132,130
14,841
46,604
28,822
85,940
20,8
62,856
22,564
99,926
174,671
57,975
181,511
162,810
83,326
159,191
72,77
140,440
168,79
25,346
119,906
166,823
45,901
79,524
152,58
25,862
3,749
170,651
71,265
144,730
175,209
153,221
119,971
140,650
132,812
185,74
41,192
54,257
193,625
35,996
8,747
103,571
55,286
101,381
72,886
151,756
22,763
107,4
17,78
94,236
87,262
107,782
96,805
136,940
151,726
196,410
159,719
28,132
77,737
67,239
121,208
45,55
17,695
155,719
67,280
68,962
53,291
69,266
184,422
21,443
160,799
35,213
75,417
103,486
124,22
86,671
131,870
147,930
33,403
134,813
186,919
77,553
129,405
132,156
122,758
34,684
55,562
178,91
91,849
55,460
193,806
198,807
94,549
188,522
191,490
24,195
17,562
42,185
198,832
35,157
54,740
194,169
158,441
59,350
62,684
94,658
185,169
97,883
200,379
114,113
65,718
105,671
188,342
174,542
122,16
50,481
193,391
124,818
74,895
32,962
36,275
199,115
7,202
189,101
178,406
71,32
186,8
154,67
12,591
102,723
59,68
35,593
80,227
153,651
10,902
105,255
103,208
16,845
180,407
106,297
2,385
99,933
100,329
55,417
152,246
157,507
4,17
18,609
57,383
149,742
149,897
156,232
113,726
101,909
23,400
48,752
39,284
12,931
100,983
196,876
151,225
189,737
112,283
168,860
108,384
127,544
140,969
62,733
160,442
82,290
165,15
182,562
70,51
61,746
26,762
103,827
198,62
18,757
185,675
50,37
134,440
179,780
17,575
41,787
32,806
131,106
16,605
87,701
17,253
151,830
124,410
185,422
144,414
82,154
114,104
104,84
177,806
59,753
17,476
199,795
105,291
36,48
76,302
13,794
54,902
140,10
88,584
119,227
27,114
83,516
165,661
26,363
185,531
196,919
96,411
183,827
43,959
133,384
138,839
91,560
95,49
126,677
7,626
144,970
122,161
138,290
130,801
131,623
106,13
53,355
144,944
138,627
56,511
172,415
37,668
77,620
161,893
4,116
5,59
167,27
142,723
78,888
165,270
4,327
190,707
146,701
27,468
43,102
141,400
14,440
70,834
144,650
15,464
81,154
76,800
137,901
156,41
10,845
29,197
79,406
184,591
38,309
4,725
78,4
70,289
56,895
1,319
84,851
72,477
68,152
72,807
193,840
50,157
137,448
79,642
93,727
35,832
12,540
48,92
153,895
47,246
38,213
46,396
155,986
80,130
123,713
51,261
39,853
33,342
69,680
22,272
91,83
9,588
44,843
120,325
82,408
56,692
116,942
101,260
4,169
99,19
129,975
139,411
151,655
39,14
61,167
29,850
145,391
197,724
90,326
147,337
63,669
125,190
61,246
184,145
177,725
121,240
86,39
184,564
4,713
65,401
95,169
14,847
36,361
66,378
185,486
25,928
83,123
44,620
143,976
182,823
60,739
126,112
43,65
8,886
123,663
64,720
167,888
182,610
11,424
35,39
10,959
23,3
73,694
167,437
79,706
195,452
30,330
178,666
161,795
151,588
136,196
125,966
114,232
89,911
76,459
28,939
159,681
140,780
19,204
45,100
26,574
7,376
192,314
25,26
171,639
182,29
77,762
78,848
57,685
109,57
88,22
161,778
91,794
38,364
165,553
35,982
136,584
93,590
92,699
124,618
141,834
4,145
52,625
27,592
101,195
73,22
81,9
138,219
27,998
176,137
42,233
58,19
76,430
95,473
197,719
41,754
43,960
15,484
72,50
78,156
48,326
89,587
6,93
125,183
37,133
154,948
8,560
168,714
114,129
158,368
65,969
136,446
102,214
173,171
155,912
44,577
117,824
146,113
95,650
153,558
178,121
39,664
76,760
196,64
24,328
131,163
23,854
50,720
49,45
169,479
74,644
137,213
115,644
133,313
148,910
147,449
40,928
160,419
149,435
162,782
31,873
147,993
39,332
49,354
92,362
36,978
190,995
176,197
129,535
86,603
190,972
152,981
198,747
169,837
149,522
65,69
142,981
115,254
50,456
175,957
162,932
88,872
161,972
194,802
3,728
43,47
88,505
59,923
136,971
91,37
99,956
152,323
41,167
106,529
79,252
112,102
81,798
87,228
188,421
134,794
65,214
74,580
191,305
197,332
187,781
98,953
36,980
194,782
81,13
2,622
4,978
137,788
99,20
200,906
88,570
15,546
172,576
157,113
95,844
139,873
92,601
64,340
7,232
161,994
27,720
110,607
164,306
107,142
151,981
182,18
33,25
141,734
47,876
183,516
67,104
187,993
181,2
193,753
49,977
176,72
171,830
198,989
103,218
113,519
34,700
121,574
158,115
30,335
17,736
29,775
27,853
129,850
98,976
106,963
145,824
70,629
118,910
172,900
121,2
48,216
133,810
127,819
165,611
22,240
72,994
31,771
21,722
190,158
64,471
181,926
10,374
3,355
133,452
163,378
48,508
143,956
136,84
127,395
16,527
189,298
189,741
152,149
111,937
188,207
120,79
161,647
73,457
138,884
4,683
88,53
39,264
97,627
96,433
90,721
176,123
165,769
80,745
11,186
20,806
142,327
139,761
103,819
119,56
179,353
159,14
47,609
10,578
169,630
101,687
50,984
116,16
25,111
34,284
124,199
136,55
135,232
135,528
68,975
152,525
126,808
120,312
87,315
80,929
32,43
116,464
68,44
181,296
3,234
195,82
153,439
41,530
171,931
27,326
200,636
121,274
73,771
158,581
119,201
42,448
33,55
121,828
19,712
141,580
71,496
106,950
62,601
78,275
154,301
175,370
63,873
85,676
55,830
101,21
79,204
29,464
78,284
108,787
107,640
157,485
113,743
112,8
149,818
168,821
171,781
54,903
169,980
59,991
46,935
188,838
72,310
93,824
1,490
92,691
163,651
11,447
51,602
91,476
105,305
45,341
70,613
196,738
159,445
74,121
176,576
196,817
199,514
92,847
80,403
192,197
167,246
25,861
7,604
138,929
125,289
152,958
66,549
72,401
109,36
167,921
102,199
107,776
167,869
52,34
144,360
173,807
105,997
3,327
69,688
68,335
107,65
169,748
197,640
74,779
141,527
180,510
87,637
132,81
25,335
165,638
27,436
145,761
166,458
189,180
175,248
44,106
32,763
94,683
75,932
132,676
146,962
108,53
80,641
128,711
92,563
159,910
27,25
150,800
54,709
3,750
83,869
189,32
64,220
193,188
61,50
79,746
150,280
63,667
10,589
122,866
33,960
171,545
154,782
192,585
92,797
192,8
37,747
159,72
83,376
194,358
176,592
21,793
55,983
148,54
87,162
117,294
29,818
107,859
53,780
195,821
103,527
70,651
162,895
111,778
100,20
119,985
51,978
194,612
144,667
19,209
154,1000
26,64
175,560
109,949
108,190
137,865
99,550
27,454
154,88
131,350
9,353
179,319
78,531
85,103
48,428
37,73
72,556
159,207
117,861
142,7
148,637
49,773
23,239
141,261
38,164
153,225
140,188
110,517
3,839
129,77
117,273
196,252
116,939
26,291
195,561
20,474
18,351
151,351
190,429
167,49
155,948
151,810
106,45
77,936
96,822
103,747
151,77
101,861
107,591
86,739
138,853
40,777
189,665
137,416
49,161
39,598
181,920
109,29
48,121
196,888
114,131
67,381
96,772
83,599
174,712
113,34
171,366
86,988
104,750
14,978
191,300
73,668
123,250
22,455
7,904
115,151
10,326
75,970
73,118
94,830
81,361
19,535
136,600
151,3
134,524
113,23
27,179
134,283
118,467
114,125
198,493
132,703
160,954
43,920
180,452
183,319
20,785
21,703
54,356
190,78
56,616
2,651
141,980
185,753
42,359
11,12
175,473
22,117
15,57
68,220
168,518
7,808
188,149
29,236
3,660
62,798
135,657
65,192
35,979
32,326
4,186
126,339
100,13
87,153
80,942
73,310
6,129
19,338
50,810
152,954
151,129
168,146
22,522
15,999
67,245
77,410
33,30
43,355
155,518
10,690
198,677
57,43
16,972
145,626
106,220
179,447
123,203
42,336
158,307
114,437
172,424
35,881
90,254
164,420
33,120
44,14
21,132
3,537
112,298
159,759
64,227
112,142
157,497
47,32
140,371
16,382
99,939
84,482
7,869
68,302
103,275
59,489
189,641
105,707
161,3
179,893
189,934
106,973
108,442
163,731
157,458
45,605
74,870
154,400
62,623
139,623
183,934
81,140
48,606
108,939
96,90
198,678
121,298
29,691
78,981
67,15
118,984
144,166
3,857
195,613
2,997
28,993
135,773
133,781
135,386
131,58
195,158
53,133
132,622
182,301
182,435
23,330
161,254
200,354
56,628
114,149
51,901
148,827
7,864
59,813
114,756
46,965
102,826
130,550
54,419
21,31
133,328
93,97
115,78
77,417
109,7
57,713
121,284
16,28
100,811
78,257
24,97
132,493
132,196
8,498
165,98
142,534
11,359
25,746
161,148
165,243
60,53
66,679
93,297
53,306
140,208
145,731
80,452
96,195
156,361
73,791
132,925
141,924
146,365
73,833
9,860
163,659
107,253
195,971
67,307
24,716
34,544
39,366
108,448
33,319
200,432
197,103
47,257
29,500
189,698
117,935
200,458
99,190
62,698
67,353
138,625
103,843
81,128
149,754
35,436
143,848
115,402
42,360
79,1
115,220
181,191
83,660
9,37
47,128
123,713
193,214
104,34
158,894
53,452
187,871
51,77
70,139
187,321
32,261
84,183
111,584
40,646
123,788
157,106
107,724
1,153
107,762
163,431
54,305
128,964
160,677
5,571
67,945
125,898
52,6
39,310
181,547
107,60
193,762
28,141
154,553
158,992
91,740
200,131
8,282
91,445
123,21
45,386
161,211
19,933
58,931
110,967
69,880
65,78
52,765
95,950
52,823
158,735
50,738
25,347
130,898
146,986
180,410
182,474
84,285
129,657
44,671
75,72
38,742
47,743
9,888
163,940
90,491
192,76
185,859
195,302
142,921
15,771
156,10
190,631
115,892
58,122
160,877
76,547
187,582
103,505
172,217
142,457
183,666
159,12
22,145
163,775
148,233
77,255
159,25
104,152
107,567
77,550
160,19
171,342
19,249
6,631
1,547
58,605
154,724
164,811
132,828
114,81
47,30
158,817
160,663
109,770
127,385
147,539
73,470
78,755
177,405
141,220
175,374
160,146
115,702
116,661
122,996
164,245
31,460
118,744
130,358
163,959
156,477
106,931
116,448
159,656
194,978
184,883
134,491
84,15
4,931
127,1
183,681
61,669
34,551
72,247
169,96
158,163
6,559
163,786
64,441
92,243
99,137
18,620
158,806
177,728
130,848
129,969
2,861
171,735
156,834
157,958
69,986
53,446
140,736
1,152
182,608
9,575
10,327
10,755
151,974
30,790
132,672
135,467
108,743
16,567
156,735
116,296
178,855
57,960
141,58
26,877
177,528
160,724
182,37
22,273
76,748
21,395
182,444
51,336
85,943
91,525
176,328
125,966
6,420
58,123
153,634
40,308
37,730
49,558
87,104
88,758
54,491
198,238
70,388
142,236
140,80
16,132
149,781
54,619
14,432
118,620
68,213
189,635
46,748
135,920
185,701
71,616
32,907
171,488
198,24
36,779
88,276
176,101
35,698
39,12
88,852
88,761
59,834
19,473
120,253
135,62
106,974
27,131
147,688
165,338
97,251
147,55
132,859
57,583
163,445
153,632
30,582
169,311
184,197
190,779
185,365
31,387
186,79
198,687
47,648
16,350
87,978
75,780
26,169
39,689
21,418
130,421
153,198
105,159
65,929
36,158
106,713
99,408
129,643
199,190
43,110
161,617
34,919
57,415
27,34
109,157
151,902
82,477
49,594
61,661
182,970
121,627
89,565
143,117
55,257
76,517
67,273
121,843
91,993
31,239
114,747
182,70
60,708
145,248
127,788
35,717
83,595
88,984
60,494
192,508
51,832
177,119
142,867
172,62
44,758
164,176
144,43
100,444
184,685
104,367
196,50
1,286
87,599
54,722
73,986
177,174
14,955
121,962
154,422
129,885
23,244
65,588
86,968
142,924
75,449
136,422
53,65
83,224
92,941
80,234
116,400
85,344
191,692
172,561
95,830
68,485
143,420
63,191
44,512
81,375
134,667
111,724
51,87
73,691
133,865
35,251
66,786
172,966
111,847
67,530
23,118
80,98
197,158
158,852
172,463
179,971
53,983
81,260
61,121
10,48
108,974
81,404
197,877
39,85
40,694
8,238
176,709
169,333
197,9
176,638
110,425
188,73
102,430
135,675
189,494
9,576
56,193
139,602
196,720
76,477
128,949
150,239
24,234
18,599
117,505
169,887
175,113
68,823
56,872
124,735
3,733
183,752
97,782
184,141
153,683
82,238
61,214
59,126
135,428
119,394
127,911
149,902
4,137
129,147
58,389
150,449
76,931
20,924
10,90
148,361
162,10
97,444
11,409
8,374
187,352
46,716
161,134
28,133
66,127
72,386
103,821
141,312
71,121
45,621
64,721
160,912
63,62
37,233
28,367
152,193
172,650
117,548
56,542
60,567
44,169
191,40
169,391
91,798
105,799
139,376
91,497
99,694
116,308
15,305
59,457
42,56
124,425
143,44
59,89
150,70
54,869
135,229
1,327
166,989
99,152
33,626
198,659
108,249
23,632
100,192
194,316
103,225
28,670
198,599
126,783
93,903
17,53
57,337
129,578
71,732
77,125
120,836
85,515
158,702
172,113
45,576
146,300
48,714
174,582
34,281
27,413
138,679
36,239
2,630
73,785
34,662
103,754
176,60
136,233
187,667
68,918
122,386
52,300
157,384
31,621
113,644
129,475
142,280
65,260
17,185
183,731
163,854
17,347
182,599
122,80
138,779
181,463
140,893
194,977
171,732
87,500
42,364
195,352
92,961
66,389
12,27
32,521
61,199
58,75
154,837
167,699
196,300
12,169
18,326
60,64
99,392
36,442
100,64
68,356
108,898
146,189
183,297
70,949
45,607
189,247
96,403
30,710
191,722
112,357
143,938
167,795
49,319
31,991
182,345
191,975
9,2
129,806
150,468
40,195
112,407
150,297
20,769
47,451
45,515
68,534
113,73
119,909
28,17
188,441
133,328
18,389
88,901
3,898
194,553
197,438
67,557
2,841
183,442
110,804
25,527
158,848
43,963
132,224
35,76
16,479
95,857
53,830
100,21
52,23
96,224
157,299
44,63
78,570
53,664
105,619
41,441
55,465
7,22
9,38
122,747
84,433
11,592
99,23
27,173
176,682
108,358
117,90
183,300
120,19
92,771
197,35
24,100
99,974
59,702
47,136
50,992
179,90
199,868
35,729
24,641
144,875
27,561
195,77
81,160
130,927
10,285
36,807
23,611
78,16
137,790
171,280
127,274
125,160
38,403
26,430
187,785
112,994
26,248
121,773
27,319
118,945
151,922
92,407
18,356
145,823
68,216
109,847
2,595
174,666
50,137
192,189
59,383
180,546
104,320
58,926
112,621
79,772
156,622
152,749
25,847
2,523
123,100
156,730
174,899
186,907
134,844
137,761
5,369
65,112
192,150
167,143
37,118
69,216
60,670
136,460
4,971
15,292
182,3
128,573
11,19
193,18
102,19
103,823
20,553
5,451
1,829
162,626
161,364
14,34
11,395
119,99
91,788
136,732
166,335
86,66
137,160
38,55
119,496
11,998
121,976
149,804
122,877
196,548
4,49
8,90
8,813
145,617
167,966
168,909
83,919
103,885
184,377
196,633
33,963
137,339
38,901
17,30
107,368
107,615
8,775
138,424
67,658
10,182
45,890
155,481
145,23
77,132
29,318
144,872
95,744
63,876
180,901
79,298
77,160
195,515
126,675
93,64
151,548
167,387
131,682
55,282
44,275
103,638
26,247
83,245
78,638
58,409
140,883
101,996
4,166
141,197
1,585
97,777
107,465
26,782
43,418
27,818
191,466
12,586
135,556
148,786
135,809
55,972
164,947
178,194
158,513
141,389
171,78
53,731
164,235
145,275
3,805
4,225
47,311
62,21
145,709
77,134
69,45
179,647
183,367
159,525
161,953
188,898
171,607
69,5
61,640
157,56
2,298
198,243
26,210
92,762
101,836
125,185
17,357
152,730
73,491
34,306
189,541
171,599
47,504
89,909
136,816
63,527
185,929
176,950
57,293
92,411
191,687
58,932
52,46
121,241
89,802
28,394
14,902
196,181
135,780
96,706
157,267
103,713
120,632
11,103
120,588
198,512
105,898
160,321
128,423
131,772
196,774
37,139
165,379
59,490
69,741
179,846
127,954
51,597
26,209
27,78
51,859
52,897
26,301
199,856
147,594
48,833
98,186
130,733
57,872
143,254
175,819
170,795
113,114
152,45
129,172
143,670
195,627
2,852
196,153
49,368
133,439
155,699
172,6
148,35
142,827
64,842
157,939
117,655
19,144
198,684
168,378
169,175
184,372
69,174
19,654
111,93
38,865
193,820
23,484
195,383
103,528
187,853
8,905
65,210
64,787
57,314
97,514
7,310
185,56
142,804
32,208
101,336
70,621
173,896
3,838
104,297
74,35
77,568
73,217
79,249
102,148
163,449
101,74
13,21
96,945
52,491
58,914
115,498
84,717
141,822
120,61
187,587
51,942
52,94
143,909
55,691
18,90
8,401
149,721
37,545
61,576
24,316
5,774
53,399
159,16
82,363
91,945
94,342
79,259
53,572
34,999
158,516
71,61
150,718
59,331
15,786
103,64
65,111
200,88
129,796
56,276
147,561
107,881
132,146
18,945
16,401
153,540
81,132
121,517
128,484
26,661
36,538
103,591
25,944
39,973
159,766
131,408
181,225
33,951
66,722
29,494
60,473
134,320
16,219
56,730
72,184
26,261
72,213
180,707
109,361
154,219
56,306
189,630
175,808
184,413
154,258
36,593
54,521
49,501
88,412
84,643
110,260
33,391
154,811
24,268
79,747
168,862
108,567
174,926
39,442
38,103
33,318
96,989
159,419
14,319
33,298
38,845
80,332
101,894
41,916
189,370
153,623
89,955
103,608
16,865
21,802
95,512
41,42
145,188
57,273
112,347
161,910
72,71
49,319
52,800
109,552
74,935
72,191
148,518
142,626
45,836
70,684
47,236
141,767
82,338
148,740
118,467
34,779
172,114
107,978
77,32
46,702
68,861
77,827
188,871
16,285
39,667
169,426
187,887
95,951
59,822
121,13
33,605
163,664
102,303
117,259
163,839
163,172
153,571
40,549
27,960
164,445
165,246
169,749
170,713
33,170
60,306
28,645
105,625
161,936
198,182
194,906
31,493
80,354
126,42
88,671
54,810
29,25
80,803
131,583
135,437
82,313
30,410
55,178
62,825
180,634
153,609
155,528
109,205
93,860
159,174
97,245
123,160
132,634
100,270
95,530
27,793
144,392
112,906
38,854
197,369
94,781
7,945
100,430
73,185
70,182
177,514
199,820
190,817
9,824
130,407
130,245
154,698
71,275
51,892
184,52
39,19
86,640
102,388
33,279
183,250
129,75
109,682
81,19
138,468
41,606
134,214
7,522
24,687
104,645
51,815
27,685
7,406
195,612
91,278
129,121
10,881
36,663
62,443
168,859
93,142
40,246
84,204
84,648
142,201
167,976
52,200
175,63
94,952
115,624
79,93
138,390
7,172
7,483
100,561
34,254
177,435
60,732
59,577
136,937
23,591
130,823
9,380
168,987
78,175
170,281
130,698
138,575
143,988
37,933
12,883
158,60
184,928
4,327
127,542
178,288
47,35
142,543
136,962
84,482
117,338
168,530
147,29
127,472
70,52
186,979
98,15
119,857
155,248
141,481
158,739
101,321
181,384
138,838
86,313
1,39
159,104
71,630
123,879
35,80
94,983
35,97
197,833
25,586
184,50
145,166
90,765
120,64
195,101
145,253
91,859
172,277
36,432
115,43
184,604
87,859
160,636
6,311
37,440
23,806
13,790
104,416
75,428
14,921
167,374
133,484
114,189
150,644
65,111
94,257
15,888
158,718
163,478
102,620
67,478
148,842
114,128
52,104
32,705
180,961
146,171
41,531
199,883
75,19
84,250
165,708
94,466
51,583
25,392
132,352
77,324
142,218
85,45
9,25
32,209
93,306
41,959
93,526
171,868
195,626
181,586
44,834
17,436
138,174
10,169
96,147
46,216
126,807
164,520
81,633
2,576
47,96
175,840
28,645
137,245
119,4
35,481
66,428
116,228
199,122
86,371
135,406
112,754
164,769
156,266
72,85
57,495
134,457
113,841
164,730
141,775
164,678
180,679
49,883
72,891
193,734
51,671
1,88
72,108
39,450
69,771
63,10
163,198
47,928
22,349
23,22
113,920
170,962
108,164
169,90
21,507
42,230
177,519
167,549
39,615
64,921
127,353
59,722
105,26
42,585
131,455
133,662
126,808
107,537
183,43
146,130
93,757
117,752
158,101
172,535
97,651
115,713
172,33
43,50
150,113
110,400
64,19
70,880
5,916
158,476
7,337
158,568
200,146
73,917
1,34
185,807
42,975
125,607
91,382
50,744
59,821
174,678
118,921
42,579
52,687
103,170
128,705
36,247
46,418
112,307
127,203
103,201
63,882
181,111
5,398
154,668
179,803
19,628
137,627
6,964
183,881
178,934
138,628
126,975
103,799
49,494
146,262
25,209
176,351
177,782
109,621
129,107
51,158
5,282
59,98
49,687
6,799
161,824
50,340
116,12
13,853
199,680
191,898
97,242
48,47
194,840
75,606
32,652
26,335
34,282
78,154
50,949
186,55
182,931
168,542
99,305
97,851
157,375
79,473
2,676
153,142
145,1000
150,442
76,224
68,935
20,825
125,120
41,720
191,298
76,846
109,170
46,220
31,170
109,480
153,865
130,301
110,433
65,390
138,878
109,528
165,197
3,481
174,402
178,778
84,769
76,409
88,766
99,894
80,931
166,881
106,919
174,359
174,324
64,569
84,688
157,723
159,808
182,300
189,516
63,421
156,554
150,737
67,866
186,467
64,470
190,434
109,992
97,905
7,78
153,410
4,221
76,586
105,889
39,718
98,455
64,22
78,338
163,774
28,979
186,464
160,664
188,254
136,337
52,711
122,86
132,576
120,361
21,708
61,624
164,149
87,691
180,821
184,373
146,860
58,369
26,3
200,334
126,823
50,536
109,631
181,680
164,864
89,180
108,908
146,361
19,798
114,765
138,22
64,36
120,692
104,177
190,655
94,525
25,606
56,250
103,809
22,654
23,607
68,293
64,748
37,747
176,4
158,908
149,512
51,959
72,631
102,229
80,576
38,410
86,800
9,806
179,449
135,825
112,225
105,661
112,933
78,584
73,912
13,68
152,236
80,513
66,258
119,498
61,323
190,547
150,894
49,458
177,861
143,179
41,427
189,425
5,631
73,866
173,739
109,501
54,359
41,236
154,344
9,357
148,359
192,207
177,251
150,816
180,874
60,191
91,256
30,275
81,232
107,342
187,441
174,46
188,697
164,903
2,819
8,493
134,914
49,192
115,119
37,361
98,497
40,881
84,410
132,92
140,334
51,121
183,696
178,67
136,244
169,141
126,957
190,300
194,354
91,198
161,593
18,448
71,907
31,973
53,901
32,939
18,945
161,726
97,268
82,628
198,453
165,872
29,123
120,268
148,100
31,574
68,727
87,66
179,137
137,568
17,417
168,94
59,231
92,579
149,221
150,106
195,632
74,914
133,957
128,167
24,909
38,898
30,680
134,374
155,114
151,104
61,856
10,219
23,836
190,229
152,626
200,733
47,178
187,344
124,546
92,1000
155,282
71,424
164,455
160,767
10,474
38,719
120,349
122,643
93,856
156,146
100,739
42,511
84,108
64,866
51,753
126,215
60,376
165,636
155,3
73,284
168,586
80,847
140,839
109,250
15,763
190,225
123,42
154,713
98,275
122,185
170,674
152,345
128,512
118,889
62,639
11,499
133,584
163,462
164,339
171,517
88,419
136,67
30,618
114,700
94,66
100,768
124,996
160,671
164,919
36,619
77,359
126,71
104,388
95,472
158,257
155,358
91,629
23,56
92,339
42,751
148,594
119,609
155,123
5,631
11,821
33,763
9,226
55,631
120,970
187,737
16,506
171,595
70,86
115,339
129,797
100,636
124,767
188,247
38,153
66,83
163,810
134,215
152,325
144,310
36,243
187,123
72,161
147,1
92,832
106,277
145,125
160,207
18,15
190,366
163,639
41,473
59,107
25,855
101,393
142,934
30,359
146,368
20,202
58,35
197,971
125,475
165,174
179,446
175,563
173,810
146,782
16,618
76,310
124,1000
85,244
167,590
132,51
84,149
144,361
123,472
98,367
87,179
79,84
26,988
177,614
45,650
98,700
134,537
197,420
144,939
56,718
18,301
109,466
177,444
39,778
5,497
192,77
5,158
95,835
164,485
107,776
128,803
107,766
52,851
149,349
76,540
71,831
167,767
109,305
64,115
100,703
35,872
173,754
155,302
69,951
169,775
122,930
136,833
197,834
37,425
41,329
19,470
121,392
132,399
119,344
30,927
134,631
35,227
98,187
149,600
40,986
34,607
187,45
8,506
60,33
178,208
49,503
188,860
123,582
87,259
20,990
156,882
44,645
93,423
75,341
94,123
65,441
113,820
161,515
86,497
96,648
12,319
142,859
104,743
2,752
148,707
28,754
196,452
78,15
163,45
155,224
12,178
30,354
28,899
92,639
186,445
87,566
49,373
60,658
8,85
8,951
145,643
3,741
111,968
93,328
56,994
51,59
21,125
164,258
105,134
194,360
8,983
131,678
79,172
200,202
71,512
191,90
164,767
131,740
96,478
77,35
126,769
95,195
53,973
184,151
168,759
74,99
8,634
92,2
98,48
3,579
48,476
62,593
44,5
177,430
161,19
170,588
180,671
121,383
168,739
114,539
173,661
116,484
72,427
48,97
91,797
80,821
41,299
43,415
80,666
170,718
176,725
78,307
169,374
167,706
22,975
152,890
53,701
145,600
88,701
77,748
21,358
162,494
114,789
133,232
23,295
40,574
161,437
2,358
79,331
164,260
18,501
9,204
29,840
12,470
48,537
28,61
142,981
140,303
85,218
150,842
198,817
192,138
38,894
150,546
152,811
145,197
93,762
41,690
30,933
74,279
182,181
162,271
45,579
18,28
13,824
38,817
75,397
17,554
157,326
103,876
197,536
184,771
137,761
13,278
69,184
56,350
11,292
41,924
135,563
122,23
94,460
64,257
98,371
73,458
83,700
145,137
36,623
23,944
55,319
27,144
34,251
13,98
37,107
162,138
191,464
4,399
168,404
89,250
40,601
24,220
39,140
78,931
164,66
52,930
166,447
18,958
13,912
199,155
25,320
102,785
27,225
43,572
133,3
88,171
162,81
177,777
28,419
54,606
165,550
142,689
120,160
162,935
46,114
120,285
130,878
116,66
49,936
200,115
96,706
31,395
185,74
76,155
8,945
11,328
45,20
189,791
23,605
58,104
196,64
128,790
84,728
178,536
153,809
195,493
1,682
67,508
196,488
136,325
200,428
1,1
73,713
49,28
131,456
141,401
26,807
10,239
12,668
184,412
6,708
95,321
191,527
115,788
78,605
151,795
165,732
27,520
150,248
16,456
30,268
197,93
17,549
174,717
89,163
9,799
102,271
69,367
131,501
2,753
10,490
180,141
172,395
191,696
172,588
9,662
82,825
162,132
186,933
1,997
21,634
31,228
20,936
56,483
132,715
151,152
66,787
9,672
39,507
123,434
21,183
138,190
48,658
9,527
45,738
136,633
112,420
73,908
17,536
11,868
132,50
109,606
37,90
116,504
38,430
135,107
95,790
185,11
51,345
146,423
192,882
169,921
176,779
153,747
36,259
168,316
139,430
177,568
111,366
183,667
142,297
63,15
165,370
97,155
173,454
159,527
172,182
173,673
128,229
82,832
61,475
46,816
99,282
122,857
157,977
48,47
73,619
6,48
30,257
198,194
190,387
11,819
68,997
40,198
84,665
19,689
81,479
129,487
56,243
28,283
129,494
168,453
77,160
135,408
84,556
173,87
40,639
136,807
49,846
144,84
192,280
104,576
160,221
109,725
75,718
26,326
129,713
105,962
31,542
24,411
46,817
173,658
103,253
99,937
168,879
25,254
179,136
116,64
26,927
176,562
145,186
66,333
128,620
138,747
200,238
89,766
186,912
139,723
90,150
116,703
20,560
51,145
113,528
85,423
68,248
142,24
25,797
186,828
52,987
122,946
97,153
129,547
138,374
77,949
140,706
180,513
111,875
61,827
6,138
159,973
39,807
159,390
95,429
74,113
131,966
118,262
184,922
129,286
87,609
90,328
179,314
136,898
151,340
109,524
127,612
80,378
88,705
53,548
22,111
50,604
42,35
122,429
183,908
37,55
200,212
153,339
41,398
17,551
155,798
97,364
186,19
166,906
162,464
68,485
73,187
47,808
137,273
161,876
129,409
99,273
109,97
114,852
71,294
52,744
141,808
103,820
55,199
60,471
18,261
19,251
171,569
83,240
104,910
177,290
188,382
46,351
90,645
163,750
198,33
54,426
82,222
90,440
84,289
197,508
86,893
166,283
56,222
77,914
198,306
51,830
53,661
92,865
69,629
56,319
163,811
17,942
133,977
104,230
192,354
66,588
75,683
164,381
176,81
137,820
50,733
121,265
186,262
2,167
111,202
78,859
67,463
9,196
143,797
100,442
163,608
107,290
159,306
114,558
74,971
147,46
143,658
132,143
40,467
179,797
39,798
152,820
125,288
16,960
180,266
13,49
182,918
10,854
101,400
99,974
49,759
118,786
104,613
27,106
29,381
133,408
107,63
50,828
42,620
166,808
80,741
180,717
64,591
186,986
66,471
184,356
123,383
189,950
135,43
187,617
160,970
144,115
68,153
164,713
145,601
128,980
95,336
138,47
123,345
52,511
91,643
128,585
66,905
103,804
32,169
110,244
94,271
43,956
165,349
35,930
10,388
72,266
140,199
26,63
128,283
48,947
118,334
196,812
170,68
80,301
99,698
152,267
145,739
17,534
4,296
85,9
24,588
63,289
21,368
190,61
116,152
22,777
145,26
176,629
194,861
156,64
167,347
40,638
146,727
56,374
135,874
126,589
75,258
82,146
129,525
126,211
30,134
100,893
194,812
92,962
70,501
51,131
45,663
190,630
42,72
60,927
5,16
154,843
2,486
137,487
57,145
138,545
95,649
122,886
58,446
76,439
182,505
171,481
108,222
6,153
88,113
67,495
63,926
152,838
15,690
11,546
171,104
179,998
76,331
103,992
59,928
103,414
104,859
181,952
19,868
16,127
30,155
72,395
199,491
148,84
97,103
53,177
183,602
4,834
56,818
109,704
55,313
111,906
13,435
97,875
169,990
165,262
16,746
102,909
12,403
11,949
62,179
166,551
121,979
110,10
15,342
12,973
76,988
169,192
198,923
179,288
42,845
60,777
56,606
152,987
184,206
173,348
196,242
71,45
146,68
194,291
1,543
187,475
71,996
65,851
57,622
92,774
69,942
71,938
175,612
89,241
42,954
181,168
189,668
88,361
125,864
133,272
13,979
114,120
66,820
177,835
149,92
42,903
7,627
180,458
168,853
151,417
75,987
138,692
182,307
174,434
187,72
88,83
33,876
35,400
34,932
26,538
135,116
13,154
150,979
155,988
144,839
7,57
86,667
136,43
197,40
83,454
166,158
179,465
93,886
74,408
97,519
95,484
61,621
122,303
72,80
137,37
169,538
27,838
110,509
156,391
144,493
126,105
55,504
21,98
189,886
17,141
91,420
98,554
143,970
106,732
131,981
197,728
97,390
96,453
96,812
110,778
52,447
147,585
171,500
117,52
13,151
76,921
193,599
19,985
126,177
113,558
131,100
71,108
9,253
69,575
55,841
166,166
6,733
134,470
43,819
2,569
108,455
1,315
65,630
192,110
58,151
79,136
169,235
177,469
59,261
191,429
56,806
184,333
131,675
175,496
37,744
25,782
176,765
181,807
73,685
189,33
187,491
48,213
180,262
18,760
122,407
94,408
124,608
107,15
155,64
196,72
10,804
83,856
28,509
118,984
186,233
98,174
196,464
171,376
30,134
81,80
29,392
10,455
111,441
138,602
11,40
114,731
63,360
30,133
26,175
197,683
159,87
112,905
171,20
182,419
49,129
100,958
130,910
45,695
165,63
25,710
168,966
194,491
12,367
150,49
71,34
50,185
15,924
93,401
171,626
198,174
174,80
82,110
16,406
163,391
192,529
65,914
52,322
84,379
194,181
84,602
72,359
179,393
49,368
137,632
86,240
37,405
82,846
153,114
62,565
138,436
96,184
35,265
153,150
100,586
1,727
76,441
98,917
109,719
41,634
189,272
30,1
169,579
166,541
57,223
20,7
37,886
19,406
31,274
155,709
41,459
25,362
57,354
195,305
29,43
131,922
69,370
96,713
111,246
101,63
177,856
66,982
172,132
87,462
144,60
66,609
115,683
111,214
9,309
193,722
66,158
65,773
21,309
73,568
176,494
135,814
80,475
156,718
78,231
129,501
94,504
33,360
39,898
175,873
116,380
62,2
100,548
71,44
86,944
1,937
9,48
71,753
188,659
61,739
148,509
198,768
65,797
115,943
195,346
144,628
167,393
31,885
13,791
19,774
76,868
27,170
17,259
109,864
180,69
143,173
9,360
171,987
117,199
198,311
116,970
17,541
125,171
11,218
70,693
68,712
108,221
69,315
100,722
140,436
155,423
5,510
36,868
5,617
155,692
103,638
186,320
61,59
195,476
69,530
129,829
31,491
168,860
137,715
162,725
182,836
20,303
125,247
99,138
186,879
104,486
113,961
195,291
17,312
27,244
8,759
150,55
69,320
71,28
40,942
143,799
8,842
115,14
95,99
118,298
5,822
16,297
6,275
61,840
123,845
9,334
23,209
99,57
7,859
43,879
51,339
95,486
49,878
47,636
196,376
177,432
104,474
31,563
131,232
65,649
73,263
24,444
53,780
4,291
29,544
199,110
133,448
121,351
152,476
181,628
150,56
72,461
190,313
121,254
105,816
63,982
125,733
114,750
109,830
53,631
77,111
46,586
78,147
9,545
178,747
191,980
178,207
83,55
112,624
54,951
197,251
70,853
177,8
144,361
22,514
123,323
98,69
29,80
4,792
157,265
123,309
186,937
14,631
81,883
191,970
96,60
193,376
148,904
19,332
153,485
144,997
10,3
73,640
17,139
6,995
150,749
118,300
159,935
53,336
87,519
24,450
44,973
166,931
92,36
105,433
122,259
19,996
125,30
197,76
30,568
136,662
135,672
165,153
99,254
7,522
100,541
187,926
159,820
186,699
188,675
52,989
50,990
68,49
55,472
115,203
198,595
138,585
170,922
100,73
11,910
91,815
86,543
51,830
131,674
10,925
38,27
135,871
178,306
23,930
174,819
174,933
59,476
29,161
110,177
168,339
157,350
11,762
173,689
108,534
129,523
172,51
135,921
40,460
48,9
59,275
153,996
35,910
11,924
110,755
10,627
5,90
60,869
159,539
86,548
117,913
164,166
55,548
198,657
174,91
76,710
108,823
66,253
5,10
122,641
46,172
23,362
171,239
119,903
60,726
85,197
25,345
46,926
154,685
79,689
110,969
4,864
104,594
126,715
18,321
77,406
29,152
68,100
3,684
63,287
123,893
44,526
3,683
151,604
153,40
42,60
119,204
121,753
19,713
44,852
140,788
72,614
63,466
31,469
112,193
135,194
193,849
63,235
99,758
142,246
150,813
188,287
40,597
18,539
8,429
14,935
67,261
148,692
167,930
195,522
196,673
196,151
90,743
155,365
188,403
66,810
15,358
47,259
65,753
159,524
158,523
71,35
26,449
177,842
191,305
5,418
164,231
60,521
120,479
26,6
17,860
16,998
80,101
64,159
32,325
120,158
74,222
145,144
119,838
197,618
89,55
126,24
122,385
155,864
99,573
93,81
86,942
15,474
154,861
87,585
106,127
8,300
88,879
56,289
31,53
99,381
78,305
57,394
107,482
123,467
1,4
97,105
114,971
5,606
63,793
186,575
62,615
177,617
65,370
28,661
93,29
179,246
177,965
87,1
132,565
160,405
36,192
118,570
143,370
171,431
65,833
111,909
114,267
58,759
89,760
191,294
139,16
49,719
137,43
172,278
171,962
29,435
180,951
58,346
193,296
121,931
68,357
68,692
172,154
152,143
185,447
175,56
48,951
126,122
115,740
116,533
67,787
41,719
76,984
150,397
79,54
55,288
117,870
97,335
166,712
23,857
164,358
27,799
185,923
111,664
164,649
193,12
111,256
130,5
157,243
141,355
16,156
193,783
152,276
158,175
199,26
167,942
176,935
154,977
146,849
104,694
152,762
113,334
62,452
168,900
179,23
167,511
199,865
14,65
112,301
97,366
32,314
17,678
43,301
76,936
90,409
143,985
8,556
43,804
138,746
10,780
177,737
67,897
123,735
57,285
9,53
161,685
54,832
88,251
160,243
47,120
10,64
142,20
74,770
84,159
119,215
112,161
38,564
90,862
35,786
91,775
151,130
67,801
147,3
135,548
158,260
124,868
187,728
141,730
122,136
147,778
148,649
18,999
66,517
70,357
64,543
85,180
45,286
117,22
175,793
71,560
23,868
180,631
183,35
88,848
17,456
102,632
78,523
114,491
140,552
131,599
54,611
145,314
74,578
131,293
176,764
20,270
77,267
46,929
74,80
123,935
150,280
46,876
20,429
104,113
149,481
137,69
183,798
177,374
61,662
169,731
197,661
26,26
67,427
35,975
48,884
166,585
43,297
171,524
24,891
156,576
145,13
187,582
196,893
31,410
49,704
141,185
162,107
5,25
187,140
128,554
86,646
115,236
101,500
113,103
113,861
75,105
86,689
117,77
92,450
152,654
107,997
107,631
163,594
94,836
109,578
126,158
16,840
187,509
15,50
192,307
55,569
3,545
90,378
155,863
175,901
26,797
180,334
121,159
182,731
173,568
46,946
155,423
94,240
5,44
105,384
128,122
22,393
188,518
141,221
36,175
167,72
110,913
81,963
84,653
130,465
84,958
154,306
113,814
50,534
126,944
14,545
131,130
111,929
18,594
42,366
122,120
16,822
87,616
94,606
11,76
190,81
136,57
105,106
164,602
170,37
81,66
65,239
113,178
54,112
128,190
153,670
112,399
30,91
198,980
135,491
23,468
171,581
131,572
16,689
114,522
43,768
194,31
184,154
113,918
28,361
75,757
74,908
122,331
11,963
111,224
9,650
176,831
157,597
188,976
37,388
94,30
78,126
6,333
165,113
156,669
24,509
188,361
169,485
23,100
6,497
171,800
184,110
98,315
36,945
176,856
159,174
93,388
199,483
108,910
192,709
144,282
88,827
116,26
136,862
69,754
7,946
143,450
3,536
24,99
160,250
6,665
154,980
13,416
193,520
133,590
195,541
135,575
196,190
139,857
173,302
112,994
15,895
85,619
70,885
10,348
137,84
50,86
87,39
156,791
98,952
198,762
152,456
160,540
106,525
10,819
122,385
87,181
164,424
195,863
25,674
180,346
46,646
6,31
187,941
180,337
78,847
134,222
69,333
200,523
47,186
89,781
160,462
123,182
153,879
109,993
128,269
183,143
143,275
183,992
181,147
128,464
25,934
18,386
85,545
41,900
120,786
64,45
133,348
117,846
76,364
89,135
137,172
104,763
186,855
24,665
172,944
63,644
186,767
3,528
60,598
60,716
170,600
187,576
160,463
43,930
54,971
44,280
100,148
6,334
58,556
84,314
99,454
30,549
7,745
198,139
22,457
40,986
41,557
37,79
188,113
98,470
104,854
87,758
98,349
79,77
117,141
153,229
128,867
15,745
138,951
172,399
4,631
173,959
23,376
118,493
44,364
41,87
78,959
172,445
2,328
150,584
118,496
124,745
85,209
58,721
154,667
151,522
176,139
164,590
86,515
200,161
186,31
50,550
162,546
102,691
104,269
41,750
117,434
3,422
45,634
8,725
64,981
175,876
83,146
94,900
20,969
157,114
109,149
71,518
80,595
147,63
80,974
173,756
119,237
6,889
28,22
194,498
34,857
19,570
134,422
169,33
17,436
2,943
3,893
63,780
66,363
108,50
98,133
141,540
70,426
161,746
98,412
75,346
37,339
118,132
91,199
131,50
1,861
2,886
141,792
92,259
152,896
130,753
141,678
138,114
161,36
32,891
92,553
145,401
109,155
46,268
60,101
132,487
26,702
195,536
164,932
128,899
11,783
26,291
35,559
1,284
171,711
115,947
91,615
200,228
69,603
51,645
55,837
61,85
14,294
181,39
118,365
126,345
151,876
124,893
10,383
33,916
72,935
108,173
178,388
45,525
120,77
133,411
163,245
61,861
48,552
184,97
151,3
83,205
53,173
81,32
23,660
91,551
163,914
170,28
105,466
69,7
163,979
116,296
81,571
82,144
52,307
13,502
114,537
11,878
200,259
88,944
5,24
109,700
133,850
148,287
136,591
74,419
118,143
67,488
1,322
30,579
28,179
26,448
200,923
68,416
76,168
71,698
135,450
4,900
80,737
14,535
26,480
130,944
188,174
68,155
11,1000
99,34
55,171
185,792
99,455
41,194
162,736
157,732
121,958
176,806
16,396
68,577
179,862
17,353
18,165
143,976
100,228
192,356
56,654
159,142
170,834
70,852
166,841
39,985
74,864
40,675
83,622
54,663
175,652
180,611
127,665
122,373
135,633
134,48
145,240
159,191
91,24
113,921
14,726
129,709
149,514
100,20
49,47
86,568
8,121
62,212
126,233
128,41
168,509
49,213
79,929
28,877
105,930
39,800
142,566
89,703
116,270
27,206
200,874
125,790
128,204
72,552
7,376
141,904
95,277
168,208
136,205
26,977
74,809
23,307
126,979
45,952
159,272
19,54
49,348
18,521
188,332
87,366
179,300
160,960
6,383
43,564
31,784
61,500
46,623
65,396
171,683
144,897
19,881
31,704
110,327
52,323
80,781
184,569
26,112
157,584
39,822
141,561
39,572
40,130
28,164
129,143
101,194
35,220
107,833
96,273
93,304
168,19
79,27
151,193
122,39
130,782
79,698
163,489
178,310
164,933
79,37
141,663
42,64
190,147
181,343
25,202
91,994
19,996
57,17
103,426
126,394
52,124
2,795
142,248
128,533
200,406
135,265
31,772
172,697
179,633
198,595
64,469
9,681
176,287
164,216
160,749
184,210
8,334
45,354
183,119
87,411
54,299
83,18
17,14
143,331
173,173
2,935
25,278
42,710
191,519
78,619
142,559
156,492
134,545
144,435
13,7
103,469
124,288
141,209
65,457
148,177
116,524
45,982
38,788
2,857
174,739
122,377
154,820
6,462
43,492
127,963
90,328
107,917
21,463
2,101
5,895
47,532
19,843
100,436
19,881
122,481
90,270
131,763
118,337
172,128
113,151
74,237
24,562
4,674
38,741
18,883
134,739
23,536
68,470
199,503
172,641
161,554
69,847
9,886
59,8
108,200
73,202
200,715
172,598
129,575
74,498
115,761
193,843
112,301
49,573
125,130
103,83
198,820
60,334
150,568
106,427
59,907
24,442
65,627
68,22
12,9
185,14
131,848
164,244
87,864
90,358
43,238
119,285
9,998
64,747
34,555
59,794
60,206
61,911
116,824
159,8
116,513
184,222
80,36
48,50
2,688
167,16
185,747
147,840
162,961
115,894
75,978
87,507
33,765
70,210
117,994
79,857
198,443
131,72
157,525
52,722
165,287
119,130
6,23
149,253
24,432
109,821
89,680
21,436
4,497
129,675
89,249
168,582
13,194
63,814
40,910
190,251
31,895
106,56
45,80
172,232
143,637
160,622
163,46
53,215
196,334
80,613
94,632
125,591
187,389
25,23
145,948
124,29
24,91
53,32
145,84
97,202
71,731
11,236
162,754
40,825
114,492
158,681
114,884
66,794
128,266
99,619
126,170
85,368
37,699
41,21
22,999
55,715
78,36
135,837
60,297
66,919
98,477
43,481
137,774
62,727
89,17
23,496
4,588
132,309
200,331
137,602
50,2
2,591
183,352
163,935
108,344
56,198
105,982
127,936
21,400
47,391
84,880
149,759
39,444
136,820
122,751
54,108
4,723
83,359
158,801
92,260
169,113
156,566
129,46
41,25
79,837
166,914
84,904
40,36
113,78
92,762
134,765
168,842
120,724
144,120
90,963
178,350
61,629
86,575
167,589
173,698
104,870
56,184
132,406
43,723
121,600
196,659
192,526
7,450
194,745
33,260
26,668
159,294
119,911
134,797
186,895
74,952
33,322
117,651
72,909
156,735
188,450
181,381
138,597
187,862
7,253
43,355
168,311
134,568
173,984
94,578
171,118
92,570
2,86
28,387
40,790
30,574
114,537
138,564
27,452
169,345
17,137
193,549
174,342
128,701
46,698
126,636
185,286
160,819
119,500
160,742
12,104
104,576
185,958
22,577
150,881
49,723
133,983
10,748
182,595
110,611
81,175
193,964
75,309
36,124
78,360
47,34
36,430
109,791
26,456
141,403
180,365
45,524
37,628
37,224
46,709
141,832
53,887
152,71
56,955
83,877
4,725
64,25
73,593
22,975
136,708
171,861
73,332
74,261
130,306
35,233
92,733
51,538
25,745
2,911
161,784
27,563
105,369
155,619
125,298
33,638
40,256
148,950
149,901
50,221
178,639
48,229
99,893
9,227
33,285
137,998
57,412
59,823
182,972
162,135
98,498
16,256
57,49
142,881
118,548
6,805
152,67
114,282
173,642
148,536
113,372
54,871
108,584
145,503
96,294
88,263
98,113
74,217
92,69
130,475
5,696
48,528
7,891
76,67
100,498
66,672
195,355
108,50
121,134
131,951
17,103
16,670
40,182
176,589
93,513
77,839
96,950
197,595
5,426
86,54
152,3
76,381
123,520
108,605
41,790
22,904
129,233
35,925
54,966
67,479
11,833
9,101
100,316
70,154
85,889
157,952
51,855
89,729
78,307
131,171
58,76
66,508
189,899
79,663
116,999
34,219
5,739
18,893
69,915
104,412
85,1
170,363
116,101
195,963
166,694
59,333
22,26
172,580
181,407
29,536
171,898
153,475
3,679
29,266
17,186
146,513
183,855
2,428
200,175
99,497
10,802
160,364
5,773
109,518
141,247
88,387
167,901
157,334
183,960
75,458
43,645
146,725
34,382
127,764
152,122
190,117
26,930
187,306
70,690
112,702
54,238
162,59
145,650
136,452
17,458
61,934
98,330
196,671
110,589
197,876
154,774
93,519
139,934
186,958
103,166
104,757
7,186
128,649
2,604
11,576
101,221
48,132
125,506
19,521
15,798
79,929
19,581
61,882
67,435
103,44
99,829
49,464
173,600
11,312
155,401
193,861
21,695
78,915
41,770
4,38
74,808
13,624
74,817
20,297
150,202
142,11
145,506
53,57
72,374
18,517
119,244
128,397
50,104
93,614
124,36
158,263
184,542
43,165
39,265
1,121
163,286
108,264
16,853
172,129
75,878
200,879
140,213
128,839
5,495
136,674
148,656
146,498
48,937
3,647
63,339
86,38
66,443
132,28
126,782
191,658
90,967
7,171
89,923
161,597
54,964
3,149
157,668
71,789
22,176
96,323
58,869
160,45
80,246
4,416
196,652
157,91
152,913
174,62
182,423
150,131
9,301
140,619
15,692
130,533
162,455
160,442
135,519
200,247
79,240
155,413
5,327
186,629
19,196
153,497
55,785
35,257
54,485
14,326
45,951
149,344
79,254
140,263
39,965
37,762
2,467
181,322
198,964
132,167
169,640
45,267
26,645
29,590
126,649
189,847
16,423
92,218
93,984
32,179
60,907
147,78
115,293
87,334
34,885
197,81
137,132
82,330
69,654
29,899
9,832
80,162
182,139
77,473
2,269
156,974
197,302
15,239
85,216
129,204
10,575
164,168
61,684
134,369
127,612
120,367
178,501
124,452
86,601
185,349
152,898
155,803
188,666
166,176
52,694
171,53
103,809
155,329
130,302
73,323
105,612
69,684
121,878
49,809
1,85
99,158
178,772
63,203
113,301
134,957
4,222
169,443
65,744
11,802
91,435
173,642
199,96
81,586
106,98
60,523
168,319
35,705
61,505
144,284
158,579
185,428
11,914
194,732
55,841
141,930
165,934
117,372
7,627
134,152
114,179
161,803
61,183
149,389
185,186
87,133
129,644
86,553
157,287
27,969
55,21
175,460
122,852
154,285
62,469
23,86
62,782
65,785
159,257
187,785
165,605
51,249
81,744
19,568
67,174
197,163
121,515
85,10
11,978
100,277
176,318
124,527
177,137
133,951
145,377
67,794
99,381
161,961
76,575
44,250
108,585
46,802
151,6
134,300
130,1
11,169
58,592
94,665
85,395
152,536
78,857
197,180
194,133
187,641
138,866
172,692
150,376
150,922
136,193
127,518
74,814
115,132
158,610
129,810
96,245
170,868
113,277
11,604
85,496
100,291
77,256
126,304
45,641
182,853
187,674
142,691
11,422
9,963
189,77
39,551
40,641
84,495
174,540
199,409
42,397
34,127
134,104
175,986
111,509
138,993
147,984
144,950
85,813
150,11
66,24
54,76
55,165
136,189
46,184
7,8
2,475
174,397
59,777
135,149
188,343
72,268
173,721
143,448
87,637
78,311
130,404
196,489
93,606
185,848
128,703
1,77
191,330
3,179
78,905
174,909
121,110
116,238
89,832
118,349
115,788
52,403
60,706
80,364
158,247
104,32
96,366
32,311
168,426
129,46
6,746
64,895
53,735
145,28
46,930
52,563
189,196
67,737
170,23
178,573
139,975
89,344
157,751
86,686
194,315
150,762
74,615
16,931
97,961
171,842
13,296
79,148
27,286
177,934
156,996
26,245
90,436
106,405
173,762
31,244
175,261
104,470
91,445
61,901
95,114
9,270
30,454
25,142
11,110
73,98
193,127
99,709
50,419
92,859
53,28
149,145
145,377
74,631
60,290
2,310
17,897
49,550
85,161
65,722
88,607
197,899
62,162
146,910
140,314
59,346
52,803
131,518
38,954
181,756
179,376
66,736
108,220
28,46
194,48
55,35
96,688
116,35
125,440
117,257
140,855
89,441
172,558
78,583
158,393
136,712
9,177
155,669
88,385
42,200
140,621
88,60
88,142
32,793
195,846
105,472
159,762
47,644
125,457
183,80
46,569
2,921
175,143
181,713
65,70
92,544
146,917
186,35
168,84
150,105
19,322
122,799
16,214
97,95
79,192
22,378
108,555
198,320
75,96
81,204
150,544
122,853
151,477
75,561
120,714
59,343
82,862
145,663
174,863
168,848
170,429
41,537
6,634
113,998
130,498
99,417
120,185
104,1000
186,434
171,477
192,957
113,124
182,277
96,697
50,103
101,468
193,242
168,876
54,6
139,394
29,15
18,184
16,636
82,761
173,32
169,272
139,681
195,904
98,542
142,350
171,899
142,387
127,727
92,657
59,611
9,326
102,450
93,348
3,904
41,110
50,834
43,824
181,939
172,29
104,890
130,645
37,77
190,459
54,200
102,110
89,62
57,40
107,36
151,632
120,463
41,162
9,850
80,641
73,188
83,62
84,17
59,290
47,239
4,851
163,721
91,993
156,334
45,257
78,358
87,525
4,981
81,564
192,22
94,812
176,249
71,838
149,80
25,630
196,121
104,35
180,986
37,115
85,57
126,351
13,483
175,743
12,37
143,403
62,551
163,34
38,893
15,356
35,622
6,834
153,320
71,567
71,784
112,630
118,342
182,796
177,134
91,376
165,838
69,50
4,168
51,515
183,869
32,807
50,401
36,522
91,4
70,640
7,813
113,491
100,697
95,700
4,247
98,210
117,429
185,693
5,368
106,575
55,393
200,527
119,372
128,425
115,779
104,789
44,487
152,52
34,847
182,474
177,621
116,500
43,386
116,185
36,481
142,132
77,767
100,673
83,572
51,164
15,199
36,255
65,379
12,201
190,545
89,684
88,309
89,441
109,179
97,151
23,314
26,705
130,508
106,179
135,214
158,97
117,460
25,932
82,540
188,359
136,291
182,756
110,570
86,498
60,465
94,459
31,700
123,564
44,305
13,692
43,164
106,78
170,658
68,39
65,102
137,977
72,918
102,874
12,583
67,565
81,189
57,373
109,105
21,813
73,345
34,713
59,948
41,784
96,72
183,735
109,925
149,130
136,565
70,995
42,857
135,464
194,990
24,375
139,355
181,474
119,624
139,615
169,183
146,418
82,866
16,999
175,577
168,54
150,757
40,533
173,247
179,61
116,210
176,781
124,79
129,261
127,28
125,850
33,161
173,375
62,877
173,867
1,484
95,852
29,687
93,552
77,539
89,474
171,647
6,750
91,712
52,183
12,232
189,257
187,202
87,458
177,935
143,737
4,709
2,630
11,305
169,69
191,352
163,279
45,315
94,325
145,835
139,849
19,202
161,514
9,682
156,430
117,205
143,644
61,716
90,573
126,874
114,523
11,80
51,565
94,673
33,987
35,41
156,569
129,98
166,614
91,837
183,704
124,581
143,529
1,207
113,51
197,415
9,586
111,316
94,343
169,517
160,688
155,591
103,987
47,628
46,565
196,249
118,676
55,608
119,709
152,418
108,436
44,456
25,240
149,109
83,565
52,841
96,709
97,633
60,570
76,775
11,602
177,344
49,651
127,265
96,370
197,488
43,525
188,310
25,331
34,805
15,527
188,733
61,754
164,511
165,765
92,596
151,544
173,699
35,463
74,926
111,302
116,334
187,346
92,215
13,16
132,159
96,190
145,818
118,99
135,939
197,178
90,620
92,995
104,556
71,794
74,785
53,893
28,748
181,194
144,535
133,224
10,479
81,522
155,476
139,93
170,102
75,108
199,864
143,62
103,922
182,870
14,429
91,718
163,133
110,349
11,329
85,29
187,964
2,764
33,665
65,280
89,526
166,501
139,936
143,150
76,505
132,201
84,435
144,912
33,343
193,354
25,672
167,447
73,929
138,103
198,908
105,451
128,509
36,814
103,25
177,943
120,308
90,730
166,825
150,933
82,441
43,422
53,921
92,882
163,905
26,435
12,759
149,80
164,671
14,657
126,914
119,496
46,410
166,912
97,311
66,482
182,691
54,589
88,154
100,133
126,913
115,466
149,484
149,919
84,269
176,228
158,362
3,402
154,265
104,52
164,20
77,591
143,499
76,857
164,794
83,1000
142,485
36,773
68,51
187,458
44,937
192,35
92,899
56,836
72,10
68,941
55,345
129,915
44,429
16,916
122,798
189,310
112,590
50,236
78,503
5,395
89,178
142,27
130,318
105,662
166,336
87,456
66,862
57,576
25,765
120,568
69,158
27,849
193,767
149,507
109,649
50,204
71,775
108,275
75,402
133,72
46,534
141,908
174,320
82,844
103,475
200,803
50,837
67,830
94,254
79,46
75,745
124,385
59,917
4,705
69,389
35,908
126,583
4,903
79,398
178,765
178,602
130,791
3,859
65,263
82,651
191,4
109,527
22,970
48,332
4,99
179,790
138,470
184,652
188,886
154,19
34,303
171,330
190,533
144,258
41,780
48,337
99,559
5,381
136,738
199,375
90,89
57,320
50,758
61,636
52,738
32,910
59,722
66,523
24,588
141,552
165,786
120,470
132,674
65,690
31,375
148,765
84,329
64,594
86,169
89,346
15,478
89,310
173,646
46,881
193,390
49,938
52,423
65,958
86,828
19,636
97,996
128,415
79,610
156,24
96,827
120,789
9,522
141,124
178,489
68,414
187,92
55,883
139,454
141,627
43,700
134,145
49,322
84,620
153,440
168,981
135,473
67,531
93,35
11,747
166,589
72,639
14,728
102,19
8,22
194,945
4,868
154,483
106,513
182,430
94,251
169,743
47,382
148,458
90,16
59,615
138,749
48,936
33,293
154,212
46,815
124,879
120,220
31,344
120,187
151,717
39,638
184,1000
70,99
49,635
28,157
83,965
96,306
59,311
33,663
155,29
137,942
171,830
9,31
158,128
139,382
51,708
160,831
166,267
89,53
62,678
33,480
66,342
62,742
174,197
141,540
49,220
145,973
149,244
70,731
42,601
147,519
108,759
18,624
99,72
4,871
191,429
4,40
156,20
145,408
12,700
13,360
184,306
166,369
104,475
37,683
99,444
189,510
176,647
130,930
55,406
136,661
80,19
172,754
84,130
10,725
67,160
74,374
164,806
48,554
177,906
10,475
19,268
117,753
185,533
11,312
110,719
157,287
5,509
104,178
163,79
153,69
140,716
93,783
159,448
65,419
50,238
90,37
177,26
128,820
144,264
117,805
154,625
182,838
31,404
68,123
199,264
88,88
57,942
139,289
33,244
40,852
161,123
126,861
147,584
144,701
2,45
35,658
194,822
30,813
34,659
92,332
94,770
181,203
118,704
17,865
169,972
145,372
34,70
99,533
139,488
41,954
8,603
10,820
58,347
173,254
124,607
143,966
26,659
129,619
158,840
158,441
114,947
34,236
85,771
74,43
46,611
82,21
8,499
124,494
116,425
160,139
156,41
48,325
181,912
188,958
159,695
35,255
128,344
73,793
18,844
21,991
146,5
66,90
52,273
190,161
63,844
143,511
19,308
33,929
128,215
40,173
153,105
47,797
109,171
31,198
149,514
174,701
141,812
91,960
36,27
7,31
93,616
150,34
12,991
98,512
177,518
166,754
179,261
119,524
103,696
162,900
185,149
65,163
10,199
5,652
3,487
69,823
139,568
43,848
85,568
20,27
154,552
158,664
139,143
153,263
174,515
169,9
18,261
176,248
183,356
37,539
161,241
35,761
68,676
131,203
85,165
113,425
52,963
72,489
41,980
51,37
107,757
105,752
141,971
84,540
118,536
194,270
195,303
149,552
184,834
24,411
17,859
150,297
132,537
13,103
46,420
149,935
48,697
158,938
54,863
193,881
169,412
44,507
31,607
128,52
120,782
117,414
84,958
181,90
86,113
112,370
42,837
148,509
170,920
89,926
44,354
151,578
64,656
82,460
52,305
75,984
200,412
21,126
130,96
115,293
161,330
20,577
41,570
120,765
189,825
92,458
39,219
64,138
18,548
155,265
70,192
45,966
49,746
61,329
74,781
69,667
139,211
37,345
61,531
15,65
85,305
26,614
120,825
12,773
144,104
175,185
105,181
7,307
95,991
36,485
72,166
156,964
146,652
97,564
86,900
89,45
174,850
154,709
68,436
7,767
148,55
147,148
15,740
8,617
100,950
127,880
137,947
107,827
31,883
130,969
126,972
86,184
73,698
74,779
4,504
43,168
96,722
81,771
67,200
19,422
11,668
195,557
120,698
194,137
145,860
113,153
187,109
171,994
26,979
79,283
148,451
121,747
13,331
82,842
1,412
166,783
80,67
200,951
131,156
163,746
14,219
8,435
101,981
185,34
120,481
190,634
64,181
185,626
51,438
15,624
86,373
148,244
6,428
157,2
169,601
69,829
23,316
88,842
153,20
33,977
91,321
27,841
82,57
20,372
101,443
5,962
174,219
145,446
66,548
147,139
35,934
87,108
108,636
157,390
28,888
182,364
71,205
48,69
167,842
101,268
79,991
113,122
36,178
83,490
163,572
197,581
85,412
52,191
186,509
99,687
3,420
13,958
173,261
157,821
121,618
141,509
77,454
21,156
4,675
2,476
174,766
14,588
41,98
69,140
69,234
87,37
13,772
4,233
171,631
175,452
137,285
55,366
25,663
147,157
9,782
84,437
124,222
76,837
91,246
99,797
97,139
79,618
161,130
91,770
96,421
150,107
153,747
122,434
116,864
52,730
145,627
79,548
94,623
108,899
105,999
20,935
174,211
59,869
160,867
169,849
58,704
72,350
136,739
123,790
172,341
96,732
68,724
134,880
88,389
161,841
75,660
21,120
80,757
172,295
105,868
80,973
104,947
181,423
47,591
28,296
165,485
129,978
120,541
196,577
14,786
131,882
165,526
165,946
56,484
157,922
113,512
23,540
22,932
17,311
156,686
103,77
131,96
24,735
83,620
14,350
160,771
160,285
116,449
70,324
17,409
133,236
170,957
91,96
113,657
64,256
29,108
113,7
171,136
4,676
54,823
188,314
68,15
18,419
142,207
38,223
8,189
23,345
125,715
164,207
98,732
29,574
61,793
93,252
8,211
181,524
117,495
142,335
199,487
157,453
44,483
169,991
6,542
177,53
66,157
66,557
189,240
145,108
48,889
191,89
86,505
138,6
27,737
68,492
32,212
44,695
110,144
117,651
58,8
18,30
159,989
71,769
52,271
138,637
158,348
29,373
1,529
54,516
140,563
135,136
44,36
146,17
72,512
38,474
118,764
111,921
102,751
45,206
30,975
163,67
200,406
151,825
11,162
24,448
102,353
109,191
139,897
128,818
2,170
72,624
159,575
94,760
162,877
39,884
1,441
162,463
73,14
147,468
133,904
43,127
36,275
123,358
54,377
117,126
173,14
76,249
181,947
157,607
153,783
15,73
199,612
133,806
190,781
116,457
81,746
90,141
166,781
17,732
36,769
165,123
89,432
50,195
145,633
72,917
55,763
13,176
108,758
64,819
164,698
82,547
158,970
17,707
72,706
32,296
15,494
96,609
51,900
88,84
85,976
9,654
159,258
16,337
145,57
44,792
160,872
162,658
13,93
122,121
70,632
68,627
63,619
189,825
61,576
114,83
100,431
145,536
112,771
37,550
107,33
84,870
85,118
183,30
124,10
6,73
119,115
185,381
42,883
120,448
130,567
160,135
102,876
121,638
9,866
180,641
139,108
123,192
183,932
151,30
121,642
23,42
7,935
12,716
95,663
119,708
151,178
7,230
152,644
36,316
198,572
18,323
96,379
127,995
133,162
156,182
47,115
116,218
187,112
23,245
95,93
38,259
170,30
48,719
86,185
115,270
130,69
81,916
135,531
40,739
72,165
162,71
160,80
131,707
158,768
149,126
78,4
14,669
31,604
105,854
69,428
41,632
49,848
138,575
38,682
62,545
194,480
16,671
48,644
138,68
152,848
54,770
170,999
131,598
48,185
82,496
141,166
54,738
58,74
181,407
80,434
173,104
10,861
110,63
72,415
100,182
27,23
1,594
136,814
123,509
52,283
120,529
152,734
126,384
90,976
65,456
158,720
133,379
61,879
70,496
128,17
81,852
130,755
133,83
114,373
170,164
17,446
11,506
111,5
140,893
78,62
73,685
54,553
121,543
21,1
102,296
38,518
77,384
155,681
12,316
146,232
87,38
190,251
121,626
129,638
138,873
121,946
172,652
162,345
150,913
64,731
90,735
115,734
200,134
36,519
64,80
28,145
1,678
120,320
81,721
129,905
169,912
5,185
108,124
13,755
94,47
44,937
107,160
119,207
143,480
88,336
79,622
94,543
89,582
106,113
184,185
176,733
157,87
44,104
140,511
96,784
63,683
79,117
52,165
101,92
53,572
188,968
67,327
179,370
134,138
9,357
15,310
11,919
119,453
159,260
20,664
159,440
97,690
22,180
86,389
121,931
82,82
5,65
196,13
66,451
199,156
101,254
145,887
100,724
100,510
110,748
81,815
159,146
24,880
170,865
89,41
50,934
51,54
72,889
126,233
134,168
131,927
23,942
143,237
102,726
44,255
129,319
78,504
191,625
169,696
194,357
141,751
179,216
124,514
159,908
151,242
149,971
22,441
17,38
154,291
157,750
8,131
173,933
60,916
135,382
189,236
116,135
146,619
167,450
18,460
196,467
71,712
115,841
165,461
153,792
88,977
103,49
81,786
167,81
108,879
108,790
157,125
97,749
24,30
164,342
101,942
4,736
174,416
191,774
192,310
41,774
2,655
28,446
43,935
72,286
17,737
25,117
154,317
41,523
172,951
126,537
56,886
134,331
64,495
143,307
56,922
110,935
64,973
26,55
3,965
9,871
88,340
116,993
167,37
27,758
167,684
12,486
38,161
30,626
98,882
69,229
57,726
88,357
41,583
68,800
110,179
104,240
170,562
2,734
107,371
167,775
189,20
167,639
91,99
34,198
126,495
11,475
185,24
166,646
91,871
183,338
27,855
125,747
186,730
105,952
196,484
40,893
97,140
140,441
52,800
5,747
163,959
158,670
181,953
108,409
19,998
146,279
117,550
75,87
178,263
107,584
159,282
130,984
115,242
45,766
163,833
115,145
151,47
26,861
135,631
35,686
83,75
18,982
121,603
172,631
36,57
114,697
22,461
85,493
84,992
93,108
83,90
22,620
19,304
102,331
30,76
48,434
182,237
56,598
63,662
199,645
80,506
109,441
195,666
74,523
4,496
106,166
195,740
68,911
81,543
72,302
54,911
140,365
6,551
120,746
88,362
3,590
73,97
195,559
18,815
91,936
8,612
40,892
198,646
126,341
159,51
135,321
62,382
122,26
65,378
11,955
37,567
21,913
66,314
155,630
163,410
14,769
167,973
91,825
38,812
56,924
57,477
44,38
41,985
160,962
122,567
159,197
58,934
8,786
149,44
129,819
172,532
193,233
45,723
137,619
124,736
169,326
32,738
178,146
148,733
152,763
157,193
105,938
103,967
95,132
9,879
179,913
78,589
158,776
41,271
46,717
64,245
141,951
187,8
162,976
184,37
81,737
134,862
35,937
11,425
11,93
14,995
1,933
78,818
76,231
135,472
89,804
43,624
82,148
121,851
79,517
151,369
19,153
73,692
126,145
189,1
22,623
3,299
76,831
8,647
66,178
71,178
106,784
54,943
14,391
189,729
98,548
154,843
77,294
11,736
140,761
71,29
154,140
55,826
78,605
25,944
72,230
119,839
58,659
86,556
79,544
110,764
135,768
80,946
106,859
59,912
86,327
115,342
129,358
32,747
126,951
4,209
45,883
89,584
103,435
11,242
78,907
180,345
159,566
186,478
139,388
123,98
94,464
196,887
79,140
166,71
125,562
47,743
163,715
49,725
172,125
123,893
53,47
173,483
30,649
72,170
145,869
3,151
136,776
155,820
178,69
17,867
120,679
111,166
120,161
131,426
114,914
61,216
155,643
66,221
140,539
122,195
145,230
103,718
36,23
76,541
80,461
103,199
61,848
85,488
141,201
9,77
127,890
98,999
78,980
167,249
131,378
174,73
145,458
32,639
44,409
118,935
23,286
5,199
133,912
121,533
2,540
106,821
63,101
81,575
69,772
46,281
144,853
17,469
78,155
98,364
154,224
133,188
47,671
129,795
133,10
168,197
142,385
148,21
137,413
21,2
121,551
72,676
39,404
57,152
29,257
157,713
159,304
3,225
32,455
86,499
53,371
194,950
41,427
196,429
7,542
50,192
195,712
171,283
101,452
35,547
142,347
128,655
140,286
4,807
173,133
168,184
56,497
149,438
42,482
72,605
39,373
49,574
167,580
104,468
77,689
151,516
126,1000
185,390
58,436
134,499
190,77
96,606
145,495
177,157
105,499
62,523
146,845
170,617
151,785
107,711
184,541
53,122
131,958
198,772
57,649
191,883
146,787
113,995
164,980
149,138
109,642
36,726
122,380
1,847
140,53
163,14
145,769
50,601
7,302
185,6
108,997
84,278
164,976
184,422
193,231
21,884
50,378
122,909
159,282
69,707
64,530
188,539
118,227
34,520
63,131
38,829
67,210
50,747
2,910
107,995
131,559
22,576
15,353
43,452
107,450
181,215
172,847
14,516
13,65
91,586
49,524
78,959
50,917
149,941
35,12
27,762
159,250
190,764
129,63
176,515
182,838
128,956
122,723
4,961
167,426
32,210
106,382
37,268
4,630
46,51
105,996
134,669
187,690
189,888
28,455
72,971
180,572
87,129
143,315
5,81
122,119
94,443
125,574
115,833
82,735
119,458
47,399
80,160
30,761
108,455
127,690
86,758
99,957
197,940
143,187
61,986
127,667
195,737
198,709
193,693
187,216
159,311
75,914
105,759
18,797
172,130
68,589
51,959
176,972
146,293
160,599
26,328
27,466
2,946
97,190
171,578
164,398
88,913
101,531
141,793
172,699
155,833
34,795
174,953
83,858
6,886
60,761
193,727
131,695
182,91
50,587
53,860
192,669
69,913
8,348
70,348
134,566
65,631
135,996
177,850
164,45
46,805
109,175
60,334
56,69
77,827
200,202
26,850
164,975
171,249
98,660
1,917
164,934
76,590
158,888
134,904
3,720
87,510
76,545
85,607
152,75
16,747
158,279
153,521
182,820
169,346
167,860
141,313
17,538
141,524
173,814
42,254
179,338
92,845
194,264
160,670
126,211
53,191
122,690
20,820
70,913
54,945
109,845
57,355
171,289
121,517
120,392
26,374
15,903
99,286
126,836
92,450
62,323
118,145
121,652
7,97
138,182
20,521
125,798
197,134
55,447
11,840
191,818
41,765
14,946
142,902
183,557
45,793
188,423
146,548
190,450
189,204
112,580
68,614
4,267
71,443
131,502
146,192
167,477
78,783
125,481
96,842
173,712
37,800
43,90
196,267
115,121
111,50
143,954
68,378
37,194
1,915
36,619
187,898
172,436
32,513
144,765
37,246
161,451
156,145
38,757
106,829
138,981
13,673
52,432
190,792
118,476
25,16
16,859
15,26
188,372
88,361
69,578
177,814
81,508
52,909
29,240
77,776
110,30
39,508
178,557
111,528
194,113
6,151
20,493
6,472
107,280
105,597
180,144
117,170
182,251
57,883
161,986
161,61
13,896
177,146
20,108
127,525
101,477
59,150
184,995
62,862
35,49
7,483
94,466
21,348
176,83
91,443
159,452
31,990
77,799
40,685
31,969
172,457
38,224
51,25
124,990
41,981
75,500
55,234
129,634
195,648
41,25
47,173
16,940
92,532
80,446
80,758
12,671
130,266
68,126
142,772
2,457
4,593
160,791
186,624
196,952
18,543
60,331
191,119
45,478
30,648
187,155
53,158
174,444
180,535
45,120
47,197
149,269
177,126
185,178
116,813
9,185
37,597
8,58
150,41
99,547
48,103
163,678
133,699
197,670
193,859
51,895
190,794
117,439
171,145
64,99
88,791
69,444
93,541
149,534
70,474
166,498
66,715
112,521
160,147
160,616
195,673
108,503
153,635
167,35
28,986
62,625
120,372
3,217
62,592
146,784
185,407
102,858
30,756
176,688
182,852
161,978
99,772
196,52
60,977
167,168
171,973
114,874
27,17
63,122
193,371
105,636
48,350
197,319
112,264
191,752
181,476
184,830
113,680
53,915
145,927
34,678
74,242
193,373
100,676
154,993
79,874
150,876
63,43
171,661
194,955
191,620
183,150
165,341
45,968
117,827
155,536
63,657
8,182
168,237
76,798
185,652
193,677
134,834
127,399
139,322
145,556
29,304
5,39
33,121
146,202
24,976
137,631
95,269
22,349
103,310
103,736
132,740
112,915
58,868
66,771
152,3
33,979
87,833
136,562
25,828
182,421
188,640
42,227
111,497
43,289
9,909
29,649
199,923
65,879
40,747
153,809
175,118
154,175
3,550
135,686
187,170
58,480
145,768
59,352
71,948
137,701
164,448
85,613
174,596
141,288
61,255
140,642
105,899
143,651
56,333
130,186
184,130
16,903
23,289
51,529
37,288
79,465
53,834
11,383
197,409
23,534
200,382
98,134
184,225
155,693
145,62
185,57
191,544
34,998
111,411
59,986
173,27
144,971
133,997
110,717
52,214
40,277
133,920
95,137
104,143
153,542
195,162
183,870
128,798
141,775
87,442
109,788
102,816
73,507
159,140
133,249
121,553
112,85
43,149
77,687
194,429
171,260
154,943
62,489
191,713
91,485
175,400
100,219
22,178
79,850
184,210
174,196
178,165
168,530
19,906
90,26
104,223
77,916
73,721
137,89
61,131
69,927
197,923
197,90
168,816
79,156
116,678
5,995
180,175
118,352
153,938
139,179
114,362
165,13
19,877
124,485
160,89
44,34
82,628
152,937
27,534
128,577
197,676
192,970
139,133
54,534
97,961
195,985
151,46
32,395
196,21
100,56
60,917
87,396
84,305
99,81
121,117
153,548
83,5
153,138
194,128
17,378
110,199
28,596
125,192
18,513
155,819
130,351
82,353
53,638
82,379
43,236
57,477
108,229
91,773
21,862
128,69
150,76
174,707
93,114
28,449
75,741
40,131
137,973
118,33
171,147
139,170
75,866
86,603
28,834
35,307
100,335
30,646
132,960
68,632
54,44
170,599
25,434
122,345
178,338
17,176
200,530
17,190
10,805
150,821
92,654
148,996
128,975
51,672
169,972
55,726
195,574
147,410
180,415
115,440
74,345
188,224
107,851
168,78
186,512
111,735
162,483
105,994
52,282
196,378
30,871
153,648
189,281
107,345
30,908
153,289
111,808
62,227
55,234
166,738
120,173
164,315
96,785
183,771
58,710
58,935
40,745
43,389
33,992
27,157
157,94
199,55
20,67
15,438
146,922
165,970
101,717
178,998
164,293
126,453
70,353
130,182
60,445
112,534
129,175
32,903
159,262
124,105
99,342
84,185
186,178
102,558
1,691
23,705
192,378
157,872
88,851
105,227
13,34
128,947
118,320
101,732
23,883
187,379
40,743
21,235
105,679
97,204
130,305
124,81
173,434
86,533
191,898
182,234
199,526
34,797
195,637
150,254
178,348
176,817
37,777
78,11
106,143
69,75
56,230
162,759
106,125
69,220
167,988
67,79
67,70
102,626
62,7
138,286
118,55
158,881
74,608
143,467
182,308
160,949
137,636
73,584
46,185
156,221
25,178
155,485
58,650
68,131
169,851
25,440
113,708
102,501
175,439
192,248
35,539
108,361
14,990
137,932
103,339
200,518
19,199
47,579
39,108
115,862
132,368
112,846
50,194
144,511
177,822
180,329
153,241
3,436
127,200
42,259
142,659
72,768
62,76
107,671
187,590
58,690
175,201
128,731
7,972
36,804
111,7
101,26
38,274
177,832
146,639
92,498
101,731
66,120
44,342
64,499
41,890
165,440
17,45
96,139
51,483
48,422
11,60
65,150
75,409
124,166
184,892
65,480
151,785
35,608
26,512
141,624
39,647
90,558
67,242
118,897
127,657
188,455
188,476
54,29
156,448
152,162
131,791
195,797
97,67
138,288
12,978
35,325
34,609
90,506
17,405
42,323
149,467
41,98
178,764
24,568
178,592
89,321
117,862
149,136
148,731
78,360
19,436
10,581
32,473
96,4
33,828
47,711
114,379
112,742
95,756
97,307
103,349
72,760
147,448
89,209
131,261
43,445
107,52
136,857
4,469
141,131
109,613
170,442
45,676
164,962
43,337
34,172
163,729
34,739
23,447
72,881
109,773
190,12
83,871
156,670
86,850
185,102
178,880
56,543
185,10
145,282
25,705
67,697
116,620
101,966
22,198
158,632
171,525
176,279
122,505
122,977
137,916
5,729
93,295
177,335
91,169
124,904
134,936
86,733
49,441
78,703
165,587
51,223
53,571
178,31
64,642
179,689
172,855
16,203
78,244
134,23
129,949
174,325
50,377
25,50
195,730
122,851
27,617
88,934
104,461
90,198
160,973
93,420
19,326
95,171
160,982
142,131
186,508
157,530
80,483
21,281
127,875
142,938
77,304
90,30
14,698
143,287
180,985
81,716
49,184
182,743
23,475
52,532
102,22
68,750
50,220
168,747
176,983
70,797
89,951
79,820
46,441
158,595
49,911
35,323
164,236
84,738
37,223
191,811
141,342
121,854
193,660
80,862
103,233
84,425
182,616
12,134
182,790
68,932
43,753
58,492
92,463
10,595
15,105
157,695
25,272
105,884
149,748
145,820
184,580
68,280
148,194
146,809
82,70
180,372
68,503
55,188
113,164
33,149
118,542
14,341
110,627
125,57
159,899
84,901
196,644
149,804
167,742
80,436
120,348
152,643
199,535
123,355
19,277
164,582
55,26
74,301
136,56
63,847
191,970
69,766
90,648
128,571
179,839
13,113
195,669
10,855
18,126
124,380
192,211
107,781
191,481
83,2
98,459
114,408
26,611
18,560
48,503
118,914
174,891
145,158
4,700
169,387
2,970
65,608
116,250
92,505
7,900
25,207
161,358
148,380
132,154
90,664
157,210
27,845
76,34
12,635
167,94
94,193
76,57
124,748
133,649
162,935
85,924
92,760
62,321
12,227
138,128
125,742
111,772
26,7
181,675
105,201
34,32
129,719
139,584
182,633
99,891
7,412
132,324
127,320
115,271
110,322
110,609
50,262
45,975
134,561
100,603
104,53
152,237
103,811
78,271
23,217
110,718
63,376
182,951
110,93
30,370
34,370
175,532
157,59
56,251
4,361
159,472
191,695
179,801
81,538
69,452
124,531
115,212
151,583
156,523
190,99
150,79
19,14
164,474
193,277
87,817
29,854
5,813
112,487
122,207
117,780
5,163
82,31
104,178
84,402
63,148
173,33
194,167
144,446
45,961
2,50
65,66
112,803
170,5
122,468
137,23
118,441
91,685
127,42
30,600
76,332
175,314
46,709
121,154
167,579
88,707
126,595
24,132
190,712
102,27
26,326
114,945
57,425
183,504
134,298
122,865
163,140
157,194
161,96
199,401
138,496
108,709
45,662
194,850
125,617
127,858
48,670
61,909
70,736
182,860
73,619
54,404
20,808
150,798
38,47
61,429
112,407
188,682
31,254
105,651
137,946
158,807
122,774
53,416
52,798
101,377
84,50
138,329
151,339
172,609
147,959
78,321
142,745
11,438
198,361
178,809
86,818
29,159
158,454
80,24
11,484
23,470
164,142
183,661
196,340
126,769
120,172
174,135
143,557
161,973
7,668
18,954
35,743
37,129
29,989
119,987
183,831
20,537
48,729
117,446
72,275
181,539
20,330
199,492
172,711
23,168
64,811
166,752
72,954
116,145
11,639
139,589
108,299
200,652
192,144
75,496
99,930
93,358
77,103
48,306
189,150
154,174
197,522
28,647
157,924
81,913
31,477
123,161
23,529
183,43
82,889
113,971
128,363
100,344
146,122
143,118
77,280
135,611
35,472
90,561
83,839
185,427
79,125
67,860
148,394
87,999
56,987
72,699
110,275
118,678
181,240
42,888
173,576
180,252
135,231
167,532
53,844
54,663
86,857
136,515
67,440
63,588
19,604
62,317
93,987
135,393
52,288
156,604
72,697
16,213
71,459
41,416
167,862
9,925
121,707
36,6
77,695
101,188
46,86
123,228
69,488
21,178
184,653
161,502
20,77
182,924
77,373
11,63
87,902
122,794
165,731
41,718
116,884
191,37
154,858
200,636
66,895
43,814
65,745
8,207
149,787
122,694
126,372
39,975
83,301
54,238
44,341
85,258
88,462
135,235
113,513
22,788
40,663
32,15
153,709
136,538
115,298
77,4
194,69
59,837
87,966
26,495
149,994
141,776
121,988
189,925
172,637
158,457
187,248
111,312
187,861
92,359
4,854
70,13
24,262
112,355
145,912
150,651
138,704
117,674
68,877
105,262
176,434
129,447
88,155
44,84
82,484
163,817
156,34
168,13
175,925
1,894
23,453
54,885
23,202
20,165
184,472
29,850
3,414
32,506
48,974
21,778
24,598
176,270
39,81
24,925
174,96
180,959
126,723
25,308
108,581
182,812
178,784
186,395
107,988
104,357
177,751
133,787
70,852
6,614
37,809
105,411
125,212
29,186
154,657
127,627
42,501
136,363
48,761
28,219
35,927
37,110
177,249
183,381
20,164
75,191
107,889
35,168
117,921
127,74
73,192
187,50
163,231
121,158
89,160
160,723
135,954
157,77
42,253
190,787
113,600
98,658
104,1
78,750
121,260
179,572
80,812
188,849
194,501
1,969
113,993
41,742
199,14
117,645
88,312
97,441
165,23
33,273
125,103
180,315
192,121
179,323
89,512
40,316
193,990
106,39
94,926
172,985
41,682
182,907
138,531
127,255
106,612
38,958
150,855
123,979
16,315
112,228
87,632
139,63
138,689
149,297
160,448
8,105
165,695
135,508
64,832
156,652
165,56
131,654
47,47
94,570
61,278
191,629
20,185
157,804
90,807
154,607
66,938
54,403
56,40
1,955
30,536
168,719
72,44
51,239
147,203
155,57
5,659
32,781
59,783
56,974
97,879
139,458
5,800
101,64
110,54
120,599
188,661
127,508
122,431
187,721
91,940
132,805
32,41
137,837
140,268
189,359
51,497
150,101
131,64
143,416
192,463
65,788
91,195
10,692
89,396
16,355
182,1
2,997
94,178
69,886
62,352
125,899
76,35
63,941
58,307
103,530
152,980
73,364
47,455
90,639
46,486
111,492
40,80
80,414
169,974
46,291
190,751
4,748
4,414
200,804
128,710
4,128
28,770
134,407
76,880
184,313
176,491
53,850
13,462
56,306
6,504
12,18
109,229
34,467
94,626
39,253
171,277
187,960
106,524
181,901
180,549
52,157
97,580
77,871
176,71
45,696
172,367
65,175
129,106
193,191
81,464
141,638
145,731
34,12
35,195
19,245
111,787
152,584
138,531
180,732
191,675
102,827
180,185
178,252
47,983
85,741
165,189
132,89
41,252
138,153
195,468
131,518
167,825
140,58
76,968
117,693
48,790
95,145
16,634
34,441
112,367
66,973
39,58
191,235
157,303
122,948
182,518
98,768
55,772
113,869
130,901
42,870
48,907
73,175
88,74
115,330
186,133
24,299
84,828
108,901
57,979
197,629
67,258
5,837
122,649
141,774
173,293
144,623
174,988
169,217
124,208
65,969
2,188
55,813
42,2
110,54
196,711
168,696
1,218
124,691
182,437
52,485
141,621
102,699
133,968
163,727
69,329
148,828
148,556
178,339
104,528
187,896
64,240
77,355
8,83
33,19
146,842
50,124
155,826
191,888
14,469
102,679
81,675
106,196
174,283
51,542
103,889
163,860
120,583
107,751
43,634
170,853
10,815
159,732
14,208
184,384
41,453
119,842
146,687
97,71
109,766
38,707
70,74
24,445
99,145
183,913
38,100
143,794
106,420
162,106
126,56
49,482
30,169
85,443
140,792
183,642
192,296
178,630
168,818
128,685
137,716
119,360
140,529
88,456
49,213
77,68
52,595
111,731
55,87
111,839
195,989
127,193
122,195
169,587
20,181
192,461
195,380
46,266
42,873
189,489
67,487
115,381
142,863
156,473
135,995
161,661
75,981
149,946
187,152
87,961
26,323
20,684
177,742
122,735
79,322
188,704
104,122
13,493
130,499
177,149
120,662
178,317
131,385
80,473
20,567
68,129
17,670
192,693
143,899
198,743
131,357
71,961
18,281
18,337
120,495
3,834
70,986
70,406
12,550
16,577
45,926
105,902
118,77
56,616
170,474
5,162
197,978
177,524
69,223
165,167
47,652
21,84
52,497
30,869
95,340
80,57
94,514
195,667
135,76
122,315
71,167
87,309
69,617
43,994
184,156
162,294
139,564
193,345
159,193
139,749
133,824
11,426
193,660
3,886
69,814
98,657
62,120
24,109
18,563
156,850
39,526
133,416
96,907
191,988
134,853
190,735
167,877
128,94
30,62
197,70
42,740
169,952
146,977
143,336
5,109
61,145
182,983
160,932
179,476
147,899
116,485
171,58
27,580
150,704
73,169
86,261
160,509
59,277
9,732
81,1000
87,612
145,341
175,550
52,746
79,125
88,537
72,850
35,102
13,6
145,61
148,713
2,350
197,338
78,761
61,536
200,475
28,905
117,998
85,111
177,341
194,917
28,67
33,673
44,650
83,972
26,773
48,460
75,191
164,970
139,10
174,845
24,914
97,712
160,947
48,895
199,8
1,991
180,494
92,914
181,365
24,433
112,959
85,712
53,201
140,683
165,599
51,806
196,320
66,21
177,141
169,393
36,601
89,869
123,312
55,511
74,403
99,599
118,330
30,845
7,530
92,704
162,318
78,368
96,502
58,278
149,877
78,747
101,829
64,653
96,67
120,598
107,913
60,96
81,19
62,222
152,760
24,537
91,628
2,942
35,727
169,854
102,486
84,358
41,635
68,121
21,170
198,824
122,468
131,744
19,850
110,581
20,869
194,741
114,499
173,113
78,460
16,414
74,247
177,294
14,76
43,51
63,829
159,273
40,22
31,411
156,968
31,387
51,89
177,588
126,927
43,650
16,947
99,134
36,464
96,508
197,641
189,217
118,660
128,901
130,52
44,645
147,491
147,313
139,164
183,875
117,887
179,226
180,902
60,78
3,88
191,384
168,662
134,839
56,208
200,688
164,837
158,738
17,15
49,272
14,929
9,329
88,442
7,491
172,793
84,478
148,94
158,752
196,967
189,702
154,580
167,230
19,97
70,25
175,937
53,417
9,49
72,389
64,157
7,533
32,463
135,149
86,23
87,540
40,84
121,662
14,447
20,793
84,384
109,831
145,989
138,111
92,233
160,193
7,877
166,674
120,138
157,377
2,173
124,966
115,854
33,339
119,560
188,475
182,348
112,8
173,134
132,698
190,382
168,206
126,430
108,599
132,783
159,380
193,599
24,949
84,772
172,489
169,654
13,244
42,754
114,112
31,640
15,525
47,611
176,936
69,104
40,709
156,952
98,457
96,850
21,423
2,4
46,935
31,62
189,122
154,955
193,277
84,301
138,833
20,325
54,678
114,659
22,631
50,949
17,61
12,181
189,587
92,13
165,224
76,278
39,679
93,430
175,429
77,238
140,39
77,752
68,188
159,293
109,996
70,593
30,152
9,358
107,650
122,62
74,246
112,438
67,674
32,981
79,871
109,827
154,233
171,229
130,60
176,585
125,68
140,523
55,796
171,793
75,335
74,944
72,54
146,552
105,290
158,801
164,119
7,248
152,259
21,516
186,326
156,765
54,897
93,717
74,911
26,7
15,746
110,593
135,801
83,656
131,207
123,624
119,153
148,56
179,412
78,209
159,172
56,919
182,191
90,247
85,440
129,376
56,333
24,237
102,99
114,568
16,796
50,403
189,731
61,72
187,5
115,526
199,704
31,339
3,258
102,909
28,691
90,252
152,479
103,962
119,879
53,534
67,740
183,940
142,209
168,280
55,364
140,472
60,98
122,605
194,279
120,224
82,639
62,214
59,719
161,745
165,472
99,726
179,926
73,639
115,301
132,151
133,625
11,739
54,663
43,670
87,658
114,385
138,753
120,833
135,494
107,768
145,483
187,361
3,244
4,855
148,184
161,148
74,963
195,773
156,221
151,769
29,774
94,513
190,368
9,555
64,285
179,708
111,146
40,708
11,713
78,88
119,782
151,587
168,988
123,964
68,280
142,184
153,814
90,102
84,368
15,198
152,496
193,754
128,630
164,180
189,387
148,421
163,545
23,70
186,979
9,946
43,822
10,800
28,442
1,545
148,841
5,216
28,239
102,502
9,138
111,910
172,666
93,77
116,796
18,895
104,773
15,163
13,9
113,492
93,123
130,275
164,415
93,747
52,801
47,848
49,400
173,820
9,256
43,690
98,146
157,484
163,969
142,354
125,524
186,842
54,618
36,820
8,204
78,219
92,564
32,653
32,260
41,841
65,653
132,338
99,100
90,693
185,658
55,996
22,988
81,476
177,780
135,527
106,921
131,318
148,77
49,222
14,386
181,236
73,960
53,559
166,467
70,780
98,952
23,146
166,218
114,339
75,159
139,38
188,312
23,415
152,380
127,48
90,969
87,855
66,379
86,414
168,408
113,283
146,887
146,930
137,434
49,704
176,926
162,70
58,571
43,348
131,531
14,491
5,138
57,84
59,651
22,873
11,693
50,989
89,668
174,627
154,392
16,334
142,385
60,643
145,279
156,949
175,169
15,822
32,414
197,883
159,217
157,540
21,468
71,162
86,304
184,362
117,832
42,529
96,633
181,379
200,186
25,444
101,226
81,611
145,662
116,64
165,207
96,573
128,941
136,49
89,230
130,424
37,13
69,273
33,549
132,274
25,946
63,644
114,802
181,463
15,941
33,389
110,104
21,466
146,572
7,780
115,437
27,755
179,148
199,718
196,452
129,181
135,90
35,436
10,518
153,418
18,228
160,201
57,864
103,226
152,576
187,225
196,364
33,958
20,764
148,821
31,19
55,155
128,71
132,982
47,758
111,568
97,861
53,922
71,989
122,89
112,797
69,671
14,327
147,606
189,99
36,109
133,834
4,421
142,363
101,388
14,294
54,868
3,680
138,363
2,767
144,964
116,424
133,842
11,99
101,788
81,376
55,717
117,310
20,576
3,708
182,222
194,248
58,233
121,823
39,233
116,906
130,50
38,391
9,606
154,677
42,823
50,674
72,643
200,887
140,697
29,365
69,760
139,478
171,307
53,747
149,16
189,196
196,461
153,285
37,920
107,102
98,60
164,81
86,885
38,753
200,619
92,35
157,597
172,426
26,846
37,170
183,346
163,201
65,196
132,359
79,713
146,511
1,281
37,370
61,1000
95,304
181,681
96,390
82,72
136,417
117,158
40,407
103,874
111,288
84,491
108,141
12,179
95,94
87,968
157,653
43,391
121,963
179,722
150,292
1,143
197,447
72,955
26,6
142,411
162,100
73,176
110,649
77,394
85,398
47,92
95,419
173,76
180,728
128,448
24,761
41,300
75,482
41,441
76,525
130,86
50,503
13,651
75,288
71,870
80,412
111,962
186,374
86,641
157,925
102,619
138,132
41,374
5,15
30,244
164,646
137,274
85,944
72,938
73,320
29,89
93,270
195,695
113,916
115,254
39,936
146,719
3,175
34,59
71,605
47,641
172,484
52,511
183,16
118,732
8,235
134,77
130,743
49,904
120,583
180,872
2,956
8,234
86,304
79,352
76,575
45,49
37,294
153,129
183,493
41,765
43,292
3,36
87,588
32,692
130,423
138,767
69,960
10,988
9,992
40,473
100,268
105,526
144,969
31,372
134,664
130,568
180,477
144,527
65,601
32,189
148,221
73,200
198,797
6,731
186,451
33,496
101,902
83,990
104,997
41,85
162,457
155,476
3,595
16,246
4,128
186,86
77,1000
31,68
127,556
150,354
19,669
180,921
128,434
145,234
1,40
125,34
114,951
105,741
161,335
45,112
34,461
34,958
68,325
48,716
145,590
94,907
198,616
41,703
29,72
67,422
59,836
173,102
37,577
59,170
50,661
189,836
194,73
69,358
46,587
150,501
129,982
148,756
132,676
82,970
50,763
143,517
157,741
21,890
78,564
21,948
102,270
148,458
68,741
65,501
94,172
83,93
128,271
116,923
126,224
92,612
62,259
76,467
142,418
142,30
65,299
1,226
100,946
73,188
145,685
69,134
56,345
157,806
32,751
118,131
197,707
92,509
103,311
73,437
101,381
199,889
157,545
73,193
109,270
158,878
149,139
20,886
165,614
65,793
182,842
3,908
191,361
198,607
18,13
98,375
97,270
1,403
85,497
78,834
117,15
149,822
182,772
31,27
189,190
36,5
60,186
128,232
176,822
150,42
143,22
130,594
155,763
160,11
188,375
75,43
50,809
49,340
146,811
130,716
22,86
48,349
28,332
79,910
8,317
192,498
115,955
73,408
134,447
45,360
175,706
197,62
185,984
20,49
30,75
32,854
141,22
87,530
66,534
172,278
121,833
78,256
109,38
160,79
89,272
9,885
131,744
122,406
58,278
169,841
157,489
165,285
124,11
186,353
61,668
49,182
7,68
45,130
18,313
43,76
143,391
5,160
44,303
92,250
32,931
149,993
136,83
124,163
139,197
118,386
21,413
178,57
192,349
175,188
11,545
107,511
58,134
49,680
137,743
33,102
120,557
193,535
71,245
11,847
7,825
171,838
29,76
165,938
98,308
101,613
88,415
117,42
137,84
81,36
125,134
4,568
4,631
23,959
88,503
24,25
112,16
91,404
61,443
6,644
189,918
88,425
160,697
106,786
124,171
119,677
102,944
35,806
2,199
172,125
54,765
67,891
53,954
198,923
139,415
174,252
195,850
200,21
69,809
77,968
129,103
13,451
168,542
57,645
113,568
65,888
67,8
170,578
19,354
57,419
5,696
1,988
11,131
188,778
105,394
99,62
174,662
66,808
113,540
15,275
118,93
187,493
28,264
51,230
40,92
37,816
10,309
79,376
67,933
110,181
111,416
166,203
62,15
100,598
62,873
77,165
190,785
82,657
159,528
66,855
148,518
15,210
86,5
46,963
41,706
156,914
44,184
193,803
197,172
113,864
61,504
35,867
12,174
10,867
64,657
47,499
180,963
106,21
196,472
57,394
7,330
85,511
112,727
66,150
7,491
14,638
34,107
117,357
189,691
196,871
141,385
9,188
77,726
156,145
91,374
172,947
144,673
106,48
112,43
68,659
121,169
63,615
98,759
24,896
80,787
154,458
139,122
153,432
22,121
194,120
96,948
48,357
176,635
155,302
19,140
55,602
33,802
159,848
146,94
93,469
36,360
122,377
89,304
43,302
137,91
57,232
164,845
184,603
187,445
78,195
172,388
85,403
68,538
83,375
36,360
131,107
47,675
130,132
199,975
36,272
27,122
97,311
35,281
113,485
189,987
193,251
96,36
101,778
162,981
67,471
169,247
162,452
138,160
28,230
119,206
117,3
36,466
60,826
23,419
9,126
53,385
46,380
42,357
83,426
93,50
70,816
174,198
173,89
97,93
36,963
101,77
200,415
50,519
43,607
56,941
145,879
21,416
34,8
61,306
180,193
138,558
152,943
4,113
175,770
146,454
83,193
50,936
129,286
38,739
147,380
23,808
170,799
149,864
58,141
91,426
157,357
169,429
108,865
27,701
27,274
121,776
116,823
46,241
116,195
178,678
89,307
134,765
76,960
1,221
94,984
39,198
190,892
143,590
91,311
82,398
39,200
195,359
98,160
147,228
95,993
62,60
153,152
145,673
154,58
129,177
60,74
29,320
87,11
160,776
144,925
42,796
165,548
95,871
104,175
182,73
53,461
23,580
173,8
99,743
175,539
186,152
108,374
109,82
104,837
167,907
52,444
186,196
121,563
177,813
33,366
162,760
174,854
183,987
125,635
62,596
14,629
10,18
98,475
188,980
143,600
110,90
108,432
60,894
59,729
83,678
23,302
103,48
63,918
102,639
46,468
136,485
154,318
124,374
160,50
193,742
125,363
188,488
130,141
96,977
161,11
80,867
93,601
137,340
12,288
154,316
142,694
197,634
125,143
78,955
29,147
186,936
27,889
59,505
152,135
168,921
9,506
28,403
157,67
130,406
98,284
63,352
80,425
21,306
54,842
96,864
99,323
196,265
157,406
94,82
100,748
78,520
136,949
145,208
102,688
97,770
7,921
181,254
123,820
32,111
52,290
107,253
9,278
98,277
40,619
129,839
90,564
35,939
95,563
73,145
8,956
57,637
17,694
54,274
6,174
25,341
160,2
65,126
10,391
110,502
28,481
62,883
145,785
178,361
49,749
101,854
107,420
13,262
80,556
48,464
119,326
196,794
66,67
149,146
124,33
182,53
105,430
81,351
136,216
143,842
61,745
122,586
36,873
153,709
140,774
151,471
88,395
180,282
70,453
92,814
155,559
7,536
130,53
115,109
88,222
75,858
147,843
116,348
59,957
31,251
152,720
123,831
195,365
22,226
30,829
129,309
48,638
90,391
167,500
113,545
76,655
15,67
81,917
46,950
157,691
121,991
15,218
189,465
22,502
117,314
141,336
120,338
36,570
13,199
79,686
98,758
85,473
12,706
112,76
45,621
84,15
137,219
77,507
77,67
19,446
193,689
125,162
27,566
120,464
23,315
73,833
88,429
51,244
116,286
105,185
74,470
11,856
59,725
52,278
124,860
85,855
60,207
46,763
27,70
151,153
60,302
74,283
92,475
176,829
184,925
22,656
92,871
79,905
6,925
193,873
100,786
156,18
183,647
95,609
85,288
58,864
65,412
160,844
159,192
196,76
110,760
17,521
164,276
13,134
30,108
93,806
96,611
135,843
96,774
42,961
195,362
114,357
88,930
186,106
155,396
114,127
1,95
79,868
87,272
21,676
130,493
117,145
73,638
16,540
8,463
80,260
200,886
39,503
23,931
111,960
108,63
166,281
11,341
193,712
138,774
61,653
122,512
70,396
132,160
31,889
200,159
161,135
191,386
27,538
106,580
32,561
116,668
59,473
135,667
89,638
141,897
39,200
77,504
81,485
153,407
185,795
94,836
20,334
181,891
44,519
145,229
166,248
43,713
173,915
188,739
91,935
103,223
141,275
77,62
151,111
187,702
28,367
123,885
77,842
9,408
163,10
145,457
39,939
154,701
108,24
10,906
118,877
115,156
53,333
76,31
125,765
111,785
137,593
106,742
179,734
103,316
149,294
124,376
63,515
195,580
87,985
67,962
13,263
139,636
27,18
114,677
156,41
124,207
112,605
80,212
116,145
195,233
69,859
34,692
160,979
170,982
141,688
115,769
78,272
41,343
46,34
10,539
187,206
72,950
81,911
99,508
14,141
51,349
30,160
75,284
143,988
93,97
38,301
16,299
187,873
157,395
24,122
119,973
94,70
181,39
60,628
158,614
134,848
8,49
32,7
104,587
105,450
11,676
62,603
23,426
24,553
133,921
129,295
102,153
200,228
33,308
98,829
136,278
70,593
166,465
65,418
111,681
34,124
31,49
94,658
87,395
123,737
124,186
16,15
155,495
169,73
112,401
200,561
88,363
166,94
4,806
161,750
80,90
80,796
197,987
86,806
141,518
166,172
20,312
185,527
144,453
68,372
195,49
4,447
60,191
29,333
7,874
132,994
192,275
126,437
3,966
28,396
57,771
58,736
90,14
152,569
166,615
159,191
191,393
111,162
49,172
127,959
102,657
160,44
143,251
155,47
121,610
106,110
120,13
37,954
153,233
15,834
74,728
111,361
107,692
46,369
135,466
71,202
165,984
107,481
139,674
23,652
114,516
50,464
49,905
36,169
12,339
116,663
200,812
117,664
107,981
108,722
10,287
5,636
26,496
162,653
12,534
13,286
165,207
86,299
151,251
119,85
185,322
97,137
138,797
66,367
13,481
52,88
98,545
9,455
76,570
141,663
144,170
143,786
80,52
22,850
125,901
139,805
85,259
177,291
125,590
140,401
47,874
43,628
114,226
21,787
190,423
149,610
41,228
197,416
7,729
188,787
26,89
24,774
102,875
32,976
117,20
53,211
173,681
78,937
148,944
108,188
104,78
133,595
7,338
70,766
85,776
170,271
108,859
130,687
114,529
125,219
194,950
185,663
32,417
143,664
12,896
92,9
19,886
87,431
52,220
125,13
77,324
186,757
34,853
198,402
120,867
152,377
188,29
4,764
161,775
78,840
40,816
184,500
53,352
71,872
185,20
38,805
77,349
178,311
151,16
85,942
74,862
62,329
197,252
102,789
12,732
163,20
172,932
40,842
19,585
114,784
167,228
58,630
197,84
82,140
92,939
185,13
133,932
60,383
14,725
187,393
54,130
89,533
200,878
10,512
152,607
152,777
100,765
34,300
58,665
27,374
185,629
56,500
113,841
75,126
80,900
174,645
150,667
99,560
119,945
45,636
53,231
12,729
67,227
1,382
180,565
97,297
11,539
186,735
99,880
2,675
126,781
148,776
43,682
55,635
36,76
34,518
74,364
57,900
158,441
116,39
190,369
95,855
23,72
9,830
41,865
20,22
16,672
184,123
96,810
54,93
88,969
125,920
46,295
21,737
10,566
123,630
39,991
41,433
63,4
145,480
117,38
14,251
33,850
153,619
29,770
113,107
72,918
140,251
165,867
1,212
93,746
104,111
127,345
182,337
169,584
134,452
22,912
155,884
116,593
125,707
34,596
118,300
112,481
19,605
57,25
150,921
77,924
139,423
81,999
139,234
20,909
62,925
9,85
94,660
43,280
158,982
51,883
137,260
77,669
184,390
18,514
148,782
58,67
106,956
25,387
174,224
1,496
155,394
159,403
173,501
61,388
61,72
22,994
21,489
19,837
37,26
77,539
57,168
112,809
22,461
129,632
53,63
85,701
45,376
158,116
50,589
119,999
187,93
14,312
24,1
171,748
46,798
127,377
84,413
58,854
25,514
129,42
108,495
68,490
186,698
199,938
145,238
60,808
40,855
38,349
10,430
183,29
115,902
60,695
161,392
109,178
60,24
189,954
125,657
9,594
92,681
132,567
107,375
87,885
101,149
56,47
130,995
20,707
40,144
96,258
184,377
121,580
12,246
88,956
175,105
27,15
121,54
166,189
41,509
155,288
83,882
38,198
26,57
187,252
94,721
81,656
145,24
187,963
132,531
18,822
18,684
188,187
143,68
29,259
33,570
141,32
42,802
35,575
66,240
134,479
35,571
103,680
69,782
43,255
99,605
28,228
180,43
105,621
167,798
160,607
64,693
177,766
145,134
12,50
183,92
105,166
35,882
27,249
82,464
199,117
172,729
30,129
101,955
26,889
99,961
193,641
189,685
50,746
141,307
135,508
30,964
180,207
77,205
46,833
116,441
131,990
117,127
84,378
127,570
163,151
192,242
200,440
167,357
139,884
8,283
71,647
185,247
194,36
30,481
108,366
69,384
167,313
166,360
36,563
93,68
55,358
179,19
52,932
46,579
161,153
114,31
79,31
48,477
129,200
181,693
105,186
120,538
41,579
22,440
160,129
132,260
10,462
163,639
6,721
68,641
130,532
158,759
194,76
134,810
59,377
84,459
147,143
9,143
51,205
13,507
22,622
69,805
23,805
161,254
3,690
197,946
162,11
105,956
161,763
195,86
130,442
59,632
183,730
14,558
150,547
170,936
91,343
62,190
68,68
191,150
93,624
114,42
14,250
50,6
188,103
53,159
74,957
160,366
115,991
2,215
102,404
39,499
39,645
153,745
167,808
199,618
186,154
113,874
57,520
126,299
31,607
194,145
54,52
49,784
79,930
141,79
153,96
130,928
49,236
181,933
40,881
189,511
103,892
42,107
22,982
125,81
17,292
80,316
12,162
57,65
79,844
177,446
96,647
75,974
80,389
162,70
164,488
125,454
123,815
55,242
32,930
195,827
91,160
102,751
57,668
14,85
92,878
198,90
109,877
32,380
34,751
72,636
105,716
172,681
9,434
184,998
159,477
42,144
30,480
194,380
26,490
63,894
109,663
135,129
122,73
155,989
92,620
10,947
168,76
133,239
115,438
28,180
126,939
135,272
48,86
7,176
17,337
76,484
159,810
92,982
28,693
30,421
35,307
31,645
21,566
62,937
86,369
26,148
150,895
70,162
32,557
28,133
146,331
58,697
63,859
31,594
125,27
151,285
148,112
195,28
108,933
177,398
132,962
113,781
24,519
27,364
193,537
46,347
10,187
104,803
65,729
140,595
6,230
86,443
78,625
173,7
25,71
132,397
166,373
30,305
52,51
176,684
130,452
22,119
63,350
89,954
165,665
99,863
123,952
155,704
33,110
144,199
154,481
150,337
137,351
192,714
118,779
74,100
115,62
31,513
59,308
136,933
157,680
165,1
172,453
106,848
62,806
48,994
138,761
55,981
45,962
33,43
149,256
49,607
11,614
14,680
24,917
67,323
200,22
8,255
195,237
77,745
178,6
147,251
184,758
156,468
27,656
88,142
51,505
89,209
55,101
13,355
172,976
112,807
41,182
18,737
1,630
184,687
57,712
37,633
7,506
66,938
121,500
67,352
170,488
108,909
77,938
55,304
52,923
154,936
37,307
100,617
89,353
153,717
38,231
103,996
91,825
115,617
181,459
21,129
187,907
45,211
124,74
183,470
75,53
155,684
133,775
147,132
194,355
142,634
112,831
90,30
142,260
130,105
117,376
55,832
186,702
153,187
13,696
102,62
48,412
90,603
112,291
126,865
120,503
151,329
22,781
68,949
14,625
164,392
23,635
106,881
50,587
158,250
88,852
104,109
4,25
44,408
151,618
91,224
84,366
12,173
175,87
88,11
5,322
96,151
142,518
165,528
33,960
200,248
21,935
184,365
177,800
95,343
120,614
72,388
64,177
149,746
113,61
131,110
2,998
27,530
177,897
152,368
54,100
58,618
62,813
15,647
74,922
110,307
115,39
157,147
174,648
60,39
53,591
137,660
184,923
46,479
27,417
34,598
109,497
124,552
69,979
41,974
38,325
128,852
52,780
168,234
29,827
154,785
73,435
134,864
182,829
97,332
92,482
25,234
96,841
111,465
199,994
43,174
49,297
60,40
39,238
184,711
171,873
175,427
63,627
172,255
88,519
30,202
178,889
37,904
35,833
187,991
150,601
154,210
99,433
182,360
90,827
179,488
118,547
24,808
180,713
105,925
11,949
69,945
65,105
115,94
108,306
103,853
186,11
180,810
53,866
19,281
93,5
38,566
63,586
149,972
166,931
167,984
60,202
133,846
72,981
90,420
61,142
48,485
103,191
195,923
195,383
200,439
200,60
84,593
141,978
40,556
15,242
185,566
62,259
153,469
38,402
174,381
99,539
148,905
4,648
149,586
90,539
188,98
130,452
148,142
14,933
105,57
94,507
86,338
186,412
65,953
9,150
8,6
101,648
128,384
172,382
51,275
105,693
49,474
21,388
70,923
164,879
2,698
50,219
172,110
141,360
93,325
180,704
102,770
186,60
92,339
136,767
177,759
184,2
51,859
162,474
11,607
74,620
130,284
72,6
138,825
183,663
91,737
53,391
67,697
31,43
198,16
184,247
173,498
200,714
200,854
144,114
163,939
36,604
131,230
126,387
149,621
113,130
3,334
71,559
11,111
162,896
105,991
78,286
90,760
92,600
34,522
86,539
197,645
15,602
114,868
100,406
42,262
9,637
191,667
138,783
12,259
151,148
9,555
184,787
81,969
151,263
107,168
75,704
193,293
120,31
91,193
71,67
52,757
78,96
133,757
108,24
55,23
79,371
99,320
163,484
86,870
64,876
65,439
66,21
114,801
138,269
58,650
95,970
85,704
5,638
58,902
73,176
125,543
162,818
144,308
138,620
180,732
86,157
123,207
137,775
123,281
193,127
195,408
92,241
114,735
103,91
113,107
187,933
149,546
33,484
11,444
162,554
127,122
136,881
160,975
102,3
173,283
156,152
154,415
183,460
98,429
22,337
159,532
143,115
144,350
82,488
76,426
22,633
163,510
52,870
134,985
196,115
105,158
87,671
189,330
111,526
89,589
85,326
120,521
136,671
86,17
165,557
18,752
74,76
45,356
93,629
104,955
76,407
141,319
188,588
130,109
197,67
162,944
142,238
85,138
90,258
30,513
179,122
1,747
72,541
68,930
83,811
87,442
174,612
165,747
15,28
60,627
120,656
159,392
125,567
16,71
31,58
91,155
147,584
193,669
190,176
129,838
77,975
24,317
94,193
67,661
154,212
113,286
87,257
156,142
106,221
128,546
28,987
135,552
127,609
101,633
188,308
140,27
101,775
6,51
171,618
186,894
149,81
152,713
142,105
45,575
3,711
78,293
52,132
17,518
99,677
74,410
109,283
101,57
62,571
166,967
25,288
10,248
32,215
113,626
67,211
95,106
69,817
23,55
22,994
153,712
29,162
18,277
46,599
97,843
16,701
121,29
198,170
192,509
116,774
165,344
86,639
101,79
116,791
89,783
175,303
161,314
12,161
132,53
5,961
5,922
62,932
93,736
42,858
17,187
78,524
116,686
120,505
147,211
96,975
25,884
124,323
193,108
191,178
53,812
194,759
104,24
37,186
79,398
57,841
72,311
28,404
110,56
185,800
134,621
68,990
178,700
21,237
3,634
106,991
197,736
112,501
117,369
74,798
185,540
200,672
69,506
153,19
172,446
156,367
69,544
113,451
151,720
155,934
34,962
44,644
41,908
197,134
41,569
110,681
76,544
51,855
61,997
28,767
43,19
124,96
26,521
88,847
78,72
189,934
53,601
18,700
177,489
47,91
122,540
170,996
159,168
90,325
182,766
154,87
191,292
199,523
46,261
131,859
91,162
143,795
4,82
2,365
159,320
179,43
87,917
200,957
4,309
38,89
105,87
177,6
131,70
178,484
181,669
37,53
83,544
142,411
74,994
104,138
70,638
41,99
29,929
102,704
149,939
20,576
112,687
12,302
99,246
7,380
179,341
177,319
127,273
123,437
67,51
88,734
32,196
177,284
176,780
149,214
102,782
49,682
86,278
67,672
6,157
50,801
197,35
109,700
1,569
117,491
86,763
56,278
73,770
98,970
29,960
190,253
110,196
159,186
58,261
91,970
172,506
2,140
55,723
172,695
119,957
16,927
175,741
62,718
137,63
56,61
82,299
157,416
169,959
78,880
180,77
89,720
189,864
76,68
7,923
25,612
92,749
42,978
172,640
185,952
37,837
178,306
145,827
173,311
99,642
77,78
128,484
176,806
154,110
3,449
182,540
187,573
188,47
88,166
96,720
64,833
88,621
97,515
17,211
183,757
104,450
106,894
184,489
196,831
117,865
107,872
67,983
79,907
141,811
188,826
105,168
140,698
140,555
26,478
159,355
192,647
129,353
46,215
165,502
94,156
183,860
60,249
49,628
170,702
80,284
86,226
200,55
45,510
80,589
101,260
71,752
22,345
181,63
158,596
144,601
50,858
110,956
117,394
41,849
102,196
49,115
22,167
76,626
183,69
137,389
64,453
183,236
194,552
92,309
135,730
34,229
83,146
97,982
24,249
92,339
56,612
149,931
57,187
106,586
45,456
76,781
53,342
39,485
61,747
164,74
194,198
184,53
130,488
199,447
192,580
95,732
165,866
174,6
16,424
106,284
76,451
114,462
1,393
76,892
120,531
32,411
32,588
171,360
184,448
69,759
27,275
93,38
26,512
178,8
146,999
141,108
60,559
105,156
180,578
106,709
162,309
152,528
124,565
139,800
24,271
2,202
61,842
39,519
156,479
191,437
1,958
36,630
155,173
41,230
132,651
118,177
73,207
78,781
59,181
83,44
47,714
33,159
147,832
145,138
147,296
136,841
19,113
164,505
190,686
72,439
67,5
187,886
4,176
156,202
30,614
19,972
190,984
34,603
17,911
5,39
106,674
73,727
134,362
20,362
40,953
169,309
109,777
23,491
28,330
16,647
86,827
109,6
159,379
28,79
145,323
141,330
191,188
189,269
34,557
31,105
54,567
18,225
20,721
140,925
174,858
66,419
124,893
197,670
96,249
148,23
86,653
81,493
62,220
36,513
187,939
48,744
17,822
193,748
28,272
136,368
15,575
98,817
152,464
27,265
34,503
136,338
84,746
103,86
27,108
67,761
145,210
16,953
153,217
135,974
163,688
129,807
110,481
4,844
191,303
115,626
186,401
2,105
122,616
113,174
127,245
149,580
143,546
91,59
114,232
154,373
49,930
138,150
168,336
175,789
19,175
73,476
15,289
122,959
37,729
175,121
171,982
69,996
132,157
137,167
104,506
67,93
15,579
173,152
166,596
127,189
194,198
137,515
64,363
98,232
41,475
71,279
129,258
75,151
51,70
109,642
47,993
31,576
149,566
45,913
187,31
66,43
95,500
37,764
123,340
7,134
32,642
166,110
175,649
194,655
8,961
86,300
160,177
95,730
109,494
114,269
98,5
184,373
69,953
185,474
124,287
166,300
74,810
151,335
150,44
84,1
32,651
103,469
157,551
143,89
75,305
66,213
114,452
166,957
1,276
16,62
154,911
123,456
11,432
23,59
33,607
73,422
103,557
159,930
90,690
145,993
75,537
20,586
64,459
175,601
15,703
21,463
135,710
4,327
147,280
88,116
29,501
56,863
117,659
46,768
110,399
26,391
142,49
70,79
1,51
200,613
23,98
179,963
28,151
150,435
90,405
81,880
167,595
198,602
15,873
64,530
156,141
161,782
84,288
56,28
161,590
156,127
44,787
163,245
67,336
28,969
52,898
195,711
165,808
35,600
41,547
2,942
112,798
98,61
195,82
180,222
188,1
161,199
8,129
155,364
183,577
80,232
39,16
125,619
12,308
81,371
43,354
134,564
152,549
131,489
48,460
56,404
198,390
112,670
136,801
82,77
4,772
36,105
84,543
1,773
155,648
1,859
28,806
60,694
135,425
147,86
77,956
177,497
144,493
72,481
149,770
52,456
17,229
117,150
30,867
54,906
38,140
151,467
183,168
4,864
153,220
20,668
122,283
80,123
135,463
132,490
93,926
75,166
199,474
85,265
8,928
124,268
191,273
165,517
171,586
158,702
34,429
67,824
144,323
51,972
66,665
11,321
105,753
140,824
74,814
164,19
16,276
169,251
114,76
13,764
182,239
29,566
103,521
169,553
92,570
175,658
146,960
137,909
73,974
180,59
70,440
176,389
29,807
50,956
21,609
155,1
17,931
89,12
106,96
174,569
61,977
102,472
141,235
139,989
179,921
114,759
66,340
134,635
189,315
127,127
151,825
55,686
92,258
11,626
42,785
32,881
115,705
141,574
173,658
182,154
132,894
177,452
82,368
193,984
55,615
102,631
26,539
116,721
88,605
62,282
38,576
43,560
145,966
126,168
100,595
22,959
145,664
143,844
29,56
200,277
158,668
112,271
110,514
144,164
145,943
112,301
176,106
63,88
100,225
129,991
130,176
10,152
1,926
194,5
7,469
8,138
109,442
180,985
96,461
128,988
113,591
43,437
149,997
77,576
37,415
42,357
189,869
154,607
137,278
41,467
143,392
44,901
95,710
198,47
165,398
67,676
144,196
167,105
59,693
70,754
75,897
139,743
115,726
152,296
9,61
163,542
198,534
58,468
185,270
145,464
191,730
29,819
119,595
160,999
144,155
78,107
91,534
15,526
126,784
71,256
140,520
20,763
43,661
162,654
93,513
191,464
52,320
19,22
125,118
189,404
123,228
19,91
182,624
119,316
26,836
156,987
166,559
97,462
137,809
192,268
177,103
144,547
68,381
168,805
125,571
33,754
145,250
173,809
44,296
115,853
71,955
102,865
168,14
3,908
141,681
53,549
112,4
164,888
150,441
79,8
108,301
163,539
167,7
8,890
86,750
158,211
138,856
61,885
108,247
68,101
190,360
155,528
79,110
193,305
42,657
76,415
73,986
195,334
39,150
161,19
124,766
21,411
51,349
140,359
176,924
190,938
113,425
179,690
138,483
66,278
53,964
118,907
37,500
88,300
123,879
11,279
172,280
60,821
173,452
19,792
49,619
73,928
124,690
165,217
53,855
33,816
157,903
65,21
187,77
198,753
195,804
76,37
150,743
126,679
156,929
31,995
26,220
69,24
4,652
47,888
111,75
93,579
17,591
68,932
98,497
184,174
3,212
84,976
176,252
174,239
191,621
57,747
34,212
98,561
152,886
1,68
194,307
116,54
112,72
125,824
101,114
4,916
79,335
194,357
115,869
115,917
107,400
178,293
47,979
21,714
22,998
129,570
56,944
53,49
200,519
46,862
78,432
129,174
14,574
125,478
97,675
13,347
179,102
183,678
40,391
103,458
190,958
108,278
131,321
114,195
187,246
138,359
38,688
85,352
160,130
138,796
198,995
181,430
108,796
186,467
64,144
55,624
76,800
120,140
48,267
53,692
199,560
105,831
8,142
151,493
88,254
158,503
31,203
59,141
181,360
179,421
110,817
170,75
39,864
65,676
119,344
119,780
157,765
44,67
39,788
21,697
133,422
17,581
158,370
36,458
28,557
2,752
61,506
93,613
19,587
149,205
61,478
182,210
70,213
70,691
166,655
75,380
41,540
147,522
144,82
194,819
7,463
135,796
12,856
18,424
187,252
160,373
23,858
168,937
57,86
12,420
138,823
92,998
10,551
152,39
113,530
81,683
33,641
153,922
185,728
167,598
78,309
133,512
6,123
34,553
4,128
83,929
36,767
51,685
193,612
160,85
26,877
141,424
97,264
199,519
169,269
77,487
12,230
63,968
117,74
147,581
155,796
94,326
36,74
45,639
131,796
45,514
59,950
61,991
107,404
118,9
127,415
65,638
166,771
149,728
180,250
189,640
33,172
112,199
47,154
83,85
133,189
120,234
112,21
93,989
55,922
129,467
179,916
67,857
146,470
124,525
129,412
101,743
178,381
134,206
78,586
146,666
114,656
53,104
146,663
39,410
121,951
47,515
12,146
161,115
54,428
91,853
36,103
7,804
41,836
18,568
161,581
126,176
123,703
64,682
87,188
86,127
26,789
162,939
106,576
136,349
66,414
13,704
187,814
27,635
141,847
44,5
195,854
11,16
112,232
10,469
136,706
92,212
139,362
73,112
21,222
83,511
32,545
17,65
122,693
50,348
47,916
58,843
198,497
187,876
194,214
123,862
17,165
152,473
172,225
186,1
41,38
124,195
73,990
124,204
1,297
102,940
85,628
3,787
68,821
193,990
195,768
26,885
185,581
61,905
148,491
145,544
182,665
103,53
137,3
31,444
169,400
81,983
4,311
70,253
152,762
52,784
52,225
8,633
145,992
151,64
113,372
101,665
108,555
124,638
10,616
148,191
166,415
59,489
145,879
1,216
79,391
84,261
140,326
153,231
154,92
106,492
53,924
25,35
8,886
186,865
108,711
125,86
189,476
51,792
21,120
160,559
161,24
153,18
115,256
4,30
85,898
132,707
82,590
156,903
137,743
188,362
141,372
15,351
157,982
33,888
125,662
191,644
27,521
11,60
85,531
170,72
75,964
26,647
24,643
197,618
10,600
16,539
143,260
174,976
69,720
173,762
136,48
71,513
175,637
32,306
136,598
158,538
66,274
121,193
101,774
39,609
183,735
95,527
135,14
55,834
174,879
135,463
150,984
110,434
24,252
196,168
178,904
149,71
88,177
91,708
122,850
75,135
125,744
172,546
121,839
115,916
129,376
9,948
79,888
111,516
8,955
49,282
97,748
192,784
172,242
55,649
35,750
98,461
165,26
138,984
155,363
89,207
16,953
64,532
172,462
107,327
140,663
96,286
118,490
36,699
124,460
149,115
114,978
32,132
129,437
177,56
173,199
187,68
89,138
106,514
187,828
94,244
73,627
123,171
171,344
80,21
75,715
67,628
144,541
66,111
19,885
117,13
89,714
170,883
14,824
110,314
61,1000
162,38
26,511
87,189
114,423
56,729
116,714
151,277
116,471
146,331
118,80
142,189
64,162
79,117
107,848
10,690
3,498
125,681
67,982
63,223
194,710
113,257
131,376
183,493
10,959
116,88
112,255
59,691
24,177
29,866
107,110
144,517
196,858
153,727
93,326
79,384
44,207
111,551
154,893
110,189
162,470
123,962
21,697
43,698
4,343
42,495
18,661
22,306
19,664
5,57
140,290
77,873
189,23
72,585
5,821
99,21
157,142
17,109
185,758
47,744
185,374
64,571
195,552
187,721
59,445
14,8
132,998
99,621
42,825
5,715
15,293
109,23
190,439
158,11
141,108
148,221
35,394
59,32
192,447
151,581
181,217
169,481
17,373
85,663
93,566
88,670
130,544
19,894
60,323
177,429
10,135
7,326
4,690
162,579
54,703
10,659
191,537
21,14
54,967
55,710
92,423
55,896
120,770
132,903
144,58
166,267
121,615
167,520
37,850
22,830
163,133
75,151
153,140
185,2
77,407
82,210
131,681
133,335
182,347
87,795
29,498
63,288
139,189
4,733
161,836
173,486
46,523
40,11
99,950
161,670
42,782
139,218
121,633
116,982
195,692
47,370
95,978
39,87
29,821
52,658
169,955
192,395
58,920
41,45
48,357
95,839
109,21
45,483
126,355
84,446
141,973
50,373
102,723
16,62
10,560
146,59
79,669
168,826
141,567
193,729
119,328
144,68
114,408
100,964
180,399
157,333
125,524
153,608
75,938
188,745
60,317
176,147
8,988
96,202
198,313
132,356
166,767
51,488
51,193
173,824
137,972
131,234
109,139
184,324
107,49
8,754
77,190
103,4
64,754
130,617
3,5
21,456
159,90
114,873
154,418
67,564
61,811
14,252
23,603
93,78
63,561
169,97
179,79
94,676
163,722
92,171
100,819
47,449
129,749
99,682
85,179
125,104
116,288
141,530
113,558
187,722
93,793
167,786
152,204
25,317
138,347
97,82
62,464
183,198
65,63
173,595
86,697
29,364
70,865
108,552
152,982
183,84
112,314
3,957
76,410
200,280
109,733
181,683
109,690
85,127
110,620
69,786
140,178
81,78
8,987
199,71
160,793
87,569
175,104
25,168
158,359
132,36
114,657
121,953
98,964
152,187
126,291
2,753
127,300
138,161
62,556
128,282
115,475
122,590
140,988
36,545
107,626
111,337
53,202
41,706
120,392
11,708
151,672
157,362
16,543
189,51
89,946
105,440
31,439
150,425
125,679
105,731
37,822
171,990
110,752
193,568
171,190
195,348
179,171
147,187
142,511
18,338
59,757
193,264
177,951
174,609
80,417
129,481
187,682
41,463
164,102
193,924
160,902
198,484
7,462
13,35
1,810
55,262
147,802
34,106
128,342
50,247
179,985
103,85
71,560
91,826
55,294
37,953
53,694
47,916
22,419
97,529
63,182
10,618
4,837
172,459
150,843
193,387
94,631
159,215
119,15
110,205
164,782
51,6
197,453
169,665
19,993
141,968
27,436
51,889
121,274
136,978
163,189
197,324
36,501
141,640
77,78
183,543
41,810
37,465
140,786
40,976
69,549
149,896
197,497
28,243
158,662
115,459
68,972
154,46
172,573
113,452
68,957
18,214
49,132
121,361
42,441
42,140
64,175
122,544
88,884
66,994
141,977
134,670
150,365
153,237
70,942
83,171
163,50
128,860
175,913
18,285
103,126
112,610
28,341
79,415
145,857
20,344
121,694
96,989
120,873
72,151
118,180
57,75
148,430
143,351
60,200
33,701
101,847
122,763
142,792
197,968
151,988
161,462
83,505
154,949
166,280
25,100
65,300
158,452
69,578
22,126
35,749
72,540
7,635
178,382
172,655
166,622
191,768
181,849
146,643
10,377
5,580
94,728
33,285
163,105
73,758
61,647
123,616
97,717
96,387
130,618
95,65
117,630
18,893
116,398
37,74
100,223
103,452
190,740
94,661
178,649
104,384
174,740
23,29
101,914
53,638
188,75
98,28
70,216
123,290
37,58
122,493
42,328
43,811
21,551
122,141
58,463
165,80
143,473
178,540
189,150
164,564
45,445
197,523
133,572
137,618
26,686
33,480
26,19
10,83
50,905
187,266
40,677
170,10
192,645
84,988
1,44
59,907
80,671
108,523
74,669
89,591
179,11
102,418
182,717
22,350
138,715
177,169
98,628
194,873
99,253
71,2
69,650
136,269
11,661
105,497
103,261
103,478
120,359
74,424
137,563
28,96
151,391
165,458
112,465
82,257
180,149
150,117
134,353
16,679
80,318
82,29
200,449
99,485
16,550
122,962
59,42
15,755
108,943
149,442
116,190
42,755
182,787
2,107
136,580
115,759
149,124
108,29
175,965
157,114
68,910
7,802
170,312
16,603
63,559
48,383
2,700
129,684
92,206
194,797
155,153
98,986
105,342
93,52
27,675
186,498
179,952
176,918
119,844
122,198
80,806
53,519
25,324
94,94
14,88
138,301
56,375
200,236
111,138
58,409
179,884
129,143
89,511
113,907
56,394
3,780
135,291
20,129
161,17
157,688
169,137
40,210
37,268
129,953
139,628
143,664
183,929
62,459
18,472
132,487
147,99
79,746
63,632
82,936
77,689
108,52
168,953
169,622
102,364
196,809
138,843
173,567
148,828
77,8
139,879
185,853
6,595
46,702
154,843
124,676
141,90
101,922
71,713
176,619
176,743
128,946
105,176
136,292
125,854
28,728
197,817
127,521
11,749
77,950
180,377
21,959
43,841
23,299
11,338
33,636
46,332
140,740
193,153
122,405
167,400
100,655
108,295
45,934
124,172
31,772
184,128
141,473
5,548
72,825
118,109
131,348
70,891
150,48
37,630
126,881
114,580
55,772
95,569
165,968
37,654
48,906
26,513
30,219
122,150
164,262
184,385
55,841
126,124
124,51
135,145
135,538
121,500
43,852
35,812
122,235
40,924
13,758
7,429
23,615
184,117
183,98
12,337
72,989
75,712
197,748
29,135
71,387
40,603
20,29
80,913
128,122
109,991
170,32
118,539
68,251
80,762
125,809
49,496
110,144
39,728
38,613
159,211
42,425
155,594
121,268
129,771
179,249
181,262
10,660
175,273
174,799
162,624
174,336
28,501
74,647
134,316
23,249
93,48
166,640
12,917
131,147
2,501
26,933
128,602
98,237
15,707
26,371
120,45
37,886
73,237
192,270
155,380
9,21
9,15
173,892
178,898
118,946
89,266
153,120
122,783
92,932
60,80
197,678
175,397
195,750
26,295
78,56
58,893
165,79
55,895
8,424
196,297
2,719
167,542
7,603
134,865
122,795
124,553
185,476
127,115
193,538
24,499
192,52
72,678
108,783
154,219
90,848
194,202
98,334
20,786
55,270
157,15
171,967
178,4
138,27
159,993
164,970
179,998
106,121
55,848
38,343
76,833
18,92
111,939
57,568
158,211
150,462
152,505
27,671
6,416
97,245
59,75
140,6
152,687
57,522
33,801
135,372
138,701
83,652
79,803
174,450
28,687
121,834
31,927
3,351
35,762
9,505
43,209
57,19
101,829
84,754
90,304
34,764
96,784
154,511
4,847
22,357
166,66
169,688
6,237
185,619
130,868
121,622
200,351
113,449
1,661
146,17
76,809
195,648
181,225
20,801
94,337
160,299
32,158
70,139
131,11
51,238
13,100
91,161
150,943
89,193
23,455
28,853
64,169
1,997
186,932
193,895
138,802
30,680
33,109
44,372
53,191
37,143
95,88
150,687
135,146
145,323
71,237
102,345
125,172
149,575
139,166
80,345
189,866
122,19
154,563
97,58
151,4
2,340
146,803
78,870
97,14
154,720
110,510
104,193
164,524
23,138
200,494
45,267
157,589
106,916
56,967
5,119
142,898
190,593
190,119
130,360
91,665
47,970
72,903
171,227
54,184
48,848
84,699
188,449
147,566
128,734
57,17
114,408
37,347
40,794
146,992
88,926
32,911
38,379
78,8
186,880
189,963
32,900
183,445
193,466
92,98
141,838
106,421
112,66
57,877
112,982
68,650
26,163
184,978
185,423
34,897
124,437
90,679
152,627
186,54
186,739
14,792
158,627
140,815
94,390
199,241
135,368
179,6
151,640
139,476
149,856
54,674
116,352
17,52
17,574
23,518
78,870
94,618
36,630
160,599
106,268
19,232
76,952
1,224
162,67
34,719
89,406
53,174
119,750
73,628
141,164
31,419
190,497
90,662
148,629
22,568
124,962
152,650
191,89
78,766
17,632
70,505
132,431
67,286
161,93
33,406
132,981
118,352
120,538
195,680
34,108
165,171
164,249
118,787
129,951
172,210
48,507
66,915
21,961
3,812
77,439
50,716
190,31
89,7
136,219
73,891
199,963
180,484
53,412
93,705
2,535
102,318
187,356
144,831
177,722
121,802
90,716
116,576
137,510
62,743
18,195
28,968
55,28
54,425
146,928
94,950
10,691
110,473
104,932
31,769
132,352
66,687
121,190
87,59
51,345
129,587
139,942
182,967
120,833
121,584
74,43
40,271
35,601
59,932
151,986
121,838
56,13
50,396
75,966
172,548
22,740
119,203
12,924
148,282
52,390
45,950
196,856
151,105
61,594
30,172
129,570
62,647
11,690
145,765
173,704
164,469
141,338
108,793
27,546
104,650
159,449
84,328
197,657
172,755
48,659
18,731
167,676
2,132
200,490
154,924
84,573
54,352
83,857
11,1
91,732
5,107
14,673
169,366
2,60
165,931
184,525
111,456
42,31
48,769
136,565
85,504
191,681
90,768
183,289
62,425
121,506
128,333
151,682
126,775
3,568
147,650
93,150
143,558
94,605
76,942
141,606
106,863
125,65
193,543
176,359
72,341
42,151
136,863
155,725
129,798
95,535
102,732
36,314
109,309
112,277
11,600
196,727
98,60
100,671
105,686
173,204
67,981
178,639
146,563
57,281
174,321
117,912
30,362
157,378
78,210
124,468
133,972
200,745
147,32
66,364
137,856
103,326
197,735
149,999
46,342
71,940
200,669
154,31
123,153
49,518
169,610
131,44
193,196
169,684
83,61
154,647
176,65
169,643
158,942
133,891
162,157
195,879
119,972
69,95
50,830
13,828
181,789
117,290
45,687
22,280
130,981
25,692
27,998
67,629
50,598
144,786
29,457
4,705
198,67
172,23
134,421
183,488
124,421
166,108
193,680
109,438
169,790
108,966
26,631
154,623
100,199
20,145
180,86
15,10
61,247
151,905
111,298
127,831
142,156
110,696
154,859
98,252
135,2
110,628
160,880
106,416
116,373
31,824
14,584
197,1000
106,703
33,920
28,899
94,521
81,481
1,186
33,323
117,374
140,16
133,13
39,609
13,853
61,544
75,449
195,739
123,434
200,869
67,470
47,481
128,743
103,228
118,396
139,564
155,371
111,282
21,687
141,724
185,505
9,677
176,69
58,954
112,384
159,366
106,671
56,345
85,233
30,295
3,559
36,333
93,963
81,354
158,294
106,817
60,158
97,584
162,127
182,35
57,501
72,547
99,449
14,9
66,483
199,59
56,575
72,209
88,546
27,169
83,383
131,989
180,95
22,14
17,170
108,64
69,788
83,654
22,911
116,581
15,902
22,377
24,766
115,335
137,459
196,226
65,617
103,276
98,969
168,171
197,489
43,365
128,254
116,683
193,264
142,227
18,833
59,814
14,576
11,788
41,515
165,664
138,760
192,109
133,80
146,985
140,366
48,838
47,666
163,558
155,889
191,340
124,167
17,219
96,828
20,626
102,913
113,248
95,376
18,408
18,738
134,131
97,976
4,915
29,859
119,404
36,131
34,716
40,425
185,836
110,539
42,411
11,741
157,405
146,410
107,995
62,303
28,804
185,105
191,844
47,972
136,15
200,222
67,104
174,670
131,823
175,47
177,658
189,190
138,293
143,21
141,481
176,260
69,512
42,91
166,268
108,506
174,944
61,235
86,419
61,943
16,564
35,195
155,59
29,12
23,562
48,773
55,975
8,946
159,395
37,439
15,331
99,60
43,321
52,450
6,387
77,332
99,860
17,26
105,927
176,465
17,220
107,106
116,77
53,631
46,559
37,660
118,313
189,936
157,615
78,543
166,949
128,576
120,59
153,789
173,656
151,203
23,152
119,973
39,513
139,63
170,933
44,692
132,36
162,246
160,770
138,697
69,119
151,278
176,406
119,356
13,671
62,173
140,689
110,545
59,693
41,703
75,932
91,346
55,604
73,662
114,4
21,159
24,470
136,164
43,644
72,789
185,981
132,707
21,876
97,919
75,772
69,771
149,670
198,86
40,819
65,205
86,300
83,713
33,398
137,879
167,220
148,362
45,519
79,402
59,914
156,380
85,247
5,744
109,674
99,325
172,770
178,617
92,154
114,415
98,374
75,31
94,468
114,563
17,759
126,929
1,751
98,406
200,598
18,205
189,977
10,742
56,143
199,837
56,471
60,715
78,962
85,794
1,285
156,813
101,492
155,678
140,189
60,90
185,942
156,611
175,382
70,751
73,2
136,711
190,441
80,249
11,890
87,783
161,703
135,864
121,224
137,935
140,606
156,399
96,249
8,669
56,228
168,550
59,943
143,529
120,399
8,900
157,765
47,787
157,373
75,956
139,177
178,721
192,924
180,399
147,285
121,204
14,751
63,456
198,758
154,225
184,938
172,518
177,654
94,31
78,687
8,517
165,746
61,881
137,839
154,255
81,208
71,860
160,156
189,142
61,394
30,972
196,721
30,331
133,947
22,407
77,599
144,913
102,905
151,665
31,141
74,606
122,512
110,209
163,980
139,443
24,863
1,875
4,674
117,377
56,158
91,768
115,4
169,11
29,605
73,969
189,882
67,467
162,193
9,409
31,452
72,212
91,891
131,522
148,968
135,107
137,481
124,615
64,237
161,943
178,414
56,465
163,184
150,972
189,954
163,464
46,537
108,105
194,261
31,694
136,783
168,396
134,855
124,340
40,474
140,502
191,73
125,665
24,36
73,629
106,219
141,113
195,684
116,658
25,120
196,556
43,147
184,749
48,182
129,228
104,9
36,346
128,891
106,830
180,539
66,83
43,8
131,38
53,499
89,468
76,637
169,636
45,901
84,56
38,895
184,14
57,48
69,742
129,743
16,931
146,914
37,546
106,196
102,448
137,559
183,843
163,550
140,723
29,631
49,393
18,677
82,54
177,242
51,934
98,399
98,373
104,945
183,276
38,28
125,151
130,776
192,31
74,74
186,345
120,280
141,279
178,424
192,114
8,745
191,848
75,64
136,389
77,116
72,933
5,400
200,113
129,49
138,768
51,200
63,380
16,315
120,594
26,710
22,782
48,632
164,657
79,583
46,790
152,959
71,692
56,832
104,973
200,142
47,405
153,382
142,520
72,655
84,492
119,173
191,295
6,325
154,533
191,635
184,885
93,159
175,42
88,629
133,376
28,928
96,168
24,937
30,297
135,568
35,414
196,520
151,266
134,662
61,997
32,529
116,520
103,258
34,842
99,879
7,925
20,240
93,543
128,774
100,613
89,176
126,814
57,279
125,946
41,286
196,940
157,389
92,904
93,316
153,645
63,765
8,951
170,408
79,339
169,59
68,857
79,815
1,202
181,884
180,593
76,470
90,834
144,656
127,810
154,65
48,826
108,945
157,147
14,210
141,735
175,905
25,857
64,256
179,481
34,7
173,770
56,472
187,924
50,37
94,138
193,10
157,435
116,288
196,765
196,587
26,926
151,738
150,76
184,820
35,215
166,676
88,188
116,840
154,393
28,227
170,894
124,497
187,532
110,828
133,837
76,90
200,995
76,549
60,10
45,248
73,19
186,634
2,294
174,763
86,59
58,128
2,737
168,683
150,38
200,189
154,915
178,98
170,568
170,208
139,37
111,857
23,802
156,96
145,943
126,120
44,926
171,345
97,754
193,382
128,695
172,889
194,867
134,540
143,679
61,88
193,830
94,413
156,72
43,9
142,923
193,682
3,199
197,917
127,158
199,880
139,278
192,369
172,646
53,860
12,195
182,422
200,726
60,329
14,871
135,41
155,474
17,323
24,13
79,434
38,855
163,873
169,8
58,784
48,167
199,412
140,432
96,3
97,440
160,547
45,969
46,828
117,867
139,624
41,43
136,575
149,403
60,508
190,497
186,847
135,819
116,558
195,382
180,972
5,502
129,765
116,998
10,609
85,230
75,29
149,905
91,950
33,845
194,946
74,751
8,822
132,458
25,713
86,819
175,304
148,619
124,532
150,191
144,793
90,929
5,32
49,519
139,752
157,904
45,796
99,303
200,929
173,656
10,554
38,956
94,930
85,716
141,106
9,946
48,119
80,300
2,119
192,662
105,398
49,527
132,869
134,572
123,573
161,128
185,375
27,71
142,229
12,776
43,919
12,779
187,622
114,634
164,18
64,196
68,660
72,543
74,892
25,635
95,431
150,330
142,571
163,916
138,589
56,980
101,439
74,463
180,447
184,702
156,684
174,103
181,791
129,374
77,12
62,78
137,586
183,377
72,838
65,237
17,865
45,624
181,36
116,979
106,111
97,531
136,730
54,152
170,344
152,510
12,885
93,741
164,902
86,40
57,966
154,55
99,424
184,28
47,96
146,628
41,487
64,167
200,718
173,808
10,934
151,796
66,731
162,475
101,46
131,665
182,242
7,941
133,534
131,871
5,442
185,319
146,990
32,419
191,463
85,184
93,100
49,155
196,115
53,657
171,566
114,253
42,837
150,525
112,433
195,773
165,943
140,303
196,449
118,966
175,801
122,553
101,600
89,806
189,436
13,529
148,563
142,784
50,221
59,897
182,635
27,128
194,648
84,661
97,402
151,781
197,908
51,459
46,793
187,747
104,843
18,474
68,476
39,635
82,624
131,94
113,480
7,461
119,501
152,98
97,754
59,264
154,237
8,108
198,462
59,149
33,810
107,963
114,942
180,868
111,219
193,453
110,397
193,366
79,503
162,835
115,58
35,288
149,761
139,130
5,942
53,965
182,427
22,649
174,311
91,29
175,726
127,209
103,165
159,442
30,442
196,335
182,732
103,424
74,749
198,140
66,509
177,482
79,50
154,996
98,793
135,909
141,394
81,244
162,107
46,574
75,901
23,717
13,926
132,265
168,309
66,554
190,312
31,600
26,808
90,18
77,643
113,913
3,557
169,946
194,291
37,955
73,813
175,665
47,215
188,848
144,579
5,150
109,936
74,651
16,48
178,540
156,747
69,419
106,179
76,984
195,310
2,394
113,996
2,151
158,295
5,914
164,682
183,62
164,683
200,277
200,719
117,548
89,115
123,184
18,853
73,696
29,464
82,869
23,392
184,38
105,247
25,365
185,129
68,17
42,727
134,762
106,473
77,384
54,462
90,326
71,388
4,602
82,875
69,848
112,717
158,724
88,932
177,694
116,27
158,29
158,524
38,340
65,504
61,779
60,595
120,458
200,377
10,295
175,308
179,774
168,290
132,937
124,548
60,277
128,548
161,702
166,651
174,905
90,173
132,924
76,344
188,317
55,277
140,158
94,972
199,321
82,343
160,923
159,442
14,195
23,65
31,624
121,346
41,729
191,132
29,313
50,342
85,819
13,993
149,872
159,605
74,64
80,478
146,653
197,302
74,631
103,287
95,369
165,38
165,639
54,827
60,588
33,711
74,903
178,803
87,510
132,326
162,604
9,227
184,678
134,664
171,342
136,14
21,1
132,750
190,457
93,992
21,846
160,667
146,949
140,275
171,777
43,429
153,299
9,585
48,555
161,354
74,728
70,745
88,547
183,539
131,928
186,825
106,247
65,364
48,994
103,357
129,77
180,299
6,998
154,602
174,520
39,790
28,799
125,383
32,354
168,428
56,994
82,65
94,831
192,245
20,103
87,348
91,142
159,125
19,270
153,334
193,149
139,446
142,868
192,905
141,826
5,295
80,593
57,350
183,835
181,868
200,952
169,958
113,631
138,913
108,154
167,369
135,185
142,131
48,856
67,949
160,741
43,76
6,324
30,543
14,544
159,980
131,798
107,519
194,918
103,78
64,154
192,304
197,812
5,639
56,626
168,413
171,395
67,961
126,193
85,217
181,835
44,689
145,363
86,793
65,337
94,380
38,288
36,231
88,109
30,913
14,951
12,928
13,446
88,809
124,144
40,974
188,180
184,897
22,546
104,553
52,185
77,424
114,431
87,495
102,224
153,700
187,107
19,697
97,686
179,510
88,634
124,501
199,368
190,694
192,334
143,565
79,979
186,429
103,624
40,34
7,313
146,713
142,588
8,421
65,894
61,318
38,825
94,813
47,987
47,175
189,656
182,752
176,956
30,248
178,966
193,736
122,943
50,558
184,30
147,851
178,250
76,566
15,318
71,524
137,700
190,894
195,940
135,457
42,81
26,309
86,82
4,829
17,368
197,643
150,232
135,41
179,228
78,274
63,841
25,496
7,660
197,305
56,16
74,468
72,987
200,518
137,269
34,120
55,854
118,151
89,163
120,551
153,438
87,457
78,922
51,267
9,287
77,129
144,563
145,856
104,640
38,371
122,420
106,579
101,725
171,471
116,477
62,148
196,538
17,879
193,759
191,182
158,388
190,444
163,499
198,697
7,387
14,895
8,983
42,49
39,816
81,311
41,498
139,522
7,174
200,243
127,863
137,159
123,205
164,635
161,627
59,543
10,963
36,427
69,151
121,380
174,76
55,295
58,21
159,665
140,936
132,896
25,283
161,189
172,553
73,526
198,540
200,875
59,501
67,268
104,768
69,369
191,216
168,203
178,665
42,272
140,520
83,58
4,859
58,731
27,113
52,29
40,463
158,72
44,280
163,366
147,869
139,311
191,77
32,964
173,809
86,928
75,274
67,261
27,36
70,339
67,243
73,549
165,248
86,693
100,869
6,456
26,944
78,644
38,25
140,938
33,609
173,126
149,923
4,751
109,268
103,496
95,252
131,717
163,28
153,338
97,688
5,220
150,501
138,221
184,770
62,349
188,643
51,224
183,407
32,30
80,303
59,504
33,331
3,46
171,47
47,668
113,669
71,467
45,671
42,273
136,924
116,157
114,925
12,960
177,612
75,524
116,479
20,634
113,235
158,249
40,815
110,381
89,725
107,289
69,404
64,448
157,973
96,705
66,894
23,720
40,508
97,806
53,288
184,519
191,333
27,994
32,978
194,670
110,299
65,881
135,106
185,27
117,768
183,167
144,862
199,307
56,175
81,871
181,310
11,878
22,736
45,962
75,131
78,925
112,316
36,274
6,873
45,647
88,953
163,159
126,696
167,971
123,640
130,701
114,950
99,488
156,418
118,915
70,910
125,695
109,638
3,443
19,163
118,638
170,660
11,714
163,702
77,799
168,975
196,296
177,33
151,884
65,328
184,562
108,240
1,655
163,940
132,854
114,966
41,189
60,963
62,641
139,506
38,475
176,697
99,837
143,622
171,234
172,323
66,479
188,374
179,339
189,503
94,511
119,960
94,897
139,483
109,260
1,394
172,848
132,544
154,596
181,901
46,10
111,602
26,92
18,850
180,865
200,844
174,167
150,915
74,731
12,253
157,766
151,78
146,672
144,896
164,754
19,295
167,587
138,161
168,102
112,135
72,526
34,347
77,174
83,262
11,522
188,673
105,463
168,487
82,424
104,975
127,867
171,15
128,208
151,770
51,880
24,827
68,617
36,303
32,621
51,982
114,24
173,591
151,629
49,143
76,713
176,594
90,683
178,414
69,71
22,216
115,978
52,110
75,248
173,636
85,207
71,441
79,841
101,660
189,479
42,790
174,327
89,819
160,506
21,225
27,358
60,903
51,44
104,979
4,490
190,36
70,496
127,19
127,794
58,750
100,12
89,169
42,245
96,846
182,138
84,409
114,949
23,210
71,920
200,606
106,469
88,343
41,430
164,829
199,452
178,626
36,790
157,876
83,582
140,407
191,569
126,555
52,710
197,332
74,707
88,493
11,733
156,887
26,595
163,303
167,717
55,795
157,727
36,829
101,90
146,808
22,215
133,748
83,365
95,106
91,175
71,394
172,650
140,210
183,521
98,851
127,698
90,11
116,910
28,642
140,985
153,906
127,780
133,604
44,459
190,886
67,101
161,956
97,974
5,443
103,692
177,761
8,553
169,920
170,430
134,694
41,188
85,937
124,16
165,125
87,802
56,278
97,406
176,705
13,142
192,444
27,261
98,189
60,657
15,685
80,967
99,528
10,65
200,903
116,611
116,991
150,522
41,802
175,99
140,511
154,553
180,51
39,798
135,685
110,831
139,73
26,572
184,487
1,531
190,528
104,240
95,877
112,309
63,407
181,751
25,285
142,662
101,992
6,555
61,833
165,750
158,426
63,951
166,946
77,186
174,25
11,477
181,130
134,130
51,764
123,89
200,389
26,919
131,771
146,532
175,37
167,493
81,595
114,190
75,313
16,269
94,223
2,124
108,334
107,910
124,845
161,913
184,252
17,459
121,157
11,971
104,226
199,258
79,422
198,230
108,927
53,790
79,193
136,717
153,771
159,283
80,854
46,653
67,246
179,809
158,73
117,508
76,26
44,697
123,478
68,522
31,393
108,85
76,146
122,855
147,410
2,191
39,958
161,613
15,846
21,969
29,802
193,633
181,512
10,699
51,915
58,127
96,675
8,789
72,646
96,766
22,566
70,111
15,383
35,393
178,875
127,517
64,274
86,275
103,953
10,917
78,955
165,724
25,662
163,410
181,349
43,713
44,182
46,743
111,738
200,958
8,517
178,630
75,696
156,692
65,847
179,696
191,366
97,553
40,202
90,474
89,843
173,880
134,785
83,161
158,105
14,793
23,116
85,508
143,718
15,668
178,104
6,161
142,967
75,172
146,375
12,991
119,632
31,250
44,697
142,818
52,658
128,303
36,576
94,306
145,570
120,740
198,11
12,912
9,987
110,183
4,556
31,375
141,123
14,624
114,27
188,752
151,427
152,827
61,940
10,861
10,34
129,867
200,850
58,848
133,646
82,113
145,33
152,717
199,102
9,746
73,318
65,558
151,195
175,774
42,983
176,27
48,308
155,404
172,141
52,906
13,761
1,708
64,569
61,122
199,269
195,667
118,411
120,535
164,144
64,49
58,472
141,675
111,188
65,690
103,706
61,262
157,790
88,953
120,858
190,178
147,885
71,851
7,384
89,831
86,313
163,822
122,58
73,248
113,866
138,338
87,561
22,461
200,77
101,545
59,41
116,347
69,824
154,954
37,742
36,181
189,951
50,6
100,717
98,27
157,326
139,220
176,198
196,700
54,267
60,190
11,286
20,857
99,973
62,184
36,384
191,701
5,594
44,533
191,459
168,892
14,184
124,810
28,327
27,901
185,804
187,779
51,409
104,839
123,957
193,632
37,812
194,198
166,973
40,439
185,222
167,12
147,758
56,729
28,421
104,827
124,331
125,655
107,823
116,750
99,175
163,506
154,510
168,926
87,584
132,238
179,974
7,464
23,10
153,864
199,223
50,34
70,949
42,620
24,326
170,969
174,349
94,955
107,403
121,420
73,928
180,260
152,796
133,518
77,754
77,499
32,337
92,362
193,192
33,463
116,983
191,257
126,467
56,475
119,20
87,211
67,973
52,615
124,310
66,656
83,751
159,927
199,15
127,172
195,322
14,100
78,876
194,606
40,412
24,422
120,79
169,429
15,290
131,192
198,649
45,782
160,842
167,236
138,197
171,769
104,888
9,989
171,788
29,688
3,281
30,637
129,522
109,244
56,746
13,96
183,255
25,673
118,932
68,244
191,836
74,741
169,593
72,686
25,712
84,193
99,261
200,116
35,781
39,479
162,506
119,390
11,208
39,749
32,794
105,520
112,161
68,366
161,325
96,716
181,934
171,676
102,97
98,104
130,235
170,903
108,785
78,501
143,694
23,816
48,902
42,842
101,647
40,261
189,311
45,771
85,64
97,35
63,558
12,572
26,388
126,927
96,475
22,403
159,360
63,386
25,946
77,3
101,993
11,971
76,309
90,357
99,556
135,682
196,710
55,596
110,391
17,398
61,974
37,399
14,610
5,334
1,188
49,702
134,53
136,897
176,307
20,804
100,174
182,66
121,262
167,535
21,898
132,685
175,709
39,836
71,843
193,575
50,670
129,424
158,61
94,559
139,176
108,583
134,972
134,280
25,855
28,525
185,265
126,929
55,150
89,892
134,44
179,777
137,411
152,424
139,396
131,612
32,201
139,47
105,481
92,311
24,560
178,537
118,355
72,782
161,764
89,387
136,45
79,135
64,999
156,653
182,463
59,536
22,383
152,902
106,839
123,885
190,154
15,264
107,928
151,161
13,720
198,703
20,78
8,555
177,833
3,111
180,494
190,626
3,274
143,616
42,382
39,767
102,995
180,402
53,968
33,544
8,353
78,359
87,504
18,783
110,15
191,133
191,826
147,146
13,481
74,379
52,237
14,515
77,327
132,284
138,129
126,294
156,815
80,492
55,664
16,415
137,204
39,605
104,912
135,808
15,116
48,887
104,377
139,449
129,234
189,98
38,830
10,589
84,144
20,980
162,997
75,510
104,142
191,796
19,403
36,400
58,144
139,826
174,138
37,223
59,39
19,495
80,288
38,461
78,620
47,747
127,665
7,154
189,245
197,890
69,136
2,154
169,907
21,578
28,127
153,58
182,658
59,826
191,262
47,599
87,522
175,247
42,879
51,359
172,122
166,922
91,678
47,808
93,812
123,423
23,382
189,313
5,930
153,167
101,346
108,509
145,961
87,687
20,188
135,605
171,476
34,158
36,606
46,619
170,637
145,649
140,587
107,209
36,633
141,38
101,356
29,827
105,348
37,353
16,300
82,629
62,235
148,704
35,316
141,781
126,71
85,151
161,998
19,193
112,764
83,229
165,710
31,767
65,629
69,38
29,866
162,184
200,216
171,863
186,427
127,136
95,262
172,741
103,751
176,406
186,110
142,316
91,940
33,301
163,352
61,463
41,285
37,159
39,576
25,886
195,107
87,761
130,673
184,859
126,105
44,911
58,656
54,899
4,748
107,873
122,707
96,1000
105,765
87,505
163,864
64,398
73,590
46,491
128,953
26,513
159,753
85,705
160,970
109,538
74,662
114,933
76,806
99,296
70,913
52,199
200,701
117,73
47,408
101,560
102,400
24,577
177,118
38,102
65,813
176,228
116,698
120,957
159,449
111,415
158,12
129,957
195,463
97,698
63,742
89,826
194,220
113,128
15,209
103,676
123,320
59,847
195,838
132,66
175,3
184,501
10,694
66,856
117,26
139,407
128,452
64,269
187,508
122,179
152,43
77,813
74,817
8,568
139,443
72,79
148,518
52,595
173,536
43,880
123,867
32,835
194,569
105,729
98,560
25,128
18,212
150,100
151,670
139,568
80,110
156,266
101,911
65,613
34,774
105,885
4,261
66,758
164,556
139,331
155,594
111,534
21,797
133,659
146,862
41,748
35,756
54,740
159,249
162,288
57,92
18,265
147,573
65,284
38,218
38,622
123,87
56,908
198,201
121,144
185,429
74,886
81,204
49,493
188,968
55,53
24,100
152,734
3,278
88,244
70,991
117,520
173,922
197,141
45,402
99,861
197,976
19,54
158,129
187,709
9,100
47,240
161,543
172,596
181,570
83,242
119,397
15,620
181,958
136,442
114,258
16,872
165,592
125,317
62,779
28,693
29,149
165,365
13,911
65,825
112,247
177,93
25,198
77,911
169,449
103,880
60,901
105,329
28,806
80,804
62,166
155,987
73,272
192,491
160,655
139,229
18,529
6,857
72,257
78,375
71,444
73,37
131,292
55,368
61,266
72,446
150,743
160,952
44,526
92,131
154,292
79,576
81,660
74,771
90,40
169,27
172,116
117,178
98,784
91,384
131,569
70,690
172,588
112,160
34,57
6,630
18,33
32,162
161,986
24,863
73,468
75,776
40,727
172,107
107,123
14,315
77,472
140,497
157,587
180,254
96,654
56,568
165,74
9,467
31,846
91,810
39,333
149,416
149,199
11,357
117,915
31,415
85,968
98,924
145,127
200,570
166,856
145,659
156,860
128,949
89,219
16,236
163,439
156,168
32,291
160,647
169,700
132,741
85,734
189,779
175,644
72,754
85,172
134,359
74,986
64,949
183,682
166,891
175,900
133,453
40,581
27,179
61,54
46,810
74,772
113,607
64,371
94,355
132,973
75,904
183,52
8,393
153,185
61,487
132,916
103,284
29,225
89,686
105,494
155,414
180,318
169,643
70,423
33,155
141,68
88,113
186,64
66,185
56,288
3,314
53,538
196,149
195,955
162,86
37,305
103,774
90,182
41,81
53,890
43,931
3,306
31,97
183,803
190,5
194,97
46,593
109,396
130,682
82,323
13,638
17,974
124,559
75,142
70,520
115,328
154,355
7,914
63,48
184,912
60,531
134,284
163,465
193,791
7,658
137,289
100,876
196,261
191,95
84,714
112,415
141,708
166,277
107,924
6,443
180,672
177,678
85,381
164,518
155,827
73,168
7,137
97,47
81,569
71,310
3,968
104,321
97,205
4,176
172,793
12,794
157,671
75,738
35,873
146,712
166,64
8,763
155,556
128,831
148,2
50,217
12,880
199,76
124,871
170,323
122,351
190,956
40,977
102,510
125,980
160,294
160,212
195,415
70,39
144,595
162,254
185,289
55,333
120,566
32,921
80,147
196,44
60,488
11,12
49,119
200,736
191,77
88,913
115,331
39,817
71,623
25,94
69,645
39,122
15,590
180,360
33,230
29,85
149,715
26,751
197,853
30,450
97,723
23,803
119,71
161,928
77,575
177,480
54,756
25,1
34,228
76,941
92,32
178,867
136,572
92,100
151,141
117,382
176,417
43,747
72,323
38,169
7,961
173,429
138,536
31,324
143,305
103,253
22,343
85,930
54,908
199,381
48,735
158,938
108,89
30,496
93,871
188,84
96,61
83,110
5,506
195,447
171,962
118,267
181,253
154,648
197,212
64,82
136,201
93,540
140,818
14,219
47,150
40,9
160,331
39,657
5,611
2,9
113,232
84,921
106,774
22,508
175,98
186,758
68,939
12,271
88,703
70,59
149,756
41,530
167,333
95,320
196,657
34,535
70,369
43,238
181,467
3,877
9,172
151,204
146,13
153,290
10,802
79,931
67,164
129,640
87,262
158,580
187,426
197,216
114,420
180,620
90,574
163,710
43,959
131,209
134,146
80,299
159,153
102,921
2,641
64,100
85,394
101,650
106,113
67,731
91,873
40,510
73,196
10,172
170,641
127,664
71,891
110,871
36,445
93,18
158,954
9,46
137,427
175,902
130,806
156,467
64,994
114,383
181,893
66,873
39,81
54,965
131,141
134,201
45,93
128,251
36,461
122,655
93,455
74,1
89,252
54,434
36,934
142,937
124,429
175,548
141,723
197,783
200,490
200,269
72,406
185,837
149,67
96,837
70,557
175,439
95,478
180,270
74,865
49,562
118,322
57,521
80,3
128,253
20,93
103,182
170,379
55,335
94,384
12,984
85,306
153,167
8,975
101,953
114,744
104,612
134,153
142,569
107,293
136,631
113,541
165,866
175,8
94,131
40,50
13,969
155,435
121,643
103,543
173,238
145,337
110,811
56,622
147,813
187,789
2,322
9,182
10,186
62,70
27,322
76,609
161,255
78,376
21,259
129,674
72,245
36,580
174,150
108,435
81,932
40,315
108,666
120,970
121,412
181,157
147,523
56,499
173,317
118,892
188,932
112,564
181,272
47,551
85,621
58,933
31,667
23,644
114,484
117,821
39,454
60,815
46,934
119,501
93,263
107,117
161,201
145,633
170,867
93,710
73,922
81,614
137,357
69,322
17,374
22,148
188,677
175,686
70,852
7,956
41,787
172,623
94,269
159,584
169,490
16,248
29,85
185,606
140,39
144,430
29,294
195,425
116,916
130,421
28,233
88,922
37,595
109,264
176,792
183,795
67,562
57,378
103,293
198,904
80,778
17,890
78,354
36,331
179,826
114,571
61,152
137,81
69,636
135,953
14,685
173,632
17,370
178,118
35,506
30,13
185,825
129,282
106,463
161,877
74,876
60,441
167,665
74,641
59,195
199,799
24,773
3,914
160,423
135,750
104,226
69,16
94,802
49,768
195,235
62,959
61,85
84,536
193,259
177,934
153,519
74,705
183,700
106,418
163,193
143,932
2,11
86,558
195,245
198,58
125,81
91,540
50,891
59,849
108,911
110,1000
23,95
53,410
56,185
144,835
136,36
138,698
168,606
22,192
102,725
98,289
141,701
10,771
127,698
163,989
146,177
50,220
72,90
184,243
174,228
45,904
43,788
180,330
9,816
135,401
76,383
112,426
59,188
153,854
177,921
10,846
180,531
156,595
81,861
78,862
163,812
158,232
133,917
56,89
127,83
40,805
128,665
87,3
119,473
103,493
117,858
191,262
117,698
147,727
29,178
46,244
180,33
80,978
101,618
121,76
42,16
199,682
145,671
33,839
17,557
180,598
187,130
27,825
122,553
97,345
111,596
104,131
197,265
82,355
137,688
192,64
54,385
85,384
161,518
196,523
42,733
9,274
195,683
56,392
14,500
57,131
21,348
173,430
86,587
173,108
91,52
50,604
190,25
162,304
102,667
38,14
121,840
185,727
168,42
149,694
9,176
168,314
120,924
168,229
100,90
24,968
139,578
87,626
20,315
197,856
69,114
40,306
104,852
33,471
159,664
182,274
34,274
188,227
153,445
25,493
180,207
99,933
173,126
36,39
173,678
113,659
158,151
86,610
3,200
56,607
25,642
191,603
47,432
43,369
150,951
92,154
140,146
175,567
23,200
173,411
45,23
158,12
23,927
150,955
173,617
61,646
160,211
121,48
21,393
88,665
5,505
185,163
18,431
186,455
22,155
7,707
20,713
200,530
170,642
171,298
150,167
160,740
105,670
78,740
68,555
71,810
193,792
14,213
168,619
28,922
124,230
86,102
127,815
32,32
100,7
74,267
114,138
198,236
184,601
176,503
172,20
149,407
140,347
176,928
109,904
133,180
164,612
24,862
27,457
66,683
148,193
25,721
189,931
186,871
13,575
102,867
122,795
79,959
150,106
173,886
188,527
60,579
118,70
138,211
81,63
53,29
115,25
128,133
13,878
95,679
43,28
109,457
42,823
100,966
31,813
26,30
175,520
48,422
23,566
120,719
83,85
101,822
23,723
143,35
12,191
169,430
73,864
141,785
116,695
164,476
168,882
84,644
11,184
143,156
42,603
97,478
71,980
136,882
24,260
90,870
105,756
1,418
148,812
94,532
117,279
118,405
70,258
13,481
99,683
17,182
127,251
159,828
181,483
164,128
99,429
12,631
147,824
168,290
182,838
150,924
144,593
4,402
136,623
27,414
48,595
73,515
158,593
44,799
14,119
3,862
48,315
101,514
61,63
135,316
53,530
3,563
152,219
75,217
147,597
159,469
141,808
75,678
9,91
22,302
71,96
83,83
176,71
105,293
150,896
182,446
107,798
82,443
123,538
166,350
149,471
26,781
120,417
104,73
86,148
101,816
116,387
180,745
158,611
45,207
138,921
181,931
106,95
40,277
51,759
147,718
3,147
173,42
142,199
5,989
97,305
8,840
86,995
25,73
50,719
100,223
149,145
129,651
91,473
118,25
123,916
134,513
13,320
167,989
188,422
13,773
198,685
44,22
91,255
106,98
36,392
68,389
104,84
172,293
179,564
68,962
63,200
82,672
2,887
66,853
141,309
105,788
49,671
110,950
62,598
178,917
103,436
58,559
60,771
94,411
187,920
178,651
109,990
131,12
13,277
166,730
196,981
18,42
28,419
133,918
25,340
161,703
73,509
8,247
19,208
20,402
104,398
73,19
163,751
153,603
89,149
42,617
57,74
25,85
137,995
72,778
168,377
43,199
143,227
61,775
54,150
197,511
65,625
42,396
73,86
101,79
123,993
92,369
172,314
136,470
129,216
133,851
84,281
187,149
149,509
94,881
138,227
174,499
52,662
56,552
145,100
55,143
198,489
183,612
179,72
148,195
44,97
69,896
174,373
26,721
130,300
137,710
128,726
185,937
3,726
95,390
111,384
156,359
149,586
87,610
115,758
132,84
135,845
24,601
139,979
34,681
74,606
29,23
168,494
46,740
156,609
93,200
26,368
112,735
27,165
155,783
24,507
109,886
143,25
9,981
107,68
160,976
27,988
63,153
61,405
120,82
156,288
129,80
99,466
72,439
161,995
40,234
76,389
100,958
43,177
20,849
88,159
60,766
149,911
58,443
49,390
184,767
112,68
70,84
65,90
119,689
163,312
184,540
73,916
183,912
55,252
120,985
78,34
139,346
4,390
16,214
135,361
71,657
13,119
85,328
100,560
83,54
180,652
32,591
41,48
155,522
90,259
8,872
171,285
10,489
178,529
192,379
52,192
28,850
182,287
53,840
137,51
57,200
167,556
49,20
193,795
93,21
46,981
76,797
29,619
175,861
189,884
91,308
112,719
5,463
193,86
15,426
107,321
29,568
2,741
143,981
38,121
51,266
148,145
172,145
167,782
36,67
140,585
194,197
112,291
82,626
159,202
138,754
73,320
122,85
60,975
60,237
190,450
109,442
63,182
103,132
96,931
88,300
118,496
33,920
26,643
194,56
137,461
112,840
178,686
28,527
38,683
153,687
84,433
134,37
157,882
106,320
90,382
114,672
99,832
162,726
161,405
189,650
42,622
29,908
187,947
77,93
102,295
36,997
34,610
84,8
14,671
128,174
36,470
36,335
31,978
23,354
23,354
61,697
188,436
69,947
117,502
54,80
61,378
166,103
57,195
109,8
128,603
48,133
86,180
189,258
111,322
104,582
37,603
118,740
94,523
16,343
199,270
170,937
158,756
130,741
47,32
186,920
182,765
199,591
141,85
2,769
138,373
142,783
81,224
18,114
126,800
199,230
158,813
88,329
188,668
188,22
199,954
196,890
49,341
94,815
83,603
22,217
109,628
147,90
182,989
54,214
14,199
96,850
72,365
97,360
174,907
194,414
196,740
145,880
154,607
177,352
68,267
56,688
12,640
114,445
178,356
173,89
170,687
21,733
54,744
6,368
134,255
104,618
200,188
58,79
143,101
156,334
110,883
133,113
116,190
188,110
80,989
115,790
2,434
178,530
187,861
146,575
23,168
10,359
67,422
143,724
180,652
75,991
182,894
16,957
145,147
33,112
174,36
13,886
105,4
125,262
77,707
6,415
32,935
39,339
41,790
93,24
85,222
81,47
94,679
188,228
57,181
84,397
1,32
22,230
48,517
155,520
168,789
63,693
54,418
52,203
166,173
106,477
72,530
197,383
116,503
53,356
147,476
107,945
158,335
89,314
19,948
106,414
182,97
14,833
56,814
183,704
177,433
73,504
41,65
139,295
154,977
78,439
199,35
78,754
102,413
160,349
116,118
160,404
150,218
44,773
144,982
200,269
87,618
129,715
24,845
55,313
5,696
29,399
170,372
95,380
103,171
135,974
77,824
147,960
62,290
186,874
43,390
91,318
152,302
163,711
192,348
165,242
40,628
175,783
66,76
143,790
120,752
68,38
76,366
56,719
74,872
15,828
150,717
17,885
59,813
3,537
196,561
15,739
18,699
33,387
34,816
166,152
47,650
77,694
188,427
78,312
130,824
93,106
168,385
183,663
194,515
2,377
79,776
185,149
79,480
66,605
124,152
112,74
178,715
106,804
24,920
184,527
120,361
68,20
120,220
56,287
36,777
136,319
143,106
99,8
26,268
71,437
14,300
83,923
88,418
4,977
86,246
140,24
160,682
131,161
129,403
158,324
122,843
22,876
28,704
58,712
1,605
97,828
172,774
178,755
17,903
25,972
109,575
121,504
112,922
115,734
50,424
141,942
92,646
148,840
166,727
102,351
91,691
162,663
84,120
119,113
179,235
95,914
187,400
36,262
43,105
58,152
189,809
43,70
128,709
26,236
91,789
94,322
31,376
69,231
80,867
4,65
31,112
122,739
97,143
39,781
169,634
134,679
170,538
93,152
184,937
165,682
129,983
91,289
24,600
195,808
100,717
74,562
2,76
126,229
154,231
75,395
50,588
164,244
42,61
19,536
10,928
8,607
106,582
175,439
108,247
110,531
66,541
85,976
15,218
86,451
105,964
20,379
39,647
22,984
108,708
74,170
3,336
47,804
127,100
87,69
199,457
165,660
194,762
87,962
33,4
7,698
92,387
81,743
33,591
18,805
14,754
49,29
109,787
191,405
35,911
154,573
60,296
87,277
99,70
171,205
143,734
87,249
20,873
190,111
133,736
151,905
200,102
187,467
70,279
2,507
88,658
112,713
141,874
151,120
61,441
143,25
67,898
47,753
121,165
75,84
45,351
176,17
142,316
47,454
86,990
158,946
40,487
170,171
140,531
82,476
48,161
193,537
134,149
171,959
154,473
78,850
84,558
129,839
27,715
97,678
9,637
34,426
32,754
198,918
122,498
10,637
10,281
179,773
128,765
83,393
48,166
117,181
6,214
18,834
138,625
5,65
123,96
190,932
42,331
6,21
187,798
22,453
111,173
164,228
93,585
196,223
133,422
37,684
99,956
37,465
52,551
101,699
115,361
3,645
27,407
25,492
72,402
10,515
140,392
2,494
21,481
95,725
22,524
155,859
88,289
186,664
16,225
117,592
95,53
165,332
47,646
124,318
139,460
102,439
86,9
62,441
83,443
84,547
190,448
169,575
146,154
158,438
123,44
63,632
38,150
178,416
69,863
114,315
9,663
180,748
154,244
7,76
182,926
76,580
131,70
21,706
15,847
155,900
30,133
129,878
46,659
189,172
38,352
68,592
159,175
124,525
132,573
196,574
88,829
6,447
14,322
45,11
32,310
5,687
70,771
32,552
197,315
194,551
169,863
124,848
124,982
163,641
191,523
1,151
22,267
62,15
117,120
154,637
4,379
76,48
86,324
57,843
195,558
131,524
51,629
194,851
102,129
84,573
91,809
184,416
108,273
163,985
157,393
52,303
79,19
103,485
83,891
122,255
97,229
105,786
109,478
197,514
96,971
75,662
37,787
156,366
72,242
106,423
180,882
62,743
131,872
93,280
109,450
155,110
83,127
40,12
21,926
6,473
133,691
98,406
125,259
108,595
98,164
182,789
108,835
178,363
150,598
80,301
157,717
165,962
11,10
99,973
72,271
121,411
106,641
60,741
63,728
162,968
171,956
57,876
192,505
8,645
66,46
16,259
104,406
61,543
125,108
1,889
128,758
160,99
191,654
185,425
34,591
161,961
43,412
146,752
29,28
161,629
172,74
65,237
64,536
158,499
85,67
137,822
92,580
96,664
30,608
95,920
40,18
7,891
138,337
72,452
196,302
190,121
131,917
124,9
115,824
168,938
71,600
6,338
106,741
94,577
52,111
92,169
142,53
34,617
8,233
178,712
124,470
55,521
120,682
124,35
78,874
57,31
142,732
36,589
14,44
105,758
194,295
93,136
115,321
95,607
6,359
114,327
165,42
1,568
123,635
69,815
36,489
18,654
195,868
131,90
37,111
91,391
156,988
122,182
135,34
98,14
106,844
9,320
70,932
57,200
89,246
139,280
174,21
147,918
197,681
21,991
115,346
151,260
175,993
192,689
153,753
37,402
106,643
134,631
4,951
144,431
16,612
25,747
199,61
79,607
108,820
8,977
162,177
3,377
96,577
172,424
178,354
15,863
163,348
81,96
110,492
137,971
134,679
95,188
133,143
140,431
140,386
82,539
52,482
145,869
197,540
64,145
75,191
132,796
52,168
145,265
26,315
186,557
77,785
172,901
105,517
117,560
127,639
134,43
121,938
132,808
9,256
165,415
122,666
115,924
173,766
98,469
92,27
52,584
23,38
76,120
113,705
15,565
103,691
157,715
60,618
160,510
119,339
128,24
142,98
156,777
116,93
66,229
54,531
188,884
182,450
71,171
170,252
55,677
153,254
190,80
111,850
110,733
10,940
134,697
98,82
61,946
174,282
2,424
141,869
166,468
67,235
169,305
172,369
171,142
90,313
92,237
197,389
154,567
8,506
198,344
177,259
192,237
81,605
74,114
37,382
43,734
192,135
151,987
37,609
49,935
142,344
177,151
16,765
189,416
61,934
62,603
44,799
58,571
22,651
95,804
37,595
155,105
55,198
102,573
156,175
96,284
77,667
166,682
81,896
143,883
17,689
200,506
57,1
98,970
26,309
144,307
4,331
155,960
105,951
36,818
13,893
8,46
197,518
156,632
26,178
165,572
182,353
3,41
122,752
86,245
36,923
13,173
179,28
105,151
89,681
136,696
39,254
188,92
164,427
87,574
139,849
24,932
50,521
86,465
115,862
23,474
27,469
123,102
109,765
83,383
77,5
87,106
99,244
168,53
54,676
94,165
17,733
30,624
62,794
172,963
130,854
29,874
92,803
117,865
170,430
106,255
143,598
146,962
140,953
31,485
43,351
28,617
1,181
112,981
198,354
176,677
123,963
149,248
56,904
47,276
149,198
146,37
89,64
121,649
4,640
157,289
97,104
104,604
27,639
58,783
103,917
15,671
112,241
31,189
56,88
33,261
73,807
29,796
63,656
107,361
177,747
15,767
50,627
189,743
112,391
168,513
177,671
178,662
197,127
21,907
86,109
120,542
158,768
76,508
64,472
165,259
106,510
9,840
128,34
75,850
173,822
61,859
146,954
177,16
100,980
15,464
85,11
157,139
190,993
71,599
74,38
28,908
6,582
134,14
150,353
169,727
122,762
9,801
52,564
173,783
121,780
128,997
6,815
104,476
25,299
3,145
155,207
79,987
152,550
170,517
192,566
188,681
63,717
29,654
38,595
112,430
148,426
69,213
76,803
189,822
88,95
192,740
79,670
177,439
120,269
182,934
130,84
52,574
188,355
36,896
93,353
124,482
120,250
61,851
98,121
159,361
188,468
180,18
176,82
187,264
163,355
72,123
130,837
146,751
191,189
45,671
15,144
56,517
70,970
102,80
16,344
100,799
122,371
88,214
169,991
58,382
18,872
173,578
39,253
98,890
135,726
4,423
185,606
194,127
90,462
104,185
130,17
78,666
153,164
86,433
58,443
108,628
75,141
177,963
13,387
193,830
115,760
190,966
188,906
80,73
117,535
117,32
24,907
42,65
4,499
175,31
133,924
111,547
128,754
104,554
154,256
159,262
192,996
179,316
22,130
41,70
182,979
103,223
144,738
39,370
119,428
189,728
40,321
157,557
119,158
57,634
190,902
145,505
71,409
120,399
170,890
117,261
18,798
108,163
142,761
193,856
194,617
15,745
119,114
133,194
9,899
19,683
108,699
84,478
76,858
197,521
20,837
91,958
117,291
49,63
48,205
161,125
134,227
173,379
107,733
125,796
178,935
13,298
90,430
107,878
25,137
123,893
24,306
169,169
152,7
137,402
69,309
26,176
184,382
184,996
125,364
191,238
12,125
171,59
30,8
164,78
85,943
182,146
82,261
159,138
103,533
183,679
63,513
143,981
83,784
10,797
142,264
19,567
200,441
38,661
72,513
85,787
162,153
108,358
48,70
132,958
22,382
28,303
61,853
126,151
128,706
3,117
120,637
35,989
26,743
171,615
92,4
198,382
79,313
15,71
174,78
59,131
41,25
183,642
97,96
141,504
73,741
76,344
2,566
60,546
137,604
145,905
184,330
25,327
40,798
193,391
98,777
5,512
65,598
65,692
71,693
140,682
168,310
117,176
141,344
142,645
20,283
152,54
133,823
112,359
98,411
151,76
76,831
184,962
57,551
139,332
159,914
176,867
114,717
149,222
180,166
3,125
18,439
169,230
148,880
57,948
193,475
53,144
194,204
139,568
192,138
182,120
45,80
137,360
113,968
57,534
59,704
27,30
50,426
60,965
17,696
40,831
65,807
67,709
185,320
158,329
12,230
37,937
198,526
104,599
170,538
180,53
161,835
92,993
134,43
54,367
44,956
104,223
192,994
157,278
157,430
101,870
135,579
23,197
28,299
192,333
128,6
72,997
162,902
65,167
149,50
134,981
173,759
172,646
179,859
142,736
83,639
130,813
143,180
51,765
143,642
80,267
13,253
80,44
131,462
100,698
123,345
66,81
182,408
64,542
21,344
79,935
51,186
16,477
124,277
26,861
49,157
156,574
161,113
70,73
175,831
112,966
27,109
136,734
117,377
5,183
61,707
73,399
38,602
9,367
21,875
195,146
156,52
177,931
34,754
142,631
53,308
138,52
77,285
180,137
177,606
15,625
23,56
178,713
56,563
70,184
102,427
69,662
112,922
136,332
18,810
195,758
41,121
35,419
103,768
140,326
53,891
139,562
15,82
183,567
72,566
40,240
66,171
92,694
17,717
168,475
4,953
47,84
97,707
89,887
9,740
88,409
113,535
36,263
98,603
65,142
131,622
116,341
12,825
106,592
8,753
78,628
163,182
96,572
183,733
178,588
123,785
63,93
35,812
153,730
31,517
164,632
44,867
41,38
195,742
45,349
76,856
86,733
90,446
48,465
19,83
1,849
2,951
142,228
148,68
22,236
97,691
54,574
82,40
136,992
57,431
142,166
110,730
92,449
193,224
101,726
126,736
85,652
155,489
145,326
60,728
182,809
151,372
96,880
63,158
96,907
174,884
118,790
30,293
71,886
18,361
2,334
19,982
154,584
174,836
121,775
100,995
100,365
48,380
193,453
178,834
7,611
107,390
28,492
115,492
176,918
164,275
14,771
51,407
180,420
173,457
142,829
122,123
38,894
199,103
142,952
193,976
50,567
187,72
120,782
23,769
120,89
190,452
61,694
108,453
86,529
89,667
44,885
191,248
92,943
22,803
11,906
72,266
183,477
4,591
141,583
39,841
75,886
68,330
173,112
163,918
40,81
31,255
21,927
60,541
51,933
121,758
8,95
199,893
193,183
144,682
18,640
3,98
62,380
72,469
67,350
168,870
189,450
98,242
23,510
109,302
170,838
4,646
44,289
139,388
86,485
153,445
177,718
50,820
130,886
193,190
25,100
12,655
137,935
13,373
110,773
91,628
104,210
84,948
26,550
40,969
69,209
173,893
79,286
163,601
125,82
54,948
107,860
81,904
51,117
65,739
160,804
190,545
51,323
133,883
175,438
136,274
122,186
101,770
63,178
88,810
127,293
170,703
25,59
193,181
33,842
115,684
137,905
195,792
39,380
10,67
186,9
90,178
131,819
82,852
10,609
75,518
70,675
164,367
158,92
171,162
119,671
172,503
18,33
89,47
93,718
173,721
35,14
35,308
88,343
69,703
93,692
37,629
122,108
65,57
72,981
191,516
68,905
139,173
26,431
124,385
60,616
125,198
113,374
105,84
138,647
145,293
21,889
32,96
149,687
175,797
117,553
168,623
30,411
191,269
94,921
3,842
40,73
79,146
161,270
32,785
17,871
120,328
169,290
177,162
46,437
43,320
85,162
16,859
133,353
106,758
113,664
122,782
20,113
168,771
108,761
164,285
163,440
3,249
26,295
98,754
119,553
66,278
190,128
27,892
163,742
116,327
180,312
121,124
23,597
96,591
200,998
26,749
111,34
14,800
164,682
195,763
12,638
171,614
17,287
188,230
51,734
134,979
83,100
37,271
43,640
123,280
5,764
70,970
192,668
178,990
23,568
184,476
185,484
100,400
176,229
63,264
106,75
103,974
137,848
89,665
85,577
82,867
32,435
111,950
177,418
147,222
59,268
167,66
121,429
35,591
161,263
17,441
54,241
151,167
60,217
146,622
8,83
83,726
4,900
178,892
60,842
37,272
185,36
89,473
125,749
52,661
111,864
67,390
194,658
7,730
14,191
168,988
138,731
12,965
150,482
91,204
56,841
14,404
120,153
163,579
63,654
133,176
98,933
116,670
3,895
150,966
59,258
180,404
59,96
65,581
66,717
153,849
119,500
185,873
54,814
198,96
87,654
26,517
145,955
87,742
162,252
137,523
100,229
128,830
190,260
85,758
92,570
9,949
184,920
104,749
147,673
33,576
90,18
57,984
96,596
27,375
179,937
130,647
148,574
23,977
9,569
68,345
127,669
158,571
154,995
162,755
134,312
127,922
8,742
165,886
32,806
183,67
125,839
196,551
7,736
185,940
157,763
78,586
169,39
127,959
182,9
140,4
67,337
120,262
150,459
118,999
10,980
19,515
90,206
2,444
102,735
92,87
84,271
127,322
194,946
33,428
92,94
185,101
195,566
118,271
84,975
24,394
115,11
36,380
145,895
189,489
115,810
172,473
149,188
5,321
67,704
81,991
30,191
105,700
190,927
120,97
65,121
2,940
160,924
110,524
91,848
134,249
86,665
103,534
101,592
58,704
85,738
138,958
97,359
61,547
157,227
119,288
61,166
158,411
67,959
133,512
145,226
68,552
89,967
186,744
132,971
94,902
97,195
144,564
71,948
40,554
13,499
93,773
44,963
86,282
91,412
133,161
120,907
91,197
126,725
138,386
96,941
71,117
92,647
174,106
107,883
127,271
163,655
77,323
176,87
159,635
136,192
144,952
115,553
81,913
19,824
133,351
139,116
101,882
99,545
163,434
157,800
179,788
138,680
187,806
8,1000
65,657
121,683
106,430
42,606
180,277
95,333
175,186
74,314
143,657
72,32
108,903
76,266
20,292
127,349
45,3
124,9
110,189
62,772
65,646
28,298
58,25
194,93
73,104
89,489
78,568
74,619
139,241
54,134
175,597
82,556
29,537
39,643
136,214
31,915
159,28
125,510
72,604
153,819
11,250
22,618
169,204
96,528
154,282
40,619
8,582
81,219
71,495
89,690
63,928
42,777
110,264
41,189
112,274
153,233
153,676
126,342
9,295
44,226
145,757
103,240
189,815
30,341
48,108
61,535
180,684
6,270
12,608
196,731
108,899
132,611
66,317
172,908
59,479
126,566
112,556
182,564
135,400
134,347
32,949
75,823
51,205
18,143
193,792
105,592
86,822
127,224
111,190
187,481
105,850
50,607
10,968
175,27
173,21
142,716
44,111
152,978
34,188
136,989
99,210
187,413
136,469
1,11
49,585
163,174
35,526
135,478
130,202
102,67
173,982
150,107
159,665
46,391
181,180
50,790
144,224
98,10
62,165
67,728
170,902
60,554
180,862
67,398
6,555
178,686
39,153
1,874
104,682
188,573
30,287
60,915
129,405
134,217
56,921
93,123
65,862
125,849
91,361
158,822
32,395
7,150
38,741
160,790
72,682
99,119
48,875
142,453
131,358
190,377
169,386
119,521
27,701
12,914
33,496
157,331
99,983
127,74
86,363
134,307
118,584
163,226
150,943
191,183
168,229
4,841
132,193
91,591
59,2
92,536
108,503
55,473
26,892
143,457
28,929
162,221
200,398
195,391
183,164
17,101
66,391
184,525
75,328
63,626
146,572
191,407
25,436
171,283
104,721
61,268
68,508
41,214
17,857
177,661
179,870
30,207
28,261
85,348
46,408
86,750
195,646
161,117
89,270
126,523
114,351
117,105
13,892
155,963
189,320
145,41
167,12
8,914
59,82
126,981
185,569
74,613
188,162
135,20
33,272
100,630
70,549
113,592
132,29
49,153
50,952
87,189
45,534
169,743
170,316
156,22
30,97
178,460
122,495
6,184
151,183
41,187
178,228
35,561
118,221
173,125
73,828
148,561
56,100
148,546
61,539
196,288
13,231
93,665
43,197
33,488
106,782
151,186
186,150
26,911
88,155
154,800
125,541
176,368
186,867
162,44
70,607
119,333
191,872
154,192
161,870
126,176
98,320
64,648
1,386
144,298
184,474
137,896
129,810
95,807
69,872
15,487
142,559
173,903
137,172
90,723
8,273
108,585
131,624
72,379
179,38
31,781
158,472
61,316
47,795
19,806
61,181
15,419
150,878
103,758
184,175
175,943
103,995
200,657
17,652
14,716
191,544
30,28
59,543
117,503
33,949
47,876
42,545
153,948
176,151
164,944
108,602
102,858
200,240
64,559
121,991
100,984
186,82
82,393
38,285
10,222
54,2
128,624
84,602
143,547
44,253
87,319
93,96
199,605
29,501
55,159
90,551
39,610
47,395
37,846
107,222
86,809
99,273
88,933
11,356
190,799
122,763
182,886
60,967
108,237
10,172
136,237
187,156
99,304
52,621
92,652
31,147
121,979
92,623
8,913
33,328
79,124
146,341
121,601
42,25
53,162
150,576
131,122
132,23
150,82
102,998
29,462
176,868
98,519
25,74
109,986
47,944
9,405
160,473
145,314
14,941
40,900
11,173
157,194
99,442
83,678
49,386
99,401
120,537
62,217
112,556
157,595
27,721
200,902
170,832
48,6
47,947
67,266
130,426
164,195
60,987
82,222
189,122
104,40
180,1000
159,850
68,215
45,720
139,128
122,117
149,959
112,941
60,999
131,990
177,434
70,803
61,135
177,430
127,92
93,594
92,538
114,373
185,721
14,94
43,553
79,516
34,815
115,735
23,735
81,625
147,988
143,960
32,773
73,458
178,739
71,9
4,86
52,48
46,508
79,824
16,483
55,421
140,197
87,925
74,201
27,128
153,559
188,928
57,484
145,244
188,618
170,130
81,271
185,750
126,773
154,931
78,473
101,543
145,451
42,356
151,240
124,313
113,173
118,29
171,480
199,390
134,930
49,830
193,135
113,262
181,799
79,267
43,785
190,439
29,858
29,929
6,988
71,435
173,500
101,302
181,505
158,881
55,921
96,35
200,129
58,89
5,363
76,640
184,577
44,273
141,823
119,549
68,104
38,77
61,164
118,71
98,29
66,797
50,738
175,443
167,191
91,506
131,385
144,289
89,392
25,532
180,988
101,561
165,685
9,222
97,29
198,43
31,790
129,61
11,614
165,840
186,528
184,708
122,71
126,379
191,670
153,53
58,15
132,302
117,362
58,406
157,737
105,350
157,50
52,225
134,233
173,51
62,773
41,464
64,559
158,159
79,661
114,418
71,755
160,588
29,682
101,829
16,651
76,93
84,415
4,957
23,129
13,496
175,663
150,682
42,751
140,253
17,878
119,119
125,431
96,185
116,566
98,129
48,149
6,261
92,802
168,856
138,324
164,599
160,237
30,587
6,382
183,971
132,916
40,289
98,546
99,916
167,162
166,607
135,702
49,639
192,900
113,623
17,972
167,851
198,632
105,434
200,560
192,103
85,595
49,36
103,109
106,189
94,876
65,509
12,297
68,8
5,488
24,967
90,924
59,703
61,828
41,219
170,430
121,350
163,420
1,503
179,525
173,130
17,139
71,751
6,67
79,861
74,487
91,304
131,168
64,665
138,156
100,463
16,511
145,335
29,712
199,66
146,745
163,503
77,204
174,139
189,127
56,654
21,280
103,72
168,975
67,740
123,1
125,513
4,568
165,124
166,17
2,996
134,519
105,526
81,387
7,876
97,501
113,636
12,981
173,716
149,397
182,524
125,546
89,218
29,170
120,308
50,988
158,141
172,821
177,886
70,432
116,215
31,706
134,291
68,586
159,311
67,920
38,349
83,972
41,166
139,157
124,82
159,804
67,894
81,25
188,854
36,54
146,25
111,386
193,161
187,513
166,338
106,554
112,445
40,716
106,533
150,292
54,885
92,648
53,817
189,281
13,840
188,888
66,265
41,800
56,999
51,892
173,56
34,763
174,995
170,608
81,658
99,499
77,584
183,271
64,798
191,91
150,911
86,232
31,130
183,814
97,12
189,776
19,690
64,230
65,791
14,213
48,458
167,545
155,78
34,947
71,297
116,952
170,271
46,928
90,645
166,394
57,531
71,416
53,966
186,812
165,203
97,381
27,505
9,637
25,795
170,45
99,433
174,7
156,26
53,899
61,738
43,771
160,328
80,165
160,146
2,418
72,238
85,603
198,459
151,783
156,684
13,310
45,687
52,873
57,622
99,679
82,907
56,741
85,305
173,188
130,898
30,880
51,790
106,188
115,821
183,189
167,571
62,391
106,903
18,109
177,225
3,824
112,629
163,969
106,68
104,668
112,796
33,202
61,174
136,151
184,531
41,945
77,931
83,525
34,596
25,793
121,619
146,602
89,52
146,924
22,954
86,661
56,106
134,410
58,347
175,283
66,772
34,19
56,882
101,493
130,230
57,666
156,565
58,870
105,274
135,355
22,864
128,449
7,51
192,592
24,758
91,540
164,495
81,772
169,90
157,834
171,321
60,559
133,791
84,639
176,93
2,995
45,587
47,429
44,884
13,935
153,44
43,80
35,851
71,725
144,432
19,288
108,405
195,619
187,333
39,616
37,121
85,322
175,600
116,641
144,453
17,247
147,971
133,599
151,104
112,65
100,979
12,889
90,42
5,754
199,790
76,952
88,845
25,992
79,370
124,345
75,62
153,273
72,19
197,475
8,741
92,373
100,842
29,502
32,128
194,987
57,677
115,972
22,137
101,536
14,662
70,241
168,439
60,335
173,254
23,27
13,147
28,448
101,567
180,298
179,90
161,132
63,183
128,22
6,859
125,981
194,156
143,443
126,482
27,80
170,865
116,429
31,524
159,971
63,938
150,672
143,904
74,388
29,199
189,151
185,4
190,660
38,329
20,295
155,834
42,892
2,400
174,444
119,345
69,605
27,831
54,870
154,758
192,902
22,173
158,324
166,589
129,401
73,814
139,310
186,129
52,683
54,746
22,703
79,352
100,63
97,746
16,732
77,889
85,978
123,642
117,625
155,33
155,750
66,293
178,691
14,807
183,472
112,535
43,622
5,644
4,384
107,754
10,200
36,321
51,458
84,785
17,43
15,183
29,574
47,501
184,813
120,698
52,872
194,895
26,847
66,753
141,172
186,695
118,698
13,272
53,606
3,459
88,828
75,767
19,814
31,838
70,610
51,569
16,934
82,912
153,811
24,86
105,571
5,504
116,625
153,112
92,641
80,472
97,923
59,11
183,526
191,662
116,288
174,915
169,37
130,439
114,824
49,171
64,459
4,789
150,706
182,526
188,887
74,494
24,735
49,759
91,298
12,40
18,287
63,301
112,502
131,224
21,605
101,171
46,502
45,542
179,251
51,236
60,821
33,328
6,481
150,119
74,147
127,659
30,149
198,332
75,105
142,285
101,741
8,62
79,500
85,593
193,197
20,398
63,509
137,354
88,55
150,849
131,951
157,12
22,974
2,671
80,122
128,588
193,755
97,706
182,970
137,931
40,455
130,991
53,989
93,757
71,340
30,575
92,310
105,877
83,393
21,165
4,687
196,681
132,812
189,82
25,108
53,528
118,1000
97,46
113,488
118,210
11,168
127,342
83,382
19,112
78,198
72,323
173,460
85,829
197,625
115,373
98,79
85,836
17,633
66,704
124,580
61,381
192,461
150,257
61,38
186,707
85,922
134,233
141,441
143,28
38,499
176,359
12,282
51,653
131,745
117,719
36,913
165,465
92,197
31,478
6,952
71,669
168,90
35,466
136,691
172,609
79,240
25,872
104,81
178,884
91,191
1,439
9,411
72,884
200,94
147,619
200,855
148,135
197,502
192,835
155,739
136,770
188,436
62,233
132,398
2,970
145,266
86,799
88,87
111,627
21,608
38,536
111,580
107,510
80,103
7,635
85,54
183,672
149,376
147,508
112,142
104,113
117,723
55,204
107,963
25,896
10,974
25,719
183,20
91,406
195,925
166,757
175,764
24,715
57,260
116,535
144,968
46,630
150,189
66,666
129,506
180,956
140,600
195,15
125,106
108,214
71,51
35,163
43,379
170,274
72,674
188,774
68,773
137,331
147,75
88,153
82,286
143,774
73,250
40,91
98,103
81,684
140,781
132,337
133,804
75,88
189,755
186,52
112,202
139,614
155,138
178,864
25,936
143,767
49,772
137,400
106,162
185,942
195,121
65,517
137,221
131,685
86,991
99,921
45,965
39,860
171,632
187,749
33,243
103,247
157,419
49,926
58,77
13,406
121,778
113,89
128,563
22,889
101,795
163,38
150,1000
165,796
19,224
47,660
152,286
148,277
147,579
157,874
94,927
30,33
190,8
82,556
176,116
187,955
168,6
71,416
98,412
100,954
47,716
70,822
42,433
140,980
157,865
77,155
32,943
39,193
172,428
30,362
82,226
145,798
10,543
135,977
96,464
88,826
115,375
23,714
174,91
26,78
14,139
11,947
8,161
23,54
22,633
116,384
152,967
174,196
52,769
154,867
129,92
63,431
166,115
153,570
49,887
133,550
101,155
131,400
186,915
106,435
15,601
135,554
43,830
80,25
130,274
112,811
116,631
55,292
87,986
168,861
36,921
147,659
36,461
142,263
39,977
121,827
101,430
166,245
94,628
70,743
134,739
6,459
78,121
193,100
148,742
87,461
114,615
191,405
137,934
153,193
182,699
107,178
30,678
131,667
76,772
113,122
123,119
19,655
123,481
143,501
85,37
107,416
106,611
185,386
187,763
109,516
81,397
98,37
184,997
83,608
131,154
133,56
29,631
118,267
161,710
119,986
197,362
44,838
33,53
40,958
151,60
57,177
100,309
95,17
112,529
199,485
185,626
133,521
113,214
53,289
43,256
16,325
192,610
114,661
123,699
42,385
46,873
99,631
200,762
53,162
146,926
144,179
76,501
194,543
74,259
107,292
36,541
146,416
176,86
98,93
94,484
12,669
200,790
77,936
154,482
18,895
35,628
78,929
98,856
119,119
96,115
58,690
54,104
88,495
165,77
122,264
163,465
51,894
147,313
31,999
126,392
50,714
81,760
33,242
192,354
47,221
169,599
46,222
117,917
102,522
150,801
120,769
38,855
1,232
152,836
66,218
122,43
163,709
135,174
3,299
194,638
7,885
67,593
58,862
132,332
161,709
69,16
109,436
142,566
132,486
4,931
34,753
100,673
78,637
187,566
122,369
117,1000
37,929
91,136
188,259
193,947
36,687
193,298
161,147
39,608
146,920
194,282
33,738
53,501
149,716
15,268
139,972
176,400
143,378
47,302
172,885
75,566
175,323
169,653
99,191
41,639
196,364
150,264
56,713
16,216
194,426
17,817
20,685
36,802
64,905
26,114
68,564
4,509
73,381
131,915
19,818
84,725
19,917
106,231
60,429
111,256
124,161
151,429
137,421
22,763
42,642
119,610
15,497
163,115
16,434
21,476
73,828
189,586
167,319
136,119
182,958
73,656
116,779
195,740
135,349
57,765
25,287
146,353
168,820
89,211
119,387
134,448
143,56
125,922
36,318
88,705
45,378
70,917
5,739
85,375
196,33
117,222
143,981
68,647
150,300
61,955
18,248
82,442
186,322
194,349
89,2
112,412
176,505
23,480
44,862
121,150
178,780
182,785
63,405
136,216
68,215
147,89
153,810
173,608
124,181
186,527
117,781
151,570
161,874
171,238
125,514
122,25
162,900
83,565
43,402
162,624
153,382
140,407
185,347
189,320
129,693
40,894
99,104
7,286
157,909
147,8
49,396
18,50
193,191
198,817
19,398
99,256
188,424
80,388
168,47
112,205
171,237
61,502
153,43
166,783
129,560
18,255
71,904
95,362
78,653
194,928
43,294
167,964
70,819
5,676
103,661
178,849
92,987
34,572
141,644
90,393
72,303
82,424
84,158
29,593
148,736
140,70
171,215
74,675
64,300
25,89
188,881
89,265
45,431
167,566
143,381
79,290
29,583
112,438
16,51
83,594
110,780
64,947
56,157
119,773
84,270
59,785
103,997
39,652
76,161
20,864
13,991
38,435
131,590
8,256
33,651
32,73
64,222
162,771
24,432
122,882
170,721
141,120
135,467
194,370
69,780
69,317
20,540
159,510
146,915
101,939
13,541
167,763
171,608
162,718
75,617
147,630
63,289
54,937
14,616
118,298
50,767
3,206
59,547
68,244
167,386
27,959
143,331
84,462
140,542
136,915
115,327
56,952
52,691
80,244
131,954
172,291
125,904
51,417
169,297
120,705
157,518
90,24
112,403
121,727
157,517
111,432
92,153
74,263
144,70
198,344
127,809
68,895
196,948
124,728
184,179
32,59
101,493
68,746
196,647
162,548
67,248
48,244
20,239
60,710
199,260
101,3
96,855
11,747
63,271
196,420
164,55
197,928
55,783
81,251
54,292
30,547
165,471
101,32
148,551
119,471
61,233
124,280
44,691
89,838
65,643
185,118
140,607
143,372
106,745
135,239
89,609
144,625
158,37
152,222
75,923
133,750
35,436
179,817
122,8
156,430
99,99
168,56
125,585
53,243
6,13
109,417
184,421
91,220
31,226
141,131
75,398
26,105
111,7
81,593
91,564
103,527
155,102
126,373
66,63
152,221
112,837
179,361
159,755
51,314
43,678
72,77
157,22
147,885
157,171
146,582
117,145
30,85
65,401
54,41
132,389
33,96
32,670
69,720
121,875
74,359
187,961
181,667
151,107
195,334
3,397
62,749
57,274
182,135
169,806
164,737
29,501
133,921
9,220
182,185
152,736
100,208
48,915
4,541
16,264
132,312
83,810
146,801
54,601
122,134
158,462
126,503
65,636
112,744
105,550
2,470
183,821
157,784
73,607
198,245
5,579
14,404
184,627
14,613
106,337
56,513
15,353
90,980
136,609
56,263
4,580
184,724
81,416
90,725
81,369
177,760
39,160
39,519
153,492
188,638
37,533
169,33
51,83
104,970
30,903
5,641
12,533
104,520
131,407
29,450
37,357
7,325
183,12
82,319
150,455
68,260
53,661
106,524
116,51
108,176
3,443
1,167
7,919
67,991
103,48
197,595
42,938
70,924
193,893
1,950
167,389
9,698
158,873
4,171
90,844
161,858
135,170
65,431
43,68
97,302
169,928
102,520
12,862
106,339
181,92
173,932
37,448
114,622
80,107
114,565
57,206
63,913
63,729
94,147
128,288
121,852
80,412
26,676
160,458
132,223
122,656
180,865
84,364
19,387
199,989
193,882
154,635
172,804
154,67
160,847
143,760
52,694
32,695
35,668
2,658
16,278
82,913
143,874
150,694
127,16
147,178
189,568
90,657
89,283
88,192
171,552
77,978
84,564
135,294
200,46
179,949
15,195
81,547
143,718
191,345
189,3
171,610
115,789
43,25
199,622
130,787
62,839
127,648
114,713
93,372
121,775
65,539
98,420
187,38
94,148
58,783
154,57
137,982
38,234
39,828
167,603
175,159
161,518
56,145
144,356
69,356
143,284
183,801
115,871
46,955
3,802
32,48
162,740
79,495
140,893
9,897
132,782
187,384
111,261
68,30
200,321
145,174
46,152
51,174
130,534
161,947
164,321
157,798
69,498
174,262
195,909
7,134
13,223
100,530
123,66
47,804
122,738
144,455
9,97
168,512
149,556
85,328
106,952
160,228
128,432
102,837
58,793
168,417
104,171
130,510
112,141
39,551
57,893
44,249
144,658
136,18
31,603
52,38
110,939
39,17
126,430
99,844
73,863
86,804
71,412
122,684
30,423
145,987
177,149
110,568
72,639
198,301
9,441
65,138
180,168
188,510
121,146
98,818
39,858
181,794
93,47
158,810
100,739
19,605
61,580
27,623
195,291
74,495
198,711
198,563
183,142
104,513
108,422
150,245
130,420
6,633
165,464
18,896
15,739
89,928
145,948
39,756
173,965
91,692
23,822
12,888
45,624
74,716
97,741
150,732
27,480
144,538
82,12
184,521
176,666
114,144
62,272
57,942
155,23
105,650
141,206
172,527
175,498
141,759
33,17
161,312
197,848
168,280
36,979
111,97
137,565
118,102
34,696
183,337
62,32
81,919
65,313
110,906
139,342
180,211
194,5
66,529
54,242
188,627
136,195
38,289
32,65
18,471
19,742
169,499
82,267
84,156
8,516
116,984
116,452
61,23
48,102
5,434
130,737
170,830
182,807
46,988
52,595
147,121
6,129
41,660
124,882
170,613
184,152
138,3
49,291
166,700
160,315
164,33
110,230
86,53
55,194
90,734
131,292
143,385
96,258
47,695
136,92
62,691
9,476
79,445
132,161
53,488
2,628
10,538
13,528
14,777
165,627
56,373
10,841
111,250
166,221
12,846
145,366
123,213
65,439
145,498
141,59
35,541
23,798
25,799
197,986
17,565
150,981
132,967
198,517
77,351
119,573
179,260
92,757
142,37
141,874
124,440
116,818
99,895
162,601
45,560
33,122
154,233
91,669
20,461
101,402
186,706
188,531
179,793
32,767
96,99
156,600
129,161
41,26
194,128
88,992
188,319
60,861
140,925
196,149
52,231
45,452
38,985
92,779
20,102
115,130
130,989
4,624
166,164
167,312
183,191
81,199
9,705
132,672
79,977
114,43
166,539
24,750
77,222
68,415
35,507
104,27
10,685
123,653
55,13
37,115
122,95
170,314
151,714
85,552
180,852
67,787
196,584
105,866
132,336
1,514
132,825
122,497
59,694
171,741
87,132
72,36
101,34
106,399
157,165
57,631
112,819
72,952
22,147
53,266
48,104
154,456
197,576
155,247
45,222
57,499
89,773
63,667
17,848
137,852
34,894
10,177
164,654
88,438
172,632
127,287
53,28
93,149
116,429
57,326
70,689
64,735
134,392
1,834
119,673
16,843
136,425
34,569
24,98
147,591
85,573
73,234
13,110
32,968
91,474
104,136
2,759
54,654
163,952
28,942
37,559
48,541
148,908
95,525
92,641
123,334
102,508
152,264
72,657
185,516
147,807
76,808
200,241
176,758
113,254
184,203
115,730
94,953
91,922
9,355
125,941
20,274
145,390
72,540
55,269
77,243
11,218
166,568
8,798
153,490
121,73
26,167
40,316
107,562
163,484
15,345
135,782
2,563
81,574
112,145
20,273
78,635
177,36
113,284
127,477
61,143
125,151
9,173
184,21
114,823
23,58
73,513
22,317
39,830
40,288
95,642
198,625
111,488
104,936
43,219
30,661
27,548
119,528
96,46
95,993
79,113
33,123
115,702
71,916
43,359
198,68
81,305
140,936
103,482
12,732
37,317
189,418
105,119
186,993
171,933
54,652
139,379
199,490
93,193
34,661
183,981
115,447
143,789
119,318
127,405
78,193
140,62
66,545
128,934
96,155
59,904
58,200
92,265
34,98
28,673
54,908
95,767
37,677
66,220
61,804
145,217
48,917
107,409
152,873
70,445
4,514
165,586
107,710
11,771
105,225
175,554
153,725
81,505
34,63
38,359
70,525
188,270
80,936
169,425
68,782
70,288
149,672
134,157
160,788
57,540
43,679
194,20
57,916
88,470
9,533
39,314
81,20
69,701
161,699
110,722
99,236
199,684
143,362
41,816
52,612
30,278
110,104
97,27
167,581
4,845
134,281
147,661
148,442
82,109
187,651
110,271
57,849
11,15
68,249
136,954
117,768
31,904
125,569
52,643
136,364
46,172
16,322
27,192
67,275
98,481
62,930
161,985
3,845
193,656
120,191
67,845
8,83
43,436
159,147
100,794
111,219
124,31
132,167
48,441
86,809
17,337
190,914
114,348
66,381
9,840
199,927
60,987
5,176
102,180
177,553
114,157
62,589
77,723
161,33
90,849
161,594
176,813
194,931
74,946
172,579
40,732
198,60
115,731
143,123
96,421
53,828
115,465
47,605
115,733
83,301
139,400
33,729
74,68
184,528
74,60
199,866
112,582
138,714
141,145
182,492
53,234
156,854
78,158
123,638
182,354
28,193
61,874
136,943
140,293
70,912
52,457
147,977
73,440
104,78
22,747
19,477
164,463
119,11
31,981
65,506
124,308
155,326
175,958
138,353
121,656
151,221
3,812
166,450
186,961
38,609
153,501
120,265
123,255
92,622
198,183
23,911
191,527
64,594
125,627
136,312
114,604
165,196
67,290
166,456
106,346
92,650
163,113
122,456
105,926
59,67
131,374
31,161
191,364
54,444
40,831
195,865
137,429
96,127
100,168
170,993
147,827
55,189
154,276
190,276
76,577
25,498
194,690
51,418
45,592
81,172
44,764
151,21
113,516
77,20
187,522
4,40
115,369
99,195
155,59
189,261
79,571
55,808
156,398
124,96
15,710
200,57
57,817
185,1000
47,112
103,737
34,405
62,258
140,352
27,954
117,402
175,675
127,965
5,656
18,619
139,195
153,518
12,897
138,841
125,484
112,784
125,847
105,607
51,608
34,339
105,107
23,657
118,529
23,430
68,157
47,962
184,202
180,198
79,214
157,506
70,29
191,72
112,468
141,487
74,271
130,559
152,745
10,670
37,165
85,862
57,492
118,475
45,985
38,945
50,586
54,404
158,787
64,744
10,288
8,808
146,625
121,721
172,347
182,9
62,749
156,808
94,640
7,574
4,30
103,479
112,719
119,671
71,94
165,640
188,336
67,89
143,671
47,366
112,934
137,336
92,106
175,415
194,168
45,919
152,775
54,713
120,286
96,882
120,780
200,796
169,694
156,408
127,960
15,460
107,468
191,921
130,994
29,890
161,314
141,921
194,37
38,607
188,904
135,529
154,944
149,620
80,36
2,698
130,17
89,302
189,97
145,427
176,843
61,396
32,200
58,327
36,264
196,173
184,515
177,538
183,745
78,841
170,636
71,589
126,736
125,128
129,940
62,445
76,929
4,333
167,416
108,719
139,713
125,946
128,741
123,415
33,296
160,356
158,561
9,926
152,200
6,993
181,567
191,838
90,904
69,621
73,365
73,218
65,961
22,232
193,538
153,75
143,650
126,285
140,117
172,52
119,267
173,646
51,963
177,644
199,905
160,833
31,766
177,163
27,343
177,64
108,863
155,692
171,259
35,771
132,875
6,197
147,260
119,260
51,830
92,46
53,195
138,423
60,868
7,152
160,389
156,168
68,526
14,862
145,110
65,569
68,240
134,373
144,276
96,151
75,225
10,837
98,739
138,775
37,716
142,177
72,389
27,942
100,959
185,899
19,672
33,229
190,707
138,274
99,114
158,225
39,741
15,157
40,170
190,385
4,866
43,340
66,128
149,25
11,666
82,934
31,123
10,123
35,874
174,753
125,464
63,612
90,901
158,471
162,190
142,166
163,32
16,435
116,896
143,207
94,663
107,77
123,160
24,58
51,506
99,806
22,846
62,548
49,598
26,15
181,42
182,175
31,438
123,23
42,225
170,551
32,802
118,830
162,504
154,247
185,720
147,967
48,130
47,562
57,544
2,409
112,454
131,383
154,381
73,233
140,304
60,945
79,533
34,555
101,427
57,2
75,915
138,166
29,743
16,839
90,765
19,922
54,725
119,706
106,665
112,353
175,822
49,597
27,854
161,371
53,906
11,140
148,460
105,622
92,379
161,867
134,847
110,906
38,958
35,737
137,135
150,379
141,891
120,579
128,190
160,407
10,192
195,870
94,94
43,6
90,882
27,607
134,191
41,765
37,302
122,736
4,343
12,263
129,354
83,739
181,655
56,351
112,255
43,447
99,556
194,757
2,710
87,587
62,947
87,228
53,179
96,943
47,578
139,832
139,562
102,342
196,176
185,473
177,124
52,420
136,315
64,899
25,13
178,70
37,132
19,898
65,179
6,775
168,735
169,462
132,981
2,320
22,863
26,18
162,174
122,445
83,353
156,383
124,195
44,448
78,92
1,19
137,499
127,550
9,961
178,993
179,297
58,808
119,978
160,440
110,90
163,597
158,888
157,489
178,740
159,828
160,936
10,366
192,322
198,975
61,438
123,93
108,400
11,216
178,258
15,614
107,867
41,299
88,686
136,592
18,169
121,595
167,440
129,485
48,571
55,657
16,894
138,476
172,892
154,81
101,36
44,467
92,697
137,779
119,796
75,539
72,565
146,664
105,493
85,764
34,53
159,426
25,249
56,555
13,416
188,977
182,13
149,453
58,35
26,794
86,138
68,368
191,969
131,889
90,672
196,130
128,789
3,812
193,862
75,286
198,532
178,294
149,345
110,339
192,547
75,972
28,924
86,44
43,69
144,599
101,796
133,563
39,694
70,201
127,73
122,495
118,288
140,100
193,653
130,145
31,395
197,928
31,311
148,184
177,200
115,26
95,194
64,192
141,645
82,27
87,541
145,865
145,170
109,224
197,675
148,421
84,310
3,600
194,845
29,725
92,505
118,1
103,840
121,339
183,585
84,803
7,674
89,252
8,67
95,421
167,739
169,295
100,713
147,711
192,490
158,648
62,959
46,61
1,560
172,672
85,98
57,392
185,897
197,547
154,811
2,797
50,105
130,947
23,544
109,989
96,675
84,888
118,174
18,295
180,814
146,622
83,836
66,424
90,113
184,234
21,724
127,421
96,747
15,153
148,517
86,488
86,369
164,374
94,406
199,193
93,894
174,323
28,245
124,149
89,965
165,200
150,138
19,881
71,61
165,430
13,690
87,233
141,300
93,316
125,199
191,354
174,112
122,594
113,913
9,866
90,507
13,141
37,248
39,264
54,691
164,334
90,245
19,891
68,180
18,407
68,989
171,522
59,74
29,460
24,840
77,319
65,746
178,526
92,930
163,165
48,351
169,619
16,2
44,629
37,460
188,773
51,902
176,585
56,466
17,367
89,314
96,387
9,417
86,796
78,121
68,748
141,653
101,673
15,88
157,351
132,553
146,92
103,109
58,835
198,333
84,997
94,47
47,741
183,440
13,209
42,882
42,439
73,720
103,278
13,54
76,524
151,662
21,290
144,266
110,888
101,842
136,378
153,534
181,111
80,589
26,714
131,849
35,598
89,365
30,686
46,558
174,440
166,77
167,446
102,455
25,612
189,575
65,320
192,235
12,880
62,72
145,315
16,803
72,307
145,78
81,192
175,922
99,395
173,566
95,506
21,548
110,292
2,505
78,978
149,917
172,8
153,315
58,363
58,910
26,252
200,687
25,716
106,884
168,44
141,201
150,169
74,992
135,303
146,429
136,938
69,307
144,854
171,94
124,494
63,827
161,311
190,778
69,900
112,463
134,356
66,356
20,259
81,174
134,556
199,986
30,303
9,68
6,557
79,642
10,415
57,979
158,506
197,702
85,347
196,42
133,3
127,404
20,30
179,319
175,3
60,92
162,982
30,329
27,887
183,102
175,727
9,315
35,724
13,942
174,990
16,148
170,664
10,479
132,835
148,154
191,818
46,61
129,437
105,981
28,880
126,372
177,331
149,632
69,227
26,699
132,797
125,884
190,800
166,924
144,61
52,970
176,211
80,195
154,430
177,367
143,731
157,459
164,577
44,568
28,55
17,250
48,163
179,451
135,19
154,61
98,129
97,610
152,112
10,801
135,707
173,38
176,337
1,523
66,807
77,715
99,82
19,703
126,264
46,96
121,103
105,401
90,44
75,667
108,147
19,560
130,428
58,379
188,269
25,63
159,185
34,181
123,641
86,665
191,530
16,145
9,928
70,912
61,93
9,428
97,418
123,932
160,146
53,382
101,661
191,257
157,419
192,489
106,260
66,450
55,69
15,535
14,208
56,999
103,334
119,95
23,469
2,896
107,48
35,436
40,139
129,352
134,894
29,549
56,881
141,806
166,870
72,282
187,496
48,372
20,338
64,494
189,421
120,373
191,380
116,870
35,973
41,222
5,254
80,779
149,310
150,697
159,638
175,345
35,276
182,218
59,188
112,471
86,494
12,204
65,696
3,531
105,88
97,817
30,478
40,973
89,54
42,289
80,379
135,658
108,822
120,927
172,971
152,300
143,975
148,821
43,292
19,66
179,685
113,305
178,392
163,131
197,567
101,12
29,736
143,13
192,107
178,29
169,65
153,123
129,449
124,10
137,637
117,433
174,367
119,655
18,206
56,29
191,772
39,852
121,201
93,21
171,790
66,567
99,582
181,599
198,775
194,86
161,700
172,716
77,188
173,551
86,574
11,549
20,673
80,278
130,467
13,241
200,858
51,528
56,729
165,394
3,684
172,529
70,304
21,53
48,779
152,473
130,71
69,599
127,530
101,686
180,555
78,848
49,206
123,522
112,294
73,347
50,509
181,885
111,771
66,459
67,378
144,181
8,365
30,715
5,65
77,257
61,61
87,987
108,619
170,771
153,36
130,331
86,458
162,866
42,403
137,651
49,158
61,642
59,328
60,175
93,981
40,909
140,800
174,156
173,179
121,823
195,423
129,348
88,429
51,685
46,402
148,713
159,160
80,824
172,211
96,589
148,89
197,953
56,628
29,576
94,781
140,787
192,822
43,327
94,342
40,53
88,99
76,930
194,367
149,861
64,650
173,536
35,364
108,333
105,660
171,192
127,31
10,335
85,572
117,681
138,482
41,95
2,460
186,61
94,877
177,154
87,786
75,447
79,778
115,355
171,18
130,888
30,681
50,556
114,767
33,946
51,931
103,798
141,200
61,723
167,876
158,516
191,406
115,507
115,201
69,298
163,282
118,604
184,818
140,319
141,118
29,792
104,815
9,819
178,98
100,43
81,146
175,907
189,876
15,657
184,148
196,64
35,941
44,994
99,666
75,10
24,507
64,732
116,598
142,836
30,868
189,171
170,112
16,987
66,796
163,578
159,889
95,942
95,262
145,708
177,16
53,566
99,196
60,679
5,903
49,228
172,927
73,41
181,613
88,85
139,282
27,212
64,415
124,153
95,112
85,60
93,794
177,902
130,982
142,771
70,526
56,569
104,195
95,327
66,66
66,81
113,656
198,61
39,877
66,634
34,287
34,241
49,972
21,824
52,193
125,35
99,364
191,151
163,789
74,538
82,714
187,500
52,934
16,501
145,541
157,464
32,818
164,411
154,781
171,417
179,883
169,930
46,683
165,97
64,55
105,403
75,785
166,950
28,127
82,66
58,694
169,205
115,383
8,835
74,851
180,111
106,646
109,49
142,18
119,122
176,976
144,122
194,920
36,14
114,158
31,777
115,869
26,86
92,102
181,619
143,656
146,62
146,207
86,359
33,837
125,492
23,725
35,203
44,273
137,31
89,37
200,991
121,408
36,782
105,111
13,193
24,638
103,462
23,378
83,694
43,624
41,36
196,232
60,248
195,965
196,895
114,130
17,239
135,477
114,851
132,102
100,513
25,101
16,96
86,673
113,279
144,922
54,73
58,31
8,130
25,877
125,720
25,695
102,61
169,296
104,334
40,154
182,331
157,72
109,624
139,805
96,742
55,514
34,490
23,681
138,173
69,69
182,656
15,22
45,493
40,372
110,835
27,821
80,550
142,994
155,358
163,610
109,767
111,534
21,431
22,694
11,303
160,668
93,989
96,956
28,958
165,218
19,511
137,528
139,868
11,10
172,163
86,310
13,661
138,105
156,269
87,257
6,379
52,12
141,485
91,626
112,15
89,995
26,902
89,654
134,718
99,555
189,899
30,931
131,148
147,815
32,822
93,66
76,483
184,486
65,560
157,511
114,974
117,610
85,847
192,14
177,564
150,660
50,746
69,40
105,6
148,243
94,411
12,904
53,95
180,124
141,869
138,364
182,740
56,310
167,470
4,523
165,445
29,735
19,381
30,334
82,944
70,395
112,182
108,904
62,799
110,118
76,355
121,67
146,405
145,714
200,631
57,956
9,362
44,412
65,790
112,141
38,498
144,888
94,447
112,206
70,902
24,419
31,78
192,849
11,362
105,159
51,384
180,50
94,532
161,670
49,918
70,355
99,608
198,518
18,647
62,852
26,312
105,91
55,901
131,518
185,942
165,836
170,747
112,416
35,126
73,920
82,783
52,196
159,683
146,839
184,527
14,49
169,614
27,487
72,557
121,647
59,136
43,752
34,412
119,525
101,943
132,189
128,368
127,952
51,544
95,584
26,188
182,7
199,986
109,891
44,592
16,444
60,520
86,494
65,458
1,271
127,130
34,84
79,368
35,945
177,772
25,232
176,752
4,272
88,691
74,18
73,769
54,216
184,279
52,347
124,430
191,68
198,351
31,678
70,80
195,371
171,47
154,149
40,692
175,912
32,523
80,906
184,622
45,989
173,178
157,226
44,836
117,991
93,693
171,957
72,259
85,420
32,629
74,325
90,538
179,822
97,696
89,445
68,608
109,365
166,890
69,465
174,85
77,886
65,218
38,71
90,153
58,730
170,433
19,614
20,271
71,421
178,760
189,574
77,252
141,868
60,864
128,38
195,106
129,174
64,197
110,621
150,156
122,675
89,26
159,612
120,101
140,573
118,883
155,366
52,78
134,379
19,988
64,881
127,148
134,238
93,768
137,382
103,781
74,234
68,660
57,95
147,73
176,796
20,110
130,254
93,45
187,153
59,661
57,892
92,14
80,37
34,207
123,881
108,636
142,237
136,542
77,943
117,634
68,973
117,816
70,505
72,253
161,418
124,674
25,495
20,234
147,833
101,498
182,292
52,977
127,550
105,748
135,244
139,83
12,329
20,219
39,597
130,56
183,883
117,947
107,184
39,906
3,436
130,965
46,515
125,392
178,519
185,740
99,716
35,282
33,437
74,942
22,49
146,259
83,465
137,763
150,108
116,557
13,765
180,241
68,732
193,390
128,91
107,586
179,22
190,591
139,431
177,240
69,748
89,833
81,196
106,285
65,779
130,808
185,41
49,34
26,25
2,892
74,902
114,795
17,521
135,463
183,911
191,880
81,963
69,763
161,896
175,643
167,917
147,403
117,275
55,64
60,521
131,890
129,583
161,882
144,971
34,62
85,775
163,676
4,570
89,555
118,572
184,695
89,833
47,399
184,217
59,372
197,737
94,926
134,35
125,898
52,134
121,693
92,38
41,367
92,900
30,549
9,465
60,901
122,465
145,378
75,203
111,705
135,809
187,371
40,542
151,725
7,357
73,406
10,312
135,355
5,205
99,608
52,722
5,231
167,684
20,659
23,823
103,873
194,291
196,60
75,484
37,690
43,728
184,834
172,790
167,38
163,459
119,355
127,271
30,735
127,976
138,128
79,738
33,887
196,963
36,768
14,948
1,738
90,962
79,973
39,955
133,755
136,233
45,806
44,864
72,950
77,632
157,416
193,179
168,178
131,194
128,136
156,905
35,983
174,651
138,304
116,779
28,195
150,380
39,37
165,901
146,682
185,479
188,693
168,814
154,688
120,283
119,613
89,934
146,397
109,269
83,794
197,961
17,487
6,333
31,763
40,287
70,487
175,359
122,908
121,232
48,26
165,865
30,507
165,457
15,250
27,902
109,748
161,429
114,174
111,240
189,857
80,747
105,982
132,407
101,193
84,997
95,196
89,293
94,876
163,439
43,813
131,838
18,297
95,99
52,825
86,638
136,604
119,809
31,335
104,868
142,209
62,846
33,251
22,265
13,564
104,424
61,450
125,208
165,391
32,473
119,912
179,693
197,580
127,452
2,228
192,29
148,390
80,452
91,738
155,377
10,206
152,946
84,752
165,165
180,947
163,984
5,851
94,247
69,470
40,373
106,665
1,88
131,662
179,711
60,397
168,241
28,283
120,822
83,607
194,740
51,54
198,619
125,802
54,509
119,460
21,935
108,58
105,402
6,295
10,716
21,390
185,765
165,310
142,729
133,59
89,94
194,272
78,490
83,748
40,599
83,241
132,148
45,594
154,969
41,426
162,450
31,633
152,123
164,860
18,697
138,508
42,146
50,61
31,473
150,473
10,521
183,679
80,800
30,785
73,273
109,697
79,414
49,597
58,187
25,604
77,220
149,407
157,192
165,810
153,624
49,172
198,492
122,661
31,241
47,147
200,184
15,445
150,684
150,79
139,473
22,272
88,399
190,981
152,765
114,999
134,620
137,603
31,465
75,6
164,552
94,874
43,276
130,132
187,381
69,135
42,545
76,992
141,284
69,866
141,770
179,7
95,223
34,914
178,841
133,674
147,380
23,541
158,302
125,964
92,690
193,407
24,152
176,384
36,395
7,181
22,608
23,103
9,424
196,522
145,801
20,332
53,312
162,894
175,936
108,320
28,629
71,278
49,699
151,512
132,901
45,805
57,191
95,59
94,67
170,529
170,377
159,827
115,155
75,875
58,676
90,830
130,697
129,149
199,520
75,298
184,155
31,890
193,244
89,1
184,618
22,493
18,955
67,502
155,512
197,918
52,76
86,463
16,524
55,562
94,322
136,723
120,15
70,672
109,523
85,109
155,809
106,285
186,968
101,199
131,857
52,76
161,779
176,248
153,910
198,82
199,279
83,562
131,302
139,528
110,387
115,353
8,151
65,43
99,10
120,674
82,260
69,755
120,250
49,272
38,834
111,838
59,255
79,156
147,345
13,341
27,289
123,96
168,677
174,143
174,803
152,720
124,620
119,549
135,878
42,705
124,470
28,902
35,438
3,52
188,508
16,569
119,245
78,694
92,835
148,182
158,340
71,75
160,71
104,847
132,259
107,194
22,683
91,912
58,740
166,647
187,308
188,702
18,802
150,293
8,392
126,543
159,46
154,813
8,872
19,809
192,757
168,694
8,659
42,608
80,869
68,61
191,937
162,745
178,415
151,874
111,819
74,369
31,948
168,277
107,392
71,544
173,926
48,529
157,969
145,804
143,601
162,722
20,62
111,379
82,813
75,930
145,472
160,133
61,754
142,995
75,156
189,344
80,198
27,435
186,807
185,950
103,595
58,134
184,764
178,296
65,375
193,741
41,479
2,956
175,469
62,414
70,734
67,206
120,379
170,549
63,838
188,751
116,609
188,491
125,154
167,308
78,907
183,21
126,663
156,114
108,269
66,208
97,880
6,355
176,244
69,865
151,581
75,188
148,412
177,404
86,620
139,892
84,704
12,838
44,39
94,106
74,49
155,964
16,338
3,312
173,892
68,192
22,573
138,556
139,276
162,912
156,950
76,655
2,210
170,898
174,889
136,863
8,110
32,113
86,580
116,303
57,370
148,84
22,31
128,763
147,289
2,607
192,767
63,835
44,243
164,693
15,550
51,925
70,804
175,237
121,606
18,415
131,870
136,475
60,988
198,641
88,677
154,483
145,563
87,382
47,127
198,704
173,106
95,142
79,129
151,149
183,282
39,687
39,31
95,965
3,170
143,841
200,632
117,64
196,345
191,908
132,6
102,950
122,178
158,526
189,356
50,758
99,556
167,344
76,898
185,669
185,576
150,978
69,576
189,54
163,999
138,670
92,590
11,993
90,526
101,403
56,689
132,331
92,560
106,195
23,435
46,977
161,772
57,219
192,119
146,933
16,247
65,25
118,41
129,178
43,93
16,267
198,275
72,731
59,221
129,986
19,673
155,668
57,642
55,984
190,751
122,310
14,555
198,781
20,22
91,779
24,526
12,931
16,813
75,701
60,197
156,45
183,347
56,630
135,205
173,406
53,256
5,394
110,21
100,169
96,501
131,554
102,436
92,841
41,765
103,29
182,245
66,1000
123,137
191,936
187,668
93,959
182,300
109,186
120,24
182,693
53,143
155,97
111,884
51,682
185,993
168,762
108,576
100,916
77,423
82,70
49,625
161,469
135,677
127,179
11,731
12,588
55,724
17,620
144,317
186,528
90,338
54,896
137,409
18,715
111,116
34,259
92,682
89,199
10,764
71,607
33,445
51,692
25,154
60,404
66,97
121,885
70,235
46,531
62,294
132,703
72,315
15,4
34,735
117,717
200,835
130,134
169,910
67,850
130,203
105,490
52,867
27,680
114,749
173,360
14,570
91,188
141,544
104,361
138,827
36,168
177,836
18,102
33,559
16,365
181,779
76,801
98,836
17,873
166,665
50,339
117,552
132,306
122,366
170,977
110,605
41,953
116,921
158,298
44,377
80,620
21,569
21,895
50,17
128,700
30,755
28,338
43,494
83,514
33,347
39,369
135,457
95,513
46,425
191,745
100,94
108,130
46,378
84,323
82,806
86,950
102,395
76,7
136,399
175,31
108,238
64,100
37,520
197,32
182,946
151,521
190,877
151,840
1,449
30,834
158,308
27,95
196,770
162,759
193,182
22,191
161,908
78,697
167,879
129,711
62,538
140,882
155,737
136,592
1,142
163,488
186,889
153,450
68,377
29,859
13,542
102,61
59,49
45,707
99,648
38,382
135,951
51,767
161,401
80,524
181,100
160,27
117,719
74,676
70,826
7,31
107,256
5,49
47,624
73,210
49,147
1,578
106,565
195,886
56,681
170,522
149,223
88,846
101,836
107,642
14,196
154,235
155,268
172,67
191,346
129,140
65,612
115,339
181,478
77,699
92,582
73,572
95,450
6,5
16,454
32,426
127,906
51,731
31,88
113,291
82,301
133,687
190,453
99,704
167,353
135,620
16,38
182,707
29,652
73,155
6,128
13,422
138,838
156,100
86,100
199,73
42,516
131,761
65,474
57,73
105,173
141,412
139,747
106,851
128,33
172,299
144,652
40,838
155,402
184,715
44,705
60,316
95,481
107,245
38,574
63,19
49,308
83,153
147,482
40,570
122,414
137,733
172,732
25,594
52,911
39,826
126,703
127,246
163,449
8,47
76,211
103,702
143,257
8,439
82,99
46,539
147,850
71,607
151,686
93,4
60,674
32,323
145,945
194,172
80,166
30,754
20,520
100,691
114,912
93,350
124,162
72,968
169,943
193,357
43,278
104,219
136,710
24,945
66,1000
45,484
37,401
141,162
146,3
33,632
86,857
46,238
13,439
91,300
27,783
49,482
87,453
132,842
22,314
126,918
44,664
149,475
150,948
14,253
123,806
28,653
149,714
64,129
133,188
161,65
185,795
1,222
115,891
83,964
191,651
27,700
101,848
80,398
62,953
136,388
158,216
82,242
119,933
52,185
79,226
121,751
184,14
144,992
168,118
128,153
58,562
72,108
46,722
159,233
148,522
46,946
195,429
101,609
55,672
164,185
95,353
69,920
198,978
71,116
123,48
140,6
126,277
29,313
27,823
103,243
180,388
130,370
161,431
65,107
141,311
176,666
99,349
105,948
115,458
173,128
53,909
35,944
4,242
8,554
105,599
131,134
14,518
135,352
152,437
152,492
170,917
138,79
116,988
183,735
54,238
108,387
158,640
64,405
172,347
87,675
78,833
73,227
25,536
22,734
85,500
103,140
128,876
12,722
17,892
22,674
126,944
176,552
164,344
20,865
178,630
20,556
9,59
91,419
165,46
81,882
35,809
136,370
87,163
200,984
31,444
14,469
183,592
158,403
43,172
169,591
192,389
181,632
155,239
50,712
105,827
112,917
48,935
55,918
140,594
70,731
88,546
125,45
136,777
167,332
190,227
116,95
89,277
45,498
109,393
151,479
151,214
131,50
134,426
40,180
111,53
82,105
128,273
133,420
176,640
187,489
1,871
99,280
166,900
25,998
4,667
172,407
73,766
80,751
85,432
45,273
145,238
30,277
65,204
90,202
60,600
10,468
194,537
16,911
18,934
186,52
87,76
61,828
155,628
78,169
63,425
23,46
132,705
45,344
156,832
176,976
156,347
161,598
175,548
147,486
72,656
200,317
173,239
106,284
69,109
96,462
63,529
147,877
70,977
156,991
17,690
22,389
18,622
106,13
42,354
6,307
40,816
171,92
88,352
90,158
67,617
24,116
49,804
93,810
190,495
115,705
200,538
57,789
60,8
171,617
146,327
47,411
141,557
142,33
1,986
158,971
12,69
154,67
127,979
181,468
32,186
128,963
27,360
144,903
77,599
147,576
4,388
2,975
3,935
162,820
81,572
162,211
56,227
137,76
154,690
141,385
47,298
2,535
98,159
128,516
19,290
32,62
70,699
200,878
76,691
172,708
63,111
47,779
16,637
185,6
108,190
171,415
127,542
131,620
79,524
78,838
56,194
24,792
198,438
95,14
70,545
155,293
184,215
109,80
197,696
60,877
54,579
19,338
145,952
132,192
48,682
5,786
190,384
90,24
39,636
76,980
176,861
52,671
152,435
79,14
59,759
171,193
179,842
90,845
140,921
85,991
185,718
111,165
106,605
35,331
198,882
147,692
55,347
74,439
166,899
60,868
138,163
185,460
104,416
86,885
27,488
93,582
95,552
68,581
196,214
149,596
90,728
3,416
13,664
72,535
52,234
65,712
23,716
158,732
74,549
77,81
194,811
141,15
182,717
105,890
2,111
51,609
26,77
78,9
100,319
196,684
110,33
178,446
40,58
125,689
148,115
46,779
46,697
147,25
82,691
55,4
67,939
15,514
46,943
165,542
40,145
54,608
174,62
81,315
125,684
81,274
106,994
74,402
75,473
110,58
152,992
82,26
11,897
200,939
16,526
104,352
19,982
190,95
125,253
52,787
184,793
57,66
20,564
120,28
152,706
188,198
57,317
9,135
19,927
76,260
159,98
193,568
40,974
195,921
117,498
194,48
133,286
164,280
122,111
25,166
118,288
67,754
167,230
70,780
39,537
153,246
46,600
183,311
51,411
18,427
64,90
26,34
87,209
58,670
161,914
30,842
35,111
174,704
13,337
24,120
59,710
88,37
45,470
33,342
172,980
84,977
25,36
157,893
57,721
83,212
169,102
138,805
157,915
165,987
35,16
136,393
68,947
179,375
148,362
109,949
124,917
112,965
126,383
38,849
188,63
64,878
192,648
138,551
72,508
94,138
164,699
104,235
149,232
16,726
94,326
84,107
44,254
38,325
180,613
23,194
25,929
1,556
79,597
144,418
138,482
189,866
108,667
200,831
65,737
197,673
53,763
143,809
101,22
86,454
194,603
66,720
125,214
195,530
179,615
152,269
62,829
51,936
63,645
54,756
165,147
110,112
60,814
30,176
83,48
130,369
103,207
129,586
74,182
29,551
77,706
22,392
154,735
127,129
63,469
176,356
46,790
132,645
149,741
117,477
174,353
11,909
30,448
29,635
15,582
152,352
157,843
24,729
17,582
173,386
33,243
30,816
81,67
5,375
14,510
141,848
2,313
32,990
96,885
131,863
67,981
175,554
55,884
67,906
146,69
131,561
123,350
140,690
49,148
27,175
199,738
154,376
32,987
185,850
109,972
141,743
79,108
158,561
51,210
51,567
141,775
25,798
155,136
122,766
31,239
103,335
37,685
12,498
7,439
148,396
113,880
95,348
189,808
39,573
24,260
181,488
102,395
99,90
122,829
20,675
142,183
56,76
175,401
117,510
44,493
60,590
1,32
10,819
100,344
25,226
89,709
128,707
43,759
62,997
135,315
45,308
180,646
158,163
17,229
156,256
93,631
63,492
64,46
46,548
113,783
74,114
149,498
87,941
117,658
39,18
155,790
125,794
102,227
32,954
92,63
172,65
179,43
140,722
69,705
28,127
157,880
172,601
12,919
174,797
57,590
157,281
171,269
97,940
16,123
103,380
144,858
86,922
157,137
106,282
85,338
113,382
170,263
145,821
171,487
145,800
108,441
128,44
73,654
160,839
44,994
61,90
175,603
11,506
169,623
156,994
33,880
126,832
79,698
77,802
48,537
5,24
134,684
137,715
131,682
48,582
31,382
28,687
166,10
19,69
78,688
123,424
61,39
79,386
94,649
125,158
6,541
181,569
89,895
90,917
4,693
110,552
105,926
75,812
87,270
163,703
15,100
95,298
34,499
195,589
133,83
145,123
156,954
57,58
190,960
41,614
164,557
28,257
197,644
121,746
7,845
69,209
42,261
56,370
86,11
52,848
147,185
111,989
161,776
166,971
159,710
47,543
41,155
65,124
138,285
186,185
57,309
80,294
105,922
196,670
124,323
115,656
54,337
29,340
180,818
186,582
121,595
116,272
123,779
108,772
177,382
39,987
37,519
133,567
94,818
24,762
101,778
40,254
2,836
24,126
183,574
12,356
112,27
150,675
152,935
38,440
194,794
42,728
13,593
144,459
71,721
109,626
165,573
152,240
74,356
192,439
13,879
174,66
193,845
30,972
152,317
50,806
172,204
186,140
37,937
176,570
112,932
151,80
123,501
104,965
116,884
182,502
164,378
103,586
176,971
200,993
26,209
51,865
37,689
11,67
187,435
20,235
120,970
171,24
63,418
41,588
40,78
26,603
173,292
105,74
116,367
162,945
75,446
110,709
146,624
17,21
118,704
166,979
100,77
55,642
36,318
8,644
180,813
86,926
75,563
112,863
194,556
180,217
20,485
12,460
100,603
35,63
194,855
34,550
84,237
49,163
163,162
57,308
164,784
116,55
98,422
57,759
85,923
94,26
69,299
15,154
76,405
91,215
172,150
86,682
84,489
165,726
123,704
137,285
95,26
99,507
9,679
23,708
79,192
6,97
10,718
190,762
7,188
192,578
136,286
139,356
172,205
29,10
115,273
176,400
72,343
191,372
178,560
118,477
2,845
75,248
56,667
67,779
117,346
173,505
183,416
47,327
65,61
153,245
147,719
181,156
166,251
42,228
80,94
80,786
197,97
30,358
70,311
11,683
155,316
41,758
100,147
104,479
125,371
8,317
84,414
139,840
75,930
87,748
23,297
88,300
75,69
22,562
128,93
105,671
22,252
178,788
187,91
86,107
107,421
168,585
6,654
105,678
69,554
24,940
184,946
141,573
71,983
182,37
35,271
197,715
199,551
144,593
90,1
180,825
9,572
4,592
73,611
17,677
71,388
95,418
133,182
40,723
145,416
30,417
57,542
89,822
195,290
118,498
179,620
156,478
130,405
196,223
167,875
198,90
143,231
6,5
99,980
124,934
119,244
30,495
162,927
57,849
141,434
142,729
90,330
146,876
15,771
87,299
173,251
81,629
137,391
40,838
170,277
196,397
2,210
21,639
12,930
123,442
143,850
66,709
98,149
183,670
50,219
170,596
86,654
82,693
84,976
74,750
194,220
193,857
57,77
142,837
69,432
167,125
28,576
20,398
92,153
84,730
78,163
107,589
33,837
88,442
91,699
9,63
142,968
42,837
9,114
124,809
98,223
195,474
136,503
16,61
156,322
136,634
147,5
14,834
142,527
110,542
53,332
17,551
27,208
162,77
184,653
36,518
172,481
27,657
145,310
143,969
81,943
70,96
100,809
150,347
117,770
20,494
127,31
5,677
56,920
136,108
172,130
194,799
96,863
169,9
168,178
47,493
67,786
182,450
167,638
72,205
151,82
140,861
156,598
73,654
97,786
118,49
193,698
58,747
103,858
33,564
137,276
177,668
88,778
58,631
77,328
89,297
106,493
67,376
100,986
169,185
32,972
113,697
106,865
83,734
49,690
158,692
186,877
112,844
160,573
40,141
188,899
25,81
8,886
19,738
58,305
171,331
148,269
199,811
54,20
106,826
142,202
91,966
129,322
94,879
106,549
179,595
194,377
143,760
45,243
19,637
127,965
130,86
10,402
57,725
77,229
24,892
148,605
7,989
19,121
42,697
187,288
191,210
45,187
75,310
70,115
108,333
153,322
14,801
80,253
64,34
90,870
80,206
34,186
115,472
51,394
181,778
151,638
35,526
41,1
173,342
10,952
116,962
125,807
73,147
16,993
35,781
88,97
191,222
1,139
107,149
156,708
52,107
52,61
4,403
57,316
189,261
80,681
12,167
14,600
53,600
31,40
50,394
132,926
88,826
61,743
149,867
21,835
198,238
157,809
135,255
57,440
110,643
77,941
161,639
113,846
60,879
6,782
178,412
14,640
19,36
152,493
48,483
131,353
125,708
122,272
105,6
72,22
60,517
103,131
11,87
37,60
65,937
104,258
106,118
38,542
129,802
84,456
34,224
200,371
198,172
120,239
170,94
101,697
36,882
190,728
138,831
32,62
59,91
131,426
151,855
38,639
92,918
136,997
71,338
88,737
138,582
91,634
175,336
17,114
150,440
40,247
107,616
96,577
105,418
145,942
88,194
34,256
59,726
97,511
79,241
100,898
188,951
63,764
161,309
28,989
151,527
178,957
127,268
140,792
39,860
62,86
157,441
115,58
187,330
5,486
132,803
124,930
31,688
48,799
100,355
151,251
176,414
188,125
156,714
138,415
170,76
96,549
73,522
30,361
144,350
18,181
190,848
59,316
59,485
5,169
132,284
68,801
42,798
103,347
85,596
150,939
58,952
23,189
190,69
134,174
119,910
167,518
175,746
107,6
55,516
180,915
150,155
199,134
146,768
59,738
76,553
195,671
65,599
175,909
92,857
85,413
152,958
24,340
134,80
135,898
3,907
111,633
38,257
7,391
72,407
117,910
106,191
64,257
180,130
143,164
21,691
74,764
15,322
180,7
132,925
177,296
195,266
141,876
88,664
41,834
38,819
4,166
44,785
114,879
119,496
67,114
131,636
187,635
106,88
6,699
191,484
147,69
139,175
158,187
32,520
49,864
70,232
132,167
41,741
85,55
189,636
125,677
194,919
111,774
117,812
145,926
143,523
78,239
111,976
95,364
177,17
160,582
106,108
135,630
18,550
161,867
44,439
158,576
5,650
15,526
9,601
137,321
151,593
193,43
48,357
157,565
141,322
47,650
153,72
101,888
191,350
185,11
115,261
176,762
115,672
90,702
36,872
56,511
51,893
69,63
5,74
93,917
79,280
183,519
118,330
3,69
184,398
174,279
16,789
192,303
72,323
176,403
42,358
59,962
105,268
163,888
37,939
60,52
193,105
183,523
148,132
70,645
171,316
139,693
93,996
57,990
137,739
185,817
96,699
165,342
57,397
130,848
148,212
73,692
102,622
163,641
115,535
109,336
54,115
110,718
106,159
65,759
99,629
76,373
85,70
94,16
16,816
83,819
121,876
175,606
8,818
110,236
74,942
157,884
149,667
174,453
151,648
2,254
194,59
195,460
165,778
122,787
17,745
59,3
159,872
135,848
195,482
133,614
60,379
166,569
147,149
19,996
33,573
65,756
130,425
151,676
67,664
78,783
70,495
66,869
11,47
102,499
186,382
105,937
28,980
96,103
53,671
86,800
5,106
185,979
106,883
183,456
75,490
85,971
199,71
39,501
79,330
171,232
16,390
148,345
162,5
77,528
182,424
35,360
106,181
41,717
66,139
21,366
127,407
116,880
18,757
1,890
92,96
87,748
62,537
98,732
160,998
196,353
195,936
18,305
121,344
38,563
61,216
84,625
110,359
131,829
151,720
4,842
55,969
9,974
67,607
163,412
76,769
188,648
96,125
151,545
188,828
198,415
178,276
60,446
189,236
114,483
138,274
28,235
120,485
155,847
146,968
3,817
117,572
181,585
103,981
157,56
7,627
22,25
139,959
151,649
177,742
30,279
41,806
123,962
183,331
183,511
166,279
159,317
78,605
120,81
137,72
3,240
148,247
88,970
64,42
7,807
58,865
198,945
73,551
165,470
35,551
193,972
195,630
141,990
144,8
10,460
190,495
55,28
79,175
11,394
20,966
156,582
86,354
28,863
160,958
116,69
2,569
185,545
80,820
76,196
117,844
122,105
68,365
28,984
133,524
68,312
124,420
78,244
43,812
53,825
80,563
20,753
74,846
62,969
109,801
153,959
142,643
35,286
114,742
99,331
52,393
190,787
57,107
20,15
99,65
22,235
193,16
159,112
104,26
196,860
182,693
112,725
93,691
5,244
115,613
39,126
191,431
174,66
59,392
184,985
43,203
109,863
188,280
94,217
41,699
75,847
39,993
105,174
121,648
174,334
30,297
90,811
102,408
198,217
63,111
65,733
161,613
71,139
6,627
131,865
67,699
114,401
69,526
152,357
94,417
113,869
88,171
104,921
66,492
3,754
48,340
109,60
140,514
152,211
99,109
120,840
27,436
89,388
167,725
119,399
110,963
112,867
84,135
132,333
7,256
93,363
153,240
99,583
63,813
86,529
163,909
155,779
189,567
181,50
37,636
102,440
38,553
187,100
105,998
141,76
80,585
52,382
110,508
196,58
6,469
155,242
22,146
135,567
74,967
87,878
51,764
14,566
77,717
48,92
138,980
195,548
129,864
140,917
46,74
166,202
163,908
45,597
133,49
166,249
69,126
142,297
45,539
52,912
105,215
65,581
148,926
80,822
53,382
141,987
98,686
46,99
156,479
125,650
191,329
136,519
4,271
180,306
132,230
173,206
46,904
53,89
46,112
55,449
77,461
94,663
196,810
200,59
50,842
17,906
67,691
104,262
53,999
130,691
123,747
4,524
33,99
51,815
174,494
40,554
198,126
137,171
125,948
20,363
135,291
163,6
23,574
53,278
29,631
193,340
1,807
158,58
12,725
100,414
175,31
135,487
153,712
200,142
187,430
119,329
152,667
185,201
43,296
157,479
23,76
108,158
84,754
76,477
14,670
2,810
113,870
96,507
27,181
126,765
138,786
104,315
21,528
82,993
166,353
96,174
21,865
190,675
44,106
101,862
103,810
195,662
151,521
171,426
191,135
67,775
167,494
144,563
3,904
43,127
172,752
170,677
94,393
24,639
3,189
27,376
148,790
181,828
63,392
79,158
65,776
49,424
155,172
8,320
89,404
63,599
124,275
134,879
101,662
57,775
46,247
177,364
87,126
181,314
133,172
175,986
18,68
37,927
177,883
109,795
76,438
166,719
139,768
82,126
123,47
177,893
42,726
71,446
68,55
109,120
44,567
69,985
41,315
146,271
26,713
133,640
139,99
14,58
166,690
145,378
31,701
176,263
171,59
71,12
166,58
37,553
29,212
181,133
50,815
68,404
35,385
21,335
65,471
87,607
54,120
74,582
162,484
111,579
69,817
106,461
198,24
171,571
37,501
163,882
185,238
18,225
141,472
189,126
138,365
182,312
174,685
54,88
194,835
76,254
56,733
167,61
45,763
36,989
121,965
25,212
25,452
34,112
190,715
117,26
111,883
9,871
84,906
81,31
57,171
140,418
75,723
20,691
5,738
67,85
151,388
122,785
8,799
187,687
134,939
62,434
115,413
40,760
109,314
116,50
131,961
184,66
14,513
78,92
85,890
2,890
13,257
168,288
142,815
19,263
27,994
105,975
76,829
122,948
21,517
45,263
136,864
64,163
33,253
187,955
17,197
146,736
36,206
80,958
171,943
100,871
55,266
11,717
107,9
128,190
68,925
97,193
102,342
134,868
38,902
171,543
110,480
86,974
195,669
129,565
129,684
49,416
160,948
91,941
75,854
173,966
196,152
4,72
28,98
70,135
159,244
173,958
38,352
140,510
122,108
152,556
18,850
52,649
149,974
26,50
5,9
122,872
71,38
137,908
33,378
45,938
133,986
112,178
155,875
170,256
126,451
172,534
98,486
114,461
133,180
187,1000
55,703
160,314
23,678
46,193
50,589
51,838
65,266
36,759
102,247
25,937
190,369
134,461
4,569
92,537
69,657
141,318
92,797
29,712
119,249
141,704
123,510
27,770
51,379
33,428
8,448
53,561
180,419
91,798
52,286
16,34
136,860
16,840
183,467
20,790
102,993
59,801
93,677
100,11
145,482
177,921
3,685
117,526
15,257
182,144
37,175
24,342
55,362
182,180
128,946
47,311
63,967
84,980
105,993
161,213
169,260
82,814
154,889
94,976
155,697
45,594
32,726
149,152
188,176
152,992
188,722
99,884
73,254
71,753
116,35
166,754
9,234
157,457
191,117
189,101
58,544
19,842
13,841
83,75
197,746
166,894
64,874
28,819
46,261
9,45
54,467
48,446
150,932
1,104
59,372
7,338
107,230
88,322
200,197
140,798
34,823
141,436
125,83
172,14
66,323
100,82
157,93
35,11
89,169
190,650
47,363
192,315
148,564
2,889
82,120
165,116
88,226
99,264
97,292
68,598
25,329
162,849
12,889
86,865
57,581
171,325
62,720
74,66
132,239
151,277
97,382
36,435
23,361
37,905
109,922
183,452
133,195
79,317
60,57
82,242
126,438
52,269
40,449
18,899
125,132
62,378
1,104
196,700
159,696
9,726
112,62
62,179
197,78
47,351
63,458
18,67
196,314
37,225
25,208
21,985
28,705
190,209
100,185
32,520
171,222
49,367
180,431
169,753
63,330
159,415
179,279
145,111
74,581
12,163
40,637
171,754
142,612
98,885
85,540
14,965
54,117
102,605
150,315
152,883
94,911
100,532
145,941
40,319
114,582
52,853
50,44
184,326
14,73
77,268
7,949
101,3
181,662
6,836
151,464
79,718
83,529
114,787
141,465
176,55
18,264
32,165
116,900
118,131
79,662
142,984
21,958
173,422
115,70
66,469
111,690
62,32
7,352
102,441
175,918
14,962
55,216
25,547
55,130
156,278
86,810
112,289
123,771
13,381
66,354
45,788
167,464
192,21
146,3
135,73
46,746
149,93
138,658
128,922
50,134
177,573
123,825
177,695
94,92
185,879
190,176
68,666
198,577
170,864
74,719
1,573
12,345
140,340
129,866
26,100
38,167
139,376
135,783
164,256
55,524
175,501
60,588
73,614
68,490
171,849
41,836
179,232
31,490
177,276
38,448
2,86
128,269
10,236
113,427
116,856
196,568
9,785
158,25
7,170
60,352
49,51
18,709
119,313
127,954
108,520
77,873
142,37
95,804
77,746
115,216
84,475
121,222
189,993
194,546
77,976
110,584
141,952
124,869
160,176
198,247
97,237
124,742
68,368
46,989
6,771
125,69
97,43
103,558
187,672
19,308
20,509
1,68
194,583
69,934
19,101
81,985
30,115
79,975
26,415
84,798
96,622
138,881
158,72
118,283
6,609
9,875
111,829
119,945
86,283
41,908
116,640
86,770
107,706
128,480
19,553
18,874
155,130
163,456
195,695
55,909
124,413
44,938
88,813
48,490
139,605
117,216
135,661
2,548
135,873
25,796
28,786
27,462
142,573
120,293
172,172
154,175
39,867
46,727
33,311
118,275
20,517
86,516
45,909
53,74
42,750
78,125
157,695
84,324
84,820
26,557
100,941
37,365
84,954
24,100
42,84
105,52
168,687
95,584
64,369
53,264
12,773
74,93
127,671
86,319
1,138
2,280
154,535
153,340
180,80
155,839
146,818
51,595
66,637
43,692
9,925
123,319
179,761
101,428
73,544
196,41
97,521
61,12
165,684
187,162
105,863
64,892
63,194
58,825
180,738
33,750
168,220
46,280
169,959
140,19
180,895
24,767
81,145
7,115
161,41
174,94
160,559
3,752
199,894
151,145
180,331
176,334
23,346
18,763
103,639
186,222
86,125
95,237
90,241
142,261
181,257
127,11
64,281
141,397
94,929
77,478
56,932
128,76
58,864
180,634
53,346
184,673
111,797
142,535
150,644
53,195
48,263
165,577
79,214
69,62
65,810
51,822
169,529
40,989
72,358
34,247
88,772
133,517
2,387
79,778
180,517
77,332
23,788
191,945
28,696
34,480
5,910
99,128
7,942
33,836
145,471
102,336
145,68
175,651
180,992
97,588
135,526
142,432
175,192
181,451
195,895
172,54
170,109
199,531
82,221
59,214
48,421
27,396
192,502
54,413
68,88
125,956
126,82
79,819
134,222
193,666
7,161
118,539
121,506
193,181
52,153
104,856
172,969
69,304
195,133
178,873
154,885
181,945
92,238
176,589
147,656
147,787
47,365
4,109
76,348
70,198
40,299
36,315
102,68
181,272
141,641
50,345
96,195
117,483
200,867
30,989
45,141
10,920
185,18
152,210
130,455
127,35
5,420
187,204
78,146
165,22
97,374
12,368
186,774
106,336
163,835
43,308
113,625
195,130
145,14
99,711
102,900
161,204
130,658
148,247
44,125
72,586
70,706
163,891
115,588
85,920
127,971
76,305
30,259
39,332
39,190
7,431
155,105
12,390
145,796
191,145
28,603
119,234
197,956
27,233
39,848
85,758
138,623
85,725
43,940
143,506
109,778
37,797
178,988
179,289
68,61
149,492
91,923
133,637
110,581
116,708
68,322
167,606
174,906
129,64
34,664
150,383
15,413
80,529
90,167
185,872
89,608
52,347
52,326
35,484
43,947
72,382
96,376
25,713
177,292
193,832
144,777
2,223
63,693
81,210
86,11
68,37
73,979
180,414
113,144
95,73
160,740
46,638
106,672
44,288
113,768
193,932
9,352
192,511
22,16
104,635
197,190
157,163
5,43
128,617
79,120
141,716
95,772
169,77
27,951
173,592
189,117
143,737
183,822
79,724
163,747
98,135
158,78
40,646
185,310
33,298
52,243
15,303
183,632
73,509
125,865
84,910
78,197
182,791
122,359
30,967
15,998
171,327
34,49
15,165
196,158
153,664
52,842
179,640
1,329
104,766
3,852
190,937
133,45
64,910
146,76
34,417
122,884
18,266
36,111
152,186
123,958
23,727
14,55
14,667
45,50
36,766
98,906
22,388
74,672
32,574
18,992
66,398
165,994
169,505
26,239
140,731
53,479
159,739
114,305
80,711
42,968
90,948
162,519
126,76
17,186
84,874
25,690
167,118
193,645
49,313
179,322
3,489
26,2
14,492
171,354
70,766
96,653
3,498
188,544
96,945
74,307
72,469
96,229
166,633
89,541
140,352
152,416
190,816
128,859
168,592
199,239
116,529
36,376
190,950
176,954
22,713
107,839
50,111
86,773
135,196
41,107
96,305
148,446
105,266
35,992
95,678
156,959
73,370
97,970
171,835
69,162
178,40
138,579
48,669
199,493
120,647
163,880
101,452
162,301
42,971
43,482
13,21
69,610
24,47
130,202
18,518
110,589
177,619
114,514
51,105
192,256
22,411
181,167
134,575
17,993
109,41
168,322
84,234
112,155
180,554
48,107
185,557
6,109
178,612
91,665
120,674
134,499
170,393
99,300
175,863
98,347
24,458
152,254
44,654
101,646
61,15
129,937
191,27
79,158
183,833
26,435
197,587
109,897
87,479
69,78
97,513
120,300
90,447
38,120
183,235
41,987
116,816
109,847
32,727
58,925
14,493
28,790
3,367
2,712
23,232
152,296
61,99
134,524
16,392
134,319
25,378
117,871
165,621
178,544
12,18
52,700
174,82
30,829
62,710
72,839
139,820
50,78
46,204
10,592
133,400
145,523
152,793
121,573
59,321
10,449
142,322
145,71
108,933
50,355
170,724
184,196
61,962
139,132
145,273
142,644
54,848
152,381
171,582
180,746
89,37
128,818
2,27
123,777
117,570
130,360
178,83
40,116
198,170
84,734
79,917
92,1
19,623
49,982
163,119
194,116
89,711
136,993
95,655
47,591
117,745
158,379
173,83
80,262
2,994
124,916
27,773
134,723
64,814
139,836
160,103
46,209
161,164
103,760
183,331
29,400
151,493
87,384
171,19
16,976
180,821
35,533
47,801
137,497
172,717
95,236
113,350
179,211
114,257
145,795
71,512
47,253
44,361
92,874
144,968
29,801
132,874
193,29
96,556
43,927
55,746
112,943
15,598
88,405
123,785
161,314
148,470
119,131
67,736
72,326
147,217
194,657
85,948
21,660
4,252
158,835
79,900
51,826
73,242
170,925
68,811
74,156
175,297
128,680
69,806
77,508
121,374
89,552
115,678
72,10
18,402
34,318
192,473
96,626
67,757
49,740
75,294
130,36
143,416
8,120
32,971
31,193
163,70
85,187
1,176
57,775
61,793
10,309
64,53
113,139
120,691
81,549
137,943
154,432
122,645
87,808
175,481
134,769
50,996
69,647
188,62
101,673
100,947
33,633
4,762
77,34
141,977
194,444
40,884
172,758
64,750
143,829
82,222
50,619
9,663
60,984
75,679
53,343
24,704
132,174
184,249
147,623
127,794
78,93
114,601
98,594
49,706
74,210
198,994
187,625
146,755
52,145
117,425
46,320
48,366
23,467
20,329
197,114
176,487
128,330
167,305
95,828
142,566
86,643
94,458
85,41
72,133
28,193
153,143
128,701
106,556
185,579
82,530
11,309
102,668
147,848
199,23
85,40
176,734
157,715
88,222
79,657
52,46
106,337
172,42
45,36
114,720
127,77
60,746
14,308
70,391
37,892
61,837
192,435
72,818
42,676
98,524
62,544
167,333
191,726
76,908
176,775
130,387
22,302
199,390
189,40
40,576
36,448
27,479
80,833
13,871
175,80
179,364
62,167
167,377
99,431
33,998
9,274
67,16
76,516
45,595
136,48
114,805
159,514
181,519
114,70
126,6
123,980
174,164
99,754
12,814
43,839
118,777
157,656
4,171
42,390
135,909
54,624
8,526
196,998
80,818
170,595
40,197
177,741
46,85
194,801
60,185
10,414
194,936
75,196
57,715
49,235
69,592
22,922
72,631
141,163
125,77
67,276
123,425
139,112
166,390
3,925
50,924
147,726
2,389
65,969
114,201
97,59
105,355
118,125
101,667
71,346
108,181
128,666
1,371
139,370
174,347
183,209
149,925
132,643
8,111
157,386
37,408
25,811
131,196
19,446
172,254
200,66
170,499
192,610
6,390
134,423
21,894
20,700
176,561
56,92
138,963
148,261
37,759
47,144
42,720
84,551
61,106
176,667
170,729
121,377
8,833
101,367
176,108
115,504
126,642
190,569
45,342
99,929
65,799
179,322
163,257
102,465
142,188
176,770
82,134
169,310
89,284
177,735
60,290
182,588
132,135
111,725
163,479
123,551
109,391
130,940
64,543
45,712
163,199
65,791
20,299
176,543
196,92
26,824
91,645
118,123
143,963
192,423
98,317
43,738
116,561
123,411
180,105
47,568
108,155
59,47
184,451
74,594
124,988
90,934
183,269
92,560
138,342
154,985
44,45
120,80
122,931
193,846
188,803
3,262
119,73
99,56
174,198
151,223
169,712
20,132
131,55
186,877
8,957
26,266
41,351
57,663
162,782
19,592
200,349
19,265
81,362
82,112
113,408
49,234
162,130
28,59
120,152
30,386
6,806
40,138
179,665
125,652
83,26
64,448
8,285
78,63
46,397
189,582
56,649
146,188
136,779
72,47
42,292
97,652
10,536
79,513
122,995
43,325
141,314
86,246
41,464
99,831
148,873
79,748
166,344
28,816
148,432
196,804
175,54
168,784
6,481
5,311
194,715
31,360
109,41
190,265
152,220
19,166
187,744
25,197
172,735
71,402
3,412
63,28
49,936
84,65
98,292
84,62
23,743
75,86
160,594
8,550
152,667
86,465
44,159
199,371
142,41
147,746
196,691
151,702
137,682
148,587
104,591
90,134
42,63
179,734
99,212
14,678
37,730
142,928
3,79
11,62
191,289
71,39
195,919
101,284
20,176
135,861
38,651
41,981
86,533
100,120
54,777
152,928
33,540
4,906
165,63
9,479
122,853
74,459
57,255
180,949
86,359
159,97
82,738
123,620
152,415
90,302
81,696
159,269
14,578
174,850
135,856
30,342
111,919
31,513
143,52
15,511
15,583
56,604
152,26
132,661
135,936
98,61
21,191
51,146
187,573
3,495
60,228
130,44
154,372
75,695
96,552
72,368
188,56
106,217
164,93
43,43
88,873
32,673
46,520
46,961
33,130
176,185
160,510
47,840
199,902
30,276
153,544
118,867
87,454
104,55
179,490
36,694
174,236
111,184
5,234
164,160
152,3
11,122
28,374
39,516
92,824
182,218
190,466
18,974
102,782
21,249
88,626
45,697
184,713
69,109
77,474
127,95
15,721
156,85
122,793
97,436
16,683
97,829
51,60
141,294
175,308
143,982
19,94
24,576
94,437
62,290
58,646
92,15
93,781
58,857
145,199
95,279
33,387
157,546
146,391
97,194
66,626
133,634
199,547
58,848
191,728
105,341
147,898
60,842
146,8
160,795
150,177
161,261
114,990
98,850
18,838
120,309
18,444
70,24
32,136
17,805
100,718
94,892
127,819
88,275
23,992
93,153
28,87
56,793
104,596
95,828
119,601
174,135
168,195
76,167
33,166
135,637
138,899
41,162
92,632
180,204
26,354
116,1000
170,729
184,448
5,963
164,944
59,957
63,589
77,146
46,542
133,423
191,821
28,645
103,81
50,572
38,108
114,708
197,70
39,854
132,427
119,524
192,179
3,63
97,639
145,690
83,379
92,126
87,699
174,960
166,814
26,130
175,917
13,765
110,650
194,308
89,761
175,106
45,227
9,80
198,748
154,998
109,575
40,887
165,404
4,942
86,174
163,166
154,834
11,244
82,432
148,238
91,812
41,446
35,470
18,692
96,145
53,145
120,13
50,427
88,470
142,709
29,628
54,687
44,548
132,76
157,87
85,724
195,620
16,211
166,886
51,743
93,282
124,148
76,64
101,638
176,967
35,293
12,433
158,466
15,483
93,605
29,561
102,34
59,344
117,613
127,655
24,967
72,401
115,625
163,805
40,842
119,476
152,617
17,577
28,986
146,390
1,67
30,67
8,92
44,852
159,222
23,191
45,705
35,42
100,886
128,556
29,255
165,616
49,396
62,350
81,787
126,235
164,59
166,760
155,328
148,300
181,2
173,73
42,726
131,364
145,392
128,707
150,89
31,926
145,712
21,914
134,460
52,200
7,745
145,800
82,437
35,101
186,166
100,600
25,576
97,893
181,32
191,274
14,582
108,199
66,92
167,382
131,578
161,881
2,105
173,591
50,25
160,373
185,901
103,776
162,53
123,934
13,794
36,648
116,811
100,425
58,199
138,391
29,456
163,495
59,417
73,245
123,564
49,34
62,295
130,257
188,175
66,657
97,964
61,479
138,875
88,656
3,82
184,885
164,14
149,956
64,243
49,202
167,602
13,885
72,700
147,830
96,444
150,351
132,501
100,296
160,960
89,637
66,197
72,184
149,745
42,835
127,20
154,272
117,28
160,752
152,167
158,881
83,369
66,187
5,238
20,998
191,145
105,380
35,971
5,48
12,644
136,572
127,789
116,131
110,850
197,94
79,750
44,682
83,5
47,450
85,883
120,431
66,605
58,18
20,300
161,111
117,235
82,12
79,159
187,609
155,289
109,313
118,379
183,442
185,489
70,230
191,530
71,40
188,83
95,941
191,170
51,247
13,405
75,663
52,34
180,63
99,260
134,792
106,438
14,763
51,311
1,387
83,319
44,86
155,394
39,853
11,672
91,766
55,714
127,432
3,4
13,679
172,422
156,293
30,690
23,925
141,362
34,189
164,33
185,817
175,924
147,582
138,836
136,4
37,192
97,150
18,620
19,330
124,890
170,264
163,1000
100,385
2,345
121,977
140,978
96,106
153,941
3,6
123,698
148,836
137,918
178,102
8,147
141,809
167,809
34,405
40,210
7,826
71,611
49,187
185,926
18,230
135,841
187,219
162,738
125,633
83,762
97,557
129,524
92,856
141,657
101,224
70,96
45,556
3,897
178,130
146,209
75,955
39,386
196,502
170,286
124,165
130,297
192,301
98,11
186,568
125,183
127,983
63,718
95,84
53,868
171,49
84,68
145,106
22,409
83,675
18,345
130,165
187,193
139,881
117,729
167,248
167,958
33,379
63,384
195,768
162,765
61,220
108,202
77,941
23,333
14,334
7,132
172,903
59,780
152,949
71,267
131,720
15,289
117,37
164,220
43,727
148,259
81,70
77,952
15,806
153,207
97,288
193,602
144,925
61,779
139,325
102,166
96,384
132,504
14,622
31,711
77,746
8,685
188,596
61,498
132,823
80,740
16,253
24,142
35,794
74,792
182,60
184,773
132,147
72,559
104,103
171,397
119,476
196,558
101,668
15,348
113,321
20,114
96,80
63,614
7,745
198,860
105,436
48,723
50,948
115,741
79,447
123,880
120,310
50,563
200,127
103,202
125,98
104,270
113,243
100,972
173,686
47,95
43,498
157,131
163,464
155,464
92,598
91,106
139,742
126,607
4,531
132,761
108,104
12,638
124,7
85,289
10,213
164,815
190,935
183,910
93,673
47,834
152,88
77,504
137,279
53,599
94,11
60,590
21,128
134,661
123,241
36,393
109,670
166,645
171,734
92,204
20,427
200,98
155,884
52,823
89,14
36,605
178,948
77,426
49,221
143,537
106,81
38,697
54,309
192,67
42,895
161,619
63,4
101,226
67,777
178,331
99,150
69,661
81,188
26,151
69,483
171,152
49,423
151,293
177,917
180,747
161,341
172,530
13,313
89,266
55,493
137,969
125,309
186,783
198,958
91,856
86,403
127,38
91,232
137,89
2,534
152,397
71,563
132,21
185,530
155,197
161,169
193,871
43,81
61,968
90,362
156,51
81,284
93,365
150,523
181,561
26,658
198,642
191,558
31,134
136,390
79,942
65,227
119,635
3,713
3,347
137,533
114,140
166,894
43,99
86,850
26,771
74,484
108,711
164,993
142,12
165,303
148,884
68,585
127,993
122,499
150,998
176,733
19,580
65,905
99,276
152,599
182,767
143,253
193,919
90,63
128,583
26,709
153,901
130,831
121,340
53,731
182,370
32,386
6,516
152,242
26,717
7,738
68,728
36,717
164,435
191,853
133,394
3,850
27,839
5,95
139,766
19,359
165,3
24,69
10,566
61,497
114,939
103,951
56,149
6,690
179,634
170,745
136,517
94,358
165,482
192,27
194,114
143,157
17,878
132,610
107,575
75,213
120,377
153,960
76,174
42,692
98,702
9,483
81,739
2,935
120,189
158,625
198,725
6,693
7,22
85,517
118,595
88,582
29,206
22,613
50,443
162,219
157,896
109,847
191,340
55,810
55,659
9,758
53,512
39,52
15,50
1,114
32,779
132,615
168,268
80,692
197,949
20,677
103,823
87,311
189,327
159,484
3,625
167,391
127,918
178,869
124,616
166,68
74,278
176,164
162,371
173,671
126,89
73,713
119,766
171,588
66,788
153,918
148,149
12,579
184,481
115,791
134,887
139,953
24,327
193,700
20,963
175,16
67,656
80,353
195,175
28,928
44,809
142,373
134,247
191,340
192,439
14,757
131,115
51,92
170,244
49,604
123,624
161,407
47,799
95,395
4,925
129,811
1,426
126,866
169,645
181,127
41,519
61,544
41,663
80,355
54,794
155,614
91,754
167,806
146,198
142,842
30,877
196,118
73,264
114,735
116,209
169,959
31,352
148,365
52,784
19,979
191,587
86,362
74,618
99,660
133,478
115,76
34,150
187,542
170,629
62,179
180,343
108,664
152,570
162,550
116,8
64,964
110,354
99,301
65,192
40,457
132,971
35,327
169,547
199,436
170,233
155,267
89,406
33,335
153,392
33,199
9,276
112,198
57,487
197,939
45,673
200,316
119,155
99,670
99,152
13,669
29,865
125,853
188,538
151,556
56,384
125,657
41,694
160,493
169,770
187,210
108,824
27,461
77,972
32,520
149,183
166,314
35,888
98,15
48,103
75,547
115,984
19,956
51,819
43,912
8,435
134,566
1,558
57,73
90,348
16,323
166,585
39,774
168,365
126,480
83,105
165,671
128,524
71,487
42,862
91,738
34,775
110,580
19,635
71,774
95,674
113,776
190,885
89,6
28,103
21,327
87,709
124,255
129,828
31,945
51,17
98,493
95,263
10,361
65,537
94,670
16,414
112,655
58,108
102,930
161,373
74,488
161,936
73,22
153,674
102,476
62,181
7,528
33,304
159,218
23,681
154,394
28,533
26,223
88,74
112,406
162,922
25,862
125,494
194,981
43,60
152,668
4,345
166,878
131,144
154,658
183,356
108,784
9,257
80,352
4,301
169,884
168,606
71,100
14,882
99,607
152,993
124,525
116,407
79,929
28,76
149,248
66,459
184,409
95,950
90,202
21,387
29,395
52,846
64,249
72,4
51,824
94,497
53,702
199,586
89,130
104,70
144,285
125,314
63,266
39,146
151,903
43,199
134,84
113,827
94,956
97,329
176,512
126,371
41,324
137,106
190,478
179,296
123,308
47,544
125,233
145,731
57,258
118,335
19,589
155,650
96,666
69,30
84,915
151,690
82,52
120,253
55,198
189,352
108,142
31,497
181,676
166,706
192,442
132,129
101,289
163,770
26,695
159,974
192,373
60,970
146,733
188,955
114,562
78,801
128,642
79,655
65,203
27,526
123,801
88,223
5,835
23,690
182,392
38,29
158,680
165,97
180,943
160,331
29,592
110,939
70,753
146,358
164,648
168,75
113,21
177,205
153,79
96,683
102,472
143,330
83,492
169,255
46,560
97,172
5,515
180,527
9,67
46,520
139,834
76,366
152,21
190,571
100,895
8,982
167,317
49,8
80,80
154,587
199,19
44,641
22,92
180,196
157,550
115,126
9,789
27,899
77,958
135,80
145,566
21,735
188,568
27,440
92,172
172,256
36,938
140,594
51,435
198,953
179,92
78,821
75,628
108,966
64,583
11,481
191,918
106,572
74,536
147,515
141,542
75,20
13,196
125,473
167,142
177,80
188,992
125,405
138,799
97,756
80,83
196,713
107,815
15,87
113,988
90,39
99,731
183,612
160,730
3,756
177,989
76,176
106,660
80,114
78,745
131,104
113,841
176,16
156,59
157,292
30,833
104,694
114,704
159,345
19,14
56,258
128,789
41,770
17,191
67,144
102,106
40,772
168,560
149,240
109,787
199,584
194,10
89,634
182,542
141,540
71,378
110,545
160,491
183,161
169,33
179,443
99,427
132,195
46,165
54,800
6,31
174,744
117,820
114,358
13,513
132,268
199,470
83,62
163,543
173,590
98,816
29,842
18,390
55,326
34,561
168,235
44,444
10,362
67,419
179,637
194,993
100,747
187,656
45,879
24,24
67,16
84,289
38,435
58,16
27,630
9,739
171,166
90,170
76,788
62,580
163,236
101,413
32,366
54,220
89,261
32,159
173,459
7,30
199,796
73,156
174,527
162,334
39,73
31,726
104,727
169,536
11,71
135,53
141,667
5,818
187,180
67,605
97,943
112,245
51,353
86,167
107,986
32,502
16,210
101,459
5,733
41,165
183,857
52,953
28,261
107,637
68,930
53,355
169,708
152,180
172,134
167,69
22,747
24,118
25,448
152,880
182,615
138,190
181,79
132,623
94,170
6,439
166,891
150,420
133,698
115,987
76,672
41,366
109,12
118,297
63,139
160,393
111,34
77,407
200,796
16,694
199,90
196,218
131,969
135,331
96,586
64,594
35,833
3,996
154,518
90,393
99,412
139,184
37,140
107,644
36,968
62,489
104,277
89,418
83,845
148,278
158,828
163,984
36,101
103,129
13,979
126,311
149,505
181,11
25,677
166,729
173,806
88,556
167,958
25,341
27,353
129,280
181,430
140,757
147,680
1,208
49,606
121,946
20,325
88,254
127,425
168,86
53,6
13,489
15,213
88,635
51,917
106,101
179,747
137,374
105,287
120,814
146,787
194,573
54,233
8,958
58,731
141,145
76,680
105,1
140,308
170,293
47,178
41,8
24,371
12,941
12,338
120,3
11,661
145,720
145,486
174,207
53,644
188,765
51,304
129,873
197,770
59,779
156,583
137,368
149,885
5,778
103,772
63,256
141,789
23,595
154,9
70,301
88,579
138,629
123,192
82,323
99,183
182,331
170,151
26,638
114,420
188,77
98,359
69,999
37,57
61,283
46,839
183,892
59,52
190,111
183,744
59,151
59,711
159,554
166,595
11,709
166,156
142,355
153,18
177,424
56,892
92,358
22,728
143,785
130,846
84,911
131,340
176,992
124,316
165,637
175,163
125,108
55,559
65,668
16,957
66,200
46,649
63,969
169,895
80,155
140,607
111,481
124,576
148,731
4,233
133,802
134,448
4,494
190,740
194,446
9,637
44,40
151,731
26,786
68,319
137,116
70,498
41,952
39,488
46,598
24,643
179,727
89,649
36,19
190,336
1,58
79,738
52,1
138,634
124,876
80,542
75,838
63,361
151,543
106,968
38,609
157,225
172,414
21,521
58,88
129,343
129,99
122,752
124,953
191,715
130,25
45,697
137,830
90,801
163,413
2,14
89,633
9,473
175,189
74,71
21,925
181,843
66,492
45,310
166,821
79,983
50,950
200,278
97,484
71,45
127,78
193,962
103,223
37,988
82,962
108,27
110,188
185,365
30,789
102,197
148,448
66,704
50,905
130,480
140,970
37,47
57,264
152,958
72,674
182,804
94,28
85,217
20,872
45,563
137,217
69,907
36,871
193,565
59,276
199,768
184,45
5,366
193,956
28,122
59,32
173,881
123,848
49,292
141,312
158,978
170,905
28,535
152,301
60,315
2,563
34,818
28,61
11,15
150,335
1,608
126,1000
26,989
169,441
195,348
157,949
57,156
161,243
124,387
2,179
15,103
30,535
95,279
49,877
25,633
100,499
165,260
35,518
6,112
194,198
168,774
65,651
80,550
142,139
100,677
108,742
112,825
61,225
137,294
130,499
149,264
75,922
101,191
3,389
137,197
106,788
102,64
32,15
21,786
33,179
119,294
108,353
162,743
8,529
86,395
75,145
135,109
19,703
170,25
118,434
125,904
180,906
40,758
63,907
132,751
13,272
171,143
98,318
200,90
182,771
7,87
11,356
196,655
157,881
192,955
185,697
54,601
169,132
50,714
84,132
2,523
146,19
6,211
153,344
151,664
154,668
169,208
113,470
134,685
22,507
18,456
72,239
88,375
113,937
145,232
169,611
126,347
117,635
147,593
138,674
8,912
151,899
115,784
59,295
97,384
34,990
193,510
86,638
95,45
71,727
139,375
185,517
139,900
16,103
184,233
123,59
2,916
4,565
35,137
175,369
74,743
177,276
51,402
12,839
115,733
127,158
162,973
116,790
90,764
24,471
8,60
87,547
131,914
193,179
155,123
104,948
166,936
125,114
109,546
118,949
44,32
20,882
193,517
11,308
67,97
25,622
14,762
73,689
81,684
37,418
3,216
12,787
162,148
159,996
49,269
45,935
91,553
112,888
7,579
29,404
82,567
94,704
130,902
194,588
56,647
15,337
117,322
111,125
93,541
200,68
131,350
147,24
110,729
78,44
2,860
67,877
131,968
13,316
140,812
58,693
63,24
55,188
127,458
76,410
61,386
48,921
111,941
141,87
142,117
113,948
53,346
17,849
190,104
33,149
81,50
49,715
54,141
98,4
111,650
123,784
13,764
131,237
124,157
94,445
162,28
2,703
84,400
93,374
39,214
108,818
135,895
117,319
40,666
80,857
161,909
21,331
3,604
64,488
122,814
45,598
44,51
34,928
4,328
120,31
195,529
23,638
66,775
5,967
92,976
22,933
168,732
6,504
56,910
105,726
101,353
178,439
189,95
200,187
147,605
163,371
178,464
75,104
181,144
131,306
5,622
81,653
64,81
145,759
142,736
10,46
132,510
86,542
94,388
12,360
122,723
181,55
92,634
192,171
67,420
144,1000
111,399
84,530
43,127
162,350
17,410
70,183
114,631
40,873
28,95
75,574
44,257
72,82
191,859
184,505
132,34
180,882
143,28
136,386
39,139
125,765
153,196
83,274
148,816
28,113
146,529
135,952
78,272
25,748
146,516
103,184
124,845
17,30
108,632
159,928
156,779
167,160
66,794
113,516
126,108
86,373
158,425
48,17
83,866
66,147
154,200
55,830
137,999
39,630
144,446
120,107
102,805
20,387
156,64
31,598
102,771
92,437
61,282
111,659
118,302
102,394
115,847
37,541
55,418
108,55
180,945
34,358
68,450
173,809
179,434
105,173
181,845
164,670
16,930
114,950
78,178
69,370
77,567
58,288
142,866
20,213
61,638
103,825
83,774
33,373
144,765
63,350
21,300
22,747
63,60
165,885
173,358
41,855
96,500
112,319
71,822
53,118
140,208
89,692
121,689
145,365
10,826
180,308
80,322
198,257
24,362
171,513
98,443
45,676
29,579
24,757
188,425
96,965
80,909
191,451
99,579
195,694
125,376
153,448
119,864
35,965
188,639
153,691
93,254
195,870
160,745
185,971
120,242
77,794
179,64
146,455
164,959
21,930
104,13
2,211
57,636
86,600
40,876
108,568
43,718
151,259
103,626
33,280
29,888
122,844
112,676
101,577
120,144
106,435
24,930
13,465
74,150
69,100
93,29
175,971
119,151
6,690
35,651
138,680
83,424
2,959
108,406
189,617
142,854
189,589
61,647
41,951
109,22
120,408
153,644
101,700
99,904
152,52
124,178
32,139
170,866
169,5
163,1000
153,651
35,608
157,824
122,976
176,506
90,868
186,921
95,944
176,62
180,519
159,397
185,372
185,331
37,427
177,593
68,190
112,295
151,111
74,196
199,446
137,634
189,35
122,525
67,709
69,570
165,958
195,50
64,395
141,136
200,732
46,122
8,751
194,547
11,512
83,654
126,348
131,844
115,228
60,563
94,656
158,800
17,758
186,435
4,808
53,441
162,281
80,117
112,245
13,483
28,624
166,856
112,59
1,840
60,436
33,758
52,981
160,261
68,280
35,724
74,935
173,804
27,727
109,29
103,430
197,668
155,263
193,419
165,378
56,508
16,20
62,193
21,33
162,106
137,573
132,607
48,40
64,526
161,731
194,841
79,657
54,185
60,160
140,559
169,908
88,507
151,220
16,329
41,888
113,67
142,246
18,613
74,568
66,218
52,805
188,405
113,284
152,562
61,610
13,161
43,556
80,609
41,815
23,666
107,506
40,810
126,560
25,868
153,708
69,608
34,132
189,697
16,274
122,650
192,253
163,647
191,455
120,871
34,923
39,117
9,457
127,312
22,877
4,729
181,537
200,757
92,706
170,483
29,637
171,16
183,943
199,637
196,856
161,791
62,605
67,103
167,322
30,318
29,66
65,534
24,220
12,391
85,461
128,214
117,40
78,653
51,801
178,322
156,736
66,259
197,917
155,89
18,704
148,966
60,653
125,866
74,734
48,149
145,428
34,834
40,588
77,188
146,368
13,305
151,352
191,854
157,463
90,665
103,804
22,961
176,403
10,362
6,915
4,169
6,147
17,746
63,282
85,109
101,960
6,459
53,74
77,936
93,824
134,208
136,250
54,883
190,194
64,966
33,550
182,449
148,227
130,360
27,235
157,67
11,695
63,998
15,193
168,682
91,523
51,196
139,6
139,647
14,781
188,421
192,698
169,653
91,768
102,233
24,477
83,237
71,487
177,583
198,550
198,388
44,112
172,153
152,491
116,19
109,952
112,43
153,895
129,554
67,536
55,212
142,162
5,444
158,536
61,39
2,664
13,232
72,311
50,211
121,518
106,853
87,436
165,715
42,736
174,535
157,128
191,620
26,938
186,742
133,332
177,523
147,833
62,301
95,661
57,350
169,96
123,806
142,716
15,401
112,314
17,808
44,578
5,806
194,9
147,295
168,213
59,106
135,705
49,895
59,347
149,330
138,618
149,690
188,857
166,430
168,463
58,857
175,712
56,488
171,364
66,788
194,853
129,913
43,855
84,953
174,427
94,932
175,557
45,986
41,487
111,291
79,508
18,308
8,903
5,7
92,375
49,732
146,303
119,256
50,320
29,394
169,50
115,212
174,852
165,110
110,164
106,234
23,616
131,802
200,174
118,953
7,837
28,355
126,970
29,678
125,683
192,383
81,971
34,764
172,598
58,464
43,195
21,803
6,183
4,656
61,771
110,950
86,618
72,223
50,778
91,858
109,675
197,711
72,516
26,541
164,527
88,229
98,728
112,467
117,323
140,210
28,988
6,923
136,603
115,861
49,77
163,126
93,806
33,106
144,526
34,226
53,992
187,441
27,481
107,714
174,759
43,324
100,807
98,446
18,652
107,182
84,179
175,5
173,176
120,375
177,442
123,608
159,356
26,596
121,130
35,901
61,298
50,709
45,585
128,627
197,364
157,909
135,694
108,567
150,866
9,391
162,490
121,596
155,263
163,435
25,988
144,417
67,792
122,964
152,496
92,43
162,317
137,129
174,87
11,625
139,237
6,895
178,448
157,118
1,789
177,386
118,709
121,290
158,979
157,508
29,160
82,569
28,420
124,756
60,390
176,139
97,588
25,528
124,639
131,434
65,54
18,363
126,718
143,228
5,447
19,429
155,191
106,783
141,666
30,635
71,28
82,898
112,945
62,36
57,156
38,1
78,438
163,908
144,183
195,605
182,245
95,780
39,493
105,984
27,29
149,893
82,482
13,130
83,888
100,638
44,592
130,876
180,400
116,832
115,415
108,763
103,264
56,349
48,481
58,560
45,40
122,519
43,466
30,491
48,304
149,320
15,559
46,642
76,831
123,32
115,36
145,794
152,968
22,684
62,708
129,67
3,21
113,835
162,214
41,572
6,190
190,298
40,700
54,606
172,708
10,703
118,162
38,820
129,151
163,916
79,336
79,778
104,142
37,350
191,360
34,345
160,901
164,352
97,480
200,831
122,101
123,333
191,812
77,694
171,493
49,225
2,734
27,279
126,543
152,739
34,614
17,69
106,696
20,668
8,319
148,737
168,858
62,282
3,649
139,69
190,87
58,714
156,111
22,563
176,86
160,726
108,414
140,413
90,747
32,595
189,587
15,949
170,813
62,11
80,839
105,370
118,884
35,724
1,934
187,466
166,603
54,498
107,19
150,704
189,314
185,146
129,135
54,765
66,405
171,84
146,362
169,81
199,658
25,300
66,616
109,288
14,650
177,367
110,823
88,119
25,547
70,134
181,508
197,832
89,247
176,637
89,249
159,158
50,962
74,882
27,768
84,132
133,419
45,146
127,140
108,472
109,25
157,960
40,299
121,764
125,191
157,93
62,919
22,534
12,297
5,760
118,119
57,625
152,696
102,601
12,422
23,278
51,681
37,125
131,991
17,44
7,723
173,871
156,837
120,127
178,551
132,639
49,124
167,596
172,226
77,39
123,154
151,730
80,955
96,110
160,621
116,41
69,231
59,64
189,9
191,812
95,19
121,726
121,75
112,938
146,528
113,634
19,814
146,48
91,880
66,311
137,835
125,25
21,73
3,365
96,226
111,138
57,396
129,386
110,832
58,203
98,703
21,192
171,255
148,235
17,118
97,709
166,748
99,746
54,746
142,437
196,510
136,570
28,368
159,463
85,550
108,761
42,70
62,84
183,586
162,60
142,985
31,3
150,36
73,842
143,558
38,213
187,425
27,877
147,382
147,154
20,660
48,748
152,143
135,774
8,842
25,501
78,30
190,955
162,618
123,740
62,513
32,685
118,93
75,932
158,110
65,815
168,970
148,371
127,825
173,471
148,412
68,442
55,732
175,973
97,400
146,192
159,120
174,794
132,987
165,749
76,231
10,205
14,180
8,649
197,877
129,260
189,978
48,624
16,854
29,988
70,38
106,473
177,340
95,562
39,767
143,840
59,291
174,828
200,998
195,983
168,907
122,877
111,109
108,398
14,948
167,888
85,963
79,380
80,507
68,714
69,569
194,645
193,501
134,928
187,327
44,645
192,686
56,396
112,805
78,121
166,948
181,749
84,168
171,616
181,243
20,615
38,75
66,402
108,43
61,94
188,359
53,543
116,819
191,420
115,239
39,24
160,839
129,215
118,195
121,522
58,991
101,618
53,350
79,109
195,646
199,293
54,96
78,254
56,15
113,582
109,630
78,160
110,617
35,705
82,183
33,883
173,134
200,799
109,592
55,851
86,204
5,97
46,490
82,174
89,549
122,844
83,972
183,701
57,533
41,753
173,873
117,276
68,871
164,247
32,665
2,162
123,79
103,606
10,552
128,60
59,42
72,954
65,205
68,787
79,310
120,166
196,317
54,747
193,868
115,919
179,463
87,815
88,187
158,175
194,906
84,630
70,195
183,647
193,215
169,186
198,895
97,761
27,985
33,808
133,826
155,632
170,794
96,250
152,737
24,465
186,477
133,395
139,735
197,835
86,386
153,390
87,606
131,135
5,669
134,448
53,838
58,978
71,191
145,639
123,182
108,458
71,80
121,696
129,475
133,728
9,317
44,633
10,556
68,950
31,526
66,217
130,285
52,529
185,210
147,592
90,60
135,285
112,315
182,712
56,810
115,361
197,453
58,709
72,306
72,64
16,416
119,542
87,267
89,352
48,95
83,925
15,746
149,714
130,941
93,684
169,420
74,69
197,755
172,841
37,78
193,820
111,253
48,823
110,540
129,918
195,266
90,189
172,286
8,285
123,946
148,689
145,427
160,349
98,463
35,744
167,174
181,228
162,673
152,33
157,853
3,402
43,244
117,194
135,990
150,20
20,383
79,289
118,962
182,598
87,369
86,615
44,553
87,629
143,609
86,325
48,89
43,512
184,387
34,366
155,540
166,758
198,771
95,104
10,558
60,81
94,97
178,145
6,647
185,45
191,16
133,917
107,43
17,542
155,337
57,222
12,840
118,840
148,194
117,639
47,75
60,537
124,207
5,386
169,241
16,807
198,490
23,404
149,749
185,192
25,672
38,917
42,440
134,553
48,62
23,595
14,774
170,358
57,812
115,513
198,644
53,210
197,731
65,995
70,848
35,256
164,902
166,902
186,554
172,549
25,515
76,432
62,118
41,665
112,138
40,112
154,986
165,899
62,440
105,682
198,793
15,693
141,188
174,499
122,31
56,838
101,715
176,180
1,575
99,416
26,878
174,680
28,876
131,99
15,521
93,155
90,418
109,904
154,476
48,666
72,881
21,517
102,755
90,742
9,159
39,482
39,852
155,42
13,253
88,291
51,162
127,151
27,191
149,919
83,743
47,466
165,273
8,381
15,335
2,937
17,628
174,986
117,561
50,477
122,738
186,750
39,66
30,135
20,137
26,331
156,519
106,218
74,109
143,926
195,77
33,347
71,440
140,142
126,78
188,357
75,522
155,447
153,762
52,569
173,984
173,891
104,462
56,429
75,527
79,47
175,479
193,674
10,61
122,720
115,994
106,24
44,986
183,619
112,393
161,429
37,903
84,187
116,34
113,625
137,9
152,679
86,297
116,728
148,728
130,669
10,478
139,400
112,938
58,640
53,711
178,23
170,846
171,307
50,999
115,50
12,610
130,332
37,317
13,284
29,986
161,430
10,770
148,456
57,434
163,134
182,56
172,23
90,284
127,329
162,436
18,857
17,335
95,502
39,721
135,184
78,67
37,362
51,591
166,450
160,863
89,440
3,816
49,236
139,83
172,409
189,573
184,489
177,317
20,95
62,859
166,136
151,321
35,760
28,545
43,490
49,383
61,161
13,791
16,45
194,228
126,632
176,809
147,329
46,565
6,440
54,827
105,207
86,185
189,694
131,53
21,332
186,923
120,441
72,55
149,583
142,477
43,500
97,106
5,903
178,445
141,464
19,595
178,382
189,980
54,993
192,642
94,798
19,588
186,198
83,12
185,48
48,232
11,460
190,597
52,106
66,438
117,729
188,720
176,234
200,498
35,643
102,967
70,735
163,544
10,462
32,625
130,212
46,723
73,433
169,869
121,765
85,977
96,60
37,731
142,381
174,215
75,54
175,559
34,867
144,674
68,885
193,848
94,65
184,553
81,121
160,943
187,427
6,487
147,826
89,44
56,726
12,998
175,547
84,506
110,368
198,950
65,365
93,95
139,429
195,155
148,189
198,701
166,656
148,629
36,560
77,708
191,839
114,381
98,763
73,815
189,166
55,185
150,337
200,230
115,596
46,185
91,895
38,480
73,941
195,587
191,976
14,726
71,222
174,81
93,83
183,95
5,755
84,418
132,259
110,991
171,19
41,129
6,25
70,153
119,941
100,331
157,358
43,273
184,147
82,62
165,338
151,973
175,967
164,554
151,729
162,428
151,729
174,964
81,585
187,153
149,455
62,941
196,626
55,131
94,303
54,444
110,913
112,667
128,590
167,225
192,998
150,472
133,204
148,477
176,26
82,928
117,745
54,452
131,191
170,814
48,692
171,438
87,467
166,780
8,747
68,452
82,588
190,783
35,478
197,584
198,209
162,341
123,931
181,706
36,760
165,1000
83,574
111,389
12,813
135,626
30,25
75,764
181,784
56,27
39,384
142,409
143,337
111,261
150,724
102,482
198,439
142,1
185,760
166,260
185,330
110,622
178,920
45,597
50,872
161,940
200,461
100,745
122,438
36,813
90,496
91,949
177,693
163,167
171,238
84,296
6,733
10,733
19,217
66,465
192,325
20,403
35,895
38,486
177,90
131,26
19,908
127,292
74,233
32,835
168,798
187,879
150,277
153,283
80,727
169,865
98,98
141,651
166,273
108,982
99,913
81,389
91,716
74,47
90,519
144,79
22,829
74,57
2,588
5,322
19,642
125,916
119,178
99,579
195,41
64,312
125,458
161,419
50,240
137,414
160,439
194,424
91,108
70,606
70,789
25,870
137,694
129,871
34,30
186,367
83,195
112,127
128,132
169,749
42,971
94,599
87,50
103,28
79,917
116,580
184,772
25,357
178,618
181,412
173,198
150,118
39,131
189,854
176,561
190,166
177,586
83,807
16,872
36,662
196,695
8,499
184,107
23,235
141,279
17,203
106,982
52,814
142,747
197,414
74,429
50,640
4,316
80,680
68,183
33,89
135,646
55,922
46,188
97,275
29,296
141,167
43,604
66,627
130,793
73,509
38,184
96,725
7,631
127,383
85,71
105,844
125,928
79,850
178,781
139,192
1,729
197,391
162,236
111,412
199,803
159,581
42,965
129,320
89,562
37,210
68,818
41,210
140,907
168,304
22,848
14,711
148,65
7,398
9,626
174,253
147,158
82,869
53,495
82,112
45,889
25,234
194,722
7,546
92,71
103,212
127,502
172,482
188,575
67,842
5,747
153,126
75,543
14,627
38,851
192,402
128,161
145,550
90,782
163,278
172,56
62,721
158,150
62,68
145,392
44,856
39,785
112,134
194,258
86,285
47,662
108,370
31,444
107,756
173,691
137,952
134,99
195,230
6,586
40,98
39,445
190,560
44,594
50,646
200,185
103,847
115,592
46,191
102,538
135,184
132,819
72,195
198,799
37,594
57,265
171,877
66,225
107,921
56,86
102,791
3,320
7,804
9,235
118,480
181,66
101,736
44,439
49,894
55,558
57,194
76,231
161,893
79,614
11,415
57,203
161,221
108,698
12,688
152,80
45,567
153,573
134,43
110,799
51,120
79,439
121,173
175,56
191,157
197,561
42,649
36,937
17,451
155,286
90,113
8,639
167,290
177,48
198,2
91,178
197,644
13,345
167,198
85,410
180,398
101,325
23,977
66,718
176,697
24,353
68,526
96,274
194,550
81,484
33,771
19,392
4,56
118,365
135,652
189,436
83,428
86,101
124,469
132,148
163,127
193,252
92,618
200,271
13,776
145,782
22,818
195,501
109,999
108,139
101,366
111,64
20,141
36,723
125,119
162,829
138,85
47,512
83,890
12,394
130,474
33,832
139,744
53,71
26,658
177,514
23,755
59,54
51,218
128,179
169,551
40,378
64,395
38,830
5,175
184,380
133,605
22,100
164,218
105,448
135,669
140,828
13,939
121,548
177,805
155,875
8,680
125,47
7,905
11,21
192,168
88,642
100,558
113,802
32,279
5,716
14,270
129,6
151,811
13,603
98,826
84,280
186,99
26,135
18,696
15,833
188,60
92,777
77,30
18,135
53,14
143,753
21,729
76,448
17,52
33,711
183,720
186,89
110,854
28,548
95,422
56,220
184,488
73,997
102,304
99,728
16,600
49,738
38,801
174,311
61,595
83,990
73,377
63,125
100,195
24,930
6,178
51,504
100,30
45,702
2,80
103,233
197,91
163,996
125,547
24,310
146,854
164,753
42,632
74,225
28,845
104,516
8,313
172,182
194,450
90,257
117,754
15,795
16,585
97,869
122,274
56,479
134,538
136,728
94,640
186,106
98,62
181,721
140,187
121,840
55,346
177,115
137,532
165,140
130,121
134,424
7,413
194,836
186,752
21,395
85,650
124,455
175,270
152,152
95,312
167,260
57,860
22,45
88,295
41,387
167,177
33,92
31,373
111,29
10,919
95,174
195,582
135,176
20,14
50,507
133,7
180,48
155,592
54,297
153,652
50,89
103,129
15,292
121,34
19,278
158,343
134,813
70,327
122,67
137,159
82,228
145,374
122,3
3,518
133,274
30,926
27,309
180,142
52,276
63,970
129,670
156,119
58,335
197,466
76,442
83,461
184,183
27,175
63,109
11,456
137,502
148,447
116,573
62,203
82,502
70,596
154,592
15,92
74,194
51,297
98,386
188,114
138,445
168,421
158,622
67,88
137,701
56,332
145,990
136,397
65,741
48,262
150,570
38,112
14,199
28,930
83,281
104,930
195,825
123,841
88,441
131,510
143,551
66,618
97,989
23,943
104,242
68,149
169,428
32,850
141,653
65,469
198,965
85,968
146,925
148,179
162,205
31,9
80,342
192,808
186,861
174,609
1,977
19,45
11,5
65,263
15,809
125,134
79,618
24,283
106,210
14,988
179,481
108,988
110,736
138,321
48,248
5,884
60,780
185,386
6,531
108,418
104,172
114,438
42,210
166,806
110,608
57,552
39,378
51,57
155,37
133,948
15,974
52,295
82,248
170,248
182,44
90,833
187,138
100,625
167,855
190,931
9,838
168,662
176,641
66,375
137,19
182,716
198,898
22,73
179,525
6,447
181,109
146,222
180,717
41,479
57,367
173,354
107,204
171,471
78,596
172,803
93,506
43,686
139,853
150,168
96,359
172,170
145,768
95,255
188,618
60,976
120,684
183,580
94,626
29,39
137,501
162,466
41,429
110,138
52,715
25,74
164,430
176,191
104,54
146,18
126,27
168,441
131,881
46,726
142,715
67,342
101,448
47,72
32,523
1,126
200,22
135,978
52,264
7,946
31,229
200,574
186,33
104,730
68,84
50,144
66,512
26,3
103,604
187,399
58,874
128,374
99,496
168,817
96,259
73,811
55,304
159,433
50,363
56,612
66,54
10,740
29,658
187,33
43,239
124,638
112,874
173,5
150,193
79,966
155,171
156,320
92,648
70,116
28,952
108,807
108,649
166,264
114,735
106,954
44,48
105,766
112,281
166,377
180,704
106,133
11,325
41,142
72,189
126,41
12,113
40,488
176,1000
44,945
106,307
17,65
63,570
61,385
118,446
165,407
191,490
118,193
111,321
200,744
59,456
193,656
45,504
11,110
48,994
132,693
178,772
68,743
164,328
110,573
29,594
119,3
9,836
106,938
46,685
193,198
66,236
13,176
18,186
156,733
22,905
127,127
191,309
113,442
87,508
49,119
20,367
129,364
59,454
5,96
144,586
35,310
9,140
199,967
110,221
65,913
50,191
92,519
116,216
106,587
141,521
186,554
190,209
45,36
100,629
196,574
135,455
138,523
108,917
110,14
72,41
144,254
58,255
50,916
144,149
83,95
56,744
1,884
72,84
30,729
147,946
66,98
88,54
83,105
164,891
89,166
169,871
65,882
12,230
37,771
131,374
74,671
102,925
48,489
3,518
84,380
54,113
197,795
153,880
43,455
193,625
107,60
172,346
175,33
100,11
65,864
152,587
142,664
21,315
5,319
193,290
35,563
200,513
101,532
93,470
103,679
62,835
92,929
105,80
103,311
32,283
100,763
190,827
55,722
91,326
48,521
88,243
130,370
151,637
32,707
69,368
113,432
26,560
1,620
146,16
23,188
131,930
45,406
119,232
124,970
106,425
102,649
53,842
122,918
117,869
26,400
116,865
25,970
101,847
178,661
124,873
191,665
123,245
38,316
101,566
30,440
194,296
69,653
6,305
175,766
74,991
173,607
145,574
122,804
90,421
190,404
165,130
48,200
86,875
6,459
191,919
122,953
189,401
24,229
18,295
121,710
56,294
160,275
187,640
120,426
54,894
55,887
8,25
32,765
24,590
168,460
37,570
156,716
172,507
167,216
65,441
95,672
109,650
62,244
36,983
180,227
110,272
165,176
28,455
21,963
32,467
30,468
78,318
187,667
127,570
42,439
132,740
42,277
58,226
36,392
134,302
194,698
181,397
186,564
199,769
124,91
42,582
123,939
13,523
82,167
132,624
116,904
89,222
5,981
16,297
149,135
78,726
157,341
19,496
59,212
22,388
142,880
54,846
71,563
123,789
15,862
158,893
124,164
176,138
61,155
28,64
95,950
114,578
123,562
36,142
164,4
21,348
64,380
112,689
172,544
138,660
43,30
115,670
80,472
105,825
127,499
8,699
163,614
2,218
64,585
62,694
20,636
91,131
65,130
114,14
45,119
194,151
126,478
156,660
5,817
61,88
79,30
133,736
147,318
79,24
6,770
117,445
52,82
185,22
116,718
40,513
187,71
125,191
172,662
96,902
156,748
107,74
138,780
100,359
174,296
10,954
166,582
137,632
65,243
34,331
185,119
168,535
68,457
96,12
107,120
62,539
78,688
21,283
175,491
112,122
80,852
162,998
135,450
133,282
37,195
35,451
120,105
76,25
74,555
32,76
187,502
154,239
85,740
157,604
53,111
125,860
95,532
44,659
8,265
95,490
156,115
132,733
95,249
19,695
12,874
110,566
64,205
127,991
85,1
11,875
165,636
33,262
47,144
63,42
81,261
17,485
46,828
6,705
152,312
141,869
89,136
175,604
14,840
80,772
37,157
194,365
71,680
66,396
92,640
53,86
48,63
16,689
83,265
150,293
28,359
149,81
85,200
114,905
147,443
56,279
159,387
194,631
137,765
2,760
71,516
79,749
38,444
58,702
171,592
147,566
42,674
99,443
179,599
59,668
109,839
98,909
57,66
104,939
65,628
65,141
128,21
36,513
47,172
8,135
113,659
76,82
165,570
162,989
164,648
12,497
40,463
100,82
160,72
148,607
93,982
30,171
22,322
15,479
49,506
62,872
142,868
153,462
34,47
50,1
11,119
67,725
16,280
9,670
179,783
76,876
17,477
94,815
75,752
101,338
87,623
121,54
68,66
3,8
178,531
186,34
100,813
1,236
80,242
46,468
32,522
13,679
58,46
46,20
134,190
147,146
184,581
52,454
53,391
102,671
10,276
116,55
165,44
47,939
1,401
135,683
59,495
58,806
55,816
197,939
146,350
76,33
155,661
78,640
57,579
175,899
81,683
38,684
41,121
110,912
136,106
128,852
65,644
132,188
156,804
133,377
170,253
116,951
42,228
157,203
191,317
200,197
67,931
123,63
165,152
4,56
184,37
75,874
120,903
58,762
61,531
89,391
167,222
73,807
58,685
49,846
69,854
121,388
46,747
14,573
139,525
31,582
148,215
99,599
95,532
73,570
65,513
124,315
55,480
154,835
160,942
140,635
150,667
168,774
33,603
171,316
138,112
112,539
31,718
174,402
34,85
153,239
120,239
148,662
125,565
22,133
1,141
183,89
123,481
137,53
70,886
118,422
123,437
47,828
167,588
92,311
21,759
134,301
11,404
186,103
63,611
42,515
118,936
84,138
116,978
185,115
70,915
26,795
119,816
24,426
67,825
28,70
198,995
1,306
33,306
15,429
156,201
56,215
94,652
159,625
55,320
8,596
37,306
64,936
83,39
47,940
155,616
73,22
16,440
121,617
60,915
162,82
170,366
167,359
62,560
104,944
159,921
110,136
46,553
106,447
171,197
89,810
55,950
168,756
120,595
176,204
12,714
153,704
75,648
132,495
126,535
12,697
128,940
177,115
76,228
184,632
28,582
94,840
180,140
79,532
50,953
117,178
41,471
147,531
127,608
95,291
121,920
101,190
146,931
114,755
105,929
189,321
92,681
125,674
80,628
116,702
27,584
156,597
60,482
4,131
149,867
5,618
127,70
168,380
53,103
67,287
145,713
124,720
163,882
81,743
44,514
195,724
128,756
34,653
177,127
46,989
163,921
152,890
81,29
85,753
90,893
169,313
15,696
56,870
125,997
104,143
22,727
67,932
33,105
32,23
52,725
50,38
55,310
26,256
3,836
125,605
133,866
6,517
116,951
153,64
124,377
142,926
181,523
73,985
114,239
187,841
15,977
49,25
80,566
94,579
69,233
119,324
84,208
197,474
164,232
103,768
24,673
78,23
79,128
84,112
78,925
165,678
147,670
25,463
123,536
167,863
147,204
43,810
24,461
124,922
193,329
50,413
34,195
43,644
99,726
113,927
15,756
139,546
90,886
189,672
183,504
7,441
137,555
129,444
88,300
180,935
111,811
125,156
64,762
45,76
60,333
54,1000
144,206
195,193
47,825
4,889
118,222
181,533
5,60
141,864
183,592
77,376
116,417
39,595
71,126
28,138
153,959
46,937
103,419
188,755
22,106
87,784
40,361
90,602
178,792
21,844
158,243
191,784
94,635
41,48
65,465
92,646
168,292
127,217
13,218
107,491
157,293
64,867
102,490
92,466
75,204
98,996
101,471
137,22
30,752
33,332
189,246
25,744
141,809
137,584
67,459
47,742
106,95
16,59
66,97
179,852
172,221
101,309
119,338
34,143
126,847
95,824
191,242
172,614
198,842
111,276
4,758
91,445
132,838
92,350
155,862
189,507
166,904
76,615
51,110
90,828
177,42
60,300
174,302
188,343
6,717
122,495
102,204
120,536
100,39
181,926
19,876
129,286
153,588
131,905
129,416
28,2
161,282
116,130
133,395
3,972
2,810
156,597
144,55
11,694
134,666
112,734
55,409
58,362
106,46
51,647
180,375
90,764
12,790
82,137
94,74
164,163
47,218
170,423
147,463
187,306
152,169
104,584
133,458
160,333
181,804
49,406
12,517
16,658
76,644
133,112
176,698
200,330
112,791
133,582
46,66
103,410
132,644
140,313
148,125
64,54
72,908
12,324
155,350
95,449
23,236
63,358
9,732
59,623
68,277
115,173
158,443
42,148
54,851
147,146
181,189
193,330
120,359
68,548
165,361
26,651
152,563
125,626
117,94
81,438
50,962
186,642
97,967
158,43
179,51
31,331
51,604
113,843
192,897
71,204
114,988
79,923
157,922
5,681
5,205
169,363
77,787
90,299
115,915
158,960
156,602
33,524
180,873
36,639
63,383
44,474
168,255
38,393
91,371
179,186
51,210
50,427
58,469
114,346
91,599
30,711
149,891
137,735
169,100
93,316
49,724
175,633
183,929
62,882
60,636
182,527
101,579
179,920
116,432
28,47
65,800
160,167
163,701
187,63
78,389
51,623
95,711
67,987
58,620
121,867
111,587
4,399
162,575
161,78
105,401
56,713
144,134
183,602
123,148
142,87
57,119
94,238
184,87
150,434
39,172
27,849
98,247
37,308
144,674
66,618
73,298
77,139
76,609
157,643
153,670
129,522
32,208
186,382
132,512
78,226
42,367
73,852
45,452
144,768
114,702
111,854
75,149
55,353
137,915
193,608
80,419
112,534
170,221
7,790
106,633
4,647
67,518
98,938
143,163
157,458
141,738
89,552
71,834
31,481
107,817
181,597
31,282
180,136
110,942
64,415
66,470
78,645
163,635
9,26
141,185
126,556
196,451
195,675
13,415
14,429
8,133
156,768
169,203
63,998
87,360
164,301
92,586
105,880
72,547
12,731
102,307
54,618
130,973
4,444
197,764
31,338
140,612
43,642
92,375
49,60
108,621
139,153
149,919
152,995
60,99
188,287
98,396
164,941
99,98
187,996
151,548
165,750
50,634
39,300
35,632
94,763
178,142
188,478
132,254
55,680
112,407
1,362
132,470
8,186
138,794
112,316
108,842
67,444
164,569
113,405
96,747
85,241
170,415
100,997
80,550
60,587
159,135
171,171
144,556
68,58
54,726
68,133
174,16
130,150
48,881
21,481
169,7
126,125
134,391
33,377
162,845
50,86
164,651
161,163
83,773
129,3
134,453
184,268
193,651
90,918
28,708
33,51
58,210
125,249
59,154
94,906
96,607
52,672
36,781
108,34
160,755
18,736
159,389
131,200
8,959
5,882
2,78
160,542
6,367
120,320
141,281
163,397
108,147
53,885
71,788
179,986
50,134
61,607
113,178
158,307
25,853
64,578
179,365
104,976
174,590
172,637
108,147
200,718
106,59
198,188
14,32
109,471
124,100
48,705
56,753
14,802
132,490
4,952
68,999
70,677
11,753
71,998
12,812
61,614
56,467
182,40
165,550
94,451
113,665
128,121
135,301
8,214
40,171
53,100
134,447
136,717
109,270
59,248
121,964
22,977
51,783
21,690
95,378
31,958
37,497
80,53
6,613
52,274
67,968
170,763
164,126
21,566
183,444
104,408
9,512
130,769
11,428
77,272
170,799
173,420
16,862
56,255
190,349
136,627
27,359
69,791
193,419
108,485
27,49
3,522
73,726
66,710
117,596
30,97
17,233
154,449
67,847
47,496
121,228
118,45
142,634
166,415
14,92
152,130
64,675
36,654
3,50
67,427
48,809
169,181
128,854
155,684
135,284
134,318
128,743
158,853
80,468
85,17
55,681
2,450
35,620
170,458
75,996
98,785
16,335
175,773
138,61
182,220
93,28
53,649
46,251
57,701
76,958
110,720
85,647
160,294
121,15
82,73
152,759
129,237
131,463
103,891
197,78
175,528
30,17
62,362
92,847
30,650
76,474
152,683
155,71
29,539
176,482
156,438
142,788
190,877
194,550
166,301
42,12
125,185
189,528
167,616
24,778
89,154
70,11
12,272
11,359
34,655
65,22
24,494
61,21
115,641
86,264
134,122
183,77
123,143
54,348
167,453
152,546
131,808
142,675
35,243
110,635
130,146
106,57
195,66
74,555
152,403
101,787
42,800
98,47
187,140
108,509
36,366
121,689
6,185
199,763
107,137
190,44
112,315
174,964
101,52
27,450
187,478
13,986
73,484
143,531
17,575
84,356
173,644
78,432
124,23
150,109
47,940
172,729
95,512
6,635
6,360
122,379
3,218
114,438
67,263
131,233
175,486
197,423
24,874
74,162
165,718
101,863
192,515
114,4
10,805
125,293
54,178
96,826
1,150
152,789
164,820
2,320
198,688
74,518
134,652
53,355
52,392
200,41
95,291
148,709
167,126
98,632
1,668
97,811
18,670
48,640
55,7
46,25
158,921
136,294
75,744
74,123
199,866
75,20
13,151
71,651
66,592
145,680
120,574
184,465
183,324
197,822
142,688
158,951
101,848
159,257
68,845
125,380
28,812
20,580
107,920
117,585
59,881
148,522
134,760
121,747
150,167
54,794
57,826
183,369
12,510
119,408
183,402
118,877
96,56
196,66
165,509
114,547
88,176
15,35
191,163
36,634
192,883
135,222
48,766
58,898
49,745
124,743
174,273
56,520
33,280
170,840
75,958
160,495
197,735
80,169
165,324
76,480
199,47
147,175
169,872
34,717
161,684
156,904
10,612
78,791
68,2
65,574
91,502
90,291
57,183
119,446
62,911
29,820
186,364
189,211
190,4
118,620
171,297
54,77
177,909
166,588
94,66
182,235
71,961
134,811
178,142
124,179
74,573
116,647
50,877
116,508
85,827
51,695
110,523
66,852
52,878
89,894
170,991
105,46
131,943
105,561
128,165
17,999
9,340
177,322
176,252
168,525
105,38
4,990
178,354
134,989
176,794
94,62
20,762
66,383
118,221
186,961
182,771
103,257
69,383
21,896
120,190
175,53
149,505
6,821
130,803
152,33
140,153
85,747
25,289
158,767
29,732
11,258
5,841
17,784
63,677
117,856
86,475
22,11
124,213
68,673
48,1000
131,410
195,302
111,824
156,309
125,37
139,355
173,304
23,237
65,603
185,876
145,765
166,334
13,289
107,411
196,833
45,33
58,841
100,701
156,52
126,503
76,437
106,944
98,546
57,537
146,64
100,723
75,851
187,971
108,203
124,167
124,627
91,655
70,588
59,63
24,147
136,717
114,673
95,799
2,464
102,912
50,246
157,885
101,520
194,803
159,186
186,300
198,433
129,398
52,981
55,172
174,72
164,226
112,530
187,209
59,268
68,213
167,773
99,196
71,794
91,975
115,585
95,239
20,785
56,629
87,635
67,515
118,224
13,216
165,991
104,112
55,89
109,885
153,578
39,612
172,95
173,429
154,305
105,419
44,715
130,841
183,84
133,686
109,779
71,653
68,521
105,770
155,579
200,938
152,256
55,802
97,948
46,420
145,899
158,500
38,787
87,390
131,481
135,898
100,808
155,191
159,697
177,582
113,710
142,671
86,220
36,422
29,636
179,329
83,120
105,837
139,735
87,151
195,579
106,946
93,205
101,337
45,163
65,201
197,539
172,307
90,419
129,146
91,388
180,413
188,669
85,903
96,443
190,560
143,601
41,91
21,429
80,74
92,830
65,17
147,892
119,534
63,496
172,877
14,585
146,6
122,16
35,996
136,53
53,60
91,769
31,773
46,824
138,898
85,261
97,516
49,83
118,316
87,469
26,122
156,225
114,750
107,559
145,3
112,990
3,319
199,360
110,823
74,206
54,154
7,871
114,331
186,814
118,756
195,64
34,612
138,464
197,813
5,326
103,800
25,717
102,36
126,330
196,452
90,925
134,992
147,614
78,722
88,618
182,912
46,580
185,910
180,98
166,67
103,143
39,992
173,69
20,333
5,233
163,401
15,906
61,183
161,403
180,661
42,946
6,896
9,733
19,535
187,342
171,124
187,893
39,885
12,521
149,552
48,473
179,563
92,313
30,89
86,774
103,637
19,473
94,258
179,611
85,353
99,833
14,206
33,115
128,944
42,528
127,321
156,271
33,964
66,955
108,360
120,705
195,1
173,73
9,895
9,701
152,60
163,923
129,8
36,54
74,195
174,588
197,621
50,967
24,960
199,819
24,620
61,6
193,467
112,415
94,691
127,103
178,922
161,442
26,13
123,195
31,68
34,343
100,306
165,49
69,926
16,628
128,567
116,480
171,649
57,558
5,425
68,961
126,586
122,203
60,179
117,476
178,129
169,707
166,159
139,727
183,938
194,105
156,288
156,407
10,186
54,646
49,759
99,649
101,927
162,62
186,634
172,700
72,914
100,463
99,198
158,161
155,795
117,127
25,713
162,149
122,1
7,242
158,691
120,285
155,674
44,886
52,533
139,410
86,166
177,183
83,911
49,555
9,495
4,105
27,357
170,34
108,358
91,658
140,520
29,247
18,468
141,551
99,822
158,868
31,889
115,894
153,711
134,678
27,115
4,412
12,565
69,842
177,716
85,869
28,406
130,206
188,628
35,128
151,727
40,403
178,472
19,316
153,437
98,12
27,935
132,369
142,721
57,988
95,916
135,15
16,916
147,591
119,650
27,389
3,728
37,827
149,511
106,909
17,58
93,451
51,308
156,454
90,341
40,22
147,230
8,713
33,388
71,107
82,401
7,648
189,510
67,950
199,628
167,25
181,907
134,490
195,11
132,642
120,767
200,998
159,176
151,18
157,380
46,584
10,42
103,280
1,285
147,737
138,163
27,696
83,264
126,166
146,441
125,568
160,254
165,224
170,150
119,887
108,577
171,777
188,865
73,27
149,865
57,235
13,840
73,978
180,530
155,864
83,779
8,344
137,398
113,49
54,348
13,923
37,601
132,214
51,25
182,522
48,352
181,447
26,624
170,305
49,377
171,833
199,304
93,977
55,834
141,386
7,821
71,165
56,539
142,613
93,191
125,638
2,683
16,545
31,654
168,1
94,645
133,730
74,874
12,757
174,485
81,767
138,602
120,651
152,575
164,101
8,279
137,135
94,207
75,243
37,24
199,622
97,962
88,327
43,825
194,883
166,986
190,837
199,837
184,434
138,627
21,574
36,956
128,182
70,639
105,849
181,339
56,24
104,382
55,999
62,523
98,941
111,431
10,576
187,711
52,375
88,815
116,542
41,65
190,40
6,929
156,275
105,928
24,202
8,321
96,192
191,363
102,366
119,420
186,803
28,645
116,537
196,83
42,548
80,533
125,97
65,182
114,597
179,195
98,270
133,610
182,300
118,242
166,365
40,877
151,980
110,849
161,151
196,206
198,100
41,322
154,594
136,589
179,789
171,597
100,954
109,249
149,329
52,338
90,433
102,267
36,486
20,730
70,975
28,788
41,821
150,164
193,986
138,292
98,651
118,102
53,182
149,297
69,387
186,121
17,113
142,661
93,428
40,111
46,65
24,971
171,919
146,200
105,713
162,10
182,483
64,800
2,863
168,610
91,760
13,414
169,674
65,919
182,281
124,661
23,232
47,269
71,393
145,325
176,963
187,325
139,274
42,477
122,242
128,353
105,330
119,844
145,184
57,812
122,7
189,866
180,935
60,856
17,336
61,340
124,297
3,101
174,364
71,635
70,9
25,417
95,277
169,604
65,3
123,538
44,408
13,532
65,882
12,58
132,936
67,417
196,122
60,792
129,351
55,229
100,184
126,8
38,752
176,441
54,639
17,741
147,976
152,174
178,316
113,802
7,146
15,353
168,682
49,295
171,337
43,121
7,103
101,164
145,100
58,685
199,289
86,483
117,320
120,494
90,32
160,57
80,547
138,715
64,689
145,972
77,808
15,990
71,260
93,17
89,959
157,92
138,298
115,412
174,463
117,250
53,333
155,983
181,960
148,168
45,363
91,67
63,256
49,255
155,992
83,103
129,188
16,961
17,880
123,499
76,772
7,700
120,81
36,70
191,957
114,715
74,461
179,716
46,286
142,795
76,252
186,869
198,654
25,626
155,550
79,433
130,532
122,50
28,88
157,159
27,90
107,35
89,89
25,627
1,723
61,676
171,448
92,189
115,659
179,414
81,211
167,302
88,179
193,90
170,771
130,104
124,798
152,46
64,526
46,840
83,924
83,888
77,49
13,222
47,152
110,953
110,835
44,318
108,918
157,820
120,824
135,98
86,883
160,421
190,571
150,621
55,431
84,614
61,19
104,567
34,93
23,291
13,381
122,114
34,56
78,891
136,995
175,773
10,374
82,701
171,991
172,464
90,52
166,514
80,683
173,847
162,785
132,902
13,568
15,105
142,505
175,758
9,443
142,137
169,79
107,503
88,644
108,475
164,91
160,165
178,338
8,131
136,493
11,638
60,163
48,392
68,155
63,182
82,297
66,356
11,8
104,32
136,449
145,703
161,373
33,809
141,905
52,872
98,392
126,850
83,135
59,385
183,993
49,107
174,892
186,324
164,684
105,992
104,796
49,245
194,353
26,410
128,386
168,75
157,32
56,51
146,227
175,997
161,186
17,441
49,374
32,341
94,311
59,719
83,488
99,541
76,411
19,172
106,164
15,858
182,223
68,819
55,657
135,836
59,624
12,813
7,871
154,79
53,433
5,213
72,841
49,244
9,728
3,303
60,288
74,563
29,880
27,870
44,454
192,355
41,733
179,366
2,251
146,892
71,160
68,727
78,794
87,655
179,167
66,449
44,189
40,778
117,485
19,205
73,698
120,814
38,652
147,267
135,787
25,613
52,990
23,863
28,164
84,508
49,667
139,327
186,885
64,965
108,759
3,411
32,380
66,906
94,702
132,181
12,571
27,5
132,493
147,766
112,97
91,617
186,265
155,32
117,880
85,919
34,4
113,412
96,131
132,426
197,283
156,267
158,245
24,818
72,62
172,703
183,112
75,538
34,770
68,354
184,312
49,922
164,6
103,277
20,341
34,116
68,421
64,537
36,754
56,991
14,673
117,418
40,87
147,123
37,648
116,427
73,54
129,7
104,296
178,252
119,559
91,307
169,188
102,750
62,150
169,998
1,814
160,636
123,192
92,178
34,79
92,624
43,581
170,562
19,949
102,861
87,455
47,728
146,690
154,549
142,743
107,330
102,430
41,618
186,517
188,614
7,63
34,538
73,259
11,173
54,330
54,285
105,122
112,423
103,362
62,998
36,258
59,829
109,335
196,3
15,367
43,633
119,564
149,200
44,144
67,115
19,972
197,499
155,767
72,446
64,139
22,484
65,856
30,822
149,777
144,600
151,306
117,32
196,680
126,639
142,819
113,393
69,937
161,504
38,45
158,563
93,791
78,257
9,154
42,613
124,408
75,922
98,292
163,366
138,269
157,192
54,90
61,871
13,184
176,794
145,557
127,785
135,221
8,417
148,289
138,779
17,730
92,536
31,567
93,263
165,310
192,289
94,24
154,501
97,386
24,432
98,159
196,700
164,325
24,742
166,594
26,894
174,884
157,986
92,793
146,937
140,500
26,208
151,673
82,508
175,794
189,342
163,71
14,172
133,724
58,678
55,442
146,459
31,697
86,796
173,173
186,250
151,96
152,279
196,658
108,4
151,636
101,276
77,188
5,363
166,58
142,226
58,726
23,786
174,96
2,97
95,564
7,747
91,833
53,510
59,605
142,310
114,164
54,543
105,433
42,518
66,133
132,705
140,986
123,813
32,982
103,636
163,552
56,562
120,118
13,276
31,483
184,819
143,969
27,144
184,684
19,465
6,908
141,37
41,33
141,83
97,268
151,258
134,9
129,900
158,828
72,163
66,45
38,188
36,974
20,565
76,95
166,160
159,277
113,429
27,319
75,10
178,712
97,362
73,26
161,537
45,569
32,232
6,928
5,248
106,278
142,396
187,62
17,286
85,139
4,30
59,830
150,71
122,739
171,55
116,248
64,509
175,446
2,802
122,136
89,740
36,651
113,267
54,781
68,355
9,326
61,584
176,431
113,404
10,288
113,543
108,390
149,666
61,1000
42,689
175,804
122,668
121,147
156,585
41,586
71,373
156,631
35,577
174,742
175,816
161,686
63,323
149,830
129,245
35,122
132,822
42,228
26,801
134,44
65,133
53,27
177,847
11,697
108,395
43,809
51,745
149,899
100,928
56,192
45,953
50,747
159,284
180,785
122,197
113,564
160,978
112,180
63,740
62,538
120,876
152,631
12,922
108,687
132,682
22,746
183,355
104,171
32,611
91,980
57,309
100,340
60,153
169,811
195,404
40,817
42,726
198,824
96,768
41,117
150,761
52,479
106,560
93,182
55,752
185,162
89,700
174,56
63,861
54,570
66,861
160,938
35,235
168,942
31,574
179,802
72,711
141,363
182,584
73,159
9,924
83,613
96,54
16,355
50,385
165,971
92,834
193,300
71,967
184,999
183,545
121,343
113,859
78,606
22,820
155,128
14,29
86,688
76,667
88,244
183,923
170,486
118,487
11,945
4,82
182,157
134,140
108,928
87,714
4,726
164,695
111,702
132,832
47,892
190,656
107,879
154,486
190,759
21,227
175,216
146,977
174,499
30,531
21,299
138,828
41,603
156,139
117,788
82,993
40,65
117,59
32,381
89,98
77,706
129,266
63,590
107,457
117,387
36,148
91,787
171,358
86,303
49,27
114,909
145,418
14,497
83,15
50,368
185,750
114,996
149,852
79,709
36,517
68,477
170,79
148,563
111,470
152,614
17,538
149,843
59,702
35,566
77,937
137,620
113,685
162,246
7,794
93,880
29,366
46,559
132,5
181,269
147,118
41,124
165,362
119,566
20,253
13,954
128,194
60,863
103,988
35,108
154,975
196,325
26,336
200,574
187,288
46,954
138,466
55,349
90,467
94,745
173,379
66,107
117,13
128,533
13,671
50,565
100,111
116,89
182,171
14,495
107,518
28,232
120,317
10,477
49,63
182,324
93,585
52,823
97,319
132,244
170,27
97,335
49,670
53,208
125,38
12,1000
181,197
55,851
119,149
102,410
168,412
128,390
50,949
51,192
30,714
89,404
42,564
110,636
97,151
166,260
155,454
90,960
63,383
37,132
24,690
56,634
75,794
100,229
26,964
100,474
109,806
32,175
119,935
16,181
186,617
106,333
72,826
27,13
127,989
121,913
192,216
189,59
13,386
198,155
174,755
109,288
15,840
40,162
170,269
11,378
129,888
61,344
41,522
185,288
54,736
25,93
158,789
5,466
114,788
157,666
46,404
92,771
120,939
186,633
120,570
80,979
2,808
107,676
3,850
164,595
172,82
200,281
177,263
148,821
141,334
170,359
159,578
115,623
87,586
98,339
97,650
67,304
125,341
146,337
64,776
43,222
71,598
166,991
106,268
187,442
129,497
137,854
36,399
64,840
166,267
74,917
115,644
54,344
28,485
152,528
70,991
92,508
182,90
178,707
159,141
37,972
119,505
37,850
118,634
70,471
90,914
30,781
29,36
58,14
188,175
180,59
181,51
185,496
121,51
110,46
67,336
130,297
90,612
165,136
180,221
40,267
166,584
172,333
7,172
16,775
69,663
30,878
57,55
85,935
93,453
127,383
56,534
35,994
69,676
137,527
20,286
141,528
134,462
90,178
51,328
38,245
142,546
20,63
45,893
38,697
67,553
157,401
100,59
161,909
140,868
133,162
40,887
43,542
138,669
37,886
197,471
57,972
164,1
198,106
69,719
112,567
49,452
150,164
172,360
149,774
69,582
123,862
112,895
144,488
182,205
6,626
10,614
49,814
165,941
111,927
54,293
32,791
116,517
13,848
118,177
119,566
187,849
6,711
137,7
161,902
112,142
176,630
3,628
92,848
89,904
25,666
82,502
23,889
184,229
182,210
50,232
80,624
162,945
193,998
155,497
174,142
174,814
121,866
78,895
183,863
30,580
86,170
53,652
126,970
22,557
35,222
50,932
16,279
183,140
102,42
150,196
46,154
19,165
176,557
115,108
77,65
31,676
31,238
31,531
111,551
39,494
73,570
198,815
126,346
111,696
79,620
6,472
92,176
36,566
167,952
110,85
156,630
174,551
85,642
191,593
146,450
137,114
96,70
66,37
125,650
114,259
13,834
99,536
128,294
170,98
113,80
10,545
54,879
94,906
119,260
177,3
38,410
30,454
57,772
69,258
181,827
12,232
22,725
21,136
21,881
90,251
85,629
89,568
120,263
190,966
18,523
44,819
158,715
137,345
106,410
38,628
19,871
91,49
149,181
181,403
121,72
8,799
73,319
142,804
89,926
148,688
168,678
187,300
41,191
44,787
88,478
33,220
200,958
34,754
150,2
111,552
21,916
164,26
134,892
77,971
68,205
195,645
159,530
63,800
101,171
63,491
183,242
58,749
166,125
127,959
90,287
129,635
175,366
20,611
97,258
27,111
173,339
37,130
97,221
102,917
120,104
57,560
88,18
200,348
189,820
171,471
75,748
37,837
129,366
64,622
135,882
87,425
113,382
120,913
195,122
44,291
189,761
2,439
53,377
126,823
62,28
78,859
29,4
149,259
79,449
123,224
139,166
52,611
180,662
164,538
189,835
134,403
3,806
23,899
158,246
82,167
89,193
153,916
180,886
145,349
106,226
53,606
187,404
15,629
31,818
191,687
69,930
39,972
61,896
64,676
47,233
112,822
167,980
44,79
89,578
26,398
105,609
108,976
198,822
42,710
3,875
135,958
164,866
20,966
32,728
63,338
106,123
200,927
196,17
57,501
7,686
26,144
49,953
137,448
141,631
30,720
110,457
42,826
62,790
21,41
60,573
85,280
54,185
83,644
180,32
183,227
31,9
88,471
143,999
55,626
91,446
6,668
163,864
116,695
32,881
81,162
61,314
12,772
140,682
98,892
56,930
134,654
164,702
30,165
181,395
89,28
135,32
118,946
51,322
74,344
125,104
131,87
6,667
72,25
33,484
80,432
158,427
136,252
173,926
41,82
43,132
191,540
62,143
115,384
199,167
199,18
163,6
64,232
156,976
15,835
155,39
129,156
119,917
62,303
126,551
35,165
1,62
80,241
141,805
16,632
187,775
196,644
29,758
112,337
140,517
133,960
185,589
106,630
27,90
35,533
27,832
75,89
127,108
167,55
50,643
143,854
184,183
11,595
102,198
17,267
121,333
128,591
164,55
134,654
149,765
35,738
79,98
153,178
176,777
174,14
104,454
189,68
188,505
18,245
98,131
18,351
160,998
44,993
79,694
94,541
172,462
164,445
114,415
179,631
88,938
165,537
50,333
1,29
71,395
184,746
156,893
108,745
173,839
199,786
84,503
22,666
124,57
30,315
91,486
122,242
193,278
79,978
199,379
112,692
2,943
130,943
69,536
166,749
145,521
103,70
81,471
34,623
67,457
194,743
9,956
193,796
149,592
69,165
189,317
144,335
78,561
159,586
38,603
60,491
153,261
109,219
197,711
195,788
197,328
142,700
124,631
151,390
113,796
174,640
90,699
128,410
28,581
200,923
23,677
157,299
17,105
175,821
128,413
29,767
105,470
33,955
114,952
58,701
17,111
16,254
110,134
31,496
57,214
75,503
25,89
79,948
31,505
81,248
30,90
16,94
165,518
75,194
124,390
1,456
62,61
55,25
151,571
166,290
46,844
121,651
79,332
97,966
162,891
105,45
135,404
77,360
131,986
172,901
138,247
87,553
189,529
129,174
137,453
198,926
167,465
13,34
196,216
200,376
144,831
15,139
68,633
155,147
194,428
157,136
78,130
9,527
13,899
105,556
29,21
49,112
36,706
88,923
78,189
49,638
191,904
71,406
122,836
21,863
185,212
39,517
182,125
51,720
110,999
144,159
54,831
57,788
1,243
33,654
37,945
141,185
137,494
14,755
25,373
120,391
55,191
167,652
94,585
113,269
199,797
11,334
47,207
110,86
152,815
111,962
87,697
61,789
140,947
37,547
154,220
156,672
54,562
106,202
11,491
195,671
185,131
100,68
106,705
149,657
5,435
24,262
149,608
182,175
38,889
60,864
56,609
136,346
73,35
151,599
15,390
116,746
143,689
112,280
148,200
16,438
90,148
32,521
125,731
183,331
171,259
147,436
182,197
103,773
21,653
90,972
147,264
190,557
8,566
125,587
178,884
34,150
89,544
146,517
184,267
82,19
81,159
124,635
103,826
27,572
200,104
190,596
194,825
48,354
162,617
88,224
162,248
85,347
88,521
126,369
169,575
56,666
167,788
184,599
48,598
88,696
187,910
200,720
121,54
159,972
15,332
136,365
68,862
103,378
172,572
95,306
19,381
59,938
41,758
41,626
70,121
129,510
140,365
184,574
80,808
143,795
135,916
80,798
143,573
152,520
66,499
115,581
147,246
162,21
17,832
3,527
159,878
41,312
186,377
119,378
104,877
4,877
26,206
200,94
83,865
101,777
63,614
34,200
148,582
93,128
69,71
98,700
172,414
26,290
55,720
49,417
62,453
139,257
186,709
131,689
114,29
141,465
57,898
106,596
157,339
152,929
171,356
52,290
20,785
106,329
132,747
23,929
102,233
68,813
110,879
194,905
31,139
54,776
68,884
182,269
109,177
57,945
58,834
175,653
6,499
4,492
64,488
196,160
149,45
156,923
155,959
161,827
153,28
42,897
9,399
154,562
115,894
94,503
43,86
19,537
77,978
69,746
38,130
37,754
103,38
74,13
110,709
81,760
161,673
126,410
39,434
184,883
22,36
154,181
43,483
92,64
34,502
23,604
56,577
146,307
189,938
196,666
31,316
157,561
179,758
65,805
188,713
34,481
50,685
192,151
84,945
171,798
35,310
119,102
130,641
79,620
67,642
65,514
168,444
9,563
143,505
25,564
137,872
23,227
49,971
67,606
165,613
67,731
72,880
118,705
172,234
160,820
18,695
140,550
18,832
192,337
49,45
6,376
61,436
69,693
37,276
182,8
91,258
30,862
37,361
141,208
106,310
165,976
26,846
156,245
169,289
144,731
47,632
37,956
104,429
41,774
152,662
172,538
171,674
166,175
71,148
199,218
36,204
32,244
92,242
191,740
111,541
170,128
160,472
42,778
165,954
74,767
151,705
23,61
46,700
31,928
30,837
130,438
52,503
60,375
131,173
186,214
8,961
100,830
111,119
75,326
195,35
196,321
137,927
83,334
129,70
125,921
160,990
163,801
121,478
147,409
158,366
97,601
161,830
77,101
80,147
65,326
41,564
96,8
199,620
41,107
76,787
120,209
8,60
148,391
66,823
150,402
57,381
163,685
146,141
40,369
88,676
135,846
157,806
57,749
141,992
162,489
77,148
163,22
97,157
186,600
49,706
31,328
133,510
19,311
66,21
96,300
154,683
161,686
156,489
25,515
195,45
111,661
23,870
45,570
43,141
196,782
167,484
123,882
104,602
175,97
100,11
163,398
144,76
109,380
47,810
179,193
130,188
76,261
108,310
151,717
124,292
45,993
130,506
164,235
15,4
11,776
200,781
186,181
92,778
17,999
104,871
119,641
43,998
183,610
79,53
145,40
10,292
44,9
63,411
122,585
127,415
23,395
25,430
86,506
146,322
131,808
184,540
47,266
29,655
55,657
94,988
125,202
18,731
111,128
189,718
165,939
134,688
112,195
186,478
54,298
170,155
89,463
65,926
19,555
112,116
163,161
195,480
92,743
26,118
151,583
5,23
177,417
36,319
59,425
47,447
21,89
138,85
12,278
100,670
20,438
52,680
174,240
146,415
193,397
88,969
166,858
175,955
186,87
64,660
88,582
19,639
40,116
74,606
137,730
66,617
150,584
12,587
6,318
72,598
38,859
28,227
42,4
23,331
138,58
78,813
2,442
25,234
175,551
198,21
154,488
177,698
44,386
103,216
2,529
154,826
103,838
138,428
6,877
89,174
18,244
153,365
57,750
132,118
1,570
159,441
143,776
42,168
181,815
178,247
185,805
94,447
89,808
85,529
51,589
182,381
25,401
96,512
99,296
1,443
4,981
154,324
79,560
184,383
110,162
34,372
193,234
31,765
150,894
14,984
58,497
135,233
34,807
23,843
141,743
147,166
145,779
182,43
125,176
13,823
187,76
136,33
23,150
172,211
1,250
41,599
51,33
132,634
77,799
75,908
100,991
166,850
75,774
5,789
8,980
195,194
118,543
193,290
141,990
32,971
101,534
158,855
161,934
60,53
44,886
170,791
78,91
66,94
172,594
18,497
8,510
23,518
91,680
7,399
80,489
85,387
135,413
63,707
197,485
86,553
88,539
175,851
125,804
61,482
10,885
75,872
176,453
65,500
64,638
158,37
84,37
139,810
145,440
72,31
141,722
46,127
109,125
176,353
40,587
180,89
168,945
57,130
125,93
64,877
113,629
117,592
42,96
109,569
111,555
16,849
95,621
24,989
192,597
49,735
77,505
3,859
75,702
95,20
129,899
182,609
127,286
102,573
7,996
46,932
45,698
54,393
143,285
76,518
85,148
54,844
41,306
31,364
179,210
179,916
162,663
56,328
88,985
136,997
129,491
120,736
134,291
20,766
153,42
190,135
36,808
84,582
135,590
142,180
112,113
87,796
110,188
58,547
139,468
6,119
31,823
177,127
117,315
26,88
200,739
136,120
35,747
19,286
86,327
114,128
107,781
6,658
126,930
37,754
186,371
15,514
128,288
64,142
19,75
159,402
181,247
65,826
144,492
3,250
148,902
29,609
102,937
75,212
95,197
118,694
118,423
49,522
22,635
96,204
133,788
35,312
26,382
197,552
154,945
158,845
35,720
30,528
100,448
128,442
19,426
84,194
189,692
56,599
35,839
151,341
101,278
18,404
93,96
26,179
169,924
26,555
108,905
175,409
46,965
172,13
114,595
97,326
53,581
123,298
40,580
31,521
67,518
88,491
99,78
69,690
199,506
108,621
23,472
67,82
98,742
152,4
195,879
154,449
60,158
192,862
144,694
90,81
106,797
120,327
46,713
80,311
176,663
146,723
6,475
156,452
81,48
57,252
124,347
89,679
131,725
108,967
18,78
149,418
81,697
199,847
176,327
129,683
42,549
138,511
154,753
134,371
177,973
12,168
85,670
187,27
78,399
113,648
124,951
188,83
11,434
145,605
165,308
7,226
140,867
160,939
148,472
141,431
23,869
141,40
62,53
181,131
31,346
3,856
9,737
91,560
184,485
143,117
30,179
186,463
63,389
27,186
42,927
85,808
26,596
110,628
158,537
92,980
22,710
160,556
80,720
155,239
171,838
113,751
18,532
160,824
109,98
154,209
182,37
46,873
75,964
157,413
176,109
151,780
9,456
102,379
118,735
135,543
80,178
173,962
61,22
116,728
73,131
166,290
147,338
185,421
153,54
167,601
31,928
183,238
189,610
43,36
188,62
167,2
113,409
62,937
186,548
74,797
84,648
168,757
121,732
1,694
111,210
12,964
166,531
21,679
196,231
10,563
169,292
173,607
137,233
164,836
50,57
47,149
73,70
17,377
146,78
151,352
19,996
169,500
187,659
107,184
26,953
108,859
127,328
45,279
192,389
180,393
27,429
93,374
170,952
47,181
95,134
155,157
135,112
18,771
81,613
192,767
16,445
109,485
71,973
133,996
185,310
10,351
76,770
77,314
52,77
75,174
181,67
54,416
198,711
167,176
134,409
155,81
32,696
19,762
197,593
148,611
119,551
86,757
86,280
3,23
23,980
75,500
136,460
159,754
146,595
66,847
147,680
121,503
55,264
29,174
181,396
10,835
108,110
1,724
75,40
54,59
79,630
150,407
43,210
191,741
20,227
157,156
60,55
179,555
123,382
42,111
185,107
138,494
56,970
179,624
22,914
13,939
93,950
188,52
4,766
67,148
175,275
5,516
147,625
81,685
6,944
84,406
109,944
139,347
71,903
24,560
163,573
171,148
154,176
177,107
151,342
152,695
8,830
88,241
76,33
7,369
70,883
23,422
195,661
55,612
184,716
120,392
177,256
129,648
101,839
93,630
168,973
163,468
94,447
1,409
27,41
129,892
189,442
119,382
200,677
34,9
194,241
108,786
101,830
71,618
127,855
6,294
55,261
27,488
14,341
49,953
36,596
20,264
120,356
46,260
23,722
59,605
177,522
139,388
165,458
139,808
64,407
126,288
112,338
160,780
129,528
142,788
182,644
197,613
110,54
77,333
57,71
163,757
113,290
21,121
178,734
121,247
25,483
163,432
5,489
15,949
116,512
45,556
175,384
108,124
93,515
42,568
46,967
131,47
31,309
145,725
178,331
179,368
143,569
161,192
143,381
95,75
48,905
176,768
109,461
13,721
166,286
197,772
198,119
198,336
192,285
36,191
189,994
34,623
28,322
86,785
92,234
29,232
24,972
118,928
188,951
48,964
174,935
32,965
169,770
192,686
146,558
66,178
164,275
175,414
155,124
39,868
28,335
14,698
183,772
99,715
89,6
1,596
16,30
25,374
193,461
165,741
24,973
195,183
29,210
117,894
77,518
190,792
72,479
45,552
52,760
163,911
11,952
22,417
151,71
103,401
70,263
33,568
130,722
184,958
6,6
81,321
72,153
157,312
10,163
161,12
48,353
55,516
52,238
52,143
68,91
15,394
83,582
137,116
39,662
133,816
200,144
95,74
115,993
190,59
132,201
53,871
105,278
149,896
57,494
100,579
179,297
200,989
129,498
130,926
122,761
66,355
147,433
93,335
69,582
129,236
120,784
44,520
92,689
108,38
145,188
119,156
114,398
56,746
115,335
30,385
80,632
168,942
84,654
71,814
163,5
135,675
161,11
49,836
165,161
82,764
185,132
166,838
197,655
65,518
64,340
39,739
30,443
13,754
157,450
142,839
96,844
37,49
50,256
128,287
24,725
199,216
72,141
41,636
113,890
42,312
122,768
96,976
63,962
38,742
16,252
171,173
6,834
153,81
54,377
193,183
53,855
74,699
150,106
79,617
18,607
148,271
183,815
48,630
50,417
60,355
91,554
163,152
82,597
64,631
185,705
7,437
33,749
6,689
111,632
11,928
126,343
104,946
152,971
85,329
166,684
143,417
111,642
131,161
36,150
21,394
96,175
98,579
89,611
194,215
182,795
139,638
164,226
49,764
14,271
127,992
136,801
60,340
96,27
195,350
63,54
149,381
162,676
118,412
65,355
104,553
172,104
10,876
151,759
154,222
86,527
155,380
166,267
62,946
166,980
129,363
84,342
83,440
116,238
20,808
21,265
66,245
80,804
108,54
192,169
181,982
11,495
128,761
82,255
126,224
83,923
176,670
53,688
165,207
29,300
85,988
44,991
85,143
143,381
127,465
119,352
189,292
69,895
83,1000
195,276
21,239
29,937
21,630
5,565
14,232
200,554
20,23
57,322
39,731
165,225
148,260
121,707
5,850
148,890
148,496
31,954
46,329
26,757
90,841
30,146
52,913
12,447
187,286
29,794
30,271
32,534
35,450
22,867
16,403
65,71
89,146
99,329
8,620
162,206
45,212
79,991
58,358
133,656
170,495
136,692
78,82
164,371
34,913
30,423
112,301
16,708
105,764
89,606
116,531
140,954
166,52
98,854
142,950
151,900
24,210
61,422
170,339
77,241
198,404
27,426
62,638
6,380
157,538
13,298
40,25
28,631
41,478
155,116
108,503
142,537
13,469
123,161
154,45
54,942
33,330
194,837
191,327
194,21
168,551
15,536
62,658
93,917
156,538
83,947
32,767
150,211
25,677
137,737
182,673
131,654
36,879
93,992
86,395
62,162
191,734
115,196
56,236
16,130
2,631
139,345
112,933
161,363
36,619
191,724
155,141
25,997
176,212
93,48
194,923
125,923
145,685
139,711
198,351
159,328
75,87
178,25
55,891
151,879
15,462
161,720
73,745
159,976
63,278
83,393
190,105
55,901
108,187
197,89
18,15
200,370
80,668
103,494
157,52
51,393
44,989
27,60
65,353
3,951
168,678
192,438
158,441
81,704
186,662
28,921
152,859
133,377
14,373
133,198
9,66
80,836
19,9
112,358
30,681
136,580
112,41
18,858
142,649
79,376
84,419
101,751
166,647
67,798
35,602
78,53
35,400
87,496
109,985
66,653
105,109
156,666
151,934
36,274
190,500
115,645
188,368
184,940
3,954
150,935
197,302
177,466
92,207
55,333
129,75
192,115
42,805
59,495
184,9
189,921
21,748
118,685
44,6
119,83
162,363
103,934
89,822
141,681
135,567
58,627
56,988
80,148
186,898
57,797
120,480
8,536
186,129
28,273
80,669
192,719
13,607
60,752
120,668
72,681
183,743
94,719
92,775
160,607
174,251
130,789
189,56
32,334
30,375
174,747
115,722
122,210
189,941
93,565
26,240
159,532
116,217
141,177
141,20
1,556
94,480
54,273
184,958
164,793
102,865
100,795
12,256
4,674
1,83
21,891
184,26
123,668
64,876
132,826
27,956
43,907
93,597
79,379
26,94
190,329
71,697
150,175
152,673
139,445
158,994
92,180
2,199
174,199
25,205
189,949
65,669
103,140
106,550
132,924
101,573
6,270
170,214
27,470
119,298
32,476
43,379
45,199
128,199
29,983
158,265
4,943
98,331
66,722
21,165
19,912
42,3
172,27
35,58
144,101
156,759
167,482
70,360
93,780
30,413
101,116
14,878
86,949
127,342
115,13
149,172
54,51
103,129
102,445
196,528
21,679
24,109
126,39
6,721
191,105
87,884
135,451
166,133
69,523
142,504
74,962
75,380
100,761
39,957
3,416
34,418
170,634
74,215
191,5
79,966
109,108
150,336
7,315
73,490
133,804
42,70
126,409
55,266
180,867
91,115
182,650
163,292
13,710
197,951
1,711
17,580
5,412
190,924
23,717
145,761
127,103
122,166
17,280
165,348
65,861
187,188
4,68
199,941
71,972
127,754
87,885
167,453
82,928
188,428
28,189
101,265
49,128
2,224
171,828
180,873
46,608
94,826
186,828
72,758
18,272
81,834
52,546
108,374
151,115
111,858
48,983
36,999
45,661
141,754
79,118
45,536
7,989
168,118
56,835
134,830
2,415
181,862
37,529
108,809
68,151
50,535
97,936
18,15
118,832
135,589
38,75
197,888
51,871
17,93
6,279
39,354
59,999
110,621
183,511
184,978
59,137
48,533
44,987
175,165
151,428
176,796
13,104
94,536
79,586
103,555
84,88
24,713
7,926
34,191
61,10
66,968
28,477
158,462
63,171
148,215
29,720
156,321
66,951
91,588
131,110
48,677
132,318
126,688
173,765
35,377
14,992
192,926
45,20
127,700
65,585
190,770
155,758
190,670
113,449
75,912
124,135
138,345
29,249
174,930
70,354
19,951
149,650
66,81
17,416
17,702
169,40
23,175
136,343
159,447
165,399
129,841
1,832
13,836
188,369
9,548
129,208
152,267
2,315
41,466
164,612
129,660
61,244
131,608
111,488
129,724
123,68
147,384
18,317
1,582
87,551
122,353
110,12
3,995
179,109
167,963
25,132
34,624
20,822
119,294
183,889
166,272
141,96
8,765
137,167
148,213
19,979
107,41
140,54
99,378
142,294
158,129
75,730
166,445
19,417
23,809
187,913
112,653
123,807
130,531
153,711
25,772
32,829
37,222
21,737
149,625
199,702
78,877
27,624
149,826
6,219
3,850
90,215
67,416
17,195
154,432
190,131
140,692
78,947
164,752
173,704
150,709
28,453
106,77
69,550
163,388
65,148
12,335
133,123
102,868
116,587
28,741
62,57
63,141
8,182
55,817
123,769
39,777
96,174
172,893
164,250
9,702
8,645
31,352
107,656
83,60
159,366
34,379
55,504
77,873
39,736
34,709
186,809
1,832
19,781
147,90
8,119
84,630
108,383
45,679
110,411
9,62
48,971
192,203
84,11
100,196
182,460
113,866
177,851
9,713
31,883
24,345
118,265
181,735
92,417
81,195
144,520
29,81
72,159
184,66
172,485
6,439
35,814
30,291
120,678
192,349
184,690
163,703
144,549
21,704
43,554
179,156
142,580
162,628
82,901
154,365
18,22
110,985
186,920
184,940
77,4
159,940
152,993
114,336
149,429
99,286
91,477
149,745
188,578
54,506
9,207
29,858
13,141
51,971
76,791
145,428
157,751
98,508
123,585
174,374
14,932
100,787
111,907
104,115
78,96
106,344
59,673
41,100
198,452
3,890
80,982
129,360
150,995
102,35
73,545
124,440
31,756
139,663
199,423
42,184
171,249
180,908
183,591
179,616
200,895
21,612
192,673
115,999
16,685
55,190
173,59
128,553
55,157
160,247
159,702
35,489
109,768
50,248
58,53
7,890
62,177
84,264
9,569
183,258
101,135
191,698
165,589
56,490
102,681
116,929
64,567
100,968
101,955
173,212
93,729
81,51
187,347
167,423
181,861
177,748
89,689
86,673
15,151
27,919
129,880
173,436
76,200
155,18
42,376
183,77
73,214
88,75
99,187
180,558
182,547
3,168
111,515
139,265
107,178
64,167
163,48
37,731
112,412
147,498
56,103
181,381
124,84
99,850
118,797
10,645
147,530
69,911
118,933
132,781
189,306
200,397
10,339
150,69
180,417
152,157
45,906
139,841
52,615
56,526
44,650
128,507
126,498
92,951
96,317
167,778
137,848
112,139
17,526
7,330
130,488
196,72
21,298
102,679
82,428
138,590
129,888
53,588
140,818
22,953
199,143
180,504
180,665
180,505
88,19
116,987
93,996
176,266
129,637
84,13
44,432
24,401
93,108
72,427
183,754
120,515
154,642
10,119
196,414
75,695
105,765
169,639
105,662
147,582
126,564
9,124
137,465
186,339
122,670
166,913
54,410
141,28
167,163
187,58
177,973
142,416
145,584
138,883
165,534
2,317
87,347
61,473
121,174
101,308
187,62
110,109
99,200
108,408
56,80
157,828
200,928
171,48
73,673
74,393
127,395
100,125
146,936
70,509
32,106
3,684
177,153
53,421
89,305
17,241
73,871
70,158
19,220
199,711
19,528
148,41
170,92
192,975
36,856
6,872
138,733
45,57
50,379
9,483
67,996
57,2
51,202
7,412
23,560
168,103
19,384
175,263
93,917
23,733
30,217
162,807
148,459
24,869
117,934
65,162
133,418
110,303
78,493
149,981
142,735
106,21
54,367
175,406
173,747
143,593
122,56
92,563
180,789
50,651
172,909
24,774
68,742
51,24
29,412
169,634
141,307
14,854
189,966
127,795
99,969
77,20
129,964
166,914
115,811
81,80
77,645
3,519
73,9
1,922
176,734
83,839
186,40
115,85
38,102
190,776
68,384
137,873
48,431
33,190
194,191
151,391
69,516
1,171
166,506
135,262
198,774
107,420
158,233
139,577
38,139
173,546
108,254
109,838
60,522
156,955
22,968
152,476
67,175
2,281
95,578
99,134
188,128
196,46
83,621
127,210
41,554
142,986
163,212
91,798
10,597
200,541
168,601
45,606
132,543
31,876
193,726
14,10
4,864
11,635
46,10
187,712
131,876
145,719
170,587
55,84
180,180
2,62
20,358
58,253
76,179
190,137
90,753
72,621
195,175
39,166
143,697
156,357
112,570
161,180
12,950
123,474
88,352
162,526
122,247
69,142
36,591
167,767
67,749
97,521
19,480
200,869
127,97
173,456
94,485
33,877
149,162
4,89
86,308
145,796
95,476
35,803
30,77
143,917
195,112
70,999
59,864
168,913
1,290
112,200
23,471
135,522
56,867
102,417
116,269
107,799
119,369
155,522
161,652
112,971
60,417
46,982
23,885
70,462
120,189
16,457
195,80
128,680
60,854
32,742
156,520
168,989
102,819
83,543
135,247
6,474
121,278
30,426
125,353
137,80
113,595
149,510
37,806
45,792
81,701
179,133
168,804
55,995
23,781
180,801
93,255
39,34
20,579
71,398
53,513
112,978
160,551
92,560
128,786
150,802
160,344
67,289
59,952
21,576
56,32
185,224
91,911
25,938
67,688
40,733
184,456
25,429
138,336
154,556
74,187
2,620
125,185
77,170
151,110
104,640
173,866
61,481
147,887
93,403
109,630
41,33
123,118
37,508
66,980
199,486
176,266
32,314
174,606
131,10
154,704
194,399
60,522
53,453
76,641
130,875
86,175
1,295
50,771
200,756
126,651
158,117
190,627
103,781
13,931
22,934
173,403
169,378
136,357
194,618
112,4
169,871
45,266
38,150
1,232
67,9
185,188
2,202
81,204
54,497
171,843
72,476
17,870
199,945
92,73
15,379
111,76
37,579
157,357
192,731
173,190
186,876
15,30
71,719
6,175
130,448
29,176
11,746
134,60
50,333
149,928
116,36
95,780
153,294
81,845
181,421
101,401
130,302
161,954
13,783
125,255
104,739
114,683
142,41
191,545
150,18
173,571
149,766
169,828
60,574
81,512
61,180
65,406
60,375
37,1000
62,864
103,747
110,620
86,767
37,400
14,856
23,176
63,588
136,206
132,367
87,594
1,3
169,491
145,716
38,688
156,9
181,563
34,524
83,666
193,560
145,852
157,954
130,664
80,35
98,565
193,712
170,654
103,280
130,401
51,912
105,774
9,758
191,576
22,870
135,83
30,522
27,520
106,143
123,67
44,908
165,637
117,237
64,507
100,376
129,59
60,37
159,774
192,996
38,729
172,142
14,107
101,112
85,601
35,138
126,210
179,260
51,813
35,986
189,715
67,943
161,149
146,216
184,177
116,673
132,400
58,595
139,175
50,561
165,262
181,110
145,523
185,95
136,534
148,764
38,735
106,840
71,666
179,980
168,280
54,249
13,601
96,798
67,475
43,328
184,732
81,101
23,452
15,859
48,20
124,671
58,951
123,808
119,251
37,291
6,275
10,479
91,283
160,185
93,482
164,757
153,30
133,29
126,742
129,322
92,246
158,968
40,720
36,789
158,180
115,907
169,947
147,393
127,341
181,710
181,185
105,728
134,848
10,991
94,843
92,237
86,316
30,846
18,738
63,114
189,238
8,148
111,736
1,649
39,668
111,697
60,1
131,491
110,837
164,215
48,491
17,45
169,4
101,327
155,89
124,208
180,572
133,400
145,677
78,408
18,267
46,490
115,422
192,798
131,341
124,211
200,874
127,493
91,694
77,902
81,316
34,131
3,201
116,54
24,594
6,643
52,328
52,390
140,305
39,87
43,367
45,446
89,944
129,27
128,646
97,213
82,681
44,589
94,949
148,102
100,853
80,820
19,233
156,232
176,840
134,942
28,757
183,366
40,375
174,319
38,617
16,506
101,169
33,538
168,143
105,57
62,859
55,2
187,543
18,879
139,372
93,599
174,73
82,721
127,172
109,525
23,342
158,392
40,963
106,88
91,791
146,542
27,694
171,853
110,809
71,459
136,233
121,735
44,249
75,593
120,944
80,357
79,941
171,64
64,207
183,303
122,814
117,176
1,438
132,85
106,303
192,717
112,112
101,421
188,768
77,427
181,85
187,514
45,722
176,795
55,750
103,424
78,326
116,371
125,815
160,697
89,823
199,912
85,795
51,337
192,724
4,857
60,653
161,224
45,507
97,814
112,231
61,284
34,746
140,200
1,734
181,253
55,632
83,468
180,920
115,746
100,488
80,863
128,737
194,755
165,814
175,739
91,547
72,484
54,610
179,75
48,234
37,584
125,583
115,646
128,188
193,692
39,123
189,639
167,210
109,686
172,554
74,776
133,441
78,379
7,335
176,570
86,279
66,514
160,584
78,749
117,399
61,895
200,687
109,774
31,353
153,535
41,847
192,781
65,168
148,846
140,297
68,21
82,721
20,149
27,605
175,984
41,726
43,886
194,916
86,29
165,838
113,842
134,178
125,52
119,361
76,717
67,799
176,17
120,133
92,363
8,801
91,852
23,764
164,935
144,913
186,269
43,414
158,162
121,832
109,615
162,957
44,383
138,474
160,820
61,817
133,146
102,837
150,548
178,808
163,970
112,661
68,706
6,47
87,239
195,5
37,450
76,21
41,84
43,664
41,908
60,953
118,519
149,308
95,127
66,643
75,219
197,518
78,385
151,597
191,366
87,429
199,112
110,434
92,72
130,254
72,684
157,489
112,474
177,455
92,749
169,700
154,128
159,887
150,351
198,715
9,408
2,260
100,195
107,219
158,283
79,979
16,22
108,557
151,39
34,504
137,516
18,859
11,370
88,230
161,455
90,351
43,810
27,306
165,530
123,175
53,713
133,391
142,980
113,951
183,869
155,69
79,534
146,394
11,280
21,745
68,687
112,588
66,16
167,583
44,603
192,165
154,99
41,69
144,107
88,993
83,476
5,432
42,652
119,935
30,275
121,197
115,804
55,442
120,34
164,290
140,917
118,779
5,757
100,648
171,553
51,121
161,510
45,996
172,626
56,45
2,34
163,118
190,433
102,381
142,625
141,119
77,23
114,862
171,246
48,906
41,255
13,686
33,902
106,100
165,481
68,974
180,54
45,820
123,112
70,958
165,850
40,815
139,199
157,131
176,357
72,495
143,619
33,478
77,501
103,104
129,957
192,979
107,999
72,144
199,4
1,375
26,337
197,199
70,12
6,646
192,266
178,446
104,765
130,218
3,200
122,46
66,14
164,567
35,976
92,72
95,997
46,437
198,569
110,784
59,613
82,343
37,714
131,10
82,724
149,339
60,399
199,358
9,924
159,355
103,420
103,221
99,869
167,716
189,286
37,646
97,486
11,284
154,471
199,691
184,834
62,315
199,111
167,831
3,81
141,189
71,415
164,187
98,237
153,920
21,987
34,199
45,567
51,777
86,607
139,441
96,675
96,169
55,737
145,77
119,521
194,368
126,901
5,802
88,420
61,842
18,57
118,441
153,446
80,658
138,136
164,317
138,724
119,395
141,568
89,828
137,365
3,898
2,630
151,55
92,3
183,92
161,130
3,337
189,870
53,853
123,809
81,641
190,67
25,925
153,779
155,412
16,679
160,236
112,623
34,155
113,910
93,72
53,787
124,356
28,984
82,529
117,639
47,138
74,908
39,419
76,701
182,748
80,637
123,472
153,595
172,409
181,997
102,343
25,556
193,898
77,220
45,402
92,967
169,43
40,474
158,162
4,201
125,260
126,408
114,650
182,562
194,417
4,74
195,849
134,236
81,376
1,503
92,117
106,860
185,191
104,105
23,924
105,949
98,274
131,806
194,290
54,834
16,525
197,1
12,258
103,66
38,675
187,232
9,759
78,821
164,385
43,183
108,601
11,843
141,448
142,811
44,475
17,195
5,278
155,86
9,476
62,827
34,112
38,845
149,999
34,728
85,276
21,364
59,809
188,711
79,45
7,640
98,630
188,167
86,400
194,247
154,955
7,737
69,980
82,220
158,220
109,294
129,772
113,893
163,207
128,540
94,742
18,565
142,967
114,345
89,234
122,201
52,658
115,261
189,930
109,627
11,12
8,666
158,176
190,491
159,649
44,658
108,376
80,256
70,101
143,257
188,853
116,140
104,666
134,586
143,66
69,690
138,483
108,397
181,343
115,32
134,421
75,731
75,621
125,447
159,480
73,990
89,490
145,381
9,584
17,477
32,30
118,898
158,352
168,437
71,889
116,521
153,589
128,246
171,72
185,371
39,887
88,849
1,270
126,588
179,826
18,40
141,861
119,98
40,622
107,557
192,488
148,860
122,273
182,523
19,258
55,748
39,451
76,146
2,811
10,520
135,269
103,764
62,772
27,254
145,386
56,652
100,894
16,760
96,908
116,291
22,684
18,611
98,124
194,71
145,615
11,368
129,266
66,598
64,34
89,102
126,956
64,574
12,185
133,718
23,589
18,496
67,611
89,931
100,377
128,411
152,400
19,640
155,149
2,645
23,288
9,938
175,674
16,667
61,761
124,913
90,800
197,823
123,871
159,28
117,482
85,379
80,925
98,851
193,469
49,206
196,756
1,585
177,904
155,297
184,776
16,212
130,762
79,71
35,324
194,152
110,662
63,953
31,332
137,729
81,762
166,327
160,912
75,405
73,162
75,677
148,307
113,257
118,671
124,765
39,692
35,743
81,612
49,446
126,578
80,147
171,440
196,815
112,289
160,582
199,765
136,730
113,667
95,895
65,359
143,73
147,845
147,43
4,1000
22,877
147,309
21,790
110,897
113,366
165,684
89,509
16,219
25,726
3,642
39,188
176,326
36,80
120,523
42,58
143,897
42,629
79,45
174,501
114,702
130,788
56,646
127,332
12,133
106,480
120,633
151,340
148,941
70,34
56,266
61,478
196,459
80,646
197,948
167,892
89,173
174,253
90,846
65,263
133,559
161,722
155,945
197,841
81,908
190,974
2,803
59,697
34,637
75,779
26,991
155,956
150,735
180,608
106,10
32,582
31,47
105,535
127,972
28,556
47,295
151,45
137,754
51,184
94,717
62,650
200,189
42,314
80,507
4,7
179,96
154,925
102,592
153,884
14,806
113,916
160,190
186,1000
23,884
72,149
115,44
169,685
119,649
193,259
39,250
85,738
171,60
152,956
198,129
185,713
138,684
39,57
190,946
175,819
128,223
154,936
66,122
10,217
163,782
141,593
183,713
24,755
112,562
70,615
6,5
18,117
173,432
82,83
76,438
82,62
173,103
63,619
112,367
18,487
28,148
78,675
15,521
73,510
79,174
146,665
134,311
44,311
88,130
35,982
78,24
177,519
12,207
177,860
142,48
99,686
163,317
197,588
46,300
174,474
178,677
57,944
101,968
98,944
194,634
128,440
88,121
131,985
99,186
112,197
61,633
170,269
175,257
91,381
47,362
195,234
147,742
191,102
143,585
170,608
5,779
37,669
84,903
9,75
146,784
10,999
22,517
32,850
81,858
141,925
167,946
8,906
79,830
126,181
163,913
106,507
132,301
169,173
8,221
153,101
61,703
172,404
134,471
51,222
100,692
65,115
170,472
81,726
35,283
170,949
187,69
32,589
164,824
99,460
96,581
81,527
76,96
100,870
13,381
187,846
106,890
9,290
2,132
130,831
2,603
153,615
125,157
85,883
111,94
172,348
32,559
99,433
74,36
192,923
54,487
139,385
67,552
77,184
44,132
78,442
99,748
157,72
117,943
138,634
94,944
167,948
197,539
148,564
20,960
95,160
42,34
108,746
68,50
176,36
11,569
193,39
91,229
157,616
38,512
157,259
145,64
111,323
181,972
10,417
163,546
163,725
1,409
45,893
43,595
98,960
35,403
77,851
165,741
8,687
72,7
65,202
137,907
176,473
101,182
99,133
198,342
156,391
119,173
127,803
163,485
108,473
165,595
20,778
188,372
163,853
197,730
163,121
74,458
183,198
40,628
83,506
93,380
10,549
172,338
171,79
105,808
76,881
121,182
148,939
86,467
76,406
49,67
129,33
29,101
29,182
161,333
110,794
16,658
191,155
192,278
47,393
123,695
26,16
134,746
199,616
20,60
114,641
30,356
119,277
80,530
174,918
197,376
175,342
46,770
180,358
113,99
125,272
58,792
51,730
115,312
177,786
112,69
86,306
190,620
13,211
196,676
39,82
63,812
199,89
51,69
146,2
164,745
159,971
7,378
96,744
17,619
193,897
183,231
196,468
41,648
175,809
52,850
123,439
188,673
135,469
185,626
183,666
155,687
156,254
161,756
6,570
183,507
102,408
95,639
132,485
137,572
79,634
43,722
53,345
166,418
99,295
93,220
102,370
88,972
111,867
44,539
75,90
86,479
96,614
91,489
176,515
188,506
117,630
33,499
196,490
70,231
57,176
132,781
86,26
112,530
148,944
193,459
125,370
15,252
91,819
34,786
146,22
33,148
170,404
25,158
184,276
7,794
161,856
90,269
83,853
199,778
185,781
152,564
62,449
166,275
81,487
15,565
179,929
140,325
90,580
43,851
118,966
177,490
76,67
163,921
172,626
196,299
74,715
137,500
94,952
115,488
35,248
61,806
74,262
86,992
123,167
76,237
33,943
96,700
116,153
104,340
58,976
76,974
69,493
194,189
189,988
76,851
62,818
50,529
70,461
71,466
45,400
198,139
131,419
17,52
186,996
174,852
144,998
115,396
114,148
165,590
99,906
120,166
188,972
43,254
135,344
3,871
89,235
16,834
93,719
164,371
140,240
171,1000
126,499
131,460
192,724
85,413
189,305
194,684
107,550
177,565
135,555
111,268
57,317
52,917
149,578
36,227
25,914
169,226
79,916
69,431
12,871
130,422
73,865
157,609
14,817
157,786
86,911
141,179
114,314
119,435
75,435
124,142
15,21
138,154
177,212
61,445
122,773
41,593
86,523
19,333
53,197
47,529
29,294
5,956
42,583
199,839
159,719
142,420
109,131
149,922
45,563
20,311
10,372
91,862
174,306
191,477
61,994
38,509
93,108
27,398
188,60
56,700
128,75
143,954
116,972
197,112
185,891
185,976
152,650
5,622
174,739
150,898
35,596
30,368
88,366
117,708
86,177
72,715
159,578
18,73
190,218
159,785
75,175
158,363
142,601
35,623
184,470
110,9
173,656
76,317
191,936
197,356
8,957
105,860
192,137
157,641
167,327
47,774
96,763
187,305
197,458
42,358
17,575
53,184
63,816
69,400
85,646
159,211
153,668
149,991
89,898
165,560
32,727
160,206
157,453
32,737
163,851
30,940
175,375
102,831
2,529
76,950
20,597
152,185
76,606
53,951
25,660
157,991
120,250
167,107
110,853
153,238
4,292
63,875
57,362
3,569
85,413
39,295
21,174
141,439
21,740
88,849
20,584
63,298
146,928
167,710
6,235
35,779
99,902
88,483
107,622
104,951
75,144
7,391
55,846
68,501
165,493
180,820
96,754
92,862
91,805
5,288
107,133
122,787
82,685
38,525
113,971
30,104
152,679
175,965
177,389
87,735
34,765
18,899
182,410
25,378
68,747
147,861
157,177
54,905
37,503
112,892
183,609
161,631
40,326
31,458
28,565
143,484
95,922
18,918
119,183
103,768
155,971
11,257
129,225
86,516
156,746
66,488
3,71
120,770
141,78
75,758
15,726
101,65
141,538
74,246
44,338
92,835
114,869
8,456
46,194
84,318
109,311
107,712
118,18
149,291
173,748
107,342
97,859
154,668
11,981
148,438
65,838
86,849
39,897
67,798
146,109
18,747
127,218
124,148
94,83
69,10
111,907
8,442
94,922
107,779
63,844
91,756
74,119
156,525
123,798
38,752
42,791
55,226
82,146
87,625
143,616
11,351
174,658
20,565
113,416
32,287
28,750
174,702
65,871
190,296
74,753
69,940
127,542
81,586
133,387
84,917
182,433
25,369
99,706
57,270
125,33
190,944
125,399
12,783
44,883
123,590
21,193
144,755
178,764
196,225
3,498
65,989
157,759
89,888
89,74
102,769
105,783
155,992
180,991
117,85
71,475
121,901
150,478
48,261
20,993
50,24
181,610
122,341
75,65
194,543
167,330
153,464
179,994
160,789
32,753
40,599
159,812
189,648
53,132
104,582
149,136
188,107
9,68
17,739
166,699
38,510
67,739
200,328
139,518
178,732
199,967
146,327
90,840
116,591
185,820
73,491
61,74
98,217
54,117
97,979
30,783
100,622
41,417
163,135
52,616
19,579
142,692
106,139
116,428
3,324
159,97
190,461
189,806
27,300
78,705
83,1000
28,719
168,55
18,560
37,648
28,433
113,78
26,302
174,729
102,618
73,511
199,355
47,613
87,786
161,231
51,175
177,401
146,957
86,558
156,716
80,935
9,369
41,795
189,459
29,456
120,199
164,552
193,161
182,123
107,109
176,680
155,876
72,944
105,486
148,115
72,251
182,555
61,35
109,130
97,906
92,512
135,695
138,91
74,473
79,926
11,395
104,38
105,906
162,567
199,436
11,573
162,204
51,969
16,2
94,724
44,199
186,887
177,58
178,904
164,649
111,489
126,258
158,312
156,289
106,733
69,491
129,608
60,308
150,115
197,132
176,827
56,266
93,679
197,119
142,97
10,880
114,545
117,527
123,103
137,444
145,85
92,669
152,376
47,924
185,107
3,309
22,10
196,404
152,866
46,541
95,834
173,452
127,543
23,837
70,276
9,699
51,394
194,238
131,120
3,373
43,64
38,283
157,600
68,1
137,823
93,440
157,723
125,119
41,921
187,196
128,72
130,105
4,490
176,752
87,369
5,590
165,370
44,421
169,404
94,44
153,56
26,297
12,935
194,929
36,179
54,520
132,800
144,215
140,742
141,919
133,742
83,140
162,196
84,487
19,760
34,259
29,743
90,968
158,321
34,548
176,394
119,51
75,96
26,434
117,887
180,319
103,960
126,156
14,231
4,287
70,136
65,320
196,775
11,609
192,749
61,870
68,529
8,528
114,944
112,283
156,344
81,553
131,671
26,315
177,433
123,858
137,316
53,427
152,247
131,968
69,576
79,493
147,592
90,866
140,65
167,87
15,493
93,130
4,403
59,447
35,696
140,54
136,421
188,486
53,241
70,411
116,498
133,663
50,997
5,967
114,970
133,146
111,376
179,530
115,306
67,65
159,866
41,594
182,653
44,740
158,468
107,571
26,114
154,642
140,591
22,69
66,653
156,22
43,500
67,187
91,754
44,762
131,130
170,834
151,815
127,520
193,186
161,448
56,40
180,735
192,690
12,786
58,360
23,562
92,641
32,500
173,332
10,309
174,978
149,523
54,752
8,455
192,699
144,938
117,683
167,272
179,112
17,885
176,515
60,586
110,378
127,684
66,228
147,730
143,582
49,512
79,711
94,828
98,391
34,225
79,419
80,360
32,479
50,103
102,317
62,656
194,125
147,413
1,175
37,644
178,810
109,847
180,485
47,453
103,963
103,667
27,75
73,988
111,60
105,17
27,723
13,175
163,253
92,597
41,539
76,381
185,892
53,891
36,855
120,207
197,245
164,746
150,749
143,456
181,446
28,930
20,394
30,319
9,157
163,395
107,195
172,633
179,466
170,742
101,508
18,417
160,468
177,595
121,594
7,854
150,443
75,405
33,687
66,85
186,108
103,463
180,616
40,6
51,331
125,158
125,955
19,196
166,778
131,282
43,980
88,635
91,974
75,316
140,21
48,646
18,947
127,336
122,829
37,632
132,47
160,819
25,210
183,741
34,975
173,383
93,461
53,620
150,205
198,226
179,430
35,669
62,575
26,332
60,533
54,160
12,481
144,978
157,171
127,924
108,238
177,380
63,658
55,10
30,548
148,627
140,145
104,716
197,402
34,810
167,120
162,837
112,579
51,439
173,340
148,895
9,430
158,688
176,819
195,737
79,457
188,675
20,565
137,393
31,238
36,258
159,550
38,661
85,999
167,410
147,184
31,687
119,278
75,15
191,710
197,344
65,958
70,96
117,494
128,135
27,417
156,535
27,4
192,819
86,794
29,234
143,696
112,306
73,77
16,661
127,183
122,331
197,952
7,886
134,151
110,131
164,513
28,359
18,666
165,712
43,741
164,973
106,509
127,831
8,597
63,809
145,642
156,362
135,682
79,481
140,732
108,117
43,279
154,236
88,175
12,40
130,615
53,811
104,1000
198,469
183,194
178,274
199,409
27,159
44,316
19,568
126,222
88,913
78,759
125,40
101,120
108,606
142,246
24,499
78,176
150,592
32,201
110,402
36,463
111,500
128,642
25,956
187,917
50,729
175,143
40,368
18,353
122,325
81,343
161,290
99,333
128,953
85,870
120,941
123,997
11,54
73,531
90,179
80,388
188,15
158,415
82,946
92,77
174,418
164,413
87,664
8,488
5,957
67,570
152,68
73,592
159,238
163,167
80,258
139,647
137,789
69,542
2,4
3,4
122,681
148,443
38,965
80,333
13,15
158,264
185,396
68,591
80,374
62,267
70,63
29,297
139,494
153,547
121,45
103,445
90,337
200,683
43,993
141,690
83,178
119,167
122,574
57,156
197,341
121,775
19,793
90,207
20,327
2,625
68,673
176,985
140,69
113,228
149,207
23,903
34,125
2,596
15,816
52,24
66,726
184,623
83,150
164,3
143,411
21,835
200,650
82,155
82,459
136,318
104,353
20,911
30,891
170,782
1,353
44,401
98,922
135,638
37,399
54,809
117,202
113,40
67,275
178,33
156,175
177,400
100,187
16,79
50,827
85,680
160,912
10,495
65,371
141,339
78,333
65,349
170,672
70,554
176,658
132,121
143,753
82,679
36,273
188,718
42,167
110,995
118,808
29,150
112,771
8,963
58,428
154,678
39,680
24,457
62,925
25,992
184,604
35,189
174,700
179,88
87,874
58,559
61,49
132,706
79,869
59,89
196,537
8,945
17,1
88,134
181,549
28,483
65,743
170,42
37,361
24,375
82,257
183,937
109,91
89,805
32,595
6,146
78,678
55,212
49,889
122,800
87,35
120,51
113,64
152,432
97,71
190,914
38,650
173,145
62,473
11,274
48,210
38,547
130,650
43,490
184,254
186,263
11,916
10,949
173,335
134,320
61,54
38,191
75,955
18,425
138,500
143,398
34,740
175,302
154,996
163,76
51,432
81,171
104,61
172,338
40,716
163,567
69,217
86,495
151,612
126,477
18,385
170,90
130,370
36,491
42,87
183,177
101,126
199,624
23,965
53,897
45,695
45,720
102,407
185,583
140,271
36,985
51,384
81,727
71,451
168,481
28,659
174,299
160,563
157,396
23,81
125,263
124,879
198,272
102,413
90,678
116,102
85,585
99,477
198,474
61,849
62,415
163,903
174,163
153,770
86,666
174,544
113,102
38,231
10,490
138,842
141,909
165,622
191,38
140,856
8,550
4,985
108,430
24,566
141,239
110,360
28,430
164,657
6,695
131,305
42,305
176,133
144,614
54,395
105,868
57,462
182,445
145,785
44,911
173,417
169,763
119,749
190,227
113,515
79,81
155,332
35,86
118,43
49,369
165,932
187,274
166,256
90,80
119,216
29,521
28,991
177,948
21,486
95,683
10,680
198,309
128,767
67,587
104,474
83,919
36,512
77,151
28,694
76,417
195,932
41,401
64,219
57,453
15,938
168,382
180,309
161,106
98,335
5,548
92,417
153,791
46,571
37,897
20,615
154,238
51,821
84,764
74,541
140,588
19,828
78,803
121,110
72,617
63,816
173,396
30,132
171,155
92,363
9,120
143,118
55,825
142,30
145,274
122,783
136,983
168,791
119,893
11,568
157,320
140,856
184,321
85,477
65,41
82,336
6,670
166,934
156,153
71,764
65,50
127,76
164,744
172,380
73,398
103,663
121,814
62,476
198,466
76,702
92,741
151,770
190,466
84,261
29,282
156,900
40,894
176,813
30,175
9,419
120,699
4,893
101,585
90,66
81,432
150,348
181,902
143,303
173,383
155,381
67,365
32,348
23,353
111,501
196,336
152,552
147,140
33,999
54,556
164,558
156,259
26,828
15,388
161,264
32,7
14,806
180,634
2,204
184,823
132,103
159,596
15,579
85,517
94,513
62,451
163,6
161,250
74,306
135,791
105,407
63,87
53,826
182,971
122,888
114,650
173,639
49,288
173,572
107,433
111,758
51,834
103,862
194,416
123,211
155,312
168,937
34,669
79,622
135,379
18,519
125,505
139,481
97,98
66,559
196,699
167,72
114,307
193,932
24,145
161,21
158,179
200,159
69,33
166,345
184,559
13,502
90,309
25,645
115,121
40,305
139,672
86,216
34,587
185,748
70,227
119,326
20,353
122,823
77,30
87,312
197,121
138,149
151,735
28,542
81,934
170,840
146,321
195,837
170,453
146,878
75,919
131,682
39,674
174,75
75,841
50,551
171,428
92,766
131,725
13,685
149,770
3,660
177,236
100,799
74,165
58,86
146,637
38,209
1,266
111,109
121,64
139,259
18,574
89,674
143,675
121,988
166,249
171,425
42,531
54,140
72,524
7,651
28,810
96,535
131,393
57,927
38,25
99,33
3,127
177,594
157,356
64,675
192,607
46,524
59,427
74,631
145,707
193,756
28,577
49,66
108,26
41,740
77,630
189,547
179,838
127,829
118,550
84,860
148,167
29,181
151,230
185,713
168,543
10,65
50,437
125,318
158,812
16,499
173,653
24,797
110,411
171,991
188,785
81,32
94,274
56,296
132,585
84,486
195,295
187,860
16,604
195,168
82,403
107,318
144,654
43,379
132,881
110,149
94,823
80,273
183,631
100,983
52,44
194,345
2,638
4,128
134,684
127,955
188,762
90,241
151,813
14,833
145,558
72,237
163,192
20,247
94,942
187,785
78,187
9,166
185,81
138,825
111,518
108,837
174,832
119,119
140,107
168,375
41,438
138,571
85,146
41,324
138,780
175,493
187,639
115,211
185,828
139,633
156,67
2,274
176,469
28,142
104,96
28,413
85,288
50,44
22,52
61,567
84,926
34,261
24,397
185,362
134,927
65,667
167,982
19,540
118,35
191,601
140,115
58,739
149,603
56,537
115,810
125,927
28,39
168,291
114,938
39,433
188,738
178,496
128,277
138,598
70,145
137,570
91,583
129,830
170,587
128,341
187,593
106,41
107,695
23,88
60,523
50,359
130,578
123,653
105,497
169,293
152,616
120,206
52,714
55,58
79,753
77,294
77,956
8,33
95,370
188,191
5,930
102,695
16,254
154,677
141,546
116,124
104,253
124,429
36,326
177,680
166,339
76,838
6,965
97,885
196,357
48,892
61,242
143,720
199,831
177,107
61,672
88,605
146,41
32,76
148,618
22,750
96,164
133,831
109,765
120,751
121,129
156,633
12,794
100,222
194,574
95,204
67,891
173,125
136,674
17,557
79,507
31,75
74,24
14,368
172,190
105,334
87,653
52,669
148,975
180,766
2,457
171,317
200,722
70,729
98,240
84,199
76,523
66,587
87,888
52,571
32,564
51,340
45,648
60,857
124,934
65,177
79,593
190,585
152,32
196,600
84,768
23,875
26,788
26,462
123,677
33,947
197,341
130,983
189,842
121,812
130,339
171,160
67,932
176,296
75,922
15,343
167,850
53,968
153,775
188,171
35,160
113,813
155,420
9,117
72,652
42,728
5,989
20,859
194,813
78,519
172,21
160,449
158,517
186,124
148,125
108,245
174,45
62,108
184,940
142,468
89,214
21,190
46,300
44,886
149,374
57,484
161,218
176,588
58,399
66,569
126,446
120,288
102,114
111,213
193,456
24,806
36,528
32,812
79,762
174,447
121,82
45,562
49,838
165,207
8,525
23,8
198,739
13,442
119,310
188,90
6,304
169,633
185,232
64,979
8,982
52,110
9,606
91,840
185,237
173,684
128,245
182,326
140,806
4,932
42,693
176,36
64,840
123,266
82,106
116,26
137,852
137,829
100,558
20,100
200,151
11,326
83,876
71,73
88,465
41,915
131,569
37,432
42,71
155,742
196,564
72,188
82,134
48,361
97,600
61,380
25,989
113,161
152,157
163,147
163,851
75,153
157,425
156,599
148,769
26,248
110,199
1,69
120,385
11,993
135,568
172,462
173,441
131,568
37,156
73,29
189,823
43,509
135,888
95,777
188,248
52,120
26,846
95,490
36,876
187,278
10,682
3,520
45,970
200,406
167,516
85,554
12,378
189,167
103,372
85,743
50,301
7,486
129,93
115,540
50,642
138,463
71,662
95,791
26,517
13,436
149,50
63,881
87,815
126,17
127,189
17,478
175,963
173,753
191,504
22,268
172,108
2,808
187,870
118,20
136,213
10,409
67,428
101,610
30,516
51,723
159,393
122,344
57,792
17,100
141,396
99,386
80,663
5,138
151,169
12,320
70,197
95,300
159,145
41,222
124,55
80,275
152,466
121,867
141,149
139,141
37,391
65,28
87,724
86,407
52,600
125,170
88,68
74,919
72,5
191,629
116,356
121,741
105,735
123,174
106,746
81,267
12,785
18,305
66,510
142,113
73,859
200,807
52,172
55,99
110,677
25,614
151,711
133,477
174,486
57,999
35,541
177,832
99,452
192,595
73,851
89,663
35,93
134,899
29,343
164,721
104,747
174,113
54,380
3,307
55,80
136,215
167,576
49,180
77,938
155,704
4,78
15,351
51,66
75,104
85,155
114,922
87,86
160,659
74,281
37,751
3,895
53,718
126,539
169,796
108,19
181,860
89,725
100,380
47,766
94,700
17,568
137,89
182,972
142,515
199,269
171,952
71,265
104,686
62,7
143,17
110,97
53,103
86,265
64,568
142,354
63,422
153,400
77,998
165,822
193,768
166,790
175,62
5,632
26,498
154,614
64,147
141,184
60,225
121,663
23,426
114,717
11,962
158,420
172,769
25,107
12,724
181,557
93,985
172,679
42,281
57,201
145,274
104,450
101,482
183,946
129,149
186,492
148,948
139,477
43,229
67,996
9,885
47,87
70,595
66,292
66,240
127,402
125,570
121,948
54,635
14,457
169,881
162,847
184,682
68,644
41,377
133,696
30,123
95,445
142,258
44,557
10,478
184,601
44,522
100,542
85,994
175,762
186,308
190,337
172,885
56,536
52,319
174,45
175,499
85,112
199,203
129,716
36,119
128,699
145,424
103,864
171,219
151,505
45,561
102,982
7,265
162,177
95,901
66,401
127,52
145,975
171,597
35,11
41,621
155,36
30,926
189,470
106,283
130,369
27,815
145,830
170,615
116,389
162,227
181,905
94,269
143,299
114,176
130,314
97,51
16,547
191,320
112,379
75,871
9,497
8,547
88,15
196,492
39,746
4,829
154,629
190,65
7,811
153,125
186,819
9,997
119,280
4,792
52,958
133,239
175,819
82,65
80,111
178,169
193,579
131,835
64,173
27,583
197,545
163,278
152,143
30,247
68,65
36,339
190,139
21,592
75,991
32,585
130,786
146,186
164,803
23,599
23,453
52,370
39,332
40,466
71,526
9,783
128,508
60,655
174,220
156,983
175,386
67,506
193,402
48,368
48,850
188,962
160,549
60,366
144,260
171,444
161,612
186,934
63,657
105,61
193,822
96,137
92,286
104,723
139,207
61,281
150,555
169,717
91,546
122,991
64,33
30,269
133,47
10,175
39,866
114,389
76,375
47,297
33,897
51,446
18,133
149,650
179,169
46,691
111,480
110,640
188,893
198,356
126,930
127,675
147,570
22,598
196,935
164,384
87,251
115,509
86,937
61,631
134,181
75,331
87,613
82,515
169,86
21,496
150,948
164,908
14,139
43,336
1,233
170,867
63,811
119,427
77,451
190,786
61,657
186,875
56,209
174,642
71,898
43,517
170,964
43,281
12,38
189,444
32,192
127,152
164,285
190,624
171,71
77,971
95,805
75,949
182,186
67,563
152,118
43,501
193,333
17,185
70,322
126,696
153,241
140,110
148,737
9,425
55,679
60,875
27,234
85,401
191,537
104,279
10,522
115,277
115,610
24,550
98,327
8,802
114,783
103,265
128,694
172,419
2,545
146,164
99,107
68,280
69,137
137,851
199,262
119,537
10,475
62,469
175,603
127,237
116,545
116,432
160,610
86,585
120,252
6,888
99,517
131,885
139,890
85,188
61,788
10,420
25,166
62,402
155,696
75,249
103,943
158,833
3,322
174,786
156,361
115,452
48,770
180,706
148,902
18,321
108,508
79,187
77,731
146,863
125,835
195,707
16,336
122,651
153,543
18,299
70,179
9,724
180,865
117,622
114,950
28,811
195,866
63,905
87,837
150,328
23,760
88,562
98,116
178,708
187,748
198,36
61,853
173,733
117,131
110,586
81,374
122,533
73,360
123,403
56,415
187,518
23,847
13,90
113,160
180,702
137,327
103,1
177,420
199,281
155,854
100,37
98,761
146,213
127,827
161,143
46,311
174,679
175,380
171,79
125,585
23,106
54,223
32,36
31,730
66,578
95,95
58,839
28,25
90,714
98,696
57,818
119,543
2,82
175,649
95,855
125,77
12,315
32,185
132,292
54,520
191,504
6,845
43,425
103,895
79,583
155,888
126,553
200,834
139,491
24,736
76,509
79,591
72,222
56,655
98,353
188,522
53,277
123,754
101,367
195,606
121,784
164,311
135,234
72,911
48,8
168,811
137,828
56,246
123,724
55,756
154,312
66,787
44,85
58,107
136,680
61,265
54,306
26,551
120,96
101,932
92,307
26,769
54,301
199,453
63,23
122,760
87,114
125,740
152,683
180,178
10,928
190,367
182,808
7,152
156,576
168,691
145,941
158,77
25,721
159,90
102,718
159,96
41,48
161,758
133,423
70,345
116,799
170,355
64,19
169,931
45,549
176,274
82,646
156,341
138,266
48,807
123,596
110,77
4,434
72,630
179,395
124,21
77,647
55,332
106,620
53,403
85,651
49,234
109,368
124,551
139,278
29,331
98,65
155,567
196,17
8,517
85,336
17,708
30,558
76,607
54,519
44,511
39,11
7,311
148,15
130,696
48,127
8,94
36,842
37,289
91,407
37,453
56,961
142,550
126,814
75,89
83,659
48,598
39,381
155,125
7,768
62,4
10,215
24,787
36,656
61,262
60,535
185,317
167,39
49,378
45,401
72,62
146,632
29,804
114,415
76,836
102,431
121,351
3,620
149,896
111,223
115,383
142,572
123,152
160,720
190,876
127,928
123,900
33,618
53,86
147,132
149,73
132,134
87,774
20,472
63,307
80,216
125,466
132,50
122,109
119,304
90,607
84,436
127,726
81,804
115,964
84,703
23,743
101,195
135,637
141,225
142,795
196,349
144,886
27,75
14,81
27,522
164,224
31,196
24,629
41,96
27,534
16,203
137,598
31,343
115,154
34,954
41,122
2,689
165,745
70,232
65,436
151,329
150,973
169,66
171,732
135,709
35,202
74,117
86,992
114,731
105,981
80,695
136,618
57,847
32,778
172,301
181,3
136,496
79,554
94,925
139,365
153,566
85,218
32,511
8,167
64,265
99,952
75,645
38,720
34,600
97,999
28,482
196,453
10,217
2,822
160,96
4,260
119,778
106,836
29,526
186,698
127,917
126,74
19,794
27,533
110,484
187,148
195,865
133,970
80,19
89,59
65,907
68,603
22,607
194,578
113,444
46,349
37,996
16,752
15,55
104,650
155,643
67,525
154,236
77,891
194,489
117,738
152,388
195,77
103,628
44,28
144,496
151,397
94,496
33,191
95,257
89,756
148,404
117,22
166,496
37,562
151,599
100,410
96,112
32,445
72,482
45,888
62,867
12,327
181,704
26,862
114,872
76,154
167,830
142,182
41,122
160,499
162,846
126,126
139,664
162,564
183,967
130,510
138,926
19,512
159,421
112,767
143,918
138,183
181,927
9,345
125,134
126,116
76,51
14,3
120,117
49,244
72,36
13,844
40,95
133,48
196,811
178,900
39,257
61,376
8,11
16,348
129,853
136,668
30,805
92,436
132,648
154,156
198,236
24,665
181,465
103,794
27,551
80,63
90,183
46,762
30,443
7,351
107,45
11,856
77,420
49,726
52,121
123,309
75,760
89,610
189,638
79,282
7,125
114,117
114,19
98,403
83,313
37,731
45,831
153,200
23,509
133,169
122,785
52,755
159,861
83,517
105,622
189,231
191,933
77,541
91,896
159,402
39,691
162,300
73,236
199,892
130,422
59,979
57,678
45,319
188,904
42,369
20,675
126,13
4,413
102,229
195,585
156,951
199,315
139,834
35,169
183,285
62,88
135,857
47,311
89,357
106,730
166,199
39,825
13,943
141,836
112,197
80,373
121,46
186,852
73,523
77,45
159,603
131,73
74,562
74,766
151,638
21,547
7,28
44,469
24,883
49,502
48,986
7,784
131,894
167,720
23,184
134,1000
171,369
129,977
3,987
29,459
168,180
76,307
144,87
3,736
85,170
64,633
193,245
53,970
185,507
199,620
46,33
176,553
173,870
91,90
107,166
174,24
156,856
66,877
143,614
22,93
136,145
33,197
47,206
157,513
51,628
160,934
58,867
114,919
12,480
68,933
46,597
105,685
109,423
58,973
180,601
13,754
116,516
91,128
144,110
193,327
95,489
152,529
58,967
173,294
75,488
158,602
130,901
147,870
60,868
52,627
158,435
123,858
168,560
147,507
79,964
25,136
109,145
174,552
49,525
84,481
153,314
63,878
180,973
80,616
7,92
63,288
171,810
145,545
19,237
77,686
188,74
14,353
60,442
132,174
71,815
54,356
8,614
72,706
189,910
114,260
107,30
122,199
8,973
58,940
186,194
141,849
145,313
73,764
95,736
84,849
70,276
104,452
112,44
58,88
102,609
35,149
36,551
105,192
106,145
116,392
194,830
73,270
66,611
188,689
8,799
101,883
149,656
91,480
109,218
83,419
169,379
66,29
110,952
57,593
175,240
100,119
3,812
161,554
92,674
185,759
133,579
126,495
164,309
31,395
84,856
123,861
189,703
199,402
146,603
93,18
117,295
70,904
46,472
42,190
159,951
125,964
155,489
123,234
21,58
175,954
13,6
72,107
82,853
46,408
189,18
81,970
63,6
20,890
28,341
132,176
44,599
165,448
186,115
56,882
74,182
112,559
44,230
90,192
193,910
108,861
14,341
29,185
80,58
8,778
96,842
110,383
101,501
187,962
107,766
111,782
28,57
167,633
49,571
97,430
196,464
100,661
199,603
189,201
194,449
59,425
65,576
72,644
100,903
57,591
32,959
173,491
168,600
90,487
161,528
101,602
150,301
156,744
156,47
75,668
71,722
46,967
115,132
60,479
53,219
141,642
90,291
36,151
144,383
186,480
50,841
154,718
112,831
152,793
3,374
15,915
116,396
193,743
145,242
78,669
133,33
72,747
120,683
172,139
41,254
41,597
146,804
152,168
66,893
191,907
145,953
166,502
53,705
46,957
73,305
188,392
174,276
43,95
143,999
105,601
173,537
11,649
132,593
95,593
69,817
141,398
22,162
194,710
40,358
77,958
79,762
50,543
192,334
143,838
190,118
12,602
77,161
167,681
182,41
148,983
43,301
170,70
80,149
72,180
69,372
151,818
53,506
58,204
9,694
2,661
95,831
97,571
58,450
193,985
20,805
178,383
94,931
11,439
90,209
138,293
17,235
140,872
111,227
166,253
99,644
9,872
5,168
22,251
39,295
156,377
109,905
125,565
183,697
111,458
143,855
134,887
18,894
45,168
15,154
41,475
29,235
102,727
153,87
139,90
14,786
189,213
70,225
163,722
103,885
118,699
44,770
119,942
112,510
99,736
123,504
111,595
166,852
40,767
35,540
12,26
131,326
148,340
171,114
69,486
37,162
21,963
176,67
86,998
194,927
197,759
46,209
41,317
184,657
107,747
46,222
159,713
96,814
150,507
142,254
23,233
150,839
126,943
22,356
78,540
92,702
47,537
193,938
13,304
65,60
34,517
178,408
135,123
111,1000
85,924
95,956
61,233
65,3
83,520
110,366
76,888
14,86
133,548
97,121
8,360
74,968
191,960
164,636
163,366
27,517
24,476
41,686
129,446
81,714
42,231
176,857
38,920
192,450
55,103
199,582
149,979
144,286
29,248
129,875
191,227
53,445
94,496
119,57
185,130
160,972
105,559
79,906
75,912
29,654
25,274
71,145
95,403
85,904
60,538
164,431
162,471
67,233
122,530
198,660
68,385
119,166
8,594
82,36
104,777
200,297
145,361
126,997
74,596
92,590
41,918
12,478
128,45
196,215
96,508
43,32
100,461
90,442
18,415
103,696
31,443
179,802
83,422
188,251
85,101
60,648
76,4
138,224
155,815
97,848
145,913
139,590
76,381
125,589
142,87
112,768
124,101
19,284
104,677
173,817
29,858
125,169
17,992
8,409
46,53
195,557
135,250
14,959
160,927
128,124
144,503
12,253
115,664
128,498
130,666
3,63
96,376
63,724
161,364
119,737
71,934
10,392
87,761
150,946
33,655
175,462
118,740
108,43
188,386
27,135
73,900
39,300
53,181
72,505
152,70
114,700
140,396
24,118
46,606
110,392
38,430
79,434
110,323
6,508
106,839
149,7
161,724
97,386
74,643
63,809
54,328
178,344
85,23
135,203
7,528
7,607
131,110
181,193
115,175
130,338
148,668
90,162
31,583
122,696
131,667
187,292
134,128
137,961
6,147
160,255
22,676
147,495
129,721
99,455
106,185
75,961
141,350
60,770
130,289
92,370
143,592
95,105
155,165
25,988
97,819
94,704
166,902
112,215
97,672
9,937
136,296
37,784
182,840
148,760
7,485
104,331
86,425
26,62
25,99
55,631
197,107
163,619
82,971
61,374
4,752
162,630
32,266
70,894
47,149
98,387
64,372
146,289
179,157
84,156
35,412
43,20
146,553
126,439
70,745
119,222
90,671
13,633
115,818
2,728
57,31
78,483
153,452
156,385
66,271
19,525
71,466
7,194
112,894
200,934
119,541
55,741
136,891
140,389
138,5
158,555
118,687
56,647
167,960
12,832
90,937
170,388
30,859
19,77
41,376
38,661
166,322
128,683
144,578
113,194
85,428
55,522
127,210
110,559
32,739
146,809
116,170
69,910
88,537
45,242
98,264
44,365
26,620
170,946
130,742
149,490
195,851
22,786
146,110
121,276
92,659
74,206
36,581
190,316
3,831
183,635
146,713
96,476
94,512
68,332
14,282
154,174
53,652
143,489
111,520
63,293
132,662
92,306
132,495
197,973
3,746
111,190
123,527
88,766
64,715
199,745
109,392
60,826
182,653
100,972
54,404
150,205
141,754
36,225
164,776
91,590
36,284
156,883
113,203
165,786
176,998
7,510
81,19
158,371
15,112
100,319
119,763
74,464
44,488
94,700
46,320
84,225
140,989
62,583
199,539
88,494
88,466
13,957
38,804
66,99
13,352
116,943
57,161
2,672
169,899
102,682
194,180
88,206
158,788
6,866
191,761
155,97
83,770
138,136
128,341
129,306
134,164
121,210
195,537
54,959
96,162
75,516
78,199
3,533
176,158
9,549
95,870
111,48
161,583
45,454
140,372
15,620
45,865
33,975
93,850
176,53
9,683
115,304
149,99
44,601
118,514
66,276
107,193
95,812
105,313
152,300
137,499
45,623
49,691
167,537
37,87
200,998
185,697
196,886
143,880
200,724
101,490
198,344
1,716
147,201
137,923
52,741
55,499
114,331
190,357
156,941
108,36
183,140
82,650
59,317
180,631
33,82
68,242
160,685
37,913
30,984
40,207
155,1000
159,779
103,572
39,711
167,795
136,34
90,14
44,654
29,52
66,140
72,288
11,405
65,221
38,571
6,341
160,626
190,423
63,699
20,939
2,621
131,667
11,3
31,674
144,386
113,77
36,596
165,700
113,807
23,262
71,755
83,60
187,935
185,699
83,766
11,238
177,896
26,646
4,580
167,492
124,56
183,998
52,93
170,287
141,321
143,949
25,851
32,595
72,139
179,165
39,693
9,792
87,646
194,633
131,970
127,760
42,443
93,433
189,228
128,604
188,221
84,250
112,710
96,863
98,375
86,466
123,45
116,668
9,994
75,573
194,884
39,293
120,144
172,746
185,738
174,312
14,841
3,538
100,224
125,678
17,239
145,886
128,9
116,970
9,603
144,993
43,831
81,311
12,152
146,134
103,310
73,567
181,899
133,41
163,578
45,65
74,568
137,957
167,746
115,884
59,569
103,281
148,490
7,685
159,1
89,977
184,275
5,485
23,555
62,539
35,217
39,390
162,873
103,952
106,985
137,791
68,917
59,483
70,129
141,178
17,909
75,790
176,92
79,755
172,278
162,256
190,994
95,449
126,290
16,559
67,860
117,122
159,133
154,689
100,187
7,379
151,926
29,661
85,258
30,29
195,548
24,551
32,69
141,57
181,617
141,502
83,142
94,218
156,318
131,27
197,444
108,925
66,402
192,212
66,288
48,990
163,962
13,532
40,473
82,281
34,106
30,622
88,305
152,242
26,769
108,512
54,15
37,265
178,714
62,842
72,755
77,516
45,530
200,806
117,231
85,13
112,623
2,870
40,463
70,733
154,119
92,528
164,422
180,981
84,839
198,974
147,51
156,51
124,294
45,352
103,500
184,205
52,134
136,738
50,757
145,371
86,158
192,974
112,83
99,949
47,887
93,341
21,306
79,16
109,771
184,11
159,733
56,149
19,358
67,102
146,494
131,244
152,721
185,698
90,614
130,187
176,728
4,53
182,576
146,56
85,482
86,344
86,317
170,516
122,633
172,98
124,39
48,898
16,218
32,946
124,957
177,320
164,788
134,146
185,32
37,367
66,815
116,365
50,426
125,650
13,98
143,782
194,49
152,939
81,142
53,20
64,45
27,65
80,283
187,628
59,978
110,677
3,793
84,343
107,742
32,187
186,486
19,969
152,316
124,909
40,387
81,321
140,147
107,554
18,598
97,396
120,47
32,951
109,793
98,320
59,5
188,532
61,652
194,205
130,35
173,395
26,743
152,882
164,881
137,469
168,546
144,369
194,838
105,421
40,823
8,238
25,913
177,821
156,911
87,241
158,632
19,456
2,344
124,794
189,630
39,353
156,66
7,421
157,946
158,446
200,625
49,290
160,64
192,857
185,352
127,646
30,927
32,612
44,145
83,345
80,82
54,505
59,51
103,532
59,461
68,203
145,123
138,349
110,496
100,705
184,61
175,985
135,640
171,127
194,48
64,283
173,359
152,611
106,787
182,175
79,530
139,938
141,195
173,357
82,690
24,727
159,581
24,676
163,571
22,890
58,876
160,140
32,527
101,726
178,105
166,973
133,126
101,11
28,754
90,781
26,670
27,356
33,57
173,182
174,179
139,285
171,687
99,99
108,617
169,494
180,831
3,335
45,190
41,723
14,461
49,150
181,628
73,602
29,388
152,505
184,673
10,767
12,956
39,491
127,847
87,596
91,121
39,69
103,614
150,660
185,950
31,495
108,918
6,707
11,298
156,96
56,998
30,955
44,380
80,346
173,670
45,876
146,951
196,808
29,228
118,132
37,410
4,255
128,787
33,235
180,984
19,413
197,797
160,631
76,103
87,448
97,101
148,565
82,427
43,447
167,723
179,973
66,921
115,487
89,607
66,182
12,256
184,382
6,483
57,73
45,29
10,478
50,402
187,685
90,801
78,331
3,407
140,351
105,197
186,109
16,177
181,576
63,421
137,247
25,938
113,771
135,83
116,507
198,103
162,960
91,194
139,690
50,175
112,33
192,904
80,483
108,824
58,336
139,57
183,594
170,38
70,298
153,964
110,170
42,925
18,813
38,62
181,764
58,173
150,646
80,899
96,128
131,923
101,481
166,238
105,753
163,548
54,615
185,239
31,702
64,947
59,713
93,912
172,481
123,299
110,949
127,779
45,271
9,432
3,766
140,924
160,132
193,742
111,895
98,202
187,103
139,271
11,720
45,632
21,671
107,731
3,760
54,656
79,773
166,10
56,301
100,860
46,495
102,447
69,620
128,465
169,992
155,669
149,773
154,628
158,31
192,114
134,734
61,913
106,392
41,957
189,306
37,492
59,738
129,241
184,642
101,187
167,264
4,658
47,99
110,661
92,881
117,498
134,471
146,320
63,334
76,432
153,656
178,400
132,558
92,739
2,527
187,998
102,756
6,682
148,257
79,231
69,253
58,997
74,195
25,14
152,638
149,295
172,380
182,35
20,181
120,763
98,103
141,20
73,885
40,433
30,247
199,937
105,204
76,750
141,930
178,916
144,134
82,292
114,688
142,983
103,959
200,868
120,71
94,912
100,7
48,288
182,676
196,739
80,197
99,41
108,67
1,114
59,567
99,532
5,995
129,45
198,251
75,627
170,728
25,580
10,549
89,966
50,427
130,783
77,263
166,957
136,198
147,920
200,18
139,552
57,20
34,525
120,101
145,968
29,996
135,730
1,635
57,840
194,915
112,297
175,52
90,917
129,254
94,332
47,637
72,699
180,326
23,223
146,367
52,153
189,751
65,147
177,202
3,59
1,830
42,936
115,786
5,401
13,298
27,383
11,466
4,705
10,295
181,722
2,532
65,965
192,544
54,441
140,227
28,944
189,860
198,878
96,559
198,259
195,291
65,796
8,625
123,178
60,841
93,82
59,132
85,409
182,792
171,635
42,862
8,488
110,24
194,497
79,92
188,619
142,132
148,848
166,128
33,532
149,882
59,749
65,653
21,212
129,230
48,239
43,801
76,638
136,784
139,482
95,157
122,742
91,233
26,882
165,693
64,282
146,587
112,764
97,469
196,271
53,733
103,864
185,479
5,775
115,244
70,868
162,773
125,493
127,833
142,179
101,862
181,445
5,524
86,947
196,355
102,946
56,243
165,592
42,236
101,994
179,642
198,276
175,618
170,41
66,974
23,891
193,842
161,919
175,281
158,715
152,283
187,14
137,300
67,929
143,441
183,269
69,304
164,663
37,998
194,958
197,232
63,767
107,226
47,267
67,104
4,687
15,281
193,158
79,214
76,709
12,721
193,217
42,684
55,678
172,109
109,515
133,858
88,978
14,719
95,406
55,431
131,837
6,14
45,22
41,474
140,947
124,622
29,870
128,264
198,21
165,576
24,896
173,260
163,429
96,719
31,750
125,129
162,380
104,623
174,787
124,541
160,15
59,550
1,842
106,742
110,273
187,487
168,954
133,471
127,511
72,169
152,598
199,618
94,954
83,87
107,864
7,29
145,15
100,841
63,791
114,762
172,366
190,694
173,18
22,464
61,369
186,966
5,889
165,966
35,146
103,453
148,391
180,102
109,10
32,433
71,834
84,250
72,788
177,862
57,297
14,224
190,229
190,390
74,464
70,666
127,954
94,833
83,177
13,822
97,177
19,405
180,223
127,739
126,538
73,196
82,81
21,690
91,615
129,823
187,379
91,597
34,255
161,991
80,631
106,660
131,772
27,823
132,481
97,604
71,161
61,244
42,218
4,902
149,241
170,895
174,603
179,238
129,630
185,749
149,816
112,554
87,490
153,533
98,319
196,686
139,367
92,108
182,783
81,356
70,627
119,579
2,231
101,168
68,495
47,219
173,677
102,123
39,458
148,230
118,87
178,223
105,271
115,820
88,721
172,761
142,276
35,299
174,730
75,263
62,612
19,395
183,971
82,50
89,721
20,482
146,690
143,520
195,593
152,234
145,657
144,422
62,182
50,399
149,810
46,684
92,997
114,22
118,787
83,865
134,915
196,698
159,5
128,222
3,903
115,938
8,701
30,724
183,803
190,999
49,55
122,542
102,265
91,537
200,559
18,322
19,494
74,438
86,364
29,227
83,577
34,561
109,617
96,175
188,893
69,491
71,345
2,265
135,429
18,442
188,300
81,309
189,440
33,985
137,474
78,946
16,112
194,506
120,160
15,92
78,824
88,443
131,79
68,22
100,514
113,217
34,547
87,613
165,536
172,501
198,281
109,941
140,363
21,710
100,357
89,843
46,965
74,872
137,157
39,609
84,552
6,620
41,778
178,717
147,325
198,186
25,187
3,792
127,49
46,336
2,515
153,726
161,273
11,691
57,155
70,185
35,174
175,607
173,658
184,808
96,938
159,400
127,511
37,38
30,1000
43,991
16,808
84,493
196,572
85,277
109,214
3,695
110,798
35,564
73,853
140,432
64,582
87,19
109,160
156,482
54,177
56,62
100,79
11,799
69,485
68,255
141,368
63,213
177,316
10,347
63,886
112,61
55,896
17,693
95,616
134,821
154,980
125,974
151,551
153,449
93,86
170,665
28,900
165,510
10,300
25,559
24,35
88,708
16,41
176,124
123,803
197,616
178,838
162,698
173,681
92,280
103,577
94,404
178,134
43,240
69,557
13,209
125,607
139,925
31,523
172,437
45,558
152,303
17,89
112,411
112,773
41,256
116,315
105,478
164,71
102,788
58,102
27,801
171,237
6,845
61,974
186,57
63,179
166,832
113,110
162,626
87,617
19,466
187,959
135,435
67,766
58,108
52,890
86,521
69,920
20,609
13,53
171,533
121,743
152,511
142,657
144,935
192,829
181,183
57,989
184,130
97,97
192,485
2,447
121,332
111,818
94,848
73,93
55,274
139,130
192,691
47,701
131,241
169,918
128,191
24,112
124,923
98,546
3,598
48,175
130,394
183,928
45,141
31,970
144,816
128,520
72,157
179,746
22,971
42,998
132,558
155,234
50,924
192,31
171,128
127,472
91,14
21,870
150,864
103,156
118,279
7,401
93,59
21,379
144,85
175,914
93,457
109,881
17,173
131,157
191,1
30,614
157,361
2,580
171,194
162,694
80,400
159,906
71,500
144,949
29,1000
174,905
109,846
73,774
140,161
29,172
106,713
96,263
49,943
68,8
175,182
90,492
115,242
94,115
167,831
110,326
200,660
98,876
195,389
102,684
99,497
170,902
136,309
89,164
63,771
36,232
112,565
26,218
159,854
38,541
167,910
69,58
83,671
172,652
122,88
116,58
27,335
5,410
111,565
166,736
47,276
135,59
9,841
137,745
159,670
82,16
166,401
74,720
72,47
27,631
189,820
153,925
196,206
119,664
17,887
153,161
47,9
25,698
12,801
148,974
15,987
104,909
177,787
37,798
15,802
21,715
46,325
169,838
48,428
173,513
62,106
86,276
14,874
93,261
133,527
200,526
39,92
53,678
185,384
150,335
198,895
183,263
112,467
33,197
26,81
16,252
135,187
38,786
54,514
113,474
171,494
55,807
21,362
97,471
44,59
168,637
160,958
185,649
164,708
112,533
42,965
131,454
9,22
68,413
171,62
64,369
30,654
63,178
51,167
199,531
60,960
57,342
197,391
146,342
94,618
83,823
165,762
84,564
43,720
17,748
102,486
79,367
61,209
27,857
192,15
56,588
13,461
155,396
85,935
68,575
185,557
3,426
145,59
134,503
177,643
198,652
164,954
163,556
180,265
184,620
144,422
38,713
143,21
37,299
9,423
17,909
133,884
198,532
12,668
37,463
18,575
67,920
139,931
192,471
165,302
140,547
125,783
80,916
33,755
131,74
95,19
62,834
173,140
9,315
164,290
42,111
148,448
70,512
160,243
35,131
76,634
68,987
60,444
100,339
194,228
196,595
58,417
170,396
129,493
82,27
67,736
25,838
191,516
169,930
11,548
75,248
72,76
189,90
164,111
88,590
56,136
137,700
59,806
165,374
84,461
115,608
63,486
192,550
126,154
32,842
78,684
89,874
83,150
119,911
32,87
130,88
61,68
191,150
100,137
29,763
50,381
143,163
98,312
46,283
2,43
15,155
44,193
147,776
192,108
150,506
72,6
136,455
142,657
144,162
101,487
113,383
76,120
5,999
65,675
127,500
57,625
108,281
170,803
64,948
15,917
186,304
139,137
175,971
125,238
14,605
199,319
199,294
151,85
142,771
175,16
12,342
51,469
92,219
80,150
139,965
66,59
12,205
120,872
155,560
10,368
117,484
166,94
81,919
49,678
143,246
10,337
171,384
24,296
81,23
94,532
140,807
200,345
74,87
169,544
138,43
64,106
43,707
22,496
27,377
161,798
51,314
133,247
177,86
164,966
184,973
59,866
190,199
101,396
173,22
109,503
128,258
198,659
75,299
168,997
42,924
194,815
83,276
160,784
104,720
119,37
72,801
156,908
109,992
91,145
32,851
80,424
180,254
156,78
8,952
35,684
159,614
140,237
68,979
9,309
103,38
134,600
68,34
147,541
19,778
132,655
43,921
109,82
62,171
189,759
183,568
81,787
154,65
128,71
159,163
57,564
103,205
1,929
73,809
108,247
126,531
175,425
27,278
56,414
79,218
36,887
177,601
2,317
83,421
32,931
4,144
143,71
158,928
26,336
19,441
160,290
176,459
170,446
5,138
85,333
58,879
54,817
182,641
13,749
36,383
114,236
88,844
53,913
138,379
47,733
23,297
129,768
130,864
2,329
132,182
48,699
38,391
55,16
25,378
197,756
54,793
128,309
114,336
25,638
12,967
67,335
8,231
46,316
28,209
148,247
171,753
59,691
177,66
75,868
192,18
169,331
16,214
110,821
114,361
35,408
190,361
33,162
37,754
26,537
115,840
195,776
62,808
100,211
123,769
16,835
53,282
41,352
37,251
199,872
130,631
149,507
115,2
23,998
52,883
153,197
103,414
115,830
126,462
198,219
160,768
84,899
67,323
37,569
9,884
85,635
33,747
65,230
12,947
102,605
115,219
30,928
60,611
107,119
101,893
158,593
137,594
95,236
27,843
121,309
109,251
56,227
107,11
123,906
165,65
155,616
58,556
66,839
116,261
129,710
11,452
150,356
174,947
130,464
95,415
138,587
36,479
12,441
169,904
164,452
139,373
186,671
31,950
133,392
3,740
195,367
104,571
41,800
135,186
46,110
127,234
175,849
60,764
111,399
33,864
20,262
8,370
6,757
182,642
59,853
93,994
80,878
38,796
31,453
113,893
182,68
157,975
72,109
131,193
167,377
30,425
189,876
76,445
49,973
41,871
163,16
23,258
156,580
165,704
63,665
14,346
198,940
71,194
80,241
122,363
45,312
124,392
116,511
5,654
82,870
12,185
114,541
198,355
118,643
35,834
97,767
142,413
63,174
12,759
121,1
129,575
135,729
1,602
200,771
69,307
9,670
129,911
187,595
173,729
148,314
124,732
196,700
106,795
22,246
130,581
131,28
8,160
174,732
39,811
136,396
17,715
91,835
35,356
72,267
68,224
169,960
174,216
180,387
136,389
23,335
30,525
108,326
69,503
194,343
98,28
50,140
51,471
177,795
65,181
194,939
2,597
133,701
8,887
65,987
65,360
14,966
63,257
199,306
171,273
5,391
132,797
98,168
65,382
128,929
63,308
197,135
123,138
43,123
177,18
101,716
159,509
62,77
20,124
135,69
157,701
33,225
184,380
165,131
112,371
185,976
124,141
171,822
93,262
183,299
146,640
9,702
84,172
31,594
82,9
52,826
189,115
97,628
79,137
176,113
72,601
167,439
73,138
12,517
9,56
96,951
29,195
60,902
6,905
65,684
82,119
112,436
57,764
24,96
156,472
104,314
111,65
54,740
50,687
172,819
11,664
58,240
151,603
130,396
111,598
171,848
165,228
86,989
118,924
53,349
147,923
2,281
126,81
178,704
118,185
66,382
29,129
9,929
74,467
27,142
198,301
37,198
116,539
71,979
92,148
174,215
50,411
16,486
59,892
65,376
65,801
78,511
53,159
29,262
101,74
136,613
169,42
60,6
164,267
95,919
11,158
193,689
130,828
4,312
51,185
135,925
139,142
153,512
69,352
114,734
189,698
184,830
190,955
90,680
48,541
83,486
5,298
82,79
95,945
176,239
153,483
21,232
130,130
138,7
29,69
51,716
143,102
122,848
119,203
162,656
21,372
91,120
9,763
183,952
15,18
178,807
27,543
106,373
98,371
104,405
67,159
136,973
98,854
16,640
68,436
70,35
8,533
179,123
114,806
108,110
33,913
27,302
160,33
35,317
117,978
24,258
121,199
76,284
84,27
153,796
184,206
110,885
153,260
122,515
158,438
99,121
16,260
26,929
68,67
8,865
69,256
172,947
77,415
52,668
44,569
31,334
153,441
188,128
70,163
145,158
45,48
119,532
175,951
107,303
40,185
10,163
138,115
57,821
12,429
185,131
156,768
76,441
96,668
153,34
153,893
47,466
108,157
69,828
171,805
181,534
102,616
20,181
105,87
72,708
123,502
178,71
179,915
42,850
19,87
194,988
78,345
94,672
134,889
44,152
144,985
46,685
88,62
31,444
63,928
159,793
125,450
60,672
141,230
65,611
133,753
111,809
138,187
44,375
64,655
14,412
25,262
104,45
18,464
37,157
150,454
177,861
97,439
98,825
79,818
16,667
170,616
24,395
150,243
151,467
15,52
61,236
113,125
132,248
195,536
52,544
102,189
114,42
98,354
147,150
141,847
82,106
72,998
85,640
78,700
141,73
61,613
66,717
11,689
4,26
119,793
191,817
96,418
74,773
183,936
143,901
76,620
73,326
176,290
19,202
167,943
129,944
106,418
74,127
9,158
173,305
76,756
186,631
50,58
18,165
93,849
3,580
29,375
161,168
160,63
119,861
111,805
104,139
146,151
160,515
82,71
91,307
86,912
16,807
185,621
124,31
172,632
32,705
179,309
27,292
36,57
96,826
25,3
19,436
186,615
134,27
21,173
47,467
7,149
110,997
152,403
154,494
100,927
168,737
55,885
23,840
177,288
189,867
69,895
9,548
79,596
154,433
53,312
138,753
129,860
72,855
155,758
18,869
10,241
3,210
197,403
30,757
98,280
161,714
7,826
46,37
103,103
69,654
26,320
112,506
126,92
49,316
5,605
92,93
15,304
45,646
29,916
93,349
46,410
148,823
187,507
53,239
20,463
173,724
161,749
102,963
60,246
84,11
51,5
178,410
166,702
161,893
23,218
133,535
24,424
53,809
100,336
6,246
159,597
123,964
1,768
36,927
104,491
96,414
198,625
174,102
45,606
40,798
175,240
181,789
177,533
182,266
97,662
138,595
138,786
90,879
186,664
138,29
193,891
64,401
47,370
184,535
190,520
6,838
12,99
174,732
40,408
173,739
32,360
137,710
130,509
115,201
161,745
127,733
162,896
194,190
31,342
193,483
152,965
148,778
83,401
14,461
191,954
125,800
55,785
1,948
129,318
111,123
200,420
114,966
41,109
35,319
156,537
185,135
80,355
109,646
185,734
136,48
65,22
45,577
193,267
16,116
200,811
28,982
163,414
123,62
71,714
157,941
197,870
41,405
170,830
174,975
198,900
36,553
83,453
142,365
60,551
57,44
155,380
150,103
181,481
152,992
30,732
147,324
136,571
68,947
47,207
198,689
145,450
175,733
91,152
114,493
134,334
194,52
114,493
39,241
150,414
90,154
76,759
141,893
135,898
75,119
159,804
35,951
93,901
21,910
185,590
152,741
38,654
167,726
2,183
6,71
65,10
46,717
124,267
87,238
144,459
193,692
108,815
130,272
130,724
153,968
98,404
175,288
99,245
137,86
86,981
80,296
150,260
26,763
94,460
10,865
56,765
175,865
49,591
18,825
72,571
157,562
77,753
5,440
73,534
29,778
80,108
54,852
159,766
180,741
192,180
19,739
68,983
150,223
15,750
7,834
177,910
119,605
184,603
27,244
78,292
50,784
88,601
102,536
37,139
22,840
103,611
141,244
107,710
14,155
62,684
85,818
151,239
136,318
123,76
110,74
91,743
151,538
9,95
29,169
181,656
139,66
14,29
23,462
177,494
180,240
6,877
67,25
146,365
29,497
29,843
100,772
130,291
71,434
87,326
115,219
176,4
115,332
69,292
18,82
108,291
48,137
89,968
15,917
5,217
165,597
150,151
125,569
27,451
73,74
36,902
49,543
155,661
200,991
130,152
112,793
88,487
136,911
78,219
9,826
131,195
48,761
199,3
115,300
175,814
141,775
174,193
9,595
120,162
84,949
133,717
123,304
10,466
72,528
10,283
104,970
193,450
190,70
29,516
59,125
195,209
146,244
191,629
34,561
109,214
3,694
108,536
144,608
110,61
165,754
135,304
3,368
60,224
190,246
99,165
72,298
68,275
100,357
97,55
42,667
95,52
85,965
166,613
170,460
26,196
146,548
111,229
127,52
20,667
16,470
119,296
90,666
139,520
168,246
96,585
137,353
143,718
161,231
180,328
15,932
56,172
32,247
71,930
169,754
183,80
54,935
61,820
59,306
159,273
144,763
35,160
12,330
123,63
158,949
72,573
185,129
60,768
6,229
139,709
159,303
161,179
129,50
151,579
178,243
190,784
83,351
113,456
113,500
21,331
56,57
49,190
133,589
11,603
103,703
22,162
97,305
43,869
170,94
17,174
88,810
185,367
198,534
148,107
109,54
143,559
106,353
164,53
184,549
34,379
10,715
184,255
176,996
164,240
48,702
66,497
184,420
83,715
47,369
123,657
16,204
48,686
128,954
178,386
44,999
121,432
47,78
93,109
50,709
170,296
65,962
115,816
159,640
177,71
10,457
93,210
190,290
85,639
73,142
168,363
124,827
196,617
197,120
177,308
133,472
114,856
166,193
74,993
93,372
50,660
74,985
41,694
18,688
24,395
128,32
130,823
116,566
85,22
110,688
159,949
60,620
38,430
175,512
103,916
172,845
44,687
19,150
103,713
43,150
193,61
42,842
167,865
178,596
38,783
161,776
106,268
171,251
91,712
33,319
29,494
113,434
154,316
112,873
145,164
160,214
189,296
136,613
162,683
189,838
118,24
111,369
58,543
161,119
74,365
3,547
176,768
55,504
87,864
59,397
79,926
169,990
147,213
153,150
104,688
130,58
131,431
1,178
22,540
101,447
123,751
113,159
84,771
20,793
10,129
88,572
86,747
150,638
46,462
149,757
24,539
80,161
53,499
86,207
8,95
5,607
99,685
86,318
107,763
120,348
97,604
56,965
190,199
165,532
79,856
194,528
61,901
30,625
90,23
178,787
20,406
102,467
131,511
92,873
136,768
87,125
123,519
170,141
59,421
44,279
148,4
106,859
77,480
90,6
137,728
136,21
61,432
96,772
111,745
188,321
28,33
133,800
22,138
187,625
131,413
165,713
17,897
58,657
149,212
192,926
97,595
167,254
174,45
110,72
139,875
115,189
33,479
77,816
82,143
110,921
195,16
26,8
11,958
104,275
152,634
70,357
122,495
194,502
18,139
13,56
103,574
49,987
49,783
160,352
63,778
94,628
132,847
120,786
134,37
195,880
42,739
10,597
16,96
94,330
170,885
174,310
52,462
177,188
114,86
56,93
172,932
182,802
175,934
21,868
146,714
108,205
34,550
51,207
78,507
115,49
122,888
55,791
90,910
16,396
133,746
131,110
24,514
8,85
18,335
147,155
26,119
142,75
187,234
121,715
196,61
87,980
14,818
82,268
134,266
85,773
5,348
12,884
182,39
90,858
159,165
145,673
46,798
132,72
37,450
180,5
61,757
66,417
194,465
25,807
165,369
74,480
193,824
199,94
189,878
22,209
82,866
144,575
74,368
175,357
31,854
93,106
61,83
179,47
76,260
164,627
87,270
181,47
73,385
121,454
144,295
115,326
196,79
179,823
172,733
188,880
82,114
133,94
40,931
156,224
76,432
186,687
95,633
76,289
106,605
28,855
136,83
77,847
9,216
17,762
28,777
118,736
6,569
77,949
124,604
15,870
55,23
199,940
124,768
159,99
180,939
118,456
55,61
93,796
21,928
21,231
174,555
77,973
76,849
21,840
170,324
198,259
107,308
128,30
99,246
61,130
95,757
66,305
108,732
73,252
16,641
77,605
10,765
47,371
141,198
25,381
64,10
121,434
113,144
6,8
80,672
23,433
40,686
200,221
2,529
52,779
18,873
127,865
105,636
51,1
42,190
47,447
113,364
161,475
37,603
150,908
32,190
9,14
50,949
119,749
72,617
75,180
53,203
13,807
17,365
119,890
55,647
12,701
190,648
113,61
158,943
161,693
83,316
114,661
82,429
69,281
119,422
197,292
50,955
101,663
121,909
116,963
96,88
78,19
31,792
162,330
87,773
44,42
83,414
169,211
101,83
67,223
120,252
97,318
139,162
6,565
179,983
31,939
124,739
117,664
59,969
187,508
77,391
142,172
163,975
72,516
32,731
118,395
132,456
42,678
55,164
49,589
28,754
47,287
154,689
135,345
153,446
137,669
132,159
119,736
113,205
151,248
33,131
97,307
123,502
166,659
109,599
128,515
81,618
153,483
33,104
117,225
190,513
52,688
71,627
61,607
118,22
23,567
98,123
36,732
41,576
55,401
63,482
172,821
155,764
194,271
34,599
170,399
126,297
18,627
38,267
31,946
2,922
116,403
181,398
169,95
125,643
186,161
126,25
42,220
117,71
145,310
75,692
28,212
98,192
165,618
118,491
175,101
159,854
70,417
191,14
112,728
107,823
196,286
35,577
84,763
121,581
33,429
134,900
159,335
72,361
116,63
167,843
195,548
2,164
67,607
32,338
66,848
119,814
41,42
158,924
155,698
60,151
200,662
196,612
54,325
118,260
94,805
158,822
200,311
5,156
33,841
76,379
194,634
5,525
186,152
186,131
170,387
73,495
164,461
174,89
13,34
127,322
73,82
151,339
143,406
60,95
154,152
157,853
46,598
79,513
170,7
132,881
42,854
200,138
113,422
101,8
95,442
170,221
90,366
171,349
168,676
142,973
110,849
117,543
116,212
156,89
76,537
94,844
171,962
94,177
155,694
136,20
28,436
95,815
38,392
70,42
56,797
197,188
113,74
26,118
194,21
146,827
56,972
99,897
47,192
176,176
35,982
192,153
79,263
18,809
65,637
138,844
172,335
40,401
122,841
49,896
74,190
110,24
101,408
80,789
145,603
151,560
77,683
47,818
196,100
151,195
4,464
2,389
58,762
189,221
136,460
134,766
83,24
111,797
55,356
37,279
156,960
32,717
129,8
97,214
161,903
64,222
90,779
72,61
12,941
163,479
22,114
156,305
18,513
111,410
160,403
171,393
66,32
180,504
36,11
150,103
151,657
46,970
101,898
11,443
177,110
156,651
194,977
11,324
115,463
181,980
108,259
131,982
99,91
147,554
87,250
41,53
187,552
114,407
119,30
74,780
198,485
30,229
192,877
199,228
100,182
46,84
127,663
120,183
25,42
25,828
46,627
86,991
31,99
110,958
143,53
12,420
62,657
59,540
40,701
67,704
182,54
127,430
22,270
69,73
61,399
81,677
133,350
155,157
100,679
89,556
128,319
180,744
186,856
75,928
101,317
185,681
116,648
136,526
33,928
138,822
71,24
48,253
66,7
68,75
2,299
57,999
31,951
109,122
96,611
36,553
62,53
134,517
109,453
65,642
111,698
57,283
77,35
81,46
68,138
16,493
99,269
175,1000
120,316
4,728
191,912
121,570
119,135
102,836
192,217
168,830
172,164
109,145
179,584
11,507
77,35
199,29
67,673
167,216
2,348
70,837
65,866
163,389
83,579
25,845
79,477
150,11
120,577
102,394
48,628
22,222
72,788
166,762
184,968
89,621
145,217
175,672
76,940
118,338
122,634
143,282
163,85
127,888
18,804
141,904
188,86
127,488
160,891
17,36
26,268
70,290
91,432
115,942
43,174
171,522
154,399
46,159
194,848
195,498
79,610
181,492
3,113
165,436
70,923
4,270
175,997
113,463
89,401
103,371
93,292
62,208
83,341
160,673
175,175
141,567
82,336
57,533
181,827
62,861
79,332
49,393
172,495
177,683
22,262
186,76
145,349
84,694
119,761
152,775
191,916
155,367
85,188
3,179
86,819
116,664
82,295
90,899
34,113
46,780
150,987
18,601
27,673
62,512
176,24
86,461
77,173
171,896
42,89
151,414
66,774
19,720
118,303
125,893
94,996
119,16
127,297
184,533
42,947
194,124
155,143
153,603
200,502
127,385
114,830
150,637
134,163
159,981
57,906
148,754
146,780
192,331
129,374
154,63
33,785
195,909
61,530
199,32
171,370
73,690
126,963
112,543
39,259
107,807
168,891
150,403
97,104
39,297
2,412
131,649
54,59
199,201
28,957
35,927
193,401
35,792
130,319
38,984
198,162
5,727
136,398
8,632
108,217
46,231
90,822
19,755
63,361
176,812
69,164
121,808
154,274
47,61
175,617
35,340
56,360
62,674
53,960
49,55
152,104
85,840
191,766
168,710
72,65
112,528
68,380
186,420
182,732
91,321
114,175
8,879
51,707
126,355
88,550
166,80
132,981
47,497
148,936
71,515
41,23
83,198
161,337
54,889
22,159
26,36
25,841
178,963
116,259
163,188
34,285
30,615
78,83
68,452
7,351
133,614
140,75
10,693
130,446
45,272
57,934
170,598
11,631
47,997
107,391
40,479
59,618
57,81
137,744
24,225
194,798
30,273
80,841
105,793
30,326
120,526
37,561
122,191
181,231
44,888
133,192
137,89
67,788
65,57
56,556
44,923
99,597
81,274
161,293
8,573
106,701
63,723
90,706
173,500
137,584
156,886
132,367
37,606
85,716
151,894
29,459
102,504
108,517
186,187
54,606
158,924
79,362
158,608
44,212
179,178
45,258
119,755
142,745
200,570
106,919
67,195
24,347
90,770
22,981
34,172
77,522
153,985
95,422
162,369
122,134
187,631
49,316
77,989
199,319
74,302
76,498
146,311
37,983
194,666
68,491
121,122
147,431
33,209
7,61
180,787
44,498
82,869
52,311
155,985
18,109
146,857
120,47
130,443
145,286
158,740
147,516
24,231
78,791
151,95
1,541
137,534
162,543
197,939
18,37
132,755
20,329
83,259
89,276
196,915
28,632
34,492
89,95
195,381
12,766
174,911
81,655
24,830
153,317
9,30
100,452
15,702
197,542
87,34
165,669
12,1000
197,930
145,89
156,793
115,899
114,984
183,963
51,440
6,921
106,353
100,940
108,155
80,932
67,455
196,859
123,686
175,305
24,360
141,527
81,101
177,21
114,463
5,244
68,548
181,372
192,423
129,335
154,84
102,778
103,829
73,633
64,484
154,868
197,701
13,603
109,39
123,610
110,563
53,318
182,532
64,36
106,358
190,168
162,52
107,822
89,184
122,960
66,395
19,370
127,441
2,462
27,835
146,648
48,31
137,79
96,44
13,447
157,795
182,582
30,539
55,556
129,448
105,787
85,54
93,242
105,157
65,978
34,518
11,362
81,57
38,161
10,715
78,448
176,915
100,303
57,384
10,543
170,699
1,84
63,910
91,547
107,692
91,757
162,897
170,785
75,465
125,482
110,279
35,680
148,747
73,159
143,311
115,696
51,613
127,665
103,709
57,84
98,365
8,828
118,114
66,974
194,197
187,707
87,971
69,851
33,725
150,364
101,16
96,913
8,547
132,811
177,940
23,630
91,93
189,964
119,760
120,275
168,710
86,412
30,84
61,10
154,188
131,533
194,415
131,698
36,108
107,251
106,345
64,310
170,860
103,181
137,640
26,119
199,150
110,35
25,260
161,46
41,481
2,46
105,450
37,3
98,294
174,392
34,540
40,266
44,606
10,862
112,303
36,233
68,949
196,175
169,600
66,502
19,157
39,754
144,623
170,890
87,887
176,974
175,687
32,428
61,679
64,721
172,842
11,472
181,203
85,306
21,566
49,755
62,446
182,427
182,12
108,688
44,817
146,816
178,394
93,387
129,812
138,911
80,794
8,31
156,709
183,133
109,709
20,361
108,417
35,369
172,580
20,681
109,231
35,581
101,491
11,856
8,9
44,228
106,973
25,661
199,997
179,72
69,625
136,361
78,126
15,275
123,566
37,898
169,920
102,159
126,327
130,662
8,308
78,813
119,130
61,932
102,451
103,583
48,430
159,194
56,22
46,378
137,593
24,614
194,105
6,982
190,839
89,626
74,478
188,908
155,648
78,466
82,935
71,263
173,609
159,40
101,526
2,257
3,72
66,712
3,698
78,195
114,290
183,770
146,441
186,263
186,357
63,484
112,981
146,282
92,851
58,199
12,495
125,238
173,659
4,402
178,444
79,719
96,851
196,16
19,988
62,561
120,616
4,931
37,70
146,534
95,533
177,420
179,88
82,552
30,309
48,778
133,20
46,859
184,520
193,273
199,261
60,88
148,182
154,164
55,44
183,946
179,503
103,792
96,374
196,458
170,395
199,375
158,105
139,66
163,801
120,595
37,465
144,612
78,838
165,83
88,13
32,395
182,236
188,402
88,753
35,738
37,668
41,212
16,845
148,792
27,906
25,127
90,106
2,379
120,177
163,164
61,185
177,604
15,855
178,656
58,814
11,138
153,373
41,200
178,261
51,977
69,777
131,35
197,794
24,706
50,689
116,941
18,801
64,226
132,519
14,198
30,98
98,891
15,900
80,325
43,430
73,214
107,148
10,501
177,893
25,212
121,180
188,483
161,910
51,493
134,377
97,63
31,211
51,59
71,415
192,837
147,332
42,391
45,672
158,479
121,138
1,763
129,104
71,797
110,900
12,187
190,773
39,537
112,850
47,110
173,820
109,581
125,615
9,689
175,334
62,639
169,385
65,261
47,409
196,567
111,793
105,267
35,955
175,321
137,634
81,345
53,706
188,520
192,880
111,62
90,842
25,301
23,897
95,393
136,431
180,470
187,752
190,684
93,467
38,922
70,200
141,409
136,684
89,662
84,259
20,391
69,504
43,541
110,757
123,1000
36,951
143,69
108,479
98,447
169,875
14,268
139,473
46,807
26,92
103,975
177,527
123,396
186,919
54,250
177,259
190,838
126,476
29,610
47,623
153,413
138,670
70,309
185,484
85,302
151,769
12,953
50,530
36,93
91,627
88,563
69,5
158,527
48,160
144,442
59,435
50,791
177,467
71,389
11,1000
151,978
32,611
96,60
81,530
72,89
162,575
149,88
106,160
149,25
53,877
164,538
170,297
81,350
15,621
177,863
184,882
95,207
20,77
138,171
142,199
179,910
78,311
191,418
31,828
103,525
183,88
78,195
147,596
135,84
171,135
88,825
148,613
135,982
116,150
24,646
69,419
79,1
68,760
41,766
63,522
50,985
119,354
139,270
77,408
17,837
129,921
42,398
17,557
121,609
191,21
46,868
156,904
160,103
138,11
60,35
58,797
164,742
62,964
3,907
115,362
92,795
22,624
72,546
180,270
136,428
98,24
101,818
92,801
118,902
163,19
28,880
44,748
129,568
95,210
154,418
22,957
111,125
107,177
195,575
191,37
157,203
48,832
194,586
115,286
92,988
196,437
18,231
178,22
151,302
135,610
5,953
110,930
50,364
51,877
131,536
108,505
123,990
27,963
90,193
93,6
141,963
94,153
25,874
38,596
41,262
5,309
199,48
100,754
62,341
145,141
167,806
172,730
112,280
63,658
111,506
11,898
14,74
151,698
39,20
18,898
95,366
59,973
71,399
167,777
126,835
84,87
58,411
28,529
100,141
24,474
29,508
102,650
46,698
105,606
29,231
175,713
47,192
121,263
67,152
4,485
39,945
132,228
94,181
51,160
58,24
133,622
177,538
122,63
193,298
182,831
71,162
153,645
144,724
3,845
15,253
191,167
195,657
155,422
199,958
48,669
176,226
124,848
163,338
77,322
167,118
136,920
43,876
79,630
135,434
58,589
56,886
178,666
165,214
103,312
174,727
87,936
174,15
130,580
140,297
137,294
60,271
45,526
123,796
50,67
166,330
94,480
169,952
18,790
82,360
74,658
41,676
28,277
61,512
47,508
48,946
52,720
126,496
174,384
46,744
75,497
88,775
156,151
93,66
48,213
181,188
173,625
113,448
118,130
131,978
112,151
25,627
136,361
92,695
182,411
196,135
22,224
100,704
199,42
93,861
187,627
36,244
55,677
183,82
142,996
188,533
153,862
49,419
161,990
55,562
51,440
73,9
141,147
120,29
153,229
74,908
27,883
149,602
4,573
141,805
21,906
126,841
53,925
147,702
50,72
23,671
115,318
190,803
96,262
113,719
34,934
14,169
130,783
82,469
141,187
82,703
127,283
84,470
114,185
170,512
197,94
37,367
32,11
174,324
56,771
68,363
55,804
157,488
94,366
196,151
187,707
139,303
54,322
88,157
200,391
108,437
189,439
115,296
25,922
178,192
24,295
84,751
136,680
91,190
25,477
85,113
40,841
49,489
57,666
156,59
158,937
171,498
62,67
30,880
102,301
9,165
64,153
123,918
105,65
7,462
123,574
150,865
2,361
186,181
76,176
187,464
55,136
122,359
23,671
113,888
51,855
46,134
23,295
112,923
177,805
33,818
199,678
147,161
29,11
17,778
13,175
17,955
48,623
93,817
154,607
141,105
37,458
132,870
121,108
136,611
79,361
174,539
126,241
100,596
2,822
147,282
98,360
122,842
155,360
164,441
46,943
194,619
119,123
12,756
51,316
76,847
175,126
49,275
29,212
13,996
174,349
2,19
142,408
185,655
11,832
136,372
54,292
174,229
116,361
79,447
15,67
2,137
78,105
185,936
144,284
143,516
17,8
141,360
96,928
23,891
88,762
151,749
46,307
125,575
197,399
5,784
141,666
103,314
171,515
152,478
47,368
135,193
68,487
93,511
35,524
100,616
148,571
100,386
108,438
162,900
3,206
9,675
167,401
59,957
172,622
147,35
107,860
154,244
176,683
169,624
40,585
139,170
179,745
23,731
93,382
53,820
113,515
133,72
83,777
155,573
200,69
163,580
137,305
170,879
4,947
50,396
86,484
73,832
52,492
148,506
77,59
154,491
28,197
105,493
137,807
188,475
67,942
107,23
33,134
49,709
159,963
110,570
133,326
34,634
41,192
196,45
72,898
36,787
107,670
89,187
155,79
125,764
145,212
115,305
173,736
153,750
59,860
100,257
145,861
141,926
126,89
164,176
11,175
11,775
141,523
110,541
116,554
155,335
37,681
59,907
173,950
152,469
13,451
41,203
192,636
17,449
150,177
45,366
4,100
98,904
103,849
108,977
154,192
14,400
55,236
112,121
154,591
193,185
104,256
124,943
11,492
87,138
89,736
110,594
5,57
185,68
179,620
106,684
69,966
5,731
115,455
111,860
153,731
133,267
142,563
97,364
169,69
86,956
74,531
143,590
167,284
126,431
75,368
25,199
94,539
187,116
105,930
134,484
193,733
72,817
49,776
85,753
109,250
19,117
180,788
7,243
190,948
57,450
133,507
91,615
73,520
164,627
107,282
35,26
1,20
138,638
70,650
168,224
107,118
49,984
122,853
198,568
87,239
90,341
200,164
35,690
120,519
12,835
135,110
167,334
67,738
64,374
144,352
30,57
105,620
159,269
16,528
39,225
131,116
52,815
173,830
159,557
59,425
74,862
156,341
24,515
184,884
103,156
139,692
110,711
134,633
181,366
123,675
180,788
39,701
153,925
154,661
58,301
119,832
167,92
140,564
139,553
11,236
109,233
137,846
98,79
197,843
110,758
173,791
21,336
112,318
82,128
102,251
166,212
94,957
17,329
133,422
110,914
113,96
93,258
81,37
122,517
75,498
21,1
134,470
59,251
185,120
118,69
50,851
150,271
147,493
158,846
136,791
39,357
98,143
171,641
153,855
166,783
156,730
43,751
7,523
67,662
52,954
102,435
109,975
194,113
75,471
197,393
53,702
77,279
152,845
190,475
104,430
195,428
11,794
130,383
9,638
3,324
58,25
79,392
35,96
175,542
5,869
36,644
96,423
159,156
197,920
58,47
148,658
160,308
105,633
135,318
92,521
56,860
5,819
81,885
55,245
163,197
13,707
184,174
92,353
7,372
65,673
9,1000
137,289
79,629
32,267
90,205
23,165
21,711
191,700
178,299
177,192
182,281
74,21
170,968
12,879
40,391
17,566
86,11
57,761
123,989
77,248
90,965
76,216
44,434
109,721
137,192
109,519
20,51
52,351
133,414
9,586
149,197
104,625
91,768
17,394
141,860
194,903
12,656
73,291
12,684
98,67
176,893
110,603
180,857
141,132
48,406
110,283
157,330
104,755
124,173
25,914
99,763
181,625
71,690
70,13
111,656
162,565
106,271
133,287
124,673
147,66
13,43
51,746
184,111
28,871
23,379
138,436
183,392
84,612
152,548
70,398
135,796
81,402
143,531
77,166
82,809
53,675
40,308
172,518
109,126
35,178
166,4
88,715
171,119
25,672
25,234
63,754
51,125
150,490
5,63
165,16
189,778
23,987
100,769
40,450
106,552
76,366
125,309
177,889
10,377
113,33
182,167
195,172
86,403
69,489
116,91
108,469
150,900
192,122
140,745
186,361
8,943
80,725
191,914
192,110
115,467
29,976
90,940
170,878
11,660
11,139
146,769
154,522
168,896
22,390
7,230
93,487
47,960
68,570
82,392
185,558
129,956
105,703
65,799
111,752
17,252
108,578
74,503
40,337
2,30
183,930
12,903
43,532
173,667
185,759
150,538
95,879
74,759
72,386
163,681
55,334
24,681
108,328
23,839
54,1000
105,338
135,570
122,169
68,723
174,413
191,510
11,289
194,353
74,546
31,98
67,64
65,277
34,120
4,785
46,20
11,386
83,679
186,623
135,468
71,989
94,68
174,451
7,286
80,938
135,300
72,274
177,367
84,923
175,264
156,140
5,637
64,762
194,92
97,182
196,93
155,894
43,698
103,331
198,698
48,205
174,229
39,254
92,206
139,665
162,112
114,55
128,731
189,411
176,330
84,967
25,338
93,624
175,50
3,265
15,547
161,544
2,997
28,811
83,481
137,643
53,691
155,422
19,966
129,834
64,906
60,287
73,938
147,781
18,637
106,534
195,856
38,531
129,720
184,479
43,773
163,388
91,433
125,231
36,610
72,383
150,530
124,256
39,996
160,992
194,124
90,367
144,641
74,610
31,471
139,581
136,593
7,258
41,170
10,62
143,770
6,566
12,469
184,69
66,173
183,354
70,452
128,724
126,909
58,201
186,317
189,863
146,661
143,560
14,957
109,436
26,525
145,828
142,497
41,100
33,806
137,418
13,519
3,987
18,196
16,659
121,347
177,876
156,338
54,489
11,539
65,635
118,333
174,447
63,851
14,961
118,739
155,270
191,927
67,702
192,228
87,588
50,344
103,66
66,296
191,449
157,981
192,701
143,628
122,97
1,107
124,174
159,346
150,866
48,962
134,677
118,262
2,892
102,717
16,483
128,173
110,862
151,611
126,513
184,82
65,749
145,921
161,250
192,726
31,1
19,294
175,183
60,797
4,306
26,588
7,360
126,375
182,22
177,382
196,2
118,933
150,576
15,868
150,518
131,811
75,245
106,753
174,981
161,886
98,107
153,675
9,534
105,209
197,174
199,559
196,69
90,636
170,824
103,778
2,145
121,312
121,182
12,627
99,907
176,949
5,991
63,857
188,216
167,562
32,847
109,716
172,625
57,634
91,580
133,575
168,882
38,33
58,244
11,531
37,133
66,266
111,893
74,826
39,857
191,969
79,25
146,366
4,104
133,719
89,913
177,241
159,4
24,265
131,897
87,863
127,715
165,695
163,830
9,222
185,160
199,473
4,9
90,793
144,598
151,88
44,859
128,45
58,784
41,969
173,869
58,875
127,681
20,421
47,708
99,634
18,325
56,395
25,938
147,479
31,581
136,591
72,532
200,192
2,595
104,931
85,953
125,817
142,104
137,347
41,823
107,436
5,410
106,354
144,989
197,90
86,981
180,991
146,206
115,443
5,678
4,113
171,748
68,173
125,999
96,524
97,749
62,464
24,164
90,376
22,261
74,900
159,803
187,374
6,336
143,994
18,63
162,116
76,6
12,285
161,266
73,880
28,724
62,681
127,397
117,793
169,278
48,256
136,22
65,920
142,623
130,42
160,739
167,75
106,394
159,726
187,437
85,851
43,501
172,916
104,732
35,292
84,38
17,102
152,822
141,81
18,347
143,635
151,465
182,197
191,912
13,907
167,222
98,348
6,66
147,389
19,944
137,238
193,687
2,849
181,119
36,939
45,792
99,24
118,804
75,368
21,334
129,565
107,494
176,831
35,48
96,417
76,57
82,799
165,137
15,329
163,91
154,179
163,278
10,274
126,78
156,201
189,20
141,53
129,653
9,574
186,159
183,2
169,935
113,768
57,89
195,74
79,103
126,823
110,364
197,877
108,623
200,716
182,217
33,224
153,260
77,685
109,103
58,609
165,325
151,993
144,131
152,498
90,373
88,802
63,339
97,886
104,457
192,121
30,158
36,977
123,969
134,897
161,746
39,972
166,353
141,30
31,235
168,312
71,225
52,393
1,632
163,368
178,348
19,941
65,83
23,132
189,883
183,568
199,850
185,366
83,647
179,659
107,875
91,722
35,641
41,554
106,140
125,639
16,571
1,899
59,28
6,523
32,123
24,728
113,420
17,77
131,790
20,845
182,611
59,216
176,437
196,80
11,742
89,121
190,405
56,324
78,24
31,558
68,244
86,266
177,980
190,586
57,571
134,379
33,27
199,706
139,739
138,332
144,652
28,435
185,391
12,897
132,830
153,995
149,720
141,813
195,192
44,727
156,639
74,787
100,68
12,722
68,359
114,782
158,440
130,562
168,720
96,465
134,919
169,573
156,234
11,319
166,657
162,860
70,25
154,204
27,790
193,935
37,805
105,97
25,291
197,90
93,62
7,579
29,639
128,916
64,615
34,980
58,337
75,52
57,466
52,685
32,474
174,933
145,504
200,316
13,377
184,46
50,538
121,274
178,673
136,855
162,139
168,29
140,287
172,37
189,170
199,335
55,501
198,612
89,53
40,620
150,534
110,945
151,503
44,59
124,164
192,336
14,708
151,964
105,213
165,258
187,375
126,96
171,791
24,61
127,239
51,124
153,687
74,903
95,584
28,958
142,761
99,42
146,601
71,39
197,172
97,60
163,319
35,881
172,200
180,52
144,798
85,397
25,118
5,600
25,132
129,654
52,675
196,896
53,115
58,28
150,9
150,165
26,754
165,730
67,443
85,98
77,163
99,821
16,745
55,399
184,153
101,27
44,791
126,634
139,808
95,158
145,747
97,797
153,594
172,582
130,158
133,962
183,296
64,20
134,529
74,973
38,276
192,452
176,724
117,463
48,885
22,152
133,242
138,317
157,274
41,273
111,602
153,711
119,299
19,309
24,337
130,521
94,82
100,244
117,865
125,77
195,834
86,970
115,479
33,569
76,179
163,705
126,466
165,360
89,44
66,740
131,884
28,69
143,565
22,209
198,57
103,658
27,250
10,657
163,573
160,49
54,751
194,303
31,331
169,746
97,267
109,210
186,225
83,286
151,619
30,895
99,867
102,235
20,738
110,970
159,980
117,379
189,824
183,762
73,906
193,2
60,78
159,961
140,94
104,458
170,431
100,565
68,911
47,690
65,786
20,343
36,888
138,381
182,539
70,924
83,329
9,344
151,887
58,35
37,690
195,893
142,236
40,765
61,120
4,302
56,479
172,739
183,891
189,684
107,569
184,523
171,684
91,842
148,661
167,65
65,763
142,406
161,735
50,277
10,9
155,770
66,376
132,589
38,959
92,425
161,151
151,152
51,116
187,950
150,547
61,962
173,807
3,840
130,38
170,943
171,883
63,786
84,987
106,252
29,202
154,944
188,451
90,455
146,924
174,488
156,491
160,826
138,228
78,711
73,647
169,690
136,931
170,431
49,340
111,294
18,929
86,279
142,972
1,316
197,221
27,21
48,732
195,331
5,212
143,461
28,464
186,696
158,992
132,894
154,696
76,761
89,611
141,992
114,481
126,713
89,862
36,62
46,70
58,629
117,335
132,783
194,64
119,583
194,104
181,39
196,944
199,617
97,404
144,426
1,222
79,225
124,889
108,777
115,303
78,438
196,315
71,468
91,107
112,185
40,363
140,641
78,711
158,527
145,873
53,244
38,548
29,696
30,410
6,272
43,330
72,155
95,10
26,829
9,629
161,424
164,281
107,590
31,700
134,970
85,372
169,394
185,680
187,173
108,769
158,831
108,641
91,968
90,726
13,172
175,844
184,658
111,902
167,647
49,128
10,207
115,489
160,8
61,431
110,355
174,187
6,848
115,344
195,663
168,11
185,185
22,982
79,1
112,741
34,873
110,505
192,188
112,863
97,962
121,800
98,303
195,420
73,865
143,91
87,560
139,404
106,830
5,580
134,682
150,336
9,424
182,551
97,289
107,955
16,935
150,518
124,173
20,52
116,201
131,359
183,464
106,166
49,447
8,82
36,555
113,493
56,631
99,886
145,418
177,975
91,485
199,919
179,107
7,551
78,916
22,278
90,831
73,215
136,294
10,706
177,317
179,110
164,142
9,56
8,498
67,588
162,917
103,827
1,306
69,757
94,364
119,470
176,43
90,272
149,81
82,723
137,106
162,384
159,469
159,510
107,904
19,423
10,987
30,438
52,272
35,443
44,845
113,146
42,353
26,658
173,988
71,393
119,996
190,610
29,134
46,602
95,44
118,669
187,333
58,865
124,479
9,490
25,224
122,795
174,932
106,951
96,294
133,706
188,936
187,641
17,117
68,738
155,578
75,412
17,629
189,865
131,98
186,938
104,718
107,222
164,804
112,113
160,193
48,519
126,24
74,65
136,970
3,213
106,399
174,386
56,943
91,79
118,507
11,479
88,603
115,857
180,302
18,379
20,550
22,372
150,267
23,919
27,717
127,217
83,158
19,608
3,460
50,685
181,571
7,865
136,796
102,986
167,2
92,487
34,192
119,62
177,399
138,808
97,282
122,61
192,280
184,513
107,413
10,996
14,283
67,906
180,3
114,807
14,73
118,911
119,870
112,465
13,531
112,825
172,106
163,286
41,499
81,704
17,243
155,768
95,767
195,986
12,588
172,74
23,404
145,722
113,706
75,726
200,902
37,494
3,273
78,299
27,955
191,115
164,399
200,418
189,818
186,324
12,246
164,597
56,328
36,616
84,620
44,800
105,61
180,162
157,382
40,78
181,428
165,870
67,223
187,28
43,298
162,88
137,92
184,348
171,925
157,497
53,305
151,83
195,280
13,977
99,780
150,201
147,680
140,940
160,696
198,173
41,461
187,635
200,699
155,527
110,161
80,38
158,701
149,112
51,615
106,598
94,57
74,499
83,988
24,865
154,2
172,147
172,169
107,665
18,791
70,542
192,928
124,638
28,690
77,492
94,467
96,645
190,582
8,100
115,793
111,14
166,700
117,990
142,242
34,484
17,527
194,407
98,831
70,746
87,291
26,246
1,503
58,937
159,603
90,927
30,370
178,857
65,927
161,825
130,522
189,410
1,634
134,232
126,26
15,641
166,850
83,405
24,402
145,400
178,851
67,717
127,219
39,694
143,590
102,496
61,241
119,998
181,34
135,512
54,817
135,542
160,971
15,781
171,143
110,556
34,505
164,991
26,519
200,786
17,979
138,455
158,239
89,292
136,519
105,549
110,640
134,34
169,679
105,752
178,105
81,1000
183,330
48,255
149,42
1,708
60,384
149,138
134,149
115,224
54,610
178,460
95,762
68,181
88,135
87,245
187,88
31,326
28,124
130,445
109,565
176,841
146,474
125,847
130,193
37,854
64,369
146,485
103,158
176,618
190,607
193,373
14,665
141,655
158,218
160,367
84,68
16,80
157,755
113,964
21,639
62,754
81,244
142,537
180,779
192,1000
173,724
123,665
161,266
167,568
170,319
89,743
131,753
122,566
106,454
95,504
119,420
54,41
102,972
31,476
72,563
182,764
141,451
198,441
193,957
194,388
20,111
69,333
165,720
200,110
141,481
122,675
167,774
124,877
141,914
64,809
113,336
157,197
106,558
24,443
111,524
141,544
166,193
54,490
77,10
154,251
50,543
32,707
154,919
163,118
102,414
195,947
141,219
42,17
139,376
56,292
83,573
97,763
14,726
36,609
85,143
58,539
42,231
44,750
72,610
144,544
127,64
93,49
168,451
181,757
78,514
88,633
33,178
128,597
46,36
113,642
88,335
185,832
72,955
44,767
77,2
29,739
70,111
11,980
37,465
52,149
13,786
27,569
101,446
32,47
101,332
169,378
77,924
69,229
17,948
107,229
110,761
74,505
92,630
51,47
81,890
7,179
117,796
162,693
184,213
179,208
133,413
167,979
99,277
152,475
150,766
190,873
171,841
184,981
115,778
100,474
150,710
186,84
130,892
101,588
25,970
140,25
77,769
1,801
74,324
13,979
24,34
86,52
25,285
192,318
173,958
51,928
29,4
95,348
4,186
71,298
33,15
126,772
79,331
28,229
3,534
62,559
135,444
125,398
196,899
183,135
22,925
162,908
155,342
99,183
58,329
191,225
178,652
41,832
176,946
171,141
41,206
14,502
32,718
195,512
25,833
89,136
142,502
42,529
172,592
146,225
62,110
44,649
57,818
137,520
159,372
102,362
149,73
173,424
145,776
191,69
139,126
199,351
132,768
153,129
192,836
11,742
97,258
154,433
42,630
171,795
85,73
186,883
151,615
24,365
69,407
140,775
174,784
64,910
178,412
121,80
61,840
83,386
19,986
35,588
172,184
198,609
72,593
116,933
57,630
29,960
195,323
45,429
10,863
58,308
53,608
61,569
145,998
115,239
74,568
13,111
45,459
18,618
15,540
133,749
40,186
167,131
188,397
17,505
143,281
27,310
78,51
16,323
106,141
65,192
136,898
67,545
54,838
181,461
17,968
124,804
175,924
93,356
99,720
80,625
131,881
51,273
112,600
74,975
125,325
105,352
81,389
111,194
73,721
99,77
65,258
118,387
43,720
143,632
121,463
58,178
76,735
155,677
76,739
94,18
22,71
27,614
31,659
35,869
58,608
168,34
146,603
62,696
53,650
154,869
61,651
23,368
26,743
50,188
188,247
148,657
154,92
53,499
73,406
195,118
79,998
24,540
129,672
41,439
20,138
116,301
117,682
109,68
102,695
59,498
129,41
38,509
179,278
193,122
78,226
91,944
153,692
108,55
154,908
150,341
162,365
191,235
42,614
47,576
29,754
46,915
12,114
47,542
194,915
117,298
68,226
177,936
75,77
169,463
113,822
35,143
87,173
174,109
6,995
132,571
44,779
72,766
46,558
29,148
52,776
171,160
86,453
184,289
131,436
109,34
72,783
75,174
170,626
152,372
191,224
190,719
36,331
87,936
8,562
1,219
144,283
178,706
79,840
151,315
149,669
168,794
15,991
188,889
123,787
164,768
163,833
8,5
8,265
27,769
39,96
69,944
82,836
148,635
183,425
129,528
85,199
164,175
148,260
58,407
40,661
137,447
56,672
196,119
62,341
198,693
183,525
187,21
195,278
175,213
167,679
11,117
145,984
188,7
123,116
10,505
156,588
185,66
184,676
60,883
176,667
112,833
72,101
92,445
86,22
14,979
105,286
187,458
102,355
128,102
114,185
131,677
53,716
169,668
140,874
172,571
128,495
25,816
90,145
27,159
140,759
57,135
172,769
118,941
26,671
40,997
105,287
172,389
165,28
4,877
25,873
34,422
133,446
165,732
99,931
6,813
140,860
75,185
124,921
53,926
127,97
142,135
96,173
115,694
124,596
147,204
30,638
188,999
39,198
128,295
70,10
84,692
178,154
24,321
147,390
164,740
33,964
81,981
35,485
26,577
96,173
127,123
194,358
135,694
13,123
119,23
132,391
167,967
137,616
61,669
52,40
94,230
117,30
13,806
152,183
68,496
87,818
113,562
168,80
127,679
67,224
77,320
62,676
138,267
12,37
60,297
108,191
5,481
56,918
119,923
74,772
121,473
145,221
11,8
103,555
81,683
167,343
67,17
74,678
116,2
159,23
179,369
125,29
57,459
15,26
119,685
179,477
106,179
76,382
188,155
11,303
142,926
16,30
96,503
187,201
197,316
191,893
127,428
65,301
150,826
175,775
112,506
172,548
37,374
53,49
168,814
162,516
183,496
128,262
143,842
178,667
140,677
25,679
159,181
77,829
115,423
118,122
34,930
169,164
1,137
113,162
176,761
160,856
145,853
18,480
116,424
6,965
131,298
1,139
52,98
16,273
150,629
32,298
33,165
120,696
128,401
25,777
61,585
82,615
79,42
174,521
6,885
120,727
36,925
176,938
137,583
92,181
63,338
52,498
197,685
1,836
97,708
146,313
82,956
189,695
59,914
94,117
14,647
120,246
27,112
47,337
162,127
55,773
39,894
7,752
123,765
9,27
33,681
20,58
105,173
191,970
93,696
189,617
65,427
122,214
104,616
190,874
36,388
44,879
132,491
120,626
76,719
33,903
114,375
183,894
55,491
3,853
78,184
16,204
164,468
52,871
173,803
181,607
130,401
139,619
32,273
135,74
146,940
194,40
198,907
60,168
26,635
127,509
138,169
164,433
136,624
95,73
199,212
81,608
104,872
114,792
123,945
191,962
95,134
129,838
123,264
149,138
197,811
5,810
107,704
161,666
133,539
63,876
21,933
41,712
81,394
142,61
193,42
179,72
187,101
43,607
82,147
185,226
89,322
84,462
120,402
102,51
120,957
171,876
130,826
106,542
100,474
135,380
6,654
80,586
55,703
196,750
176,587
196,379
121,68
119,48
13,719
16,256
15,520
37,887
68,313
61,560
138,604
183,519
177,872
120,853
119,519
172,77
71,21
2,740
92,10
51,962
129,7
144,280
101,154
148,242
177,960
100,371
35,853
172,741
66,863
163,662
78,864
34,100
155,405
27,840
115,408
84,555
190,625
39,278
134,223
100,243
114,838
191,698
86,495
78,315
21,631
78,534
24,868
98,719
91,597
181,477
97,13
22,360
6,164
19,238
78,125
21,398
184,144
199,373
178,675
42,759
43,855
151,315
46,321
94,653
128,127
64,218
153,155
32,191
62,231
12,619
33,546
131,582
16,418
66,656
18,308
110,330
178,268
156,224
119,182
76,463
172,37
47,750
59,1
129,101
164,22
45,933
121,685
1,146
119,95
117,574
110,469
4,459
162,89
35,933
89,838
19,630
167,511
169,376
38,668
90,163
12,969
147,163
25,822
191,224
62,190
25,42
148,605
187,882
133,903
41,45
70,648
39,906
33,512
89,826
166,129
13,172
24,715
97,509
100,189
25,668
100,916
164,206
36,625
89,867
4,51
113,391
136,146
80,906
67,10
136,5
121,350
122,687
154,804
87,154
51,531
68,885
102,918
39,956
14,197
177,197
150,930
97,459
162,67
89,200
95,635
90,402
27,845
38,661
35,162
149,273
75,119
146,728
44,951
162,711
129,143
41,619
28,617
178,7
182,764
180,18
152,928
154,658
42,228
46,129
160,139
80,577
58,988
4,810
115,441
156,716
190,647
14,586
151,788
68,361
82,661
13,584
57,644
126,605
168,309
24,946
98,514
75,541
195,309
53,328
147,191
51,671
80,225
30,980
58,350
45,954
11,590
110,821
45,410
87,810
23,856
194,83
172,105
188,293
42,143
11,969
194,105
116,773
133,912
152,680
59,662
19,423
63,771
12,550
31,687
59,944
78,404
77,825
189,255
91,76
7,164
200,525
31,658
170,840
20,397
169,278
181,740
57,110
143,869
168,351
153,659
36,730
37,43
187,888
165,918
143,851
32,536
110,633
97,480
123,871
102,10
63,856
25,396
142,186
193,115
5,903
176,629
167,439
137,622
49,608
49,441
106,881
52,661
88,941
199,84
34,714
174,665
196,45
127,664
148,889
22,420
187,121
134,884
3,244
140,775
79,263
200,186
197,656
92,259
22,263
107,98
111,72
195,737
12,200
176,946
196,958
38,203
123,671
188,691
56,57
67,906
41,599
108,291
63,402
148,317
27,568
26,206
167,171
89,726
100,248
77,622
26,707
39,715
63,939
176,992
143,314
190,483
188,149
112,419
180,29
171,550
157,817
93,392
141,409
110,309
48,532
177,45
93,826
40,82
108,779
138,460
91,190
53,730
140,411
102,748
131,832
16,249
139,122
33,78
100,669
109,732
38,331
83,47
200,69
110,99
162,413
129,57
12,288
155,672
54,322
139,588
53,666
15,190
62,747
118,262
98,978
132,33
25,767
48,855
155,454
60,306
171,830
86,831
100,756
147,608
6,823
3,443
169,776
131,846
133,594
170,840
169,394
58,129
118,251
97,277
175,220
4,189
179,777
160,581
18,299
144,547
149,749
165,482
1,708
110,557
108,19
136,950
103,827
78,592
137,227
186,778
176,723
192,487
194,353
197,444
178,206
52,776
107,374
28,566
53,829
30,707
123,934
116,623
20,280
40,362
113,816
29,662
68,94
196,773
191,12
182,270
68,767
15,159
6,172
199,804
20,243
149,483
97,671
69,532
6,365
69,901
24,730
181,469
72,841
186,507
23,348
15,36
136,804
53,397
72,790
162,861
89,115
64,190
151,788
51,426
82,139
165,591
163,137
157,376
192,636
162,518
36,623
72,406
146,304
5,261
25,29
130,938
179,209
172,610
130,295
129,436
196,880
179,745
116,949
85,713
196,395
141,970
58,309
28,201
37,430
170,121
178,532
9,213
90,9
68,76
157,355
198,314
88,10
1,192
167,96
35,350
168,184
69,700
112,200
123,465
51,195
68,271
75,885
6,820
104,292
71,321
113,692
177,540
190,575
7,783
186,968
53,142
82,149
26,175
160,224
110,282
102,490
15,160
41,610
48,560
190,206
46,717
5,684
171,960
5,714
98,658
70,743
73,78
101,469
80,702
194,212
172,307
27,644
15,56
4,64
140,95
155,295
153,309
68,274
190,814
16,834
191,933
109,720
26,382
23,806
70,566
131,973
182,432
52,760
30,308
192,933
19,460
66,406
75,675
43,327
16,186
30,187
120,487
93,155
95,448
61,665
106,500
128,294
75,31
198,799
165,861
46,506
127,2
26,251
74,795
20,551
27,238
37,594
96,228
1,512
67,998
95,946
41,655
83,336
15,287
93,507
7,461
11,79
142,865
83,194
159,693
42,744
24,32
144,696
86,988
198,470
74,145
182,406
106,887
60,320
189,972
182,500
22,521
14,878
19,724
133,138
153,869
13,591
180,567
114,248
166,814
96,614
164,530
4,410
142,998
187,869
3,625
161,956
1,425
103,631
64,365
68,424
34,180
106,439
85,131
29,665
65,612
93,622
6,932
33,991
4,361
170,890
145,436
166,669
176,984
159,928
89,237
44,838
155,881
155,30
110,827
30,899
94,930
6,953
153,311
120,632
42,897
10,105
45,864
198,603
59,411
179,11
35,345
149,896
143,242
15,6
129,317
106,59
94,129
46,790
57,967
15,104
109,85
174,489
44,860
169,400
135,674
9,943
64,377
128,182
129,873
12,696
22,304
154,119
99,303
36,199
52,786
198,398
199,800
13,929
149,613
155,202
148,582
178,341
52,363
66,133
82,897
46,546
55,811
61,724
152,327
78,978
190,304
161,394
63,652
33,375
44,640
154,256
98,934
156,274
90,691
89,882
29,809
102,477
95,830
158,645
179,393
42,571
44,714
160,135
13,626
60,185
183,517
179,168
102,469
145,505
141,40
28,840
13,979
92,753
61,961
91,545
14,185
160,101
125,944
20,795
135,657
76,697
98,342
138,793
26,818
167,364
62,987
179,624
171,355
166,29
176,868
15,91
143,70
142,860
34,464
110,183
105,287
70,834
27,948
10,993
167,877
126,343
16,107
34,415
104,114
158,359
41,158
39,741
54,329
151,109
83,163
141,209
48,771
83,995
53,545
82,383
146,310
85,353
131,971
6,943
196,35
35,2
76,500
25,370
145,92
163,215
112,155
124,780
133,974
115,366
13,31
139,484
117,224
190,743
137,349
172,155
122,803
30,309
106,433
49,493
154,643
85,781
91,643
15,151
59,886
110,46
127,545
64,931
178,323
173,337
2,157
175,610
84,327
116,100
49,690
198,599
46,456
18,719
2,489
189,377
150,574
192,448
7,840
184,285
139,997
105,161
139,286
88,751
155,593
139,50
180,219
67,543
144,312
136,700
156,547
53,489
136,766
132,734
161,385
22,359
51,252
61,516
147,245
11,993
155,724
47,701
70,525
57,411
193,528
48,774
15,639
133,308
99,811
176,659
58,25
4,338
19,191
44,130
41,272
149,145
81,899
26,355
192,117
118,757
10,235
97,96
170,18
188,876
99,171
75,189
13,825
67,363
58,111
34,25
166,623
107,708
115,132
104,167
99,409
101,482
146,881
123,62
178,452
181,317
193,838
30,732
178,389
87,82
170,711
41,679
74,607
75,615
25,792
30,730
12,913
85,929
60,499
165,823
100,653
135,935
94,50
79,43
192,297
102,106
85,934
111,520
194,659
192,258
170,501
29,335
86,63
140,362
160,388
78,240
147,716
30,89
1,4
111,789
163,929
124,69
7,909
199,985
35,562
138,645
118,681
149,412
199,565
124,877
120,610
19,606
166,538
89,138
80,94
88,255
112,636
24,727
154,946
102,537
163,215
176,599
37,396
184,22
26,968
115,912
177,488
102,34
174,863
5,357
97,746
6,14
152,413
189,74
155,160
199,249
117,185
108,661
166,552
150,957
31,55
198,685
47,339
87,281
94,531
109,302
91,887
146,170
99,177
137,931
111,901
130,597
116,909
64,527
125,112
160,495
145,222
22,118
186,980
90,361
190,637
40,335
165,793
164,495
23,298
108,380
62,467
200,672
15,978
138,213
185,650
109,441
59,859
103,784
109,733
53,145
182,134
174,432
76,36
179,164
120,569
175,722
86,247
56,829
102,253
114,299
54,285
8,393
82,419
72,807
183,705
149,372
128,673
147,472
27,145
31,646
157,104
21,907
104,26
136,272
171,585
91,729
190,327
35,375
99,254
64,306
18,870
179,806
61,570
115,214
29,489
45,320
25,434
15,791
111,820
51,797
110,236
78,193
19,231
107,192
63,140
155,288
93,203
172,782
8,150
101,877
72,168
86,793
176,393
48,553
55,584
153,258
63,598
95,624
18,245
123,648
122,167
111,710
98,117
62,20
68,938
141,935
197,455
96,441
96,701
4,678
12,497
128,984
109,720
187,45
90,402
13,848
196,732
105,648
162,768
58,532
30,183
35,349
123,436
17,506
113,422
60,559
160,534
36,100
105,352
165,3
100,951
19,100
125,630
58,579
101,781
177,279
153,42
76,377
95,837
172,722
182,49
10,175
188,838
152,635
62,523
89,113
36,463
135,520
42,798
142,956
25,231
15,736
45,374
53,394
138,96
64,295
31,891
155,273
167,942
123,926
174,208
114,605
128,169
196,438
186,674
39,668
100,766
158,430
121,808
102,277
33,807
47,212
188,939
194,29
130,824
71,219
34,169
67,907
120,465
121,332
162,649
147,982
59,964
53,355
105,344
167,363
132,998
17,86
104,693
69,845
60,69
100,715
1,829
117,564
13,165
179,697
167,871
187,507
43,539
84,6
48,349
36,791
45,503
35,772
105,405
183,907
28,834
157,997
29,598
92,829
153,49
139,336
187,367
152,897
183,292
75,317
184,122
28,293
95,466
23,288
80,742
33,156
149,67
17,147
88,70
180,184
192,375
55,304
170,853
126,688
47,248
68,426
77,299
67,834
44,510
70,998
5,243
15,708
115,856
49,605
182,783
30,145
191,504
175,305
142,213
110,781
55,96
3,135
158,523
167,713
59,393
46,587
51,236
8,759
123,22
19,911
6,818
12,594
81,484
76,116
28,913
58,488
87,688
171,450
61,563
163,652
15,53
118,969
87,672
19,900
138,746
114,220
35,311
181,878
44,296
151,758
109,686
39,658
81,52
160,298
164,290
198,295
178,365
83,163
143,673
171,676
121,434
169,897
93,419
24,943
75,400
103,65
164,543
110,386
13,520
134,984
79,320
19,489
127,707
169,590
44,71
187,414
124,548
114,974
120,364
7,927
193,340
23,726
43,459
102,152
71,707
158,41
177,626
108,790
70,929
66,932
157,146
43,256
186,762
115,526
193,238
102,801
81,87
88,533
91,514
1,273
43,556
119,869
143,681
26,260
20,316
180,806
131,127
46,994
9,814
31,121
71,693
63,424
107,587
106,898
31,631
154,73
190,506
15,787
74,73
90,69
106,875
137,10
26,37
178,585
130,417
181,505
188,403
100,702
21,744
65,394
24,544
137,574
176,434
66,328
107,792
73,189
99,901
180,181
32,663
125,449
150,506
61,540
30,123
74,841
71,305
34,151
154,982
120,678
189,929
101,845
22,777
8,882
138,680
58,160
40,354
137,748
188,679
187,293
80,236
12,605
189,376
87,200
31,130
161,71
91,370
114,157
144,686
28,180
28,268
44,722
23,977
10,57
128,40
94,244
64,830
28,974
11,508
71,920
8,94
48,842
167,589
127,157
64,706
57,723
51,655
9,494
48,41
58,324
133,549
121,824
81,537
156,339
166,64
20,760
15,156
153,416
105,774
59,756
52,111
182,564
60,171
15,173
70,653
69,745
198,529
99,736
73,73
147,447
9,929
194,325
190,902
32,252
39,943
171,452
37,655
107,23
76,221
132,426
89,802
111,740
2,570
11,334
197,415
27,971
137,593
139,367
19,316
157,831
39,282
50,187
200,145
24,186
66,910
194,363
19,926
182,882
5,136
181,157
105,929
35,528
108,503
94,750
50,846
141,625
66,141
129,66
120,637
119,970
161,602
62,368
58,610
193,168
134,141
14,9
49,776
26,246
43,138
131,403
170,478
117,568
83,1
143,231
73,67
198,346
112,158
37,964
135,52
10,602
124,639
194,641
178,989
23,498
73,425
119,417
66,714
22,885
114,741
70,26
117,865
127,713
89,155
117,606
161,63
32,915
89,472
52,324
59,304
134,455
36,14
12,427
24,587
75,905
193,345
109,377
159,592
13,374
129,910
46,83
183,308
84,135
81,1
85,808
127,51
88,611
47,945
42,899
93,485
73,895
42,108
33,951
137,603
196,936
74,281
84,907
113,176
18,662
47,97
80,231
5,626
82,262
16,152
178,981
152,108
31,764
9,919
153,452
97,135
35,476
195,78
125,99
28,1000
45,703
147,543
194,596
32,252
8,656
54,148
108,888
65,753
109,782
77,204
168,835
77,321
79,261
61,258
94,171
173,291
95,621
64,173
54,242
58,345
167,967
115,946
159,982
127,617
180,130
52,28
106,130
53,899
47,278
146,740
142,856
30,938
126,899
88,604
167,428
167,243
52,114
43,590
73,447
36,544
2,989
38,827
194,13
104,81
174,839
99,43
82,531
167,941
109,299
19,835
137,382
152,187
126,175
104,125
61,514
191,826
73,249
173,774
145,355
20,971
141,15
199,624
107,90
166,952
198,124
8,94
148,455
121,803
180,364
183,147
104,567
96,418
192,217
64,830
149,679
47,230
128,646
142,102
8,739
149,132
141,812
162,294
1,177
10,943
75,141
44,169
162,444
89,541
2,540
98,787
198,672
98,660
152,57
100,133
172,951
3,866
154,974
34,421
134,575
190,728
99,918
124,128
196,243
148,239
39,306
105,646
70,831
176,807
107,198
53,965
136,724
8,151
86,937
71,813
175,599
120,765
64,440
78,303
71,461
146,194
66,786
163,899
106,107
176,191
5,206
98,898
182,333
4,501
62,576
90,449
76,267
135,192
44,647
150,284
9,727
50,477
143,115
137,759
193,914
55,790
118,231
179,118
41,874
170,872
170,84
66,886
169,678
57,994
104,377
70,702
61,843
36,646
26,176
135,671
34,474
87,697
154,380
153,135
66,175
99,357
2,568
159,705
200,192
107,869
94,53
101,978
41,154
46,653
49,383
24,25
178,356
61,308
31,774
102,564
74,844
117,469
63,471
86,460
110,23
24,748
15,422
118,358
89,629
79,682
3,448
172,289
33,516
19,884
2,107
49,814
10,203
85,915
131,459
86,686
45,853
186,158
63,674
182,170
157,672
166,941
106,567
20,777
89,179
14,286
73,514
30,550
127,6
84,775
151,214
39,422
117,903
137,272
189,535
185,86
126,695
119,96
85,382
86,157
167,856
175,590
184,942
130,10
118,103
20,196
130,894
64,300
140,3
99,979
124,414
90,830
45,48
95,244
73,943
64,647
41,612
8,988
14,61
64,978
14,178
187,569
192,940
126,563
109,196
137,355
31,930
186,315
172,327
168,520
16,678
25,469
196,770
185,175
19,213
127,1000
187,707
56,780
157,818
188,582
155,462
13,342
184,713
86,997
62,17
173,127
119,882
124,52
11,86
86,84
14,544
127,273
89,624
72,618
158,770
169,644
23,581
140,595
18,205
32,478
84,756
135,256
83,578
154,838
37,536
61,550
1,243
121,280
28,528
191,148
72,72
125,735
3,134
172,436
179,500
56,268
86,83
154,949
45,932
130,76
9,191
127,403
11,535
68,429
64,762
42,777
195,845
191,299
5,195
97,281
106,43
21,780
24,551
180,564
108,623
195,242
53,255
182,177
86,734
132,63
33,50
133,639
158,969
103,695
114,727
175,483
153,735
5,251
125,674
67,981
17,991
107,778
130,252
5,952
50,643
103,478
92,881
33,953
200,120
194,28
32,980
117,841
3,978
45,537
92,355
142,968
60,700
33,514
144,677
103,562
148,989
198,78
73,509
20,477
36,649
143,938
134,611
192,525
88,419
178,121
97,962
121,669
182,840
145,948
159,851
127,253
136,833
35,807
100,424
115,961
109,303
182,496
137,375
193,576
59,775
177,77
15,74
34,668
199,292
100,73
17,547
18,898
199,79
200,554
125,900
178,391
139,860
89,585
1,58
156,277
5,630
170,638
40,516
118,901
159,303
177,828
81,686
113,828
2,985
153,42
74,660
128,611
76,759
103,89
146,302
154,665
8,600
103,662
189,797
84,707
102,557
192,394
57,752
8,94
154,214
149,510
137,954
98,723
113,481
1,441
158,33
158,728
84,698
78,181
85,805
10,41
193,460
136,681
158,68
90,678
100,155
39,222
184,879
163,845
113,232
191,94
123,634
193,900
107,37
60,292
77,349
101,835
114,444
41,113
48,617
200,211
20,551
63,822
21,834
149,699
144,901
168,952
59,117
30,76
98,560
153,97
37,206
128,959
81,117
141,613
117,416
37,972
93,992
113,900
50,414
148,286
91,276
178,883
127,329
132,232
16,804
166,284
45,635
88,612
103,121
126,364
56,853
179,83
70,880
36,29
147,372
41,556
148,283
56,109
150,912
109,825
25,785
66,893
164,286
197,831
68,495
71,646
185,841
9,615
42,476
110,134
89,135
189,15
153,693
66,639
47,482
158,631
199,10
157,882
135,603
27,492
117,689
144,459
30,830
111,429
122,682
78,75
122,807
17,845
51,731
46,149
197,232
28,353
183,588
79,643
49,791
13,873
45,819
160,6
132,858
64,15
35,269
34,11
63,371
118,931
124,70
123,362
6,12
102,443
33,919
169,301
66,792
97,392
130,480
45,359
95,256
108,526
168,778
30,620
98,248
62,714
200,775
147,520
114,205
176,234
56,260
15,801
30,43
83,717
20,729
39,485
27,900
56,891
45,832
121,641
191,687
200,495
124,338
79,915
108,480
62,934
180,9
16,317
164,781
67,28
119,783
159,621
157,106
49,591
34,466
182,124
17,442
180,862
54,602
58,412
50,700
43,836
126,512
132,701
58,353
95,476
183,156
44,240
79,727
7,670
28,273
10,522
44,129
134,720
24,654
94,498
176,502
95,564
80,278
168,170
183,765
187,888
138,758
199,81
39,338
137,809
161,702
140,841
145,352
126,500
178,709
177,286
121,501
23,190
192,287
55,234
20,115
78,879
38,306
60,854
24,805
177,429
123,817
83,518
200,928
78,188
176,367
174,718
48,443
121,638
199,415
176,664
113,622
114,33
152,991
74,87
185,964
161,585
74,227
136,249
192,602
68,985
33,408
166,994
95,576
141,122
101,767
140,925
15,398
192,265
56,160
142,38
75,82
45,42
29,728
57,760
200,684
188,348
17,337
120,32
183,82
25,701
53,802
17,763
162,271
157,102
189,670
112,185
15,250
64,164
88,396
20,588
45,952
195,255
183,832
112,654
158,743
31,289
92,762
5,195
154,374
124,292
12,312
188,396
59,137
163,712
139,935
136,694
69,420
36,95
144,889
74,95
188,161
159,155
162,175
154,149
164,998
125,919
98,321
70,464
197,943
175,813
184,879
122,188
114,418
52,544
61,400
81,949
39,870
183,943
81,559
161,488
109,174
167,550
56,194
96,35
85,406
163,102
161,963
199,87
4,494
3,460
154,217
71,714
29,55
113,169
51,310
154,968
14,734
131,421
159,451
24,961
92,127
168,698
45,379
12,218
161,221
181,583
26,911
148,813
1,156
25,660
37,574
164,659
121,963
136,986
16,586
48,558
13,262
18,762
65,285
41,860
132,504
136,268
145,892
4,656
68,317
11,645
118,971
114,288
168,251
192,912
157,224
66,924
52,404
173,596
171,150
66,133
164,569
2,389
82,521
159,741
28,473
96,190
103,58
21,195
117,153
156,680
184,265
113,645
75,442
7,591
134,29
123,619
127,353
166,680
94,660
11,102
21,89
196,363
88,648
105,13
62,293
101,823
8,998
113,455
150,795
19,973
179,384
118,925
1,570
27,259
141,267
64,851
121,172
62,169
164,525
116,311
149,976
84,821
75,250
160,974
11,227
11,307
196,439
168,283
193,855
82,454
65,454
8,370
71,624
85,68
154,158
121,806
149,694
190,980
129,636
179,634
14,671
188,685
182,833
132,763
19,437
111,541
98,788
183,732
103,756
100,257
72,772
139,664
69,243
132,347
159,120
91,919
169,8
127,70
136,616
54,633
169,818
67,646
142,832
71,759
52,88
132,105
115,496
146,671
39,361
57,970
174,496
96,859
108,972
22,234
9,16
25,338
171,616
119,820
87,419
77,405
186,874
200,42
11,513
28,448
191,416
200,412
131,381
93,351
78,581
28,378
133,241
95,765
76,755
153,479
9,412
193,280
36,533
100,907
95,682
190,918
40,698
54,650
113,309
107,798
83,323
190,906
133,138
97,813
160,114
128,415
49,547
192,1000
178,234
117,151
120,904
60,151
117,94
106,278
168,131
63,496
5,892
4,178
42,662
133,375
20,221
135,427
155,73
145,724
135,264
124,479
38,407
160,458
7,862
180,470
27,18
141,2
88,375
50,686
166,611
181,355
108,439
128,818
77,929
72,751
186,746
39,525
25,920
58,548
10,829
169,867
77,5
25,637
182,917
115,789
91,728
32,520
26,117
105,585
178,567
183,109
180,902
122,238
117,303
142,739
47,699
67,417
178,837
16,75
107,270
94,469
166,29
122,821
190,304
62,427
170,905
19,706
164,833
82,476
68,764
143,790
161,519
160,3
192,498
154,744
79,498
84,622
36,72
198,778
124,669
122,518
99,534
34,821
7,373
54,878
126,741
149,497
101,283
133,984
95,600
66,21
109,351
145,689
58,860
126,742
135,357
200,146
174,494
27,573
107,287
200,6
9,724
174,300
114,535
174,630
116,126
131,960
170,362
10,70
115,305
175,249
113,160
169,409
73,937
71,895
36,955
196,777
87,67
176,22
58,254
64,987
34,848
55,27
105,920
19,732
42,276
33,62
98,584
65,700
102,641
138,894
182,180
68,374
164,312
111,388
86,954
49,682
183,238
57,683
86,854
193,16
62,759
130,209
112,680
200,251
59,339
174,568
18,330
169,723
68,917
59,539
2,594
132,101
66,253
111,457
40,905
1,232
141,682
182,272
153,832
27,422
79,880
78,109
160,699
109,502
142,745
98,600
97,467
71,588
59,50
153,901
181,113
159,188
76,624
16,199
78,717
66,745
82,244
65,911
179,388
8,60
32,627
11,347
66,906
51,249
57,2
109,886
103,438
15,774
143,562
175,10
126,667
183,311
19,443
8,907
170,766
19,507
102,396
124,229
73,954
124,465
105,257
60,789
39,660
146,174
144,477
149,42
199,232
135,849
168,145
121,782
50,814
160,867
124,463
47,557
160,474
180,303
197,392
137,997
200,716
75,654
5,826
2,871
174,911
89,923
70,263
193,458
122,233
192,746
51,612
49,504
46,963
176,28
88,421
87,966
33,682
118,541
9,4
41,715
196,946
174,402
72,997
49,240
115,766
46,898
162,320
13,882
83,652
48,566
186,432
146,724
85,943
30,794
119,717
10,75
133,273
39,680
195,146
119,677
147,606
97,611
186,867
27,149
27,372
107,266
131,629
47,39
5,45
129,228
86,434
105,309
167,369
15,168
63,189
60,86
147,854
1,761
140,455
42,478
29,673
140,94
128,854
31,475
150,123
7,511
79,460
87,385
162,252
191,272
26,216
85,324
121,602
110,322
92,134
154,131
68,188
146,52
65,628
71,49
175,427
158,485
125,374
73,344
36,692
143,120
9,455
36,34
104,284
160,204
142,718
119,538
131,854
10,325
187,239
60,565
134,424
43,566
106,499
173,173
75,142
126,382
72,716
2,933
95,745
48,873
144,309
96,608
28,293
120,987
127,440
3,518
189,531
40,746
168,622
29,666
64,518
82,435
116,809
109,685
21,113
101,701
8,544
198,847
32,653
65,660
58,714
36,758
199,221
4,144
107,89
19,855
65,349
73,360
14,581
123,928
54,996
113,259
160,626
138,312
49,256
124,201
158,452
38,939
33,921
108,288
174,331
101,912
51,703
81,916
52,886
50,350
3,545
23,776
149,497
193,918
112,900
96,406
148,392
131,302
93,121
107,325
51,882
94,793
148,919
192,217
127,914
67,659
120,658
169,769
129,555
15,825
43,971
70,897
200,1000
165,547
22,178
184,623
131,733
178,825
133,147
139,296
155,240
165,829
108,307
27,724
128,600
151,934
82,978
114,306
82,706
39,965
105,351
173,147
156,707
11,876
110,645
74,626
3,658
60,880
43,435
19,924
163,784
83,259
7,48
135,834
14,33
87,715
147,236
144,325
193,755
51,350
181,401
154,431
54,2
70,386
120,830
104,565
165,535
183,630
120,93
86,810
36,808
28,928
6,253
188,991
89,734
180,712
55,198
114,261
198,266
45,39
56,102
184,609
21,605
17,819
82,429
62,993
108,519
120,858
112,172
76,55
46,701
72,280
78,198
183,599
111,364
70,259
43,429
128,115
75,312
86,791
178,829
145,225
73,712
182,175
21,530
115,725
44,876
59,513
62,631
108,831
93,734
13,453
136,125
181,527
159,399
154,600
164,571
16,202
77,422
196,553
79,713
170,66
190,929
100,456
160,10
127,543
176,235
62,388
198,313
88,99
181,132
125,485
177,458
21,312
78,741
14,116
179,728
143,407
152,712
95,7
88,592
20,194
64,250
127,753
77,350
194,307
40,437
53,824
132,72
133,846
39,961
191,951
42,322
23,151
170,637
176,369
79,595
9,260
174,998
95,382
96,485
105,171
115,268
62,238
166,451
127,854
150,182
64,420
133,614
67,880
27,800
136,170
85,26
34,295
9,522
194,808
196,616
83,923
33,165
96,510
37,526
178,120
135,440
87,348
152,261
104,569
150,37
71,829
163,642
127,182
121,259
105,483
71,304
59,248
70,533
38,768
168,664
5,778
156,438
86,70
60,127
5,829
91,125
138,932
12,268
58,582
185,866
64,702
33,164
85,222
45,502
19,748
6,63
161,879
93,455
82,737
36,347
176,222
64,52
67,737
7,8
41,666
141,85
110,323
107,645
14,228
51,149
123,987
115,228
3,408
92,985
105,102
152,726
135,115
34,377
2,50
168,665
41,478
171,714
199,361
43,140
188,311
133,139
78,473
165,59
40,523
190,286
17,814
40,671
149,966
157,539
120,336
182,595
172,650
150,405
15,752
159,688
127,391
99,430
167,800
175,587
49,14
157,619
185,165
75,986
16,340
181,45
90,79
109,523
37,311
138,588
11,349
69,304
187,294
51,62
125,686
74,262
2,290
144,471
58,755
168,980
69,278
101,313
49,733
127,76
11,691
151,162
178,686
75,346
99,230
129,749
138,608
122,805
45,139
91,635
150,684
75,221
11,215
37,20
136,704
77,48
1,329
98,509
97,519
166,470
136,386
142,734
168,376
135,739
54,756
165,928
93,833
119,410
151,742
67,489
9,350
34,208
126,50
166,815
86,867
104,89
84,103
44,486
64,841
36,49
165,523
125,926
190,825
30,253
69,296
52,108
170,124
53,609
155,618
32,522
7,534
9,22
77,694
63,324
79,97
16,721
157,517
23,680
94,258
17,328
143,245
28,55
22,958
163,266
46,936
188,468
159,146
174,826
81,99
85,853
170,800
103,147
100,439
119,567
79,561
31,182
147,208
151,865
157,509
88,287
38,215
50,459
193,936
57,794
145,69
135,108
178,718
168,921
189,549
104,234
80,812
108,627
180,9
82,92
18,213
93,174
132,640
42,292
194,417
67,759
185,550
150,287
86,260
70,320
137,282
59,593
65,854
169,915
117,507
163,227
98,151
44,803
30,206
1,1
3,817
29,793
50,458
48,498
19,59
66,489
31,758
18,577
142,500
55,540
118,131
104,142
6,790
165,529
194,999
141,117
109,822
188,492
90,412
104,405
163,350
168,394
72,433
176,2
15,698
47,194
56,560
179,70
26,248
78,444
185,388
125,117
152,150
190,823
70,510
143,888
4,182
56,256
55,189
58,762
114,722
112,615
86,786
144,503
67,32
169,444
74,612
185,638
25,269
68,887
50,29
113,194
75,876
89,348
92,667
169,481
116,559
167,692
92,412
142,993
79,747
191,140
107,847
192,452
197,713
126,923
112,314
148,733
31,514
189,528
152,195
64,14
68,196
189,978
134,363
116,542
147,273
1,398
165,285
19,922
137,35
190,809
11,841
30,285
40,186
189,869
95,211
194,508
28,117
196,753
12,481
27,268
160,126
199,410
60,47
126,737
160,579
99,235
199,527
156,440
200,2
169,505
176,333
160,760
30,418
78,292
183,800
97,563
87,352
9,425
100,828
144,764
59,875
175,647
46,140
74,320
6,236
24,375
87,230
195,837
60,463
176,382
75,266
185,251
5,374
69,140
199,115
17,153
127,179
158,414
32,206
9,386
179,661
81,863
74,622
163,116
75,653
12,56
18,762
152,336
86,876
112,297
108,583
172,824
59,175
74,211
71,560
54,14
45,651
24,669
188,602
79,232
13,397
83,349
163,698
109,950
65,647
101,125
176,910
192,158
98,498
15,552
72,754
15,304
34,229
30,400
106,798
34,766
29,895
1,21
160,231
169,563
106,648
112,867
196,837
128,927
135,124
34,491
19,708
121,463
139,946
153,375
60,140
32,196
49,631
24,757
60,232
129,80
5,566
171,395
194,218
29,461
176,837
83,208
192,341
110,787
78,978
12,217
145,810
180,408
22,941
181,214
146,553
167,866
98,101
120,592
56,70
2,976
115,780
145,994
49,827
57,850
195,23
73,534
69,482
13,126
157,515
27,358
24,250
70,245
164,225
25,729
187,279
198,296
27,135
161,740
141,42
107,421
160,96
146,84
7,113
195,116
73,125
200,905
74,362
141,133
116,688
196,101
150,789
60,716
27,607
4,363
97,721
5,880
142,260
106,685
141,801
172,179
147,685
82,858
28,433
103,96
169,812
77,993
191,175
84,378
95,687
173,316
8,623
52,26
31,148
7,449
65,720
22,29
100,479
60,690
88,887
134,189
53,764
107,791
74,193
180,182
155,891
103,429
179,456
31,789
61,498
51,711
154,318
138,861
67,120
5,642
186,447
155,374
11,556
30,676
71,624
128,453
153,904
81,642
43,826
72,756
91,762
184,396
96,133
139,139
186,145
118,555
73,216
32,811
120,786
45,720
46,738
18,85
167,601
48,85
149,215
49,858
43,394
134,731
107,772
155,147
87,683
84,547
34,763
134,100
121,40
145,832
115,702
19,566
106,246
105,304
179,929
128,547
51,672
143,990
160,214
137,837
75,491
186,452
117,944
50,336
162,291
117,361
146,633
36,520
81,679
183,847
133,209
94,80
123,225
35,63
156,185
199,163
116,94
46,255
99,965
137,204
176,848
111,310
177,492
70,676
3,159
60,81
34,567
122,142
20,343
2,636
39,212
97,741
84,728
65,32
56,295
23,234
94,960
54,675
9,661
29,1
9,426
66,786
151,968
7,106
93,283
36,395
33,591
176,146
150,671
48,654
157,558
80,35
195,738
70,899
81,89
136,377
133,185
71,516
135,424
84,15
107,777
161,620
195,633
101,528
80,22
135,296
102,716
35,688
23,589
18,834
8,638
141,81
37,306
127,284
97,244
88,769
191,452
187,971
11,606
53,606
20,181
183,807
41,584
198,26
40,134
197,651
147,474
165,430
98,759
27,693
30,589
2,554
55,641
58,905
90,733
74,157
86,917
96,971
99,511
120,374
35,512
9,879
115,806
4,48
50,52
64,888
198,313
164,645
179,809
108,742
132,11
32,510
119,68
95,389
101,358
95,460
55,94
107,512
150,718
184,141
188,267
90,894
173,842
111,817
83,202
153,416
48,227
164,946
118,787
49,127
67,774
161,185
51,587
115,684
61,637
27,617
45,415
53,989
197,837
127,651
33,939
49,893
37,187
70,560
125,43
114,17
58,886
35,724
72,835
52,143
162,866
77,607
112,134
39,546
96,962
36,668
61,762
42,458
85,420
116,489
175,741
16,115
187,440
160,540
108,102
168,386
19,985
136,1000
72,698
97,81
194,149
33,631
162,761
36,164
28,361
59,230
60,942
70,449
66,201
124,816
23,191
148,203
8,212
62,385
52,617
35,804
130,232
37,652
34,240
26,351
141,888
164,318
179,60
99,929
125,112
141,202
94,401
165,867
148,600
175,283
94,67
191,113
81,993
65,830
109,163
193,88
6,892
174,957
180,173
165,716
81,845
20,251
129,306
70,734
183,463
27,592
106,751
19,971
26,66
113,386
46,652
133,119
73,298
61,319
186,763
144,479
184,499
159,435
80,949
128,597
133,19
151,837
76,131
177,222
52,436
3,217
156,744
65,37
80,474
112,331
64,465
34,147
50,77
121,116
156,341
121,997
88,147
108,806
29,307
28,524
149,832
118,256
189,310
127,436
41,692
74,989
191,190
41,805
39,954
186,699
82,367
146,158
96,948
198,614
91,683
91,785
138,542
80,240
117,1
85,980
148,487
193,872
131,532
89,567
169,276
171,774
120,179
5,669
196,28
81,3
160,141
76,432
146,625
82,194
198,213
4,720
191,699
52,429
5,18
166,552
199,806
12,699
129,286
46,62
14,244
149,790
54,549
143,591
168,96
141,77
179,977
51,3
194,842
164,16
195,327
89,282
74,361
183,291
98,790
106,606
111,567
91,610
174,190
176,912
143,154
14,772
159,479
144,507
64,798
146,747
176,741
59,814
87,85
88,470
176,50
122,209
28,310
94,696
122,808
113,11
162,272
74,594
119,402
3,828
41,220
53,631
148,610
17,697
158,756
8,4
72,384
9,979
69,5
66,244
140,6
8,401
10,533
148,767
39,954
62,834
47,191
145,692
147,810
5,752
89,785
58,844
193,645
47,164
171,508
44,853
189,214
69,736
5,901
49,407
198,763
29,179
159,988
39,502
39,682
55,836
69,169
75,821
97,88
68,778
181,864
196,849
13,667
45,384
81,918
192,268
42,903
104,286
106,206
198,165
112,31
187,881
107,347
119,68
171,551
11,335
158,436
19,532
63,149
95,494
139,393
94,276
27,224
141,506
83,732
158,100
119,724
42,251
36,395
176,610
64,140
155,287
92,503
172,377
146,354
185,670
177,968
22,40
38,114
100,924
89,381
96,391
6,645
118,817
7,106
65,417
76,801
96,142
130,455
78,716
176,684
168,763
192,648
57,313
180,645
123,165
146,1
10,55
177,441
170,13
104,222
132,916
32,411
191,982
124,347
195,491
2,534
19,20
34,59
98,258
81,666
20,124
141,227
179,252
147,556
124,866
14,522
31,567
118,676
181,720
86,155
81,888
188,509
78,78
4,396
135,6
55,681
138,297
21,398
176,931
57,588
189,134
152,178
124,310
109,807
53,610
76,795
47,499
183,29
198,770
116,47
93,970
64,802
33,427
200,890
117,448
151,620
199,951
80,998
95,177
2,531
151,806
145,756
90,721
77,421
110,737
59,636
109,384
118,944
177,684
127,945
92,682
144,882
163,981
143,266
75,436
2,384
60,981
33,864
18,575
123,738
1,849
55,325
84,729
117,499
19,905
152,701
5,999
44,88
183,933
133,473
179,92
170,30
29,618
22,542
133,229
68,589
146,799
29,152
112,442
85,146
163,626
144,106
100,558
123,435
55,412
46,250
152,645
161,639
42,257
52,874
35,58
139,87
26,691
6,310
28,176
12,918
16,582
7,351
184,362
72,413
57,442
85,396
189,368
12,179
178,723
153,190
19,640
131,760
78,201
82,308
49,86
88,196
107,53
141,629
96,564
49,576
191,792
7,78
16,296
37,567
64,640
174,417
148,902
190,610
55,670
90,410
199,344
119,318
24,431
198,303
156,329
59,444
99,155
183,834
59,381
17,320
87,920
77,431
142,870
15,356
125,906
105,416
183,390
34,925
72,984
194,75
161,904
16,713
177,451
69,408
52,76
120,689
175,679
15,898
160,409
63,301
56,588
139,80
141,828
64,438
19,809
26,222
110,360
5,285
178,503
111,475
157,978
149,355
137,322
69,875
168,545
161,100
104,591
135,508
76,579
61,848
52,407
52,57
175,249
85,186
93,830
142,57
14,815
4,69
118,511
1,69
49,66
86,141
162,342
37,285
115,320
73,552
75,165
153,384
53,310
174,881
79,960
109,639
67,967
28,641
136,133
88,232
46,933
177,371
78,449
12,63
151,142
199,933
169,742
66,980
139,643
53,718
10,501
45,937
187,46
119,323
64,388
91,625
172,116
9,141
41,626
137,920
14,341
166,677
70,413
124,957
126,160
46,975
181,706
177,592
6,477
12,736
170,170
68,81
102,682
116,423
65,697
89,207
67,447
33,669
196,69
122,972
139,93
145,480
159,181
106,637
45,373
61,201
126,292
12,149
110,230
195,979
95,776
54,587
186,654
148,197
192,643
139,906
194,779
86,903
80,556
107,837
176,862
45,905
8,26
79,524
173,890
59,139
116,786
4,304
72,299
109,657
138,599
86,284
83,325
43,439
142,213
2,148
141,857
44,375
143,639
66,375
189,144
49,619
92,594
140,261
150,996
103,731
164,114
33,594
81,862
79,253
84,534
7,110
182,512
60,166
166,740
190,557
148,949
170,539
110,290
185,16
69,270
40,404
164,682
81,746
17,295
36,851
62,554
86,383
138,827
182,393
191,558
161,917
106,578
81,315
183,757
197,646
147,9
149,629
72,604
49,397
179,394
63,236
180,273
157,824
44,289
18,945
56,310
146,407
184,540
161,554
195,324
53,474
147,496
112,654
25,144
62,611
29,808
159,700
42,1000
104,946
103,34
74,845
133,773
167,479
28,351
91,952
181,589
179,223
194,977
60,33
113,59
26,94
81,808
125,293
191,925
121,840
82,379
53,55
160,94
140,90
7,933
52,525
59,373
189,912
198,58
61,482
132,646
2,902
124,341
159,770
175,197
118,55
135,15
110,313
74,419
125,78
188,745
147,632
157,795
194,216
154,555
17,508
173,463
29,667
185,52
108,562
126,505
124,519
144,74
35,301
159,761
151,878
170,915
9,686
60,403
167,2
102,486
175,561
37,640
53,963
47,989
93,550
112,617
123,815
61,417
56,615
172,274
196,63
159,428
54,823
197,204
112,152
176,96
104,740
7,856
169,598
130,86
55,749
79,398
76,610
39,300
183,496
22,777
115,253
41,354
92,601
6,738
47,778
188,443
189,857
141,526
155,62
6,11
103,837
67,326
130,62
100,767
124,414
45,643
198,154
157,719
168,924
42,503
27,227
32,446
138,517
106,548
39,36
62,577
151,730
111,999
1,490
195,910
114,887
192,535
90,236
176,472
51,269
186,802
7,236
144,617
31,170
87,736
41,991
113,686
179,641
196,904
157,817
85,983
124,443
30,96
45,876
106,898
80,419
67,220
96,986
148,116
141,939
77,709
184,383
47,729
63,553
109,741
166,44
142,659
177,194
113,483
183,459
127,936
168,356
127,587
89,898
78,96
112,207
30,378
101,511
67,456
102,764
38,963
131,383
1,808
139,415
110,906
182,930
36,928
131,739
71,397
68,71
150,810
142,195
133,803
157,263
38,841
130,993
112,541
154,874
20,205
111,220
40,123
70,357
74,795
187,54
108,8
104,274
172,914
142,393
66,773
113,958
96,824
68,269
21,957
35,578
147,328
190,748
176,600
11,761
91,272
106,328
110,489
72,461
124,234
58,128
118,676
151,966
196,894
72,713
110,375
91,281
58,145
125,112
66,295
29,680
92,250
114,258
118,436
14,345
170,433
141,195
142,421
181,344
75,636
8,837
70,785
147,60
83,387
75,657
4,526
74,655
126,471
74,940
81,923
70,513
60,143
135,269
72,906
13,30
160,247
84,95
142,131
186,320
103,693
184,322
20,160
110,6
192,721
110,480
11,720
117,963
42,966
87,362
17,550
51,142
171,264
49,40
196,270
166,673
79,600
77,209
137,772
17,785
29,713
77,306
89,545
111,318
13,113
82,291
47,893
78,816
7,731
160,649
52,534
59,118
115,100
96,746
109,259
51,767
136,736
13,711
110,492
123,104
142,250
96,235
28,213
65,582
96,990
63,839
121,649
169,139
184,575
75,360
76,706
190,863
54,840
85,451
105,572
38,621
176,37
127,131
116,150
111,517
67,254
160,559
120,131
136,650
174,418
32,623
109,813
183,654
6,132
65,616
18,238
166,979
40,995
24,121
161,501
108,894
138,683
151,910
109,137
51,518
183,390
171,354
179,782
115,624
52,268
168,900
82,93
155,882
169,430
24,815
59,206
29,255
86,61
44,982
138,256
113,216
98,249
72,453
19,411
58,550
182,681
57,141
168,371
103,482
136,374
133,414
183,176
90,160
61,849
68,8
108,212
99,86
143,923
181,723
25,342
5,155
98,211
143,461
31,130
113,65
123,889
104,415
104,481
11,873
24,820
168,524
90,803
7,724
170,632
117,72
161,790
132,953
165,374
175,876
72,463
146,913
109,558
9,778
63,319
58,389
6,647
172,734
79,95
178,925
35,789
59,970
164,659
189,412
107,526
93,155
200,412
138,20
2,562
121,404
44,818
105,375
62,880
156,110
105,874
122,767
122,523
189,482
78,793
140,734
6,33
88,62
98,242
106,161
43,568
96,999
95,502
162,555
69,205
54,341
16,526
112,66
25,49
186,188
86,327
86,509
84,119
41,275
73,126
154,236
134,788
1,243
128,675
162,783
100,787
9,872
66,791
68,149
27,565
15,270
9,504
14,86
110,235
163,884
88,660
36,208
159,814
107,404
102,685
47,270
37,419
72,216
97,545
94,844
137,650
1,767
155,361
107,386
174,227
136,702
146,542
55,177
18,61
105,418
65,498
20,826
141,941
60,217
23,884
74,772
16,339
130,647
34,355
148,263
54,869
19,569
13,774
66,776
75,468
161,880
15,649
144,518
23,229
175,596
24,222
148,841
65,948
4,47
130,535
134,131
48,254
115,379
41,176
185,692
135,659
114,21
8,612
90,998
127,323
49,928
60,582
154,712
41,958
59,287
129,217
49,683
36,368
199,674
80,107
197,294
153,719
42,514
83,551
141,1000
92,427
182,331
170,998
111,401
16,471
33,121
79,704
10,37
34,150
96,675
83,942
78,53
74,460
163,675
183,774
78,626
146,856
117,122
14,603
73,767
181,335
72,440
7,188
4,714
3,138
140,594
189,722
36,367
70,856
77,133
25,222
57,96
178,805
78,580
110,931
138,243
198,8
162,784
174,399
72,228
170,369
14,386
30,64
105,168
85,785
60,583
97,845
105,865
11,290
54,180
30,484
190,568
178,289
170,277
144,128
158,324
182,288
147,490
106,439
56,447
165,685
25,504
126,869
108,393
72,111
12,200
68,125
99,888
183,220
126,381
72,217
179,368
177,153
2,513
114,142
99,937
171,132
131,133
27,566
60,575
176,900
169,130
112,292
106,373
107,370
19,864
146,584
158,564
195,941
186,680
44,886
9,306
1,629
28,250
187,500
133,10
100,831
38,764
89,591
196,13
18,942
59,140
150,742
12,202
96,859
142,106
195,152
74,375
124,496
113,155
186,261
105,205
200,404
197,28
107,383
136,97
46,536
176,656
168,138
67,842
31,357
100,314
190,671
12,124
27,445
117,437
14,900
93,207
54,690
27,801
148,810
174,491
120,349
18,372
191,746
39,330
140,474
6,822
67,445
123,929
131,680
152,156
192,747
13,212
199,124
74,315
168,840
138,740
34,55
125,511
111,692
70,702
53,542
108,171
91,71
102,724
49,49
153,801
127,682
38,578
20,407
113,724
15,354
138,13
58,819
125,115
200,521
150,242
25,434
102,429
115,815
152,672
35,896
64,964
111,766
82,85
1,530
194,312
127,744
29,480
97,251
33,969
22,223
140,738
97,960
186,300
156,801
151,45
67,884
199,649
27,443
142,519
90,656
73,665
36,102
152,690
151,732
23,199
100,623
145,920
158,677
99,137
46,361
198,391
72,891
132,731
111,101
200,236
73,86
92,890
161,981
48,539
49,436
139,695
24,852
134,56
1,231
14,8
57,929
128,495
122,578
129,165
66,211
129,371
73,609
157,669
12,891
80,173
159,904
136,519
161,970
143,19
81,756
102,58
119,256
197,243
170,436
6,730
76,367
57,979
81,640
91,50
157,302
146,160
192,519
34,153
37,844
138,863
34,858
111,342
11,357
64,751
157,900
139,220
24,188
166,144
180,294
78,543
94,685
198,668
163,781
81,925
59,409
146,519
193,875
192,750
91,468
25,723
193,940
163,618
192,395
83,528
170,398
157,540
31,39
87,197
33,607
152,976
87,240
43,788
170,740
124,355
120,322
43,189
36,870
11,762
91,938
116,589
187,489
118,126
101,653
82,571
143,653
96,587
11,726
34,136
109,481
23,608
18,833
122,204
64,884
160,118
128,35
166,18
31,563
165,372
84,860
3,89
1,951
150,798
79,581
89,139
166,313
75,313
63,530
150,770
91,817
131,620
114,370
98,266
76,883
66,843
111,797
42,302
137,295
47,861
105,555
94,374
173,395
25,104
11,766
22,968
167,580
98,675
186,352
6,553
155,2
111,2
183,533
93,498
21,593
18,45
177,295
29,866
94,152
89,27
27,708
64,998
154,36
42,604
147,822
149,130
50,284
53,176
72,190
14,994
135,213
30,374
37,121
90,526
77,281
199,641
27,479
112,767
159,797
29,481
42,428
39,287
185,934
186,125
180,318
80,554
156,644
186,316
199,95
126,223
136,939
73,781
76,390
198,56
73,815
30,44
1,787
51,545
59,375
92,234
48,338
130,178
160,568
10,631
85,252
71,404
131,435
11,116
100,962
14,45
157,542
133,584
113,295
72,692
90,773
6,734
46,567
150,117
56,503
157,248
20,96
138,928
119,343
14,109
81,335
128,455
105,173
16,37
57,733
79,728
104,845
14,141
179,753
70,32
29,141
126,892
192,976
47,326
69,421
22,248
23,48
186,692
131,489
69,277
14,682
7,704
57,518
52,511
14,288
18,879
1,605
2,630
127,510
29,961
117,826
191,93
39,26
165,253
113,83
64,699
53,154
199,414
53,845
65,746
200,114
1,86
50,124
143,935
196,962
6,414
126,806
15,507
65,607
13,134
86,543
32,756
33,913
66,613
29,925
184,190
71,790
103,240
9,41
168,577
154,395
3,983
77,639
55,178
164,560
48,509
83,262
86,649
13,429
111,557
135,760
115,918
13,956
188,449
172,848
84,139
144,93
114,517
117,101
81,671
108,92
100,214
78,896
70,113
73,533
72,17
95,203
61,120
129,765
154,299
77,122
139,329
80,857
29,137
200,84
187,743
162,868
89,191
28,127
107,853
96,373
129,704
47,858
187,866
128,83
175,424
13,852
178,902
16,147
164,514
78,952
121,445
18,171
65,485
170,443
39,101
88,554
99,437
191,871
136,907
102,445
10,167
32,259
200,437
34,796
97,969
81,75
123,632
84,195
165,640
32,112
157,90
31,996
48,858
79,883
46,582
106,475
107,29
184,998
17,100
182,365
57,370
183,549
65,33
84,617
25,998
29,777
128,10
4,45
150,924
85,871
198,524
119,280
25,583
159,991
172,691
45,579
93,108
88,231
190,825
81,453
60,115
176,670
162,244
35,881
6,921
110,335
131,547
172,943
133,228
68,517
196,966
150,301
176,280
97,487
85,217
156,379
17,918
89,940
79,103
32,815
136,6
147,722
41,476
188,479
47,915
15,714
25,519
55,670
59,223
198,918
101,578
183,635
24,928
103,721
173,42
87,884
49,881
4,204
62,835
148,999
181,702
83,524
52,608
126,158
100,814
125,973
28,726
52,284
33,702
95,39
15,987
71,301
192,477
66,414
46,380
193,392
46,553
98,977
175,492
2,812
152,735
166,294
23,374
186,753
83,966
109,742
65,395
91,530
146,913
192,981
132,488
86,485
38,963
57,588
194,564
99,43
69,584
31,644
194,305
137,916
141,158
68,514
6,737
107,786
8,212
164,83
180,385
192,705
175,162
80,925
70,550
114,42
95,741
58,16
193,408
77,856
147,53
52,152
173,495
34,972
163,397
152,162
197,426
159,72
22,636
44,111
3,476
155,126
191,568
29,185
175,242
29,968
163,854
63,348
199,71
101,543
152,835
55,699
115,122
30,251
70,92
41,20
33,201
18,761
161,752
103,710
95,920
45,526
52,395
179,60
121,470
182,261
75,189
81,135
57,168
140,160
90,856
121,401
57,826
103,672
54,201
4,822
12,803
69,859
32,938
84,961
185,21
140,457
36,167
72,777
8,362
52,465
160,428
139,356
196,622
55,486
114,353
38,381
196,209
147,511
89,150
97,873
71,212
194,910
152,544
71,306
178,618
22,822
171,887
73,638
112,589
185,360
159,64
200,187
16,40
107,117
83,616
71,268
122,803
45,959
65,605
145,435
34,882
184,421
190,414
7,949
140,729
180,869
93,348
139,192
150,746
153,585
100,979
117,267
4,398
151,601
97,714
193,961
158,62
57,435
39,429
71,610
77,661
37,73
45,644
107,599
52,246
97,966
107,214
66,983
56,56
181,640
161,690
114,172
4,237
34,135
30,120
98,912
58,805
110,588
102,346
199,146
56,768
105,408
128,642
180,967
90,866
177,949
14,897
152,104
55,862
185,889
179,721
169,414
138,517
150,167
20,686
41,447
162,229
128,38
177,673
170,567
6,334
187,497
147,553
182,262
153,136
94,513
27,358
77,818
32,705
32,850
4,976
177,309
104,248
107,247
16,765
139,73
199,559
35,637
177,439
54,631
43,111
16,37
140,357
41,455
68,516
166,125
199,715
169,9
195,449
182,506
4,406
194,9
148,543
182,930
144,110
152,839
138,62
77,885
131,849
142,346
104,660
93,723
129,805
122,974
88,367
63,319
182,968
115,879
129,10
155,836
14,396
118,197
194,784
71,991
159,477
31,859
95,780
156,409
112,351
132,151
200,744
122,794
91,132
186,532
157,724
35,527
131,773
84,341
108,559
117,425
29,440
120,225
134,18
81,116
13,358
1,845
168,847
151,98
173,131
192,523
48,668
17,853
45,539
131,777
141,406
2,735
186,646
130,695
157,350
180,759
103,733
148,274
128,11
13,912
80,840
141,355
174,957
107,227
3,980
41,744
1,70
174,95
164,912
156,798
176,396
59,826
4,26
39,3
140,422
142,878
37,692
33,513
26,47
149,887
51,875
109,713
95,153
75,776
63,991
57,597
76,933
109,302
5,958
54,188
139,732
76,860
129,257
18,321
147,413
93,826
111,668
108,145
145,670
174,631
171,682
107,338
180,156
94,98
102,257
177,790
108,546
16,10
33,450
111,198
123,797
188,508
134,763
172,745
90,37
108,228
72,521
51,673
57,387
5,747
36,998
119,527
133,609
97,739
168,314
87,843
41,449
29,392
103,856
123,59
100,208
150,102
166,819
36,242
186,805
195,466
32,653
102,811
81,712
149,61
144,304
18,584
182,905
144,613
99,616
41,773
148,641
129,222
170,105
155,538
77,470
2,940
62,843
34,53
115,358
28,988
32,950
72,898
38,126
9,477
102,688
199,852
139,106
171,364
73,519
14,934
59,913
186,19
36,605
23,704
60,326
34,17
131,136
53,490
161,666
148,749
15,988
87,517
108,766
194,576
80,124
115,259
168,721
196,377
1,331
51,778
163,865
123,395
62,293
146,837
65,142
169,968
44,61
80,615
115,598
127,562
76,541
73,58
51,424
171,767
166,917
142,738
17,719
23,468
101,213
32,528
186,894
108,171
34,179
22,262
111,202
132,379
161,41
68,343
179,978
113,746
7,658
92,317
44,209
133,448
196,960
21,479
148,677
51,636
199,941
126,237
106,14
86,46
113,224
167,640
70,688
77,287
161,116
24,256
13,279
194,297
102,144
108,589
110,498
172,293
177,214
129,65
109,515
17,626
1,551
126,529
48,136
200,693
77,513
196,333
100,317
48,40
18,285
150,254
11,51
185,472
99,967
75,457
20,28
85,959
77,25
149,718
62,602
117,490
34,699
161,690
17,214
9,973
95,854
19,812
196,899
9,281
172,396
49,990
84,107
196,706
157,80
53,38
78,764
1,684
119,155
79,611
107,224
109,817
133,676
33,530
103,980
74,785
162,479
21,341
191,145
50,642
26,68
165,426
70,342
88,152
16,326
197,795
30,243
40,785
99,393
31,613
146,657
134,273
11,305
73,567
180,810
79,422
61,802
112,599
133,289
22,6
46,142
125,556
127,201
61,459
88,982
155,81
130,568
67,652
197,707
148,877
41,870
34,577
99,906
74,748
10,27
26,903
188,455
21,574
193,167
191,294
106,842
120,333
82,550
195,24
14,4
96,680
163,418
52,89
174,979
35,350
123,972
193,682
1,419
131,288
119,664
21,50
182,493
23,651
75,283
114,402
90,63
144,60
150,206
7,308
134,54
27,197
124,948
153,789
71,802
95,967
62,133
40,517
23,400
98,863
73,96
33,571
108,843
156,493
106,692
8,738
173,300
67,611
129,155
72,827
5,261
180,614
111,384
58,355
68,833
148,159
150,441
117,912
15,638
112,996
59,961
158,354
41,608
6,740
120,696
113,513
1,252
184,903
130,453
164,996
135,673
179,68
141,365
155,942
129,607
117,523
105,477
37,178
165,672
81,783
88,787
157,127
1,340
90,886
186,870
1,142
92,21
103,748
117,770
190,614
31,96
163,345
33,368
197,853
86,696
53,703
90,66
45,729
95,200
6,621
45,269
81,883
91,981
146,291
129,745
141,470
53,798
30,58
152,973
182,90
129,232
123,325
29,432
41,125
18,864
169,224
122,401
98,130
107,54
120,135
152,399
66,453
33,12
50,895
111,675
80,508
23,814
157,351
188,720
87,181
161,792
89,173
163,123
125,228
97,697
90,263
138,505
71,848
62,144
17,402
6,190
60,428
75,740
29,770
135,709
179,240
167,388
187,398
105,327
104,454
51,860
70,778
28,265
177,308
180,863
140,396
58,820
51,617
76,636
24,984
1,38
153,744
134,148
180,167
7,614
159,708
77,660
58,126
23,734
97,886
10,877
196,748
99,235
137,58
193,337
33,909
18,297
84,862
135,268
155,110
129,781
10,324
93,395
3,907
168,624
103,4
98,879
106,975
90,58
125,443
157,214
40,784
107,752
141,884
168,950
78,459
62,405
76,657
3,240
159,492
134,464
69,868
172,18
37,849
121,222
147,785
2,217
130,980
109,316
103,296
112,465
183,392
114,59
2,279
12,155
13,987
102,875
44,21
80,525
173,292
68,80
143,969
109,204
87,489
131,641
135,763
158,70
113,340
47,133
5,454
145,508
130,376
138,890
192,344
49,727
69,228
72,712
74,681
160,188
198,382
138,979
49,990
133,299
115,367
34,669
195,964
74,855
49,251
2,210
163,535
109,936
124,867
133,251
191,506
32,621
161,746
29,432
170,323
142,147
31,797
73,926
130,289
151,940
81,370
183,743
189,589
163,329
97,385
176,844
197,426
109,997
92,920
82,521
162,286
148,165
134,446
108,765
68,12
8,31
151,1
178,180
67,497
78,376
157,193
24,627
139,502
63,843
47,947
43,798
176,257
144,297
112,56
103,973
48,627
53,878
178,522
64,50
171,141
177,887
169,138
86,823
76,559
48,528
72,898
172,861
76,323
153,60
186,257
112,802
140,899
165,104
133,919
153,625
146,142
6,973
25,353
181,982
85,220
137,151
15,581
102,412
187,181
15,4
6,425
64,976
47,592
182,999
7,102
26,92
112,925
22,563
40,822
102,530
19,360
180,48
12,993
82,491
192,687
174,883
26,762
178,543
109,55
37,715
139,988
7,961
108,930
129,435
2,712
180,929
116,710
136,874
173,72
151,152
114,955
105,31
130,211
148,404
131,810
34,585
100,726
138,227
164,44
49,62
97,781
92,63
151,981
66,179
114,234
55,670
110,103
192,974
117,802
7,688
106,702
22,430
3,40
5,930
159,997
30,592
58,250
170,469
177,263
3,461
124,786
155,564
35,661
90,198
42,483
7,761
39,153
178,656
86,225
42,402
182,173
79,682
148,550
156,703
60,230
163,182
148,647
192,108
142,342
87,654
56,218
122,884
62,70
33,61
125,280
49,359
103,146
171,356
68,471
195,884
126,342
20,311
183,376
110,822
76,950
165,509
112,927
53,147
53,692
179,311
82,116
109,110
104,922
175,724
109,323
111,909
32,243
2,127
40,743
11,845
173,437
175,393
76,272
99,778
62,462
5,234
2,967
59,305
137,756
49,983
121,992
147,529
89,670
42,591
194,913
29,740
58,103
198,664
14,943
100,410
176,605
44,579
148,629
93,926
77,366
119,466
4,129
182,961
150,667
23,344
120,832
93,593
70,67
104,675
112,32
182,211
26,315
17,235
4,202
122,632
178,471
4,492
7,939
107,124
59,338
179,424
189,445
30,275
77,612
71,621
103,362
105,152
51,137
57,758
121,378
65,95
195,363
131,700
11,106
87,160
175,141
39,879
62,334
88,744
13,470
118,303
144,761
148,759
189,226
143,247
68,235
114,868
191,817
120,13
27,959
12,436
48,633
8,514
68,618
186,320
169,754
144,845
115,446
53,473
65,174
111,919
74,666
64,866
189,87
180,925
44,204
147,331
169,661
48,731
159,417
139,515
48,151
8,840
183,50
42,299
66,105
16,123
169,312
85,632
22,997
184,820
26,455
110,393
160,972
74,511
26,73
117,497
21,462
23,944
10,641
44,70
17,183
46,872
132,117
19,159
138,196
168,324
83,62
149,667
166,366
38,690
5,452
179,972
54,164
1,524
10,170
193,296
161,761
102,341
52,425
198,555
129,398
90,221
79,986
78,810
89,800
145,839
180,874
153,646
34,300
167,760
45,503
48,527
199,988
16,149
192,746
35,113
77,539
126,408
112,412
127,937
17,161
159,617
105,462
153,678
47,101
36,588
164,582
172,502
145,253
96,509
74,922
106,302
51,325
61,659
165,802
182,866
95,329
84,848
152,386
45,623
156,966
133,236
176,158
186,854
74,15
146,15
94,753
131,635
11,939
32,766
187,667
117,59
110,194
11,388
113,85
61,168
96,26
69,636
157,232
31,316
27,746
110,134
92,162
54,224
30,917
77,700
83,295
67,196
69,810
134,893
45,419
47,529
2,987
21,325
183,350
193,256
47,698
66,722
38,541
17,159
129,738
192,303
35,654
147,396
134,382
19,425
14,104
28,908
62,789
24,151
134,576
200,574
41,375
150,486
199,979
140,707
197,234
80,415
168,651
155,59
137,505
18,920
8,537
199,36
29,993
130,161
127,270
82,982
62,575
143,533
105,31
32,199
87,604
76,385
27,341
162,939
31,922
100,970
102,430
30,527
93,478
124,151
25,629
155,111
27,96
3,910
57,635
162,824
9,968
85,430
109,164
163,984
191,372
85,853
74,56
37,66
122,579
101,815
39,541
35,542
118,996
1,977
27,285
194,520
4,334
62,368
103,294
181,308
91,779
195,42
72,751
83,564
24,639
74,596
162,924
164,31
88,50
107,511
171,717
183,377
154,484
151,445
188,273
51,928
1,536
123,461
110,246
150,444
168,834
74,160
111,969
136,874
67,63
132,821
83,525
140,330
148,296
98,792
166,718
193,78
9,514
87,569
182,120
18,181
179,745
74,621
173,743
83,515
177,355
187,900
70,904
77,16
42,535
9,544
72,959
118,214
105,99
106,123
129,554
139,75
78,646
115,266
7,743
180,984
151,969
106,366
170,389
140,481
16,727
36,133
128,339
55,688
16,853
10,808
155,362
191,121
183,915
156,687
168,322
33,163
92,182
97,398
183,210
196,249
133,671
102,890
62,353
93,285
169,460
46,140
126,91
186,226
85,607
107,12
94,587
137,978
33,730
177,109
100,346
188,320
174,749
189,12
36,628
80,296
175,585
40,414
195,978
135,829
142,349
112,607
8,286
97,829
117,277
26,486
17,282
20,808
132,25
97,39
199,738
87,946
62,370
167,181
124,327
149,244
98,456
33,274
176,27
32,74
53,794
169,737
83,417
54,950
34,684
116,471
103,712
101,356
113,339
19,380
9,520
141,304
70,683
45,164
156,439
56,13
3,935
5,125
17,849
140,882
107,288
6,943
102,930
45,860
44,343
109,318
37,837
191,259
33,788
54,459
26,415
37,830
125,848
72,225
7,140
199,918
51,987
110,434
67,761
126,505
72,230
88,704
81,364
177,801
1,725
131,4
12,581
34,38
2,807
80,522
161,538
192,85
179,622
140,520
56,443
4,160
173,443
134,443
60,227
184,287
82,900
146,432
197,380
162,344
4,549
160,609
149,699
30,888
177,113
173,66
97,504
106,534
136,452
62,64
92,803
160,4
176,884
189,840
49,115
62,498
42,683
165,630
112,738
126,524
130,554
185,993
120,246
199,546
197,817
48,382
118,533
57,732
2,774
130,456
119,870
109,395
54,716
43,172
143,937
74,5
89,28
120,652
160,493
139,818
62,971
37,940
86,453
173,748
117,606
40,438
24,701
194,136
40,572
9,56
54,298
173,622
174,395
200,653
17,123
66,598
118,346
66,779
180,450
77,365
141,444
92,948
51,895
184,800
62,717
121,997
148,507
67,196
117,256
145,287
59,199
76,714
85,550
102,824
27,302
168,747
66,970
99,251
53,390
98,555
75,529
179,106
104,77
179,132
63,628
48,711
139,425
112,885
50,131
25,825
5,836
180,909
80,409
125,217
25,317
158,71
27,168
159,969
42,352
67,70
195,361
98,181
61,709
22,65
40,868
116,556
26,481
98,545
162,372
89,644
144,620
191,502
31,143
118,64
183,589
174,538
195,826
186,145
24,210
163,1
126,460
153,291
126,653
157,73
103,712
109,337
158,148
173,864
26,683
83,763
170,311
104,817
161,621
129,270
183,258
85,555
11,224
186,808
79,887
94,701
64,523
179,1
85,157
45,925
99,943
162,639
12,37
21,942
141,411
145,787
186,358
111,25
54,860
197,572
122,751
50,413
99,273
25,683
107,943
131,600
178,1000
89,549
156,373
164,125
126,945
192,785
139,573
174,828
67,193
199,551
102,55
85,608
40,580
20,605
12,25
127,601
104,254
166,776
105,49
46,749
23,340
59,754
58,824
151,147
26,867
101,744
32,678
87,905
10,406
69,179
174,830
9,948
108,793
66,360
94,859
30,951
166,681
197,85
144,546
104,143
29,803
143,809
4,510
179,954
139,991
2,989
106,832
151,400
180,4
194,798
48,261
62,765
127,180
22,870
129,506
122,446
190,215
18,375
117,461
6,174
197,730
106,73
167,140
119,813
159,615
1,348
132,293
8,662
115,439
166,393
153,472
114,659
43,249
10,860
158,478
62,921
56,36
30,780
62,292
62,269
58,776
129,154
182,273
34,452
94,987
147,141
75,849
91,518
164,953
110,786
74,543
31,751
35,343
110,198
135,552
53,629
166,429
134,343
150,190
109,105
130,471
85,20
64,491
23,170
39,402
54,893
132,192
18,908
18,525
119,521
86,410
67,347
82,32
43,514
23,145
18,949
177,886
68,259
194,213
133,478
114,698
124,612
11,665
85,426
129,636
187,355
76,441
23,155
177,709
62,425
7,767
82,257
33,328
121,291
160,25
35,713
126,762
95,266
160,345
131,898
12,245
70,130
159,190
53,889
72,857
82,273
197,994
110,702
71,157
10,696
20,205
189,881
9,742
180,639
22,20
74,606
74,774
3,536
167,316
4,347
140,744
143,950
179,92
90,635
175,403
153,427
135,19
190,328
196,616
45,560
3,837
60,156
197,443
68,609
44,799
27,416
1,126
112,434
197,741
89,632
